Year,Units,Time series,Sex,Area,Value
2010,Percentage,Materially deprived persons,,EU-28,17.8
2011,Percentage,Materially deprived persons,,EU-28,18.5
2012,Percentage,Materially deprived persons,,EU-28,19.8
2013,Percentage,Materially deprived persons,,EU-28,19.5
2014,Percentage,Materially deprived persons,,EU-28,18.5
2015,Percentage,Materially deprived persons,,EU-28,17.0
2016,Percentage,Materially deprived persons,,EU-28,15.7
2017,Percentage,Materially deprived persons,,EU-28,14.5
2018,Percentage,Materially deprived persons,,EU-28,13.1
2019,Percentage,Materially deprived persons,,EU-28,12.0
2010,Percentage,Materially deprived persons,Female,EU-28,18.4
2011,Percentage,Materially deprived persons,Female,EU-28,19.1
2012,Percentage,Materially deprived persons,Female,EU-28,20.3
2013,Percentage,Materially deprived persons,Female,EU-28,20.1
2014,Percentage,Materially deprived persons,Female,EU-28,19.1
2015,Percentage,Materially deprived persons,Female,EU-28,17.5
2016,Percentage,Materially deprived persons,Female,EU-28,16.3
2017,Percentage,Materially deprived persons,Female,EU-28,15.0
2018,Percentage,Materially deprived persons,Female,EU-28,13.6
2019,Percentage,Materially deprived persons,Female,EU-28,12.5
2010,Percentage,Materially deprived persons,Male,EU-28,17.2
2011,Percentage,Materially deprived persons,Male,EU-28,17.8
2012,Percentage,Materially deprived persons,Male,EU-28,19.1
2013,Percentage,Materially deprived persons,Male,EU-28,18.9
2014,Percentage,Materially deprived persons,Male,EU-28,17.9
2015,Percentage,Materially deprived persons,Male,EU-28,16.5
2016,Percentage,Materially deprived persons,Male,EU-28,15.2
2017,Percentage,Materially deprived persons,Male,EU-28,13.9
2018,Percentage,Materially deprived persons,Male,EU-28,12.6
2019,Percentage,Materially deprived persons,Male,EU-28,11.5
2010,Percentage,Materially deprived persons,,Germany,11.1
2011,Percentage,Materially deprived persons,,Germany,12.4
2012,Percentage,Materially deprived persons,,Germany,11.3
2013,Percentage,Materially deprived persons,,Germany,11.6
2014,Percentage,Materially deprived persons,,Germany,11.3
2015,Percentage,Materially deprived persons,,Germany,10.7
2016,Percentage,Materially deprived persons,,Germany,9.7
2017,Percentage,Materially deprived persons,,Germany,9.1
2018,Percentage,Materially deprived persons,,Germany,7.8
2019,Percentage,Materially deprived persons,,Germany,6.8
2010,Percentage,Materially deprived persons,Female,Germany,11.5
2011,Percentage,Materially deprived persons,Female,Germany,13.3
2012,Percentage,Materially deprived persons,Female,Germany,12.2
2013,Percentage,Materially deprived persons,Female,Germany,12.5
2014,Percentage,Materially deprived persons,Female,Germany,12.1
2015,Percentage,Materially deprived persons,Female,Germany,11.2
2016,Percentage,Materially deprived persons,Female,Germany,10.4
2017,Percentage,Materially deprived persons,Female,Germany,9.9
2018,Percentage,Materially deprived persons,Female,Germany,8.1
2019,Percentage,Materially deprived persons,Female,Germany,7.2
2010,Percentage,Materially deprived persons,Male,Germany,10.6
2011,Percentage,Materially deprived persons,Male,Germany,11.5
2012,Percentage,Materially deprived persons,Male,Germany,10.5
2013,Percentage,Materially deprived persons,Male,Germany,10.7
2014,Percentage,Materially deprived persons,Male,Germany,10.4
2015,Percentage,Materially deprived persons,Male,Germany,10.1
2016,Percentage,Materially deprived persons,Male,Germany,8.9
2017,Percentage,Materially deprived persons,Male,Germany,8.3
2018,Percentage,Materially deprived persons,Male,Germany,7.5
2019,Percentage,Materially deprived persons,Male,Germany,6.5
2010,Percentage,Serverely materially deprived persons,,EU-28,8.4
2011,Percentage,Serverely materially deprived persons,,EU-28,8.8
2012,Percentage,Serverely materially deprived persons,,EU-28,9.9
2013,Percentage,Serverely materially deprived persons,,EU-28,9.6
2014,Percentage,Serverely materially deprived persons,,EU-28,8.9
2015,Percentage,Serverely materially deprived persons,,EU-28,8.1
2016,Percentage,Serverely materially deprived persons,,EU-28,7.5
2017,Percentage,Serverely materially deprived persons,,EU-28,6.6
2018,Percentage,Serverely materially deprived persons,,EU-28,5.9
2019,Percentage,Serverely materially deprived persons,,EU-28,5.5
2010,Percentage,Serverely materially deprived persons,,Germany,4.5
2011,Percentage,Serverely materially deprived persons,,Germany,5.3
2012,Percentage,Serverely materially deprived persons,,Germany,4.9
2013,Percentage,Serverely materially deprived persons,,Germany,5.4
2014,Percentage,Serverely materially deprived persons,,Germany,5.0
2015,Percentage,Serverely materially deprived persons,,Germany,4.4
2016,Percentage,Serverely materially deprived persons,,Germany,3.7
2017,Percentage,Serverely materially deprived persons,,Germany,3.4
2018,Percentage,Serverely materially deprived persons,,Germany,3.1
2019,Percentage,Serverely materially deprived persons,,Germany,2.6
