Year,Units,Series,Type of area,Federal state,GeoCode,Value
1996,Hectre per day,Calculated annual values,,,,119.576
1997,Hectre per day,Calculated annual values,,,,124.252
1998,Hectre per day,Calculated annual values,,,,130.622
1999,Hectre per day,Calculated annual values,,,,130.655
2000,Hectre per day,Calculated annual values,,,,131.098
2001,Hectre per day,Calculated annual values,,,,121.096
2002,Hectre per day,Calculated annual values,,,,109.315
2003,Hectre per day,Calculated annual values,,,,98.904
2004,Hectre per day,Calculated annual values,,,,131.148
2005,Hectre per day,Calculated annual values,,,,117.534
2006,Hectre per day,Calculated annual values,,,,105.753
2007,Hectre per day,Calculated annual values,,,,96.712
2008,Hectre per day,Calculated annual values,,,,95.082
2009,Hectre per day,Calculated annual values,,,,78.082
2010,Hectre per day,Calculated annual values,,,,76.712
2011,Hectre per day,Calculated annual values,,,,73.624
2012,Hectre per day,Calculated annual values,,,,69.349
2013,Hectre per day,Calculated annual values,,,,70.591
2014,Hectre per day,Calculated annual values,,,,63.273
2015,Hectre per day,Calculated annual values,,,,61.012
2016,Hectre per day,Calculated annual values,,,,51.278
2017,Hectre per day,Calculated annual values,,,,55.205
2018,Hectre per day,Calculated annual values,,,,57.997
2019,Hectre per day,Calculated annual values,,,,45.0
2020,Hectre per day,Calculated annual values,,,,58.0
1996,Hectre per day,Calculated annual values,Verkehrsfläche,,,23.614
1997,Hectre per day,Calculated annual values,Verkehrsfläche,,,20.642
1998,Hectre per day,Calculated annual values,Verkehrsfläche,,,23.302
1999,Hectre per day,Calculated annual values,Verkehrsfläche,,,23.308
2000,Hectre per day,Calculated annual values,Verkehrsfläche,,,23.642
2001,Hectre per day,Calculated annual values,Verkehrsfläche,,,23.0
2002,Hectre per day,Calculated annual values,Verkehrsfläche,,,22.466
2003,Hectre per day,Calculated annual values,Verkehrsfläche,,,20.274
2004,Hectre per day,Calculated annual values,Verkehrsfläche,,,24.59
2005,Hectre per day,Calculated annual values,Verkehrsfläche,,,25.205
2006,Hectre per day,Calculated annual values,Verkehrsfläche,,,24.11
2007,Hectre per day,Calculated annual values,Verkehrsfläche,,,24.384
2008,Hectre per day,Calculated annual values,Verkehrsfläche,,,21.492
2009,Hectre per day,Calculated annual values,Verkehrsfläche,,,18.082
2010,Hectre per day,Calculated annual values,Verkehrsfläche,,,20.548
2011,Hectre per day,Calculated annual values,Verkehrsfläche,,,16.95
2012,Hectre per day,Calculated annual values,Verkehrsfläche,,,10.858
2013,Hectre per day,Calculated annual values,Verkehrsfläche,,,18.52
2014,Hectre per day,Calculated annual values,Verkehrsfläche,,,23.437
2015,Hectre per day,Calculated annual values,Verkehrsfläche,,,9.768
2016,Hectre per day,Calculated annual values,Verkehrsfläche,,,
2017,Hectre per day,Calculated annual values,Verkehrsfläche,,,8.482
2018,Hectre per day,Calculated annual values,Verkehrsfläche,,,15.953
2019,Hectre per day,Calculated annual values,Verkehrsfläche,,,2.0
2020,Hectre per day,Calculated annual values,Verkehrsfläche,,,6.0
1996,Hectre per day,Calculated annual values,Settlement area (built on),,,87.201
1997,Hectre per day,Calculated annual values,Settlement area (built on),,,83.405
1998,Hectre per day,Calculated annual values,Settlement area (built on),,,86.759
1999,Hectre per day,Calculated annual values,Settlement area (built on),,,86.781
2000,Hectre per day,Calculated annual values,Settlement area (built on),,,86.926
2001,Hectre per day,Calculated annual values,Settlement area (built on),,,69.863
2002,Hectre per day,Calculated annual values,Settlement area (built on),,,65.753
2003,Hectre per day,Calculated annual values,Settlement area (built on),,,44.932
2004,Hectre per day,Calculated annual values,Settlement area (built on),,,60.109
2005,Hectre per day,Calculated annual values,Settlement area (built on),,,34.616
2006,Hectre per day,Calculated annual values,Settlement area (built on),,,29.589
2007,Hectre per day,Calculated annual values,Settlement area (built on),,,39.726
2008,Hectre per day,Calculated annual values,Settlement area (built on),,,34.973
2009,Hectre per day,Calculated annual values,Settlement area (built on),,,27.945
2010,Hectre per day,Calculated annual values,Settlement area (built on),,,33.151
2011,Hectre per day,Calculated annual values,Settlement area (built on),,,29.61
2012,Hectre per day,Calculated annual values,Settlement area (built on),,,40.004
2013,Hectre per day,Calculated annual values,Settlement area (built on),,,29.005
2014,Hectre per day,Calculated annual values,Settlement area (built on),,,21.91
2015,Hectre per day,Calculated annual values,Settlement area (built on),,,39.63
2016,Hectre per day,Calculated annual values,Settlement area (built on),,,
2017,Hectre per day,Calculated annual values,Settlement area (built on),,,31.801
2018,Hectre per day,Calculated annual values,Settlement area (built on),,,32.036
2019,Hectre per day,Calculated annual values,Settlement area (built on),,,33.0
2020,Hectre per day,Calculated annual values,Settlement area (built on),,,40.0
1996,Hectre per day,Calculated annual values,"Recreation area, cemetery",,,8.693
1997,Hectre per day,Calculated annual values,"Recreation area, cemetery",,,20.204
1998,Hectre per day,Calculated annual values,"Recreation area, cemetery",,,20.561
1999,Hectre per day,Calculated annual values,"Recreation area, cemetery",,,20.566
2000,Hectre per day,Calculated annual values,"Recreation area, cemetery",,,20.803
2001,Hectre per day,Calculated annual values,"Recreation area, cemetery",,,29.0
2002,Hectre per day,Calculated annual values,"Recreation area, cemetery",,,21.096
2003,Hectre per day,Calculated annual values,"Recreation area, cemetery",,,34.0
2004,Hectre per day,Calculated annual values,"Recreation area, cemetery",,,45.721
2005,Hectre per day,Calculated annual values,"Recreation area, cemetery",,,56.986
2006,Hectre per day,Calculated annual values,"Recreation area, cemetery",,,51.781
2007,Hectre per day,Calculated annual values,"Recreation area, cemetery",,,32.603
2008,Hectre per day,Calculated annual values,"Recreation area, cemetery",,,38.617
2009,Hectre per day,Calculated annual values,"Recreation area, cemetery",,,32.055
2010,Hectre per day,Calculated annual values,"Recreation area, cemetery",,,23.288
2011,Hectre per day,Calculated annual values,"Recreation area, cemetery",,,27.064
2012,Hectre per day,Calculated annual values,"Recreation area, cemetery",,,18.487
2013,Hectre per day,Calculated annual values,"Recreation area, cemetery",,,23.065
2014,Hectre per day,Calculated annual values,"Recreation area, cemetery",,,17.927
2015,Hectre per day,Calculated annual values,"Recreation area, cemetery",,,11.614
2016,Hectre per day,Calculated annual values,"Recreation area, cemetery",,,
2017,Hectre per day,Calculated annual values,"Recreation area, cemetery",,,14.925
2018,Hectre per day,Calculated annual values,"Recreation area, cemetery",,,10.008
2019,Hectre per day,Calculated annual values,"Recreation area, cemetery",,,10.0
2020,Hectre per day,Calculated annual values,"Recreation area, cemetery",,,12.0
1996,Hectre per day,Moving four-year average,,,,
1997,Hectre per day,Moving four-year average,,,,
1998,Hectre per day,Moving four-year average,,,,
1999,Hectre per day,Moving four-year average,,,,126.276
2000,Hectre per day,Moving four-year average,,,,129.157
2001,Hectre per day,Moving four-year average,,,,128.368
2002,Hectre per day,Moving four-year average,,,,123.041
2003,Hectre per day,Moving four-year average,,,,115.103
2004,Hectre per day,Moving four-year average,,,,115.116
2005,Hectre per day,Moving four-year average,,,,114.225
2006,Hectre per day,Moving four-year average,,,,113.335
2007,Hectre per day,Moving four-year average,,,,112.787
2008,Hectre per day,Moving four-year average,,,,103.77
2009,Hectre per day,Moving four-year average,,,,93.907
2010,Hectre per day,Moving four-year average,,,,86.647
2011,Hectre per day,Moving four-year average,,,,80.875
2012,Hectre per day,Moving four-year average,,,,74.442
2013,Hectre per day,Moving four-year average,,,,72.569
2014,Hectre per day,Moving four-year average,,,,69.209
2015,Hectre per day,Moving four-year average,,,,66.056
2016,Hectre per day,Moving four-year average,,,,61.539
2017,Hectre per day,Moving four-year average,,,,57.692
2018,Hectre per day,Moving four-year average,,,,56.373
2019,Hectre per day,Moving four-year average,,,,52.37
2020,Hectre per day,Moving four-year average,,,,54.051
1996,Hectre per day,Moving four-year average,Verkehrsfläche,,,
1997,Hectre per day,Moving four-year average,Verkehrsfläche,,,
1998,Hectre per day,Moving four-year average,Verkehrsfläche,,,
1999,Hectre per day,Moving four-year average,Verkehrsfläche,,,22.717
2000,Hectre per day,Moving four-year average,Verkehrsfläche,,,22.724
2001,Hectre per day,Moving four-year average,Verkehrsfläche,,,23.313
2002,Hectre per day,Moving four-year average,Verkehrsfläche,,,23.104
2003,Hectre per day,Moving four-year average,Verkehrsfläche,,,22.346
2004,Hectre per day,Moving four-year average,Verkehrsfläche,,,22.583
2005,Hectre per day,Moving four-year average,Verkehrsfläche,,,23.134
2006,Hectre per day,Moving four-year average,Verkehrsfläche,,,23.545
2007,Hectre per day,Moving four-year average,Verkehrsfläche,,,24.572
2008,Hectre per day,Moving four-year average,Verkehrsfläche,,,23.798
2009,Hectre per day,Moving four-year average,Verkehrsfläche,,,22.017
2010,Hectre per day,Moving four-year average,Verkehrsfläche,,,21.127
2011,Hectre per day,Moving four-year average,Verkehrsfläche,,,19.268
2012,Hectre per day,Moving four-year average,Verkehrsfläche,,,16.61
2013,Hectre per day,Moving four-year average,Verkehrsfläche,,,16.719
2014,Hectre per day,Moving four-year average,Verkehrsfläche,,,17.441
2015,Hectre per day,Moving four-year average,Verkehrsfläche,,,15.646
2016,Hectre per day,Moving four-year average,Verkehrsfläche,,,
2017,Hectre per day,Moving four-year average,Verkehrsfläche,,,
2018,Hectre per day,Moving four-year average,Verkehrsfläche,,,
2019,Hectre per day,Moving four-year average,Verkehrsfläche,,,
2020,Hectre per day,Moving four-year average,Verkehrsfläche,,,8.109
1996,Hectre per day,Moving four-year average,Settlement area (built on),,,
1997,Hectre per day,Moving four-year average,Settlement area (built on),,,
1998,Hectre per day,Moving four-year average,Settlement area (built on),,,
1999,Hectre per day,Moving four-year average,Settlement area (built on),,,86.037
2000,Hectre per day,Moving four-year average,Settlement area (built on),,,85.968
2001,Hectre per day,Moving four-year average,Settlement area (built on),,,82.582
2002,Hectre per day,Moving four-year average,Settlement area (built on),,,77.331
2003,Hectre per day,Moving four-year average,Settlement area (built on),,,66.869
2004,Hectre per day,Moving four-year average,Settlement area (built on),,,60.164
2005,Hectre per day,Moving four-year average,Settlement area (built on),,,51.353
2006,Hectre per day,Moving four-year average,Settlement area (built on),,,42.312
2007,Hectre per day,Moving four-year average,Settlement area (built on),,,41.01
2008,Hectre per day,Moving four-year average,Settlement area (built on),,,34.726
2009,Hectre per day,Moving four-year average,Settlement area (built on),,,33.058
2010,Hectre per day,Moving four-year average,Settlement area (built on),,,33.949
2011,Hectre per day,Moving four-year average,Settlement area (built on),,,31.42
2012,Hectre per day,Moving four-year average,Settlement area (built on),,,32.678
2013,Hectre per day,Moving four-year average,Settlement area (built on),,,32.943
2014,Hectre per day,Moving four-year average,Settlement area (built on),,,30.132
2015,Hectre per day,Moving four-year average,Settlement area (built on),,,32.637
2016,Hectre per day,Moving four-year average,Settlement area (built on),,,
2017,Hectre per day,Moving four-year average,Settlement area (built on),,,
2018,Hectre per day,Moving four-year average,Settlement area (built on),,,
2019,Hectre per day,Moving four-year average,Settlement area (built on),,,
2020,Hectre per day,Moving four-year average,Settlement area (built on),,,34.209
1996,Hectre per day,Moving four-year average,"Recreation area, cemetery",,,
1997,Hectre per day,Moving four-year average,"Recreation area, cemetery",,,
1998,Hectre per day,Moving four-year average,"Recreation area, cemetery",,,
1999,Hectre per day,Moving four-year average,"Recreation area, cemetery",,,17.506
2000,Hectre per day,Moving four-year average,"Recreation area, cemetery",,,20.534
2001,Hectre per day,Moving four-year average,"Recreation area, cemetery",,,22.733
2002,Hectre per day,Moving four-year average,"Recreation area, cemetery",,,22.866
2003,Hectre per day,Moving four-year average,"Recreation area, cemetery",,,26.225
2004,Hectre per day,Moving four-year average,"Recreation area, cemetery",,,32.454
2005,Hectre per day,Moving four-year average,"Recreation area, cemetery",,,39.451
2006,Hectre per day,Moving four-year average,"Recreation area, cemetery",,,47.122
2007,Hectre per day,Moving four-year average,"Recreation area, cemetery",,,46.773
2008,Hectre per day,Moving four-year average,"Recreation area, cemetery",,,44.997
2009,Hectre per day,Moving four-year average,"Recreation area, cemetery",,,38.764
2010,Hectre per day,Moving four-year average,"Recreation area, cemetery",,,31.641
2011,Hectre per day,Moving four-year average,"Recreation area, cemetery",,,30.256
2012,Hectre per day,Moving four-year average,"Recreation area, cemetery",,,25.224
2013,Hectre per day,Moving four-year average,"Recreation area, cemetery",,,22.976
2014,Hectre per day,Moving four-year average,"Recreation area, cemetery",,,21.636
2015,Hectre per day,Moving four-year average,"Recreation area, cemetery",,,17.773
2016,Hectre per day,Moving four-year average,"Recreation area, cemetery",,,
2017,Hectre per day,Moving four-year average,"Recreation area, cemetery",,,
2018,Hectre per day,Moving four-year average,"Recreation area, cemetery",,,
2019,Hectre per day,Moving four-year average,"Recreation area, cemetery",,,
2020,Hectre per day,Moving four-year average,"Recreation area, cemetery",,,11.733
1996,Hectre per day,Moving four-year average,,Baden-Wuerttemberg,code08,10.2
1997,Hectre per day,Moving four-year average,,Baden-Wuerttemberg,code08,
1998,Hectre per day,Moving four-year average,,Baden-Wuerttemberg,code08,
1999,Hectre per day,Moving four-year average,,Baden-Wuerttemberg,code08,
2000,Hectre per day,Moving four-year average,,Baden-Wuerttemberg,code08,12.0
2001,Hectre per day,Moving four-year average,,Baden-Wuerttemberg,code08,
2002,Hectre per day,Moving four-year average,,Baden-Wuerttemberg,code08,
2003,Hectre per day,Moving four-year average,,Baden-Wuerttemberg,code08,
2004,Hectre per day,Moving four-year average,,Baden-Wuerttemberg,code08,10.4
2005,Hectre per day,Moving four-year average,,Baden-Wuerttemberg,code08,9.6
2006,Hectre per day,Moving four-year average,,Baden-Wuerttemberg,code08,9.3
2007,Hectre per day,Moving four-year average,,Baden-Wuerttemberg,code08,9.3
2008,Hectre per day,Moving four-year average,,Baden-Wuerttemberg,code08,9.2
2009,Hectre per day,Moving four-year average,,Baden-Wuerttemberg,code08,8.7
2010,Hectre per day,Moving four-year average,,Baden-Wuerttemberg,code08,8.1
2011,Hectre per day,Moving four-year average,,Baden-Wuerttemberg,code08,7.1
2012,Hectre per day,Moving four-year average,,Baden-Wuerttemberg,code08,6.7
2013,Hectre per day,Moving four-year average,,Baden-Wuerttemberg,code08,6.2
2014,Hectre per day,Moving four-year average,,Baden-Wuerttemberg,code08,5.9
2015,Hectre per day,Moving four-year average,,Baden-Wuerttemberg,code08,5.6
2016,Hectre per day,Moving four-year average,,Baden-Wuerttemberg,code08,
2017,Hectre per day,Moving four-year average,,Baden-Wuerttemberg,code08,
2018,Hectre per day,Moving four-year average,,Baden-Wuerttemberg,code08,
2019,Hectre per day,Moving four-year average,,Baden-Wuerttemberg,code08,5.2
2020,Hectre per day,Moving four-year average,,Baden-Wuerttemberg,code08,5.6
1996,Hectre per day,Moving four-year average,,Bavaria,code09,27.4
1997,Hectre per day,Moving four-year average,,Bavaria,code09,
1998,Hectre per day,Moving four-year average,,Bavaria,code09,
1999,Hectre per day,Moving four-year average,,Bavaria,code09,
2000,Hectre per day,Moving four-year average,,Bavaria,code09,28.4
2001,Hectre per day,Moving four-year average,,Bavaria,code09,
2002,Hectre per day,Moving four-year average,,Bavaria,code09,
2003,Hectre per day,Moving four-year average,,Bavaria,code09,
2004,Hectre per day,Moving four-year average,,Bavaria,code09,18.0
2005,Hectre per day,Moving four-year average,,Bavaria,code09,16.5
2006,Hectre per day,Moving four-year average,,Bavaria,code09,17.2
2007,Hectre per day,Moving four-year average,,Bavaria,code09,16.9
2008,Hectre per day,Moving four-year average,,Bavaria,code09,17.2
2009,Hectre per day,Moving four-year average,,Bavaria,code09,17.4
2010,Hectre per day,Moving four-year average,,Bavaria,code09,17.4
2011,Hectre per day,Moving four-year average,,Bavaria,code09,17.9
2012,Hectre per day,Moving four-year average,,Bavaria,code09,18.0
2013,Hectre per day,Moving four-year average,,Bavaria,code09,18.5
2014,Hectre per day,Moving four-year average,,Bavaria,code09,
2015,Hectre per day,Moving four-year average,,Bavaria,code09,12.1
2016,Hectre per day,Moving four-year average,,Bavaria,code09,
2017,Hectre per day,Moving four-year average,,Bavaria,code09,
2018,Hectre per day,Moving four-year average,,Bavaria,code09,11.1
2019,Hectre per day,Moving four-year average,,Bavaria,code09,10.6
2020,Hectre per day,Moving four-year average,,Bavaria,code09,11.0
1996,Hectre per day,Moving four-year average,,Berlin,code11,-0.7
1997,Hectre per day,Moving four-year average,,Berlin,code11,
1998,Hectre per day,Moving four-year average,,Berlin,code11,
1999,Hectre per day,Moving four-year average,,Berlin,code11,
2000,Hectre per day,Moving four-year average,,Berlin,code11,1.4
2001,Hectre per day,Moving four-year average,,Berlin,code11,
2002,Hectre per day,Moving four-year average,,Berlin,code11,
2003,Hectre per day,Moving four-year average,,Berlin,code11,
2004,Hectre per day,Moving four-year average,,Berlin,code11,0.3
2005,Hectre per day,Moving four-year average,,Berlin,code11,0.3
2006,Hectre per day,Moving four-year average,,Berlin,code11,0.2
2007,Hectre per day,Moving four-year average,,Berlin,code11,0.3
2008,Hectre per day,Moving four-year average,,Berlin,code11,0.3
2009,Hectre per day,Moving four-year average,,Berlin,code11,0.3
2010,Hectre per day,Moving four-year average,,Berlin,code11,0.4
2011,Hectre per day,Moving four-year average,,Berlin,code11,0.3
2012,Hectre per day,Moving four-year average,,Berlin,code11,0.1
2013,Hectre per day,Moving four-year average,,Berlin,code11,0.0
2014,Hectre per day,Moving four-year average,,Berlin,code11,0.0
2015,Hectre per day,Moving four-year average,,Berlin,code11,-0.1
2016,Hectre per day,Moving four-year average,,Berlin,code11,0.1
2017,Hectre per day,Moving four-year average,,Berlin,code11,0.1
2018,Hectre per day,Moving four-year average,,Berlin,code11,0.2
2019,Hectre per day,Moving four-year average,,Berlin,code11,0.2
2020,Hectre per day,Moving four-year average,,Berlin,code11,0.1
1996,Hectre per day,Moving four-year average,,Brandenburg,code12,6.9
1997,Hectre per day,Moving four-year average,,Brandenburg,code12,
1998,Hectre per day,Moving four-year average,,Brandenburg,code12,
1999,Hectre per day,Moving four-year average,,Brandenburg,code12,
2000,Hectre per day,Moving four-year average,,Brandenburg,code12,9.3
2001,Hectre per day,Moving four-year average,,Brandenburg,code12,
2002,Hectre per day,Moving four-year average,,Brandenburg,code12,
2003,Hectre per day,Moving four-year average,,Brandenburg,code12,
2004,Hectre per day,Moving four-year average,,Brandenburg,code12,8.2
2005,Hectre per day,Moving four-year average,,Brandenburg,code12,8.6
2006,Hectre per day,Moving four-year average,,Brandenburg,code12,8.7
2007,Hectre per day,Moving four-year average,,Brandenburg,code12,8.3
2008,Hectre per day,Moving four-year average,,Brandenburg,code12,9.5
2009,Hectre per day,Moving four-year average,,Brandenburg,code12,8.4
2010,Hectre per day,Moving four-year average,,Brandenburg,code12,7.5
2011,Hectre per day,Moving four-year average,,Brandenburg,code12,6.6
2012,Hectre per day,Moving four-year average,,Brandenburg,code12,4.6
2013,Hectre per day,Moving four-year average,,Brandenburg,code12,5.7
2014,Hectre per day,Moving four-year average,,Brandenburg,code12,5.2
2015,Hectre per day,Moving four-year average,,Brandenburg,code12,4.9
2016,Hectre per day,Moving four-year average,,Brandenburg,code12,4.7
2017,Hectre per day,Moving four-year average,,Brandenburg,code12,2.1
2018,Hectre per day,Moving four-year average,,Brandenburg,code12,1.7
2019,Hectre per day,Moving four-year average,,Brandenburg,code12,1.4
2020,Hectre per day,Moving four-year average,,Brandenburg,code12,2.6
1996,Hectre per day,Moving four-year average,,Bremen,code04,0.1
1997,Hectre per day,Moving four-year average,,Bremen,code04,
1998,Hectre per day,Moving four-year average,,Bremen,code04,
1999,Hectre per day,Moving four-year average,,Bremen,code04,
2000,Hectre per day,Moving four-year average,,Bremen,code04,0.5
2001,Hectre per day,Moving four-year average,,Bremen,code04,
2002,Hectre per day,Moving four-year average,,Bremen,code04,
2003,Hectre per day,Moving four-year average,,Bremen,code04,
2004,Hectre per day,Moving four-year average,,Bremen,code04,0.2
2005,Hectre per day,Moving four-year average,,Bremen,code04,0.1
2006,Hectre per day,Moving four-year average,,Bremen,code04,0.1
2007,Hectre per day,Moving four-year average,,Bremen,code04,0.2
2008,Hectre per day,Moving four-year average,,Bremen,code04,0.2
2009,Hectre per day,Moving four-year average,,Bremen,code04,0.2
2010,Hectre per day,Moving four-year average,,Bremen,code04,0.2
2011,Hectre per day,Moving four-year average,,Bremen,code04,0.2
2012,Hectre per day,Moving four-year average,,Bremen,code04,0.3
2013,Hectre per day,Moving four-year average,,Bremen,code04,0.3
2014,Hectre per day,Moving four-year average,,Bremen,code04,0.2
2015,Hectre per day,Moving four-year average,,Bremen,code04,0.2
2016,Hectre per day,Moving four-year average,,Bremen,code04,0.1
2017,Hectre per day,Moving four-year average,,Bremen,code04,0.1
2018,Hectre per day,Moving four-year average,,Bremen,code04,0.1
2019,Hectre per day,Moving four-year average,,Bremen,code04,0.1
2020,Hectre per day,Moving four-year average,,Bremen,code04,0.0
1996,Hectre per day,Moving four-year average,,Hamburg,code02,0.4
1997,Hectre per day,Moving four-year average,,Hamburg,code02,
1998,Hectre per day,Moving four-year average,,Hamburg,code02,
1999,Hectre per day,Moving four-year average,,Hamburg,code02,
2000,Hectre per day,Moving four-year average,,Hamburg,code02,0.2
2001,Hectre per day,Moving four-year average,,Hamburg,code02,
2002,Hectre per day,Moving four-year average,,Hamburg,code02,
2003,Hectre per day,Moving four-year average,,Hamburg,code02,
2004,Hectre per day,Moving four-year average,,Hamburg,code02,0.8
2005,Hectre per day,Moving four-year average,,Hamburg,code02,1.0
2006,Hectre per day,Moving four-year average,,Hamburg,code02,0.9
2007,Hectre per day,Moving four-year average,,Hamburg,code02,0.8
2008,Hectre per day,Moving four-year average,,Hamburg,code02,0.5
2009,Hectre per day,Moving four-year average,,Hamburg,code02,0.3
2010,Hectre per day,Moving four-year average,,Hamburg,code02,0.2
2011,Hectre per day,Moving four-year average,,Hamburg,code02,0.1
2012,Hectre per day,Moving four-year average,,Hamburg,code02,0.2
2013,Hectre per day,Moving four-year average,,Hamburg,code02,0.2
2014,Hectre per day,Moving four-year average,,Hamburg,code02,0.0
2015,Hectre per day,Moving four-year average,,Hamburg,code02,-0.2
2016,Hectre per day,Moving four-year average,,Hamburg,code02,-0.5
2017,Hectre per day,Moving four-year average,,Hamburg,code02,-0.6
2018,Hectre per day,Moving four-year average,,Hamburg,code02,-0.4
2019,Hectre per day,Moving four-year average,,Hamburg,code02,-0.2
2020,Hectre per day,Moving four-year average,,Hamburg,code02,0.0
1996,Hectre per day,Moving four-year average,,Hesse,code06,4.5
1997,Hectre per day,Moving four-year average,,Hesse,code06,
1998,Hectre per day,Moving four-year average,,Hesse,code06,
1999,Hectre per day,Moving four-year average,,Hesse,code06,
2000,Hectre per day,Moving four-year average,,Hesse,code06,4.9
2001,Hectre per day,Moving four-year average,,Hesse,code06,
2002,Hectre per day,Moving four-year average,,Hesse,code06,
2003,Hectre per day,Moving four-year average,,Hesse,code06,
2004,Hectre per day,Moving four-year average,,Hesse,code06,3.9
2005,Hectre per day,Moving four-year average,,Hesse,code06,4.2
2006,Hectre per day,Moving four-year average,,Hesse,code06,3.8
2007,Hectre per day,Moving four-year average,,Hesse,code06,3.9
2008,Hectre per day,Moving four-year average,,Hesse,code06,3.6
2009,Hectre per day,Moving four-year average,,Hesse,code06,3.6
2010,Hectre per day,Moving four-year average,,Hesse,code06,3.6
2011,Hectre per day,Moving four-year average,,Hesse,code06,2.9
2012,Hectre per day,Moving four-year average,,Hesse,code06,3.1
2013,Hectre per day,Moving four-year average,,Hesse,code06,2.7
2014,Hectre per day,Moving four-year average,,Hesse,code06,2.7
2015,Hectre per day,Moving four-year average,,Hesse,code06,3.0
2016,Hectre per day,Moving four-year average,,Hesse,code06,
2017,Hectre per day,Moving four-year average,,Hesse,code06,
2018,Hectre per day,Moving four-year average,,Hesse,code06,
2019,Hectre per day,Moving four-year average,,Hesse,code06,
2020,Hectre per day,Moving four-year average,,Hesse,code06,
1996,Hectre per day,Moving four-year average,,Mecklenburg Western Pomerania,code13,6.0
1997,Hectre per day,Moving four-year average,,Mecklenburg Western Pomerania,code13,
1998,Hectre per day,Moving four-year average,,Mecklenburg Western Pomerania,code13,
1999,Hectre per day,Moving four-year average,,Mecklenburg Western Pomerania,code13,
2000,Hectre per day,Moving four-year average,,Mecklenburg Western Pomerania,code13,7.6
2001,Hectre per day,Moving four-year average,,Mecklenburg Western Pomerania,code13,
2002,Hectre per day,Moving four-year average,,Mecklenburg Western Pomerania,code13,
2003,Hectre per day,Moving four-year average,,Mecklenburg Western Pomerania,code13,
2004,Hectre per day,Moving four-year average,,Mecklenburg Western Pomerania,code13,8.7
2005,Hectre per day,Moving four-year average,,Mecklenburg Western Pomerania,code13,8.6
2006,Hectre per day,Moving four-year average,,Mecklenburg Western Pomerania,code13,7.7
2007,Hectre per day,Moving four-year average,,Mecklenburg Western Pomerania,code13,7.2
2008,Hectre per day,Moving four-year average,,Mecklenburg Western Pomerania,code13,7.8
2009,Hectre per day,Moving four-year average,,Mecklenburg Western Pomerania,code13,8.1
2010,Hectre per day,Moving four-year average,,Mecklenburg Western Pomerania,code13,8.0
2011,Hectre per day,Moving four-year average,,Mecklenburg Western Pomerania,code13,7.0
2012,Hectre per day,Moving four-year average,,Mecklenburg Western Pomerania,code13,5.1
2013,Hectre per day,Moving four-year average,,Mecklenburg Western Pomerania,code13,3.8
2014,Hectre per day,Moving four-year average,,Mecklenburg Western Pomerania,code13,2.5
2015,Hectre per day,Moving four-year average,,Mecklenburg Western Pomerania,code13,3.1
2016,Hectre per day,Moving four-year average,,Mecklenburg Western Pomerania,code13,6.8
2017,Hectre per day,Moving four-year average,,Mecklenburg Western Pomerania,code13,4.2
2018,Hectre per day,Moving four-year average,,Mecklenburg Western Pomerania,code13,3.9
2019,Hectre per day,Moving four-year average,,Mecklenburg Western Pomerania,code13,2.5
2020,Hectre per day,Moving four-year average,,Mecklenburg Western Pomerania,code13,-1.7
1996,Hectre per day,Moving four-year average,,Lower Saxony,code03,15.9
1997,Hectre per day,Moving four-year average,,Lower Saxony,code03,
1998,Hectre per day,Moving four-year average,,Lower Saxony,code03,
1999,Hectre per day,Moving four-year average,,Lower Saxony,code03,
2000,Hectre per day,Moving four-year average,,Lower Saxony,code03,16.4
2001,Hectre per day,Moving four-year average,,Lower Saxony,code03,
2002,Hectre per day,Moving four-year average,,Lower Saxony,code03,
2003,Hectre per day,Moving four-year average,,Lower Saxony,code03,
2004,Hectre per day,Moving four-year average,,Lower Saxony,code03,14.4
2005,Hectre per day,Moving four-year average,,Lower Saxony,code03,14.2
2006,Hectre per day,Moving four-year average,,Lower Saxony,code03,14.1
2007,Hectre per day,Moving four-year average,,Lower Saxony,code03,13.5
2008,Hectre per day,Moving four-year average,,Lower Saxony,code03,11.6
2009,Hectre per day,Moving four-year average,,Lower Saxony,code03,10.3
2010,Hectre per day,Moving four-year average,,Lower Saxony,code03,9.4
2011,Hectre per day,Moving four-year average,,Lower Saxony,code03,10.6
2012,Hectre per day,Moving four-year average,,Lower Saxony,code03,10.3
2013,Hectre per day,Moving four-year average,,Lower Saxony,code03,10.5
2014,Hectre per day,Moving four-year average,,Lower Saxony,code03,11.1
2015,Hectre per day,Moving four-year average,,Lower Saxony,code03,9.7
2016,Hectre per day,Moving four-year average,,Lower Saxony,code03,7.5
2017,Hectre per day,Moving four-year average,,Lower Saxony,code03,6.8
2018,Hectre per day,Moving four-year average,,Lower Saxony,code03,6.0
2019,Hectre per day,Moving four-year average,,Lower Saxony,code03,5.1
2020,Hectre per day,Moving four-year average,,Lower Saxony,code03,6.6
1996,Hectre per day,Moving four-year average,,North Rhine-Westphalia,code05,15.8
1997,Hectre per day,Moving four-year average,,North Rhine-Westphalia,code05,
1998,Hectre per day,Moving four-year average,,North Rhine-Westphalia,code05,
1999,Hectre per day,Moving four-year average,,North Rhine-Westphalia,code05,
2000,Hectre per day,Moving four-year average,,North Rhine-Westphalia,code05,16.5
2001,Hectre per day,Moving four-year average,,North Rhine-Westphalia,code05,
2002,Hectre per day,Moving four-year average,,North Rhine-Westphalia,code05,
2003,Hectre per day,Moving four-year average,,North Rhine-Westphalia,code05,
2004,Hectre per day,Moving four-year average,,North Rhine-Westphalia,code05,15.2
2005,Hectre per day,Moving four-year average,,North Rhine-Westphalia,code05,14.5
2006,Hectre per day,Moving four-year average,,North Rhine-Westphalia,code05,14.1
2007,Hectre per day,Moving four-year average,,North Rhine-Westphalia,code05,15.4
2008,Hectre per day,Moving four-year average,,North Rhine-Westphalia,code05,14.2
2009,Hectre per day,Moving four-year average,,North Rhine-Westphalia,code05,13.2
2010,Hectre per day,Moving four-year average,,North Rhine-Westphalia,code05,12.5
2011,Hectre per day,Moving four-year average,,North Rhine-Westphalia,code05,11.4
2012,Hectre per day,Moving four-year average,,North Rhine-Westphalia,code05,10.3
2013,Hectre per day,Moving four-year average,,North Rhine-Westphalia,code05,10.3
2014,Hectre per day,Moving four-year average,,North Rhine-Westphalia,code05,9.7
2015,Hectre per day,Moving four-year average,,North Rhine-Westphalia,code05,9.5
2016,Hectre per day,Moving four-year average,,North Rhine-Westphalia,code05,
2017,Hectre per day,Moving four-year average,,North Rhine-Westphalia,code05,
2018,Hectre per day,Moving four-year average,,North Rhine-Westphalia,code05,
2019,Hectre per day,Moving four-year average,,North Rhine-Westphalia,code05,
2020,Hectre per day,Moving four-year average,,North Rhine-Westphalia,code05,
1996,Hectre per day,Moving four-year average,,Rhineland Palatinate,code07,5.0
1997,Hectre per day,Moving four-year average,,Rhineland Palatinate,code07,
1998,Hectre per day,Moving four-year average,,Rhineland Palatinate,code07,
1999,Hectre per day,Moving four-year average,,Rhineland Palatinate,code07,
2000,Hectre per day,Moving four-year average,,Rhineland Palatinate,code07,5.4
2001,Hectre per day,Moving four-year average,,Rhineland Palatinate,code07,
2002,Hectre per day,Moving four-year average,,Rhineland Palatinate,code07,
2003,Hectre per day,Moving four-year average,,Rhineland Palatinate,code07,
2004,Hectre per day,Moving four-year average,,Rhineland Palatinate,code07,5.8
2005,Hectre per day,Moving four-year average,,Rhineland Palatinate,code07,6.5
2006,Hectre per day,Moving four-year average,,Rhineland Palatinate,code07,6.6
2007,Hectre per day,Moving four-year average,,Rhineland Palatinate,code07,6.6
2008,Hectre per day,Moving four-year average,,Rhineland Palatinate,code07,5.4
2009,Hectre per day,Moving four-year average,,Rhineland Palatinate,code07,3.5
2010,Hectre per day,Moving four-year average,,Rhineland Palatinate,code07,2.3
2011,Hectre per day,Moving four-year average,,Rhineland Palatinate,code07,1.4
2012,Hectre per day,Moving four-year average,,Rhineland Palatinate,code07,0.9
2013,Hectre per day,Moving four-year average,,Rhineland Palatinate,code07,1.1
2014,Hectre per day,Moving four-year average,,Rhineland Palatinate,code07,1.1
2015,Hectre per day,Moving four-year average,,Rhineland Palatinate,code07,0.6
2016,Hectre per day,Moving four-year average,,Rhineland Palatinate,code07,0.8
2017,Hectre per day,Moving four-year average,,Rhineland Palatinate,code07,0.4
2018,Hectre per day,Moving four-year average,,Rhineland Palatinate,code07,0.6
2019,Hectre per day,Moving four-year average,,Rhineland Palatinate,code07,1.4
2020,Hectre per day,Moving four-year average,,Rhineland Palatinate,code07,2.0
1996,Hectre per day,Moving four-year average,,Saarland,code10,0.6
1997,Hectre per day,Moving four-year average,,Saarland,code10,
1998,Hectre per day,Moving four-year average,,Saarland,code10,
1999,Hectre per day,Moving four-year average,,Saarland,code10,
2000,Hectre per day,Moving four-year average,,Saarland,code10,0.7
2001,Hectre per day,Moving four-year average,,Saarland,code10,
2002,Hectre per day,Moving four-year average,,Saarland,code10,
2003,Hectre per day,Moving four-year average,,Saarland,code10,
2004,Hectre per day,Moving four-year average,,Saarland,code10,0.7
2005,Hectre per day,Moving four-year average,,Saarland,code10,0.7
2006,Hectre per day,Moving four-year average,,Saarland,code10,0.7
2007,Hectre per day,Moving four-year average,,Saarland,code10,0.8
2008,Hectre per day,Moving four-year average,,Saarland,code10,0.6
2009,Hectre per day,Moving four-year average,,Saarland,code10,0.6
2010,Hectre per day,Moving four-year average,,Saarland,code10,0.7
2011,Hectre per day,Moving four-year average,,Saarland,code10,0.7
2012,Hectre per day,Moving four-year average,,Saarland,code10,0.6
2013,Hectre per day,Moving four-year average,,Saarland,code10,0.5
2014,Hectre per day,Moving four-year average,,Saarland,code10,0.4
2015,Hectre per day,Moving four-year average,,Saarland,code10,0.3
2016,Hectre per day,Moving four-year average,,Saarland,code10,0.9
2017,Hectre per day,Moving four-year average,,Saarland,code10,0.9
2018,Hectre per day,Moving four-year average,,Saarland,code10,0.8
2019,Hectre per day,Moving four-year average,,Saarland,code10,0.9
2020,Hectre per day,Moving four-year average,,Saarland,code10,0.2
1996,Hectre per day,Moving four-year average,,Saxony,code14,8.8
1997,Hectre per day,Moving four-year average,,Saxony,code14,
1998,Hectre per day,Moving four-year average,,Saxony,code14,
1999,Hectre per day,Moving four-year average,,Saxony,code14,
2000,Hectre per day,Moving four-year average,,Saxony,code14,8.2
2001,Hectre per day,Moving four-year average,,Saxony,code14,
2002,Hectre per day,Moving four-year average,,Saxony,code14,
2003,Hectre per day,Moving four-year average,,Saxony,code14,
2004,Hectre per day,Moving four-year average,,Saxony,code14,5.2
2005,Hectre per day,Moving four-year average,,Saxony,code14,3.9
2006,Hectre per day,Moving four-year average,,Saxony,code14,3.6
2007,Hectre per day,Moving four-year average,,Saxony,code14,5.4
2008,Hectre per day,Moving four-year average,,Saxony,code14,6.4
2009,Hectre per day,Moving four-year average,,Saxony,code14,8.2
2010,Hectre per day,Moving four-year average,,Saxony,code14,8.8
2011,Hectre per day,Moving four-year average,,Saxony,code14,7.5
2012,Hectre per day,Moving four-year average,,Saxony,code14,7.2
2013,Hectre per day,Moving four-year average,,Saxony,code14,5.4
2014,Hectre per day,Moving four-year average,,Saxony,code14,
2015,Hectre per day,Moving four-year average,,Saxony,code14,
2016,Hectre per day,Moving four-year average,,Saxony,code14,
2017,Hectre per day,Moving four-year average,,Saxony,code14,
2018,Hectre per day,Moving four-year average,,Saxony,code14,
2019,Hectre per day,Moving four-year average,,Saxony,code14,
2020,Hectre per day,Moving four-year average,,Saxony,code14,5.2
1996,Hectre per day,Moving four-year average,,Saxony-Anhalt,code15,9.2
1997,Hectre per day,Moving four-year average,,Saxony-Anhalt,code15,
1998,Hectre per day,Moving four-year average,,Saxony-Anhalt,code15,
1999,Hectre per day,Moving four-year average,,Saxony-Anhalt,code15,
2000,Hectre per day,Moving four-year average,,Saxony-Anhalt,code15,9.9
2001,Hectre per day,Moving four-year average,,Saxony-Anhalt,code15,
2002,Hectre per day,Moving four-year average,,Saxony-Anhalt,code15,
2003,Hectre per day,Moving four-year average,,Saxony-Anhalt,code15,
2004,Hectre per day,Moving four-year average,,Saxony-Anhalt,code15,12.8
2005,Hectre per day,Moving four-year average,,Saxony-Anhalt,code15,16.2
2006,Hectre per day,Moving four-year average,,Saxony-Anhalt,code15,18.1
2007,Hectre per day,Moving four-year average,,Saxony-Anhalt,code15,16.1
2008,Hectre per day,Moving four-year average,,Saxony-Anhalt,code15,10.0
2009,Hectre per day,Moving four-year average,,Saxony-Anhalt,code15,3.9
2010,Hectre per day,Moving four-year average,,Saxony-Anhalt,code15,0.5
2011,Hectre per day,Moving four-year average,,Saxony-Anhalt,code15,0.2
2012,Hectre per day,Moving four-year average,,Saxony-Anhalt,code15,-0.6
2013,Hectre per day,Moving four-year average,,Saxony-Anhalt,code15,-0.6
2014,Hectre per day,Moving four-year average,,Saxony-Anhalt,code15,0.2
2015,Hectre per day,Moving four-year average,,Saxony-Anhalt,code15,0.5
2016,Hectre per day,Moving four-year average,,Saxony-Anhalt,code15,1.0
2017,Hectre per day,Moving four-year average,,Saxony-Anhalt,code15,1.1
2018,Hectre per day,Moving four-year average,,Saxony-Anhalt,code15,0.7
2019,Hectre per day,Moving four-year average,,Saxony-Anhalt,code15,1.0
2020,Hectre per day,Moving four-year average,,Saxony-Anhalt,code15,0.7
1996,Hectre per day,Moving four-year average,,Schleswig-Holstein,code01,3.3
1997,Hectre per day,Moving four-year average,,Schleswig-Holstein,code01,
1998,Hectre per day,Moving four-year average,,Schleswig-Holstein,code01,
1999,Hectre per day,Moving four-year average,,Schleswig-Holstein,code01,
2000,Hectre per day,Moving four-year average,,Schleswig-Holstein,code01,4.1
2001,Hectre per day,Moving four-year average,,Schleswig-Holstein,code01,
2002,Hectre per day,Moving four-year average,,Schleswig-Holstein,code01,
2003,Hectre per day,Moving four-year average,,Schleswig-Holstein,code01,
2004,Hectre per day,Moving four-year average,,Schleswig-Holstein,code01,8.4
2005,Hectre per day,Moving four-year average,,Schleswig-Holstein,code01,
2006,Hectre per day,Moving four-year average,,Schleswig-Holstein,code01,
2007,Hectre per day,Moving four-year average,,Schleswig-Holstein,code01,
2008,Hectre per day,Moving four-year average,,Schleswig-Holstein,code01,5.4
2009,Hectre per day,Moving four-year average,,Schleswig-Holstein,code01,5.1
2010,Hectre per day,Moving four-year average,,Schleswig-Holstein,code01,4.2
2011,Hectre per day,Moving four-year average,,Schleswig-Holstein,code01,3.6
2012,Hectre per day,Moving four-year average,,Schleswig-Holstein,code01,3.4
2013,Hectre per day,Moving four-year average,,Schleswig-Holstein,code01,3.2
2014,Hectre per day,Moving four-year average,,Schleswig-Holstein,code01,3.2
2015,Hectre per day,Moving four-year average,,Schleswig-Holstein,code01,2.7
2016,Hectre per day,Moving four-year average,,Schleswig-Holstein,code01,2.3
2017,Hectre per day,Moving four-year average,,Schleswig-Holstein,code01,2.5
2018,Hectre per day,Moving four-year average,,Schleswig-Holstein,code01,2.6
2019,Hectre per day,Moving four-year average,,Schleswig-Holstein,code01,2.3
2020,Hectre per day,Moving four-year average,,Schleswig-Holstein,code01,3.5
1996,Hectre per day,Moving four-year average,,Thuringia,code16,6.1
1997,Hectre per day,Moving four-year average,,Thuringia,code16,
1998,Hectre per day,Moving four-year average,,Thuringia,code16,
1999,Hectre per day,Moving four-year average,,Thuringia,code16,
2000,Hectre per day,Moving four-year average,,Thuringia,code16,3.6
2001,Hectre per day,Moving four-year average,,Thuringia,code16,
2002,Hectre per day,Moving four-year average,,Thuringia,code16,
2003,Hectre per day,Moving four-year average,,Thuringia,code16,
2004,Hectre per day,Moving four-year average,,Thuringia,code16,2.2
2005,Hectre per day,Moving four-year average,,Thuringia,code16,2.0
2006,Hectre per day,Moving four-year average,,Thuringia,code16,1.4
2007,Hectre per day,Moving four-year average,,Thuringia,code16,1.6
2008,Hectre per day,Moving four-year average,,Thuringia,code16,1.9
2009,Hectre per day,Moving four-year average,,Thuringia,code16,2.2
2010,Hectre per day,Moving four-year average,,Thuringia,code16,2.7
2011,Hectre per day,Moving four-year average,,Thuringia,code16,3.5
2012,Hectre per day,Moving four-year average,,Thuringia,code16,4.2
2013,Hectre per day,Moving four-year average,,Thuringia,code16,4.2
2014,Hectre per day,Moving four-year average,,Thuringia,code16,5.3
2015,Hectre per day,Moving four-year average,,Thuringia,code16,4.7
2016,Hectre per day,Moving four-year average,,Thuringia,code16,5.5
2017,Hectre per day,Moving four-year average,,Thuringia,code16,
2018,Hectre per day,Moving four-year average,,Thuringia,code16,
2019,Hectre per day,Moving four-year average,,Thuringia,code16,
2020,Hectre per day,Moving four-year average,,Thuringia,code16,
1996,Hectre per day,Calculated annual values,,Baden-Wuerttemberg,code08,10.2
1997,Hectre per day,Calculated annual values,,Baden-Wuerttemberg,code08,12.0
1998,Hectre per day,Calculated annual values,,Baden-Wuerttemberg,code08,12.0
1999,Hectre per day,Calculated annual values,,Baden-Wuerttemberg,code08,12.0
2000,Hectre per day,Calculated annual values,,Baden-Wuerttemberg,code08,12.0
2001,Hectre per day,Calculated annual values,,Baden-Wuerttemberg,code08,11.8
2002,Hectre per day,Calculated annual values,,Baden-Wuerttemberg,code08,10.6
2003,Hectre per day,Calculated annual values,,Baden-Wuerttemberg,code08,10.3
2004,Hectre per day,Calculated annual values,,Baden-Wuerttemberg,code08,8.7
2005,Hectre per day,Calculated annual values,,Baden-Wuerttemberg,code08,8.8
2006,Hectre per day,Calculated annual values,,Baden-Wuerttemberg,code08,9.4
2007,Hectre per day,Calculated annual values,,Baden-Wuerttemberg,code08,10.3
2008,Hectre per day,Calculated annual values,,Baden-Wuerttemberg,code08,8.2
2009,Hectre per day,Calculated annual values,,Baden-Wuerttemberg,code08,7.0
2010,Hectre per day,Calculated annual values,,Baden-Wuerttemberg,code08,6.7
2011,Hectre per day,Calculated annual values,,Baden-Wuerttemberg,code08,6.3
2012,Hectre per day,Calculated annual values,,Baden-Wuerttemberg,code08,6.7
2013,Hectre per day,Calculated annual values,,Baden-Wuerttemberg,code08,5.3
2014,Hectre per day,Calculated annual values,,Baden-Wuerttemberg,code08,5.2
2015,Hectre per day,Calculated annual values,,Baden-Wuerttemberg,code08,5.2
2016,Hectre per day,Calculated annual values,,Baden-Wuerttemberg,code08,3.5
2017,Hectre per day,Calculated annual values,,Baden-Wuerttemberg,code08,7.9
2018,Hectre per day,Calculated annual values,,Baden-Wuerttemberg,code08,4.5
2019,Hectre per day,Calculated annual values,,Baden-Wuerttemberg,code08,4.8
2020,Hectre per day,Calculated annual values,,Baden-Wuerttemberg,code08,5.4
1996,Hectre per day,Calculated annual values,,Bavaria,code09,27.4
1997,Hectre per day,Calculated annual values,,Bavaria,code09,28.4
1998,Hectre per day,Calculated annual values,,Bavaria,code09,28.4
1999,Hectre per day,Calculated annual values,,Bavaria,code09,28.4
2000,Hectre per day,Calculated annual values,,Bavaria,code09,28.4
2001,Hectre per day,Calculated annual values,,Bavaria,code09,21.6
2002,Hectre per day,Calculated annual values,,Bavaria,code09,18.0
2003,Hectre per day,Calculated annual values,,Bavaria,code09,17.2
2004,Hectre per day,Calculated annual values,,Bavaria,code09,15.2
2005,Hectre per day,Calculated annual values,,Bavaria,code09,15.8
2006,Hectre per day,Calculated annual values,,Bavaria,code09,20.6
2007,Hectre per day,Calculated annual values,,Bavaria,code09,16.1
2008,Hectre per day,Calculated annual values,,Bavaria,code09,16.4
2009,Hectre per day,Calculated annual values,,Bavaria,code09,16.4
2010,Hectre per day,Calculated annual values,,Bavaria,code09,20.8
2011,Hectre per day,Calculated annual values,,Bavaria,code09,
2012,Hectre per day,Calculated annual values,,Bavaria,code09,12.0
2013,Hectre per day,Calculated annual values,,Bavaria,code09,12.6
2014,Hectre per day,Calculated annual values,,Bavaria,code09,
2015,Hectre per day,Calculated annual values,,Bavaria,code09,12.8
2016,Hectre per day,Calculated annual values,,Bavaria,code09,9.8
2017,Hectre per day,Calculated annual values,,Bavaria,code09,11.7
2018,Hectre per day,Calculated annual values,,Bavaria,code09,10.0
2019,Hectre per day,Calculated annual values,,Bavaria,code09,10.8
2020,Hectre per day,Calculated annual values,,Bavaria,code09,11.6
1996,Hectre per day,Calculated annual values,,Berlin,code11,-0.7
1997,Hectre per day,Calculated annual values,,Berlin,code11,1.4
1998,Hectre per day,Calculated annual values,,Berlin,code11,1.4
1999,Hectre per day,Calculated annual values,,Berlin,code11,1.4
2000,Hectre per day,Calculated annual values,,Berlin,code11,1.4
2001,Hectre per day,Calculated annual values,,Berlin,code11,0.5
2002,Hectre per day,Calculated annual values,,Berlin,code11,0.4
2003,Hectre per day,Calculated annual values,,Berlin,code11,0.1
2004,Hectre per day,Calculated annual values,,Berlin,code11,0.2
2005,Hectre per day,Calculated annual values,,Berlin,code11,0.4
2006,Hectre per day,Calculated annual values,,Berlin,code11,0.1
2007,Hectre per day,Calculated annual values,,Berlin,code11,0.5
2008,Hectre per day,Calculated annual values,,Berlin,code11,0.1
2009,Hectre per day,Calculated annual values,,Berlin,code11,0.6
2010,Hectre per day,Calculated annual values,,Berlin,code11,0.3
2011,Hectre per day,Calculated annual values,,Berlin,code11,0.2
2012,Hectre per day,Calculated annual values,,Berlin,code11,-0.6
2013,Hectre per day,Calculated annual values,,Berlin,code11,0.3
2014,Hectre per day,Calculated annual values,,Berlin,code11,0.0
2015,Hectre per day,Calculated annual values,,Berlin,code11,0.0
2016,Hectre per day,Calculated annual values,,Berlin,code11,0.2
2017,Hectre per day,Calculated annual values,,Berlin,code11,0.3
2018,Hectre per day,Calculated annual values,,Berlin,code11,0.1
2019,Hectre per day,Calculated annual values,,Berlin,code11,0.1
2020,Hectre per day,Calculated annual values,,Berlin,code11,0.0
1996,Hectre per day,Calculated annual values,,Brandenburg,code12,6.9
1997,Hectre per day,Calculated annual values,,Brandenburg,code12,9.3
1998,Hectre per day,Calculated annual values,,Brandenburg,code12,9.3
1999,Hectre per day,Calculated annual values,,Brandenburg,code12,9.3
2000,Hectre per day,Calculated annual values,,Brandenburg,code12,9.3
2001,Hectre per day,Calculated annual values,,Brandenburg,code12,9.3
2002,Hectre per day,Calculated annual values,,Brandenburg,code12,8.0
2003,Hectre per day,Calculated annual values,,Brandenburg,code12,8.3
2004,Hectre per day,Calculated annual values,,Brandenburg,code12,7.0
2005,Hectre per day,Calculated annual values,,Brandenburg,code12,11.2
2006,Hectre per day,Calculated annual values,,Brandenburg,code12,8.4
2007,Hectre per day,Calculated annual values,,Brandenburg,code12,6.8
2008,Hectre per day,Calculated annual values,,Brandenburg,code12,11.5
2009,Hectre per day,Calculated annual values,,Brandenburg,code12,6.7
2010,Hectre per day,Calculated annual values,,Brandenburg,code12,4.8
2011,Hectre per day,Calculated annual values,,Brandenburg,code12,3.2
2012,Hectre per day,Calculated annual values,,Brandenburg,code12,3.6
2013,Hectre per day,Calculated annual values,,Brandenburg,code12,11.2
2014,Hectre per day,Calculated annual values,,Brandenburg,code12,2.9
2015,Hectre per day,Calculated annual values,,Brandenburg,code12,1.9
2016,Hectre per day,Calculated annual values,,Brandenburg,code12,2.9
2017,Hectre per day,Calculated annual values,,Brandenburg,code12,0.6
2018,Hectre per day,Calculated annual values,,Brandenburg,code12,1.6
2019,Hectre per day,Calculated annual values,,Brandenburg,code12,0.5
2020,Hectre per day,Calculated annual values,,Brandenburg,code12,7.7
1996,Hectre per day,Calculated annual values,,Bremen,code04,0.1
1997,Hectre per day,Calculated annual values,,Bremen,code04,0.5
1998,Hectre per day,Calculated annual values,,Bremen,code04,0.5
1999,Hectre per day,Calculated annual values,,Bremen,code04,0.5
2000,Hectre per day,Calculated annual values,,Bremen,code04,0.5
2001,Hectre per day,Calculated annual values,,Bremen,code04,0.3
2002,Hectre per day,Calculated annual values,,Bremen,code04,0.1
2003,Hectre per day,Calculated annual values,,Bremen,code04,0.1
2004,Hectre per day,Calculated annual values,,Bremen,code04,0.2
2005,Hectre per day,Calculated annual values,,Bremen,code04,0.1
2006,Hectre per day,Calculated annual values,,Bremen,code04,0.1
2007,Hectre per day,Calculated annual values,,Bremen,code04,0.4
2008,Hectre per day,Calculated annual values,,Bremen,code04,0.2
2009,Hectre per day,Calculated annual values,,Bremen,code04,0.0
2010,Hectre per day,Calculated annual values,,Bremen,code04,0.2
2011,Hectre per day,Calculated annual values,,Bremen,code04,0.2
2012,Hectre per day,Calculated annual values,,Bremen,code04,0.6
2013,Hectre per day,Calculated annual values,,Bremen,code04,0.0
2014,Hectre per day,Calculated annual values,,Bremen,code04,0.1
2015,Hectre per day,Calculated annual values,,Bremen,code04,0.0
2016,Hectre per day,Calculated annual values,,Bremen,code04,0.3
2017,Hectre per day,Calculated annual values,,Bremen,code04,0.1
2018,Hectre per day,Calculated annual values,,Bremen,code04,-0.1
2019,Hectre per day,Calculated annual values,,Bremen,code04,0.0
2020,Hectre per day,Calculated annual values,,Bremen,code04,0.1
1996,Hectre per day,Calculated annual values,,Hamburg,code02,0.4
1997,Hectre per day,Calculated annual values,,Hamburg,code02,0.2
1998,Hectre per day,Calculated annual values,,Hamburg,code02,0.2
1999,Hectre per day,Calculated annual values,,Hamburg,code02,0.2
2000,Hectre per day,Calculated annual values,,Hamburg,code02,0.2
2001,Hectre per day,Calculated annual values,,Hamburg,code02,0.1
2002,Hectre per day,Calculated annual values,,Hamburg,code02,1.0
2003,Hectre per day,Calculated annual values,,Hamburg,code02,0.8
2004,Hectre per day,Calculated annual values,,Hamburg,code02,1.2
2005,Hectre per day,Calculated annual values,,Hamburg,code02,1.0
2006,Hectre per day,Calculated annual values,,Hamburg,code02,0.8
2007,Hectre per day,Calculated annual values,,Hamburg,code02,0.1
2008,Hectre per day,Calculated annual values,,Hamburg,code02,0.1
2009,Hectre per day,Calculated annual values,,Hamburg,code02,0.2
2010,Hectre per day,Calculated annual values,,Hamburg,code02,0.2
2011,Hectre per day,Calculated annual values,,Hamburg,code02,0.0
2012,Hectre per day,Calculated annual values,,Hamburg,code02,0.2
2013,Hectre per day,Calculated annual values,,Hamburg,code02,0.4
2014,Hectre per day,Calculated annual values,,Hamburg,code02,-0.6
2015,Hectre per day,Calculated annual values,,Hamburg,code02,-0.9
2016,Hectre per day,Calculated annual values,,Hamburg,code02,-0.9
2017,Hectre per day,Calculated annual values,,Hamburg,code02,0.1
2018,Hectre per day,Calculated annual values,,Hamburg,code02,-0.1
2019,Hectre per day,Calculated annual values,,Hamburg,code02,-0.1
2020,Hectre per day,Calculated annual values,,Hamburg,code02,0.0
1996,Hectre per day,Calculated annual values,,Hesse,code06,4.5
1997,Hectre per day,Calculated annual values,,Hesse,code06,4.9
1998,Hectre per day,Calculated annual values,,Hesse,code06,4.9
1999,Hectre per day,Calculated annual values,,Hesse,code06,4.9
2000,Hectre per day,Calculated annual values,,Hesse,code06,4.9
2001,Hectre per day,Calculated annual values,,Hesse,code06,2.7
2002,Hectre per day,Calculated annual values,,Hesse,code06,4.8
2003,Hectre per day,Calculated annual values,,Hesse,code06,4.1
2004,Hectre per day,Calculated annual values,,Hesse,code06,4.2
2005,Hectre per day,Calculated annual values,,Hesse,code06,3.7
2006,Hectre per day,Calculated annual values,,Hesse,code06,3.3
2007,Hectre per day,Calculated annual values,,Hesse,code06,4.2
2008,Hectre per day,Calculated annual values,,Hesse,code06,3.2
2009,Hectre per day,Calculated annual values,,Hesse,code06,3.6
2010,Hectre per day,Calculated annual values,,Hesse,code06,3.6
2011,Hectre per day,Calculated annual values,,Hesse,code06,1.4
2012,Hectre per day,Calculated annual values,,Hesse,code06,3.7
2013,Hectre per day,Calculated annual values,,Hesse,code06,2.2
2014,Hectre per day,Calculated annual values,,Hesse,code06,3.6
2015,Hectre per day,Calculated annual values,,Hesse,code06,2.5
2016,Hectre per day,Calculated annual values,,Hesse,code06,
2017,Hectre per day,Calculated annual values,,Hesse,code06,3.7
2018,Hectre per day,Calculated annual values,,Hesse,code06,2.8
2019,Hectre per day,Calculated annual values,,Hesse,code06,2.5
2020,Hectre per day,Calculated annual values,,Hesse,code06,1.5
1996,Hectre per day,Calculated annual values,,Mecklenburg Western Pomerania,code13,5.3
1997,Hectre per day,Calculated annual values,,Mecklenburg Western Pomerania,code13,7.6
1998,Hectre per day,Calculated annual values,,Mecklenburg Western Pomerania,code13,7.6
1999,Hectre per day,Calculated annual values,,Mecklenburg Western Pomerania,code13,7.6
2000,Hectre per day,Calculated annual values,,Mecklenburg Western Pomerania,code13,7.6
2001,Hectre per day,Calculated annual values,,Mecklenburg Western Pomerania,code13,7.3
2002,Hectre per day,Calculated annual values,,Mecklenburg Western Pomerania,code13,10.9
2003,Hectre per day,Calculated annual values,,Mecklenburg Western Pomerania,code13,8.8
2004,Hectre per day,Calculated annual values,,Mecklenburg Western Pomerania,code13,7.9
2005,Hectre per day,Calculated annual values,,Mecklenburg Western Pomerania,code13,6.7
2006,Hectre per day,Calculated annual values,,Mecklenburg Western Pomerania,code13,7.3
2007,Hectre per day,Calculated annual values,,Mecklenburg Western Pomerania,code13,6.7
2008,Hectre per day,Calculated annual values,,Mecklenburg Western Pomerania,code13,10.7
2009,Hectre per day,Calculated annual values,,Mecklenburg Western Pomerania,code13,7.7
2010,Hectre per day,Calculated annual values,,Mecklenburg Western Pomerania,code13,7.1
2011,Hectre per day,Calculated annual values,,Mecklenburg Western Pomerania,code13,2.7
2012,Hectre per day,Calculated annual values,,Mecklenburg Western Pomerania,code13,3.1
2013,Hectre per day,Calculated annual values,,Mecklenburg Western Pomerania,code13,2.1
2014,Hectre per day,Calculated annual values,,Mecklenburg Western Pomerania,code13,2.0
2015,Hectre per day,Calculated annual values,,Mecklenburg Western Pomerania,code13,5.1
2016,Hectre per day,Calculated annual values,,Mecklenburg Western Pomerania,code13,17.7
2017,Hectre per day,Calculated annual values,,Mecklenburg Western Pomerania,code13,-7.9
2018,Hectre per day,Calculated annual values,,Mecklenburg Western Pomerania,code13,0.5
2019,Hectre per day,Calculated annual values,,Mecklenburg Western Pomerania,code13,-0.5
2020,Hectre per day,Calculated annual values,,Mecklenburg Western Pomerania,code13,1.0
1996,Hectre per day,Calculated annual values,,Lower Saxony,code03,16.6
1997,Hectre per day,Calculated annual values,,Lower Saxony,code03,16.4
1998,Hectre per day,Calculated annual values,,Lower Saxony,code03,16.4
1999,Hectre per day,Calculated annual values,,Lower Saxony,code03,16.4
2000,Hectre per day,Calculated annual values,,Lower Saxony,code03,16.4
2001,Hectre per day,Calculated annual values,,Lower Saxony,code03,14.9
2002,Hectre per day,Calculated annual values,,Lower Saxony,code03,11.8
2003,Hectre per day,Calculated annual values,,Lower Saxony,code03,12.6
2004,Hectre per day,Calculated annual values,,Lower Saxony,code03,18.3
2005,Hectre per day,Calculated annual values,,Lower Saxony,code03,14.0
2006,Hectre per day,Calculated annual values,,Lower Saxony,code03,11.5
2007,Hectre per day,Calculated annual values,,Lower Saxony,code03,10.0
2008,Hectre per day,Calculated annual values,,Lower Saxony,code03,11.0
2009,Hectre per day,Calculated annual values,,Lower Saxony,code03,8.6
2010,Hectre per day,Calculated annual values,,Lower Saxony,code03,8.0
2011,Hectre per day,Calculated annual values,,Lower Saxony,code03,14.8
2012,Hectre per day,Calculated annual values,,Lower Saxony,code03,9.8
2013,Hectre per day,Calculated annual values,,Lower Saxony,code03,9.2
2014,Hectre per day,Calculated annual values,,Lower Saxony,code03,10.3
2015,Hectre per day,Calculated annual values,,Lower Saxony,code03,9.5
2016,Hectre per day,Calculated annual values,,Lower Saxony,code03,0.8
2017,Hectre per day,Calculated annual values,,Lower Saxony,code03,6.5
2018,Hectre per day,Calculated annual values,,Lower Saxony,code03,7.1
2019,Hectre per day,Calculated annual values,,Lower Saxony,code03,5.8
2020,Hectre per day,Calculated annual values,,Lower Saxony,code03,6.8
1996,Hectre per day,Calculated annual values,,North Rhine-Westphalia,code05,15.8
1997,Hectre per day,Calculated annual values,,North Rhine-Westphalia,code05,16.5
1998,Hectre per day,Calculated annual values,,North Rhine-Westphalia,code05,16.5
1999,Hectre per day,Calculated annual values,,North Rhine-Westphalia,code05,16.5
2000,Hectre per day,Calculated annual values,,North Rhine-Westphalia,code05,16.5
2001,Hectre per day,Calculated annual values,,North Rhine-Westphalia,code05,16.3
2002,Hectre per day,Calculated annual values,,North Rhine-Westphalia,code05,16.0
2003,Hectre per day,Calculated annual values,,North Rhine-Westphalia,code05,8.9
2004,Hectre per day,Calculated annual values,,North Rhine-Westphalia,code05,19.7
2005,Hectre per day,Calculated annual values,,North Rhine-Westphalia,code05,13.3
2006,Hectre per day,Calculated annual values,,North Rhine-Westphalia,code05,14.4
2007,Hectre per day,Calculated annual values,,North Rhine-Westphalia,code05,14.1
2008,Hectre per day,Calculated annual values,,North Rhine-Westphalia,code05,15.0
2009,Hectre per day,Calculated annual values,,North Rhine-Westphalia,code05,9.2
2010,Hectre per day,Calculated annual values,,North Rhine-Westphalia,code05,11.5
2011,Hectre per day,Calculated annual values,,North Rhine-Westphalia,code05,10.0
2012,Hectre per day,Calculated annual values,,North Rhine-Westphalia,code05,10.4
2013,Hectre per day,Calculated annual values,,North Rhine-Westphalia,code05,9.3
2014,Hectre per day,Calculated annual values,,North Rhine-Westphalia,code05,9.0
2015,Hectre per day,Calculated annual values,,North Rhine-Westphalia,code05,9.3
2016,Hectre per day,Calculated annual values,,North Rhine-Westphalia,code05,
2017,Hectre per day,Calculated annual values,,North Rhine-Westphalia,code05,6.3
2018,Hectre per day,Calculated annual values,,North Rhine-Westphalia,code05,5.2
2019,Hectre per day,Calculated annual values,,North Rhine-Westphalia,code05,8.1
2020,Hectre per day,Calculated annual values,,North Rhine-Westphalia,code05,5.7
1996,Hectre per day,Calculated annual values,,Rhineland Palatinate,code07,5.0
1997,Hectre per day,Calculated annual values,,Rhineland Palatinate,code07,5.4
1998,Hectre per day,Calculated annual values,,Rhineland Palatinate,code07,5.4
1999,Hectre per day,Calculated annual values,,Rhineland Palatinate,code07,5.4
2000,Hectre per day,Calculated annual values,,Rhineland Palatinate,code07,5.4
2001,Hectre per day,Calculated annual values,,Rhineland Palatinate,code07,5.4
2002,Hectre per day,Calculated annual values,,Rhineland Palatinate,code07,5.0
2003,Hectre per day,Calculated annual values,,Rhineland Palatinate,code07,4.4
2004,Hectre per day,Calculated annual values,,Rhineland Palatinate,code07,8.3
2005,Hectre per day,Calculated annual values,,Rhineland Palatinate,code07,8.1
2006,Hectre per day,Calculated annual values,,Rhineland Palatinate,code07,5.4
2007,Hectre per day,Calculated annual values,,Rhineland Palatinate,code07,4.7
2008,Hectre per day,Calculated annual values,,Rhineland Palatinate,code07,3.2
2009,Hectre per day,Calculated annual values,,Rhineland Palatinate,code07,0.6
2010,Hectre per day,Calculated annual values,,Rhineland Palatinate,code07,0.5
2011,Hectre per day,Calculated annual values,,Rhineland Palatinate,code07,1.0
2012,Hectre per day,Calculated annual values,,Rhineland Palatinate,code07,1.5
2013,Hectre per day,Calculated annual values,,Rhineland Palatinate,code07,1.4
2014,Hectre per day,Calculated annual values,,Rhineland Palatinate,code07,0.6
2015,Hectre per day,Calculated annual values,,Rhineland Palatinate,code07,-1.0
2016,Hectre per day,Calculated annual values,,Rhineland Palatinate,code07,2.2
2017,Hectre per day,Calculated annual values,,Rhineland Palatinate,code07,-0.4
2018,Hectre per day,Calculated annual values,,Rhineland Palatinate,code07,1.5
2019,Hectre per day,Calculated annual values,,Rhineland Palatinate,code07,2.4
2020,Hectre per day,Calculated annual values,,Rhineland Palatinate,code07,4.8
1996,Hectre per day,Calculated annual values,,Saarland,code10,0.6
1997,Hectre per day,Calculated annual values,,Saarland,code10,0.7
1998,Hectre per day,Calculated annual values,,Saarland,code10,0.7
1999,Hectre per day,Calculated annual values,,Saarland,code10,0.7
2000,Hectre per day,Calculated annual values,,Saarland,code10,0.7
2001,Hectre per day,Calculated annual values,,Saarland,code10,0.8
2002,Hectre per day,Calculated annual values,,Saarland,code10,0.5
2003,Hectre per day,Calculated annual values,,Saarland,code10,0.4
2004,Hectre per day,Calculated annual values,,Saarland,code10,1.3
2005,Hectre per day,Calculated annual values,,Saarland,code10,0.6
2006,Hectre per day,Calculated annual values,,Saarland,code10,0.5
2007,Hectre per day,Calculated annual values,,Saarland,code10,0.6
2008,Hectre per day,Calculated annual values,,Saarland,code10,0.5
2009,Hectre per day,Calculated annual values,,Saarland,code10,0.8
2010,Hectre per day,Calculated annual values,,Saarland,code10,1.0
2011,Hectre per day,Calculated annual values,,Saarland,code10,0.5
2012,Hectre per day,Calculated annual values,,Saarland,code10,0.3
2013,Hectre per day,Calculated annual values,,Saarland,code10,0.3
2014,Hectre per day,Calculated annual values,,Saarland,code10,0.4
2015,Hectre per day,Calculated annual values,,Saarland,code10,0.1
2016,Hectre per day,Calculated annual values,,Saarland,code10,3.0
2017,Hectre per day,Calculated annual values,,Saarland,code10,0.2
2018,Hectre per day,Calculated annual values,,Saarland,code10,0.2
2019,Hectre per day,Calculated annual values,,Saarland,code10,0.2
2020,Hectre per day,Calculated annual values,,Saarland,code10,0.2
1996,Hectre per day,Calculated annual values,,Saxony,code14,8.8
1997,Hectre per day,Calculated annual values,,Saxony,code14,8.2
1998,Hectre per day,Calculated annual values,,Saxony,code14,8.2
1999,Hectre per day,Calculated annual values,,Saxony,code14,8.2
2000,Hectre per day,Calculated annual values,,Saxony,code14,8.2
2001,Hectre per day,Calculated annual values,,Saxony,code14,8.1
2002,Hectre per day,Calculated annual values,,Saxony,code14,5.8
2003,Hectre per day,Calculated annual values,,Saxony,code14,4.0
2004,Hectre per day,Calculated annual values,,Saxony,code14,2.8
2005,Hectre per day,Calculated annual values,,Saxony,code14,3.0
2006,Hectre per day,Calculated annual values,,Saxony,code14,4.5
2007,Hectre per day,Calculated annual values,,Saxony,code14,11.2
2008,Hectre per day,Calculated annual values,,Saxony,code14,6.9
2009,Hectre per day,Calculated annual values,,Saxony,code14,10.1
2010,Hectre per day,Calculated annual values,,Saxony,code14,6.9
2011,Hectre per day,Calculated annual values,,Saxony,code14,6.0
2012,Hectre per day,Calculated annual values,,Saxony,code14,5.7
2013,Hectre per day,Calculated annual values,,Saxony,code14,2.9
2014,Hectre per day,Calculated annual values,,Saxony,code14,
2015,Hectre per day,Calculated annual values,,Saxony,code14,
2016,Hectre per day,Calculated annual values,,Saxony,code14,3.1
2017,Hectre per day,Calculated annual values,,Saxony,code14,5.0
2018,Hectre per day,Calculated annual values,,Saxony,code14,4.5
2019,Hectre per day,Calculated annual values,,Saxony,code14,5.1
2020,Hectre per day,Calculated annual values,,Saxony,code14,6.1
1996,Hectre per day,Calculated annual values,,Saxony-Anhalt,code15,9.2
1997,Hectre per day,Calculated annual values,,Saxony-Anhalt,code15,9.9
1998,Hectre per day,Calculated annual values,,Saxony-Anhalt,code15,9.9
1999,Hectre per day,Calculated annual values,,Saxony-Anhalt,code15,9.9
2000,Hectre per day,Calculated annual values,,Saxony-Anhalt,code15,9.9
2001,Hectre per day,Calculated annual values,,Saxony-Anhalt,code15,11.2
2002,Hectre per day,Calculated annual values,,Saxony-Anhalt,code15,4.4
2003,Hectre per day,Calculated annual values,,Saxony-Anhalt,code15,8.8
2004,Hectre per day,Calculated annual values,,Saxony-Anhalt,code15,26.7
2005,Hectre per day,Calculated annual values,,Saxony-Anhalt,code15,25.0
2006,Hectre per day,Calculated annual values,,Saxony-Anhalt,code15,11.7
2007,Hectre per day,Calculated annual values,,Saxony-Anhalt,code15,0.8
2008,Hectre per day,Calculated annual values,,Saxony-Anhalt,code15,2.5
2009,Hectre per day,Calculated annual values,,Saxony-Anhalt,code15,0.4
2010,Hectre per day,Calculated annual values,,Saxony-Anhalt,code15,-1.6
2011,Hectre per day,Calculated annual values,,Saxony-Anhalt,code15,-0.6
2012,Hectre per day,Calculated annual values,,Saxony-Anhalt,code15,-0.4
2013,Hectre per day,Calculated annual values,,Saxony-Anhalt,code15,0.2
2014,Hectre per day,Calculated annual values,,Saxony-Anhalt,code15,1.8
2015,Hectre per day,Calculated annual values,,Saxony-Anhalt,code15,0.5
2016,Hectre per day,Calculated annual values,,Saxony-Anhalt,code15,1.7
2017,Hectre per day,Calculated annual values,,Saxony-Anhalt,code15,0.6
2018,Hectre per day,Calculated annual values,,Saxony-Anhalt,code15,-0.1
2019,Hectre per day,Calculated annual values,,Saxony-Anhalt,code15,1.7
2020,Hectre per day,Calculated annual values,,Saxony-Anhalt,code15,0.6
1996,Hectre per day,Calculated annual values,,Schleswig-Holstein,code01,3.3
1997,Hectre per day,Calculated annual values,,Schleswig-Holstein,code01,4.1
1998,Hectre per day,Calculated annual values,,Schleswig-Holstein,code01,4.1
1999,Hectre per day,Calculated annual values,,Schleswig-Holstein,code01,4.1
2000,Hectre per day,Calculated annual values,,Schleswig-Holstein,code01,4.1
2001,Hectre per day,Calculated annual values,,Schleswig-Holstein,code01,
2002,Hectre per day,Calculated annual values,,Schleswig-Holstein,code01,
2003,Hectre per day,Calculated annual values,,Schleswig-Holstein,code01,
2004,Hectre per day,Calculated annual values,,Schleswig-Holstein,code01,
2005,Hectre per day,Calculated annual values,,Schleswig-Holstein,code01,4.5
2006,Hectre per day,Calculated annual values,,Schleswig-Holstein,code01,6.5
2007,Hectre per day,Calculated annual values,,Schleswig-Holstein,code01,7.4
2008,Hectre per day,Calculated annual values,,Schleswig-Holstein,code01,3.1
2009,Hectre per day,Calculated annual values,,Schleswig-Holstein,code01,3.3
2010,Hectre per day,Calculated annual values,,Schleswig-Holstein,code01,3.0
2011,Hectre per day,Calculated annual values,,Schleswig-Holstein,code01,4.8
2012,Hectre per day,Calculated annual values,,Schleswig-Holstein,code01,2.3
2013,Hectre per day,Calculated annual values,,Schleswig-Holstein,code01,2.7
2014,Hectre per day,Calculated annual values,,Schleswig-Holstein,code01,2.9
2015,Hectre per day,Calculated annual values,,Schleswig-Holstein,code01,2.8
2016,Hectre per day,Calculated annual values,,Schleswig-Holstein,code01,0.9
2017,Hectre per day,Calculated annual values,,Schleswig-Holstein,code01,3.4
2018,Hectre per day,Calculated annual values,,Schleswig-Holstein,code01,3.2
2019,Hectre per day,Calculated annual values,,Schleswig-Holstein,code01,1.8
2020,Hectre per day,Calculated annual values,,Schleswig-Holstein,code01,5.8
1996,Hectre per day,Calculated annual values,,Thuringia,code16,6.1
1997,Hectre per day,Calculated annual values,,Thuringia,code16,3.6
1998,Hectre per day,Calculated annual values,,Thuringia,code16,3.6
1999,Hectre per day,Calculated annual values,,Thuringia,code16,3.6
2000,Hectre per day,Calculated annual values,,Thuringia,code16,3.6
2001,Hectre per day,Calculated annual values,,Thuringia,code16,2.4
2002,Hectre per day,Calculated annual values,,Thuringia,code16,3.8
2003,Hectre per day,Calculated annual values,,Thuringia,code16,1.5
2004,Hectre per day,Calculated annual values,,Thuringia,code16,1.0
2005,Hectre per day,Calculated annual values,,Thuringia,code16,1.6
2006,Hectre per day,Calculated annual values,,Thuringia,code16,1.6
2007,Hectre per day,Calculated annual values,,Thuringia,code16,2.0
2008,Hectre per day,Calculated annual values,,Thuringia,code16,2.5
2009,Hectre per day,Calculated annual values,,Thuringia,code16,2.7
2010,Hectre per day,Calculated annual values,,Thuringia,code16,3.7
2011,Hectre per day,Calculated annual values,,Thuringia,code16,5.1
2012,Hectre per day,Calculated annual values,,Thuringia,code16,5.4
2013,Hectre per day,Calculated annual values,,Thuringia,code16,2.6
2014,Hectre per day,Calculated annual values,,Thuringia,code16,8.3
2015,Hectre per day,Calculated annual values,,Thuringia,code16,2.5
2016,Hectre per day,Calculated annual values,,Thuringia,code16,8.7
2017,Hectre per day,Calculated annual values,,Thuringia,code16,
2018,Hectre per day,Calculated annual values,,Thuringia,code16,
2019,Hectre per day,Calculated annual values,,Thuringia,code16,1.9
2020,Hectre per day,Calculated annual values,,Thuringia,code16,0.8
