Year,Units,Series,Federal state,GeoCode,Value
2005,'1.000',Employees in EMAS organisations,,,961.0
2006,'1.000',Employees in EMAS organisations,,,926.0
2007,'1.000',Employees in EMAS organisations,,,860.0
2008,'1.000',Employees in EMAS organisations,,,840.0
2009,'1.000',Employees in EMAS organisations,,,803.0
2010,'1.000',Employees in EMAS organisations,,,781.0
2011,'1.000',Employees in EMAS organisations,,,765.0
2012,'1.000',Employees in EMAS organisations,,,773.0
2013,'1.000',Employees in EMAS organisations,,,788.0
2014,'1.000',Employees in EMAS organisations,,,785.0
2015,'1.000',Employees in EMAS organisations,,,801.0
2016,'1.000',Employees in EMAS organisations,,,842.0
2017,'1.000',Employees in EMAS organisations,,,985.0
2018,'1.000',Employees in EMAS organisations,,,929.0
2019,'1.000',Employees in EMAS organisations,,,988.0
2020,'1.000',Employees in EMAS organisations,,,860.0
2021,'1.000',Employees in EMAS organisations,,,911.0
2005,Number,Locations of organisation registered with EMAS,,,1958.0
2006,Number,Locations of organisation registered with EMAS,,,1985.0
2007,Number,Locations of organisation registered with EMAS,,,1956.0
2008,Number,Locations of organisation registered with EMAS,,,1917.0
2009,Number,Locations of organisation registered with EMAS,,,1906.0
2010,Number,Locations of organisation registered with EMAS,,,1913.0
2011,Number,Locations of organisation registered with EMAS,,,1909.0
2012,Number,Locations of organisation registered with EMAS,,,1828.0
2013,Number,Locations of organisation registered with EMAS,,,1862.0
2014,Number,Locations of organisation registered with EMAS,,,1906.0
2015,Number,Locations of organisation registered with EMAS,,,2004.0
2016,Number,Locations of organisation registered with EMAS,,,2073.0
2017,Number,Locations of organisation registered with EMAS,,,2182.0
2018,Number,Locations of organisation registered with EMAS,,,2167.0
2019,Number,Locations of organisation registered with EMAS,,,2176.0
2020,Number,Locations of organisation registered with EMAS,,,2184.0
2021,Number,Locations of organisation registered with EMAS,,,2290.0
2010,Number,Locations of organisation registered with EMAS,Baden-Wuerttemberg,code08,493.0
2011,Number,Locations of organisation registered with EMAS,Baden-Wuerttemberg,code08,498.0
2012,Number,Locations of organisation registered with EMAS,Baden-Wuerttemberg,code08,508.0
2013,Number,Locations of organisation registered with EMAS,Baden-Wuerttemberg,code08,522.0
2014,Number,Locations of organisation registered with EMAS,Baden-Wuerttemberg,code08,538.0
2015,Number,Locations of organisation registered with EMAS,Baden-Wuerttemberg,code08,578.0
2016,Number,Locations of organisation registered with EMAS,Baden-Wuerttemberg,code08,582.0
2017,Number,Locations of organisation registered with EMAS,Baden-Wuerttemberg,code08,574.0
2018,Number,Locations of organisation registered with EMAS,Baden-Wuerttemberg,code08,591.0
2019,Number,Locations of organisation registered with EMAS,Baden-Wuerttemberg,code08,594.0
2020,Number,Locations of organisation registered with EMAS,Baden-Wuerttemberg,code08,597.0
2021,Number,Locations of organisation registered with EMAS,Baden-Wuerttemberg,code08,667.0
2010,Number,Locations of organisation registered with EMAS,Bavaria,code09,385.0
2011,Number,Locations of organisation registered with EMAS,Bavaria,code09,391.0
2012,Number,Locations of organisation registered with EMAS,Bavaria,code09,388.0
2013,Number,Locations of organisation registered with EMAS,Bavaria,code09,391.0
2014,Number,Locations of organisation registered with EMAS,Bavaria,code09,421.0
2015,Number,Locations of organisation registered with EMAS,Bavaria,code09,466.0
2016,Number,Locations of organisation registered with EMAS,Bavaria,code09,475.0
2017,Number,Locations of organisation registered with EMAS,Bavaria,code09,524.0
2018,Number,Locations of organisation registered with EMAS,Bavaria,code09,502.0
2019,Number,Locations of organisation registered with EMAS,Bavaria,code09,478.0
2020,Number,Locations of organisation registered with EMAS,Bavaria,code09,502.0
2021,Number,Locations of organisation registered with EMAS,Bavaria,code09,638.0
2010,Number,Locations of organisation registered with EMAS,Berlin,code11,53.0
2011,Number,Locations of organisation registered with EMAS,Berlin,code11,53.0
2012,Number,Locations of organisation registered with EMAS,Berlin,code11,48.0
2013,Number,Locations of organisation registered with EMAS,Berlin,code11,56.0
2014,Number,Locations of organisation registered with EMAS,Berlin,code11,50.0
2015,Number,Locations of organisation registered with EMAS,Berlin,code11,52.0
2016,Number,Locations of organisation registered with EMAS,Berlin,code11,57.0
2017,Number,Locations of organisation registered with EMAS,Berlin,code11,61.0
2018,Number,Locations of organisation registered with EMAS,Berlin,code11,63.0
2019,Number,Locations of organisation registered with EMAS,Berlin,code11,65.0
2020,Number,Locations of organisation registered with EMAS,Berlin,code11,68.0
2021,Number,Locations of organisation registered with EMAS,Berlin,code11,66.0
2010,Number,Locations of organisation registered with EMAS,Brandenburg,code12,52.0
2011,Number,Locations of organisation registered with EMAS,Brandenburg,code12,47.0
2012,Number,Locations of organisation registered with EMAS,Brandenburg,code12,36.0
2013,Number,Locations of organisation registered with EMAS,Brandenburg,code12,40.0
2014,Number,Locations of organisation registered with EMAS,Brandenburg,code12,39.0
2015,Number,Locations of organisation registered with EMAS,Brandenburg,code12,39.0
2016,Number,Locations of organisation registered with EMAS,Brandenburg,code12,47.0
2017,Number,Locations of organisation registered with EMAS,Brandenburg,code12,60.0
2018,Number,Locations of organisation registered with EMAS,Brandenburg,code12,61.0
2019,Number,Locations of organisation registered with EMAS,Brandenburg,code12,64.0
2020,Number,Locations of organisation registered with EMAS,Brandenburg,code12,64.0
2021,Number,Locations of organisation registered with EMAS,Brandenburg,code12,57.0
2010,Number,Locations of organisation registered with EMAS,Bremen,code04,26.0
2011,Number,Locations of organisation registered with EMAS,Bremen,code04,26.0
2012,Number,Locations of organisation registered with EMAS,Bremen,code04,28.0
2013,Number,Locations of organisation registered with EMAS,Bremen,code04,29.0
2014,Number,Locations of organisation registered with EMAS,Bremen,code04,28.0
2015,Number,Locations of organisation registered with EMAS,Bremen,code04,30.0
2016,Number,Locations of organisation registered with EMAS,Bremen,code04,29.0
2017,Number,Locations of organisation registered with EMAS,Bremen,code04,30.0
2018,Number,Locations of organisation registered with EMAS,Bremen,code04,31.0
2019,Number,Locations of organisation registered with EMAS,Bremen,code04,31.0
2020,Number,Locations of organisation registered with EMAS,Bremen,code04,30.0
2021,Number,Locations of organisation registered with EMAS,Bremen,code04,25.0
2010,Number,Locations of organisation registered with EMAS,Hamburg,code02,37.0
2011,Number,Locations of organisation registered with EMAS,Hamburg,code02,36.0
2012,Number,Locations of organisation registered with EMAS,Hamburg,code02,33.0
2013,Number,Locations of organisation registered with EMAS,Hamburg,code02,34.0
2014,Number,Locations of organisation registered with EMAS,Hamburg,code02,38.0
2015,Number,Locations of organisation registered with EMAS,Hamburg,code02,37.0
2016,Number,Locations of organisation registered with EMAS,Hamburg,code02,37.0
2017,Number,Locations of organisation registered with EMAS,Hamburg,code02,51.0
2018,Number,Locations of organisation registered with EMAS,Hamburg,code02,58.0
2019,Number,Locations of organisation registered with EMAS,Hamburg,code02,58.0
2020,Number,Locations of organisation registered with EMAS,Hamburg,code02,59.0
2021,Number,Locations of organisation registered with EMAS,Hamburg,code02,69.0
2010,Number,Locations of organisation registered with EMAS,Hesse,code06,138.0
2011,Number,Locations of organisation registered with EMAS,Hesse,code06,139.0
2012,Number,Locations of organisation registered with EMAS,Hesse,code06,140.0
2013,Number,Locations of organisation registered with EMAS,Hesse,code06,132.0
2014,Number,Locations of organisation registered with EMAS,Hesse,code06,134.0
2015,Number,Locations of organisation registered with EMAS,Hesse,code06,144.0
2016,Number,Locations of organisation registered with EMAS,Hesse,code06,159.0
2017,Number,Locations of organisation registered with EMAS,Hesse,code06,159.0
2018,Number,Locations of organisation registered with EMAS,Hesse,code06,142.0
2019,Number,Locations of organisation registered with EMAS,Hesse,code06,126.0
2020,Number,Locations of organisation registered with EMAS,Hesse,code06,132.0
2021,Number,Locations of organisation registered with EMAS,Hesse,code06,157.0
2010,Number,Locations of organisation registered with EMAS,Mecklenburg Western Pomerania,code13,10.0
2011,Number,Locations of organisation registered with EMAS,Mecklenburg Western Pomerania,code13,10.0
2012,Number,Locations of organisation registered with EMAS,Mecklenburg Western Pomerania,code13,10.0
2013,Number,Locations of organisation registered with EMAS,Mecklenburg Western Pomerania,code13,10.0
2014,Number,Locations of organisation registered with EMAS,Mecklenburg Western Pomerania,code13,10.0
2015,Number,Locations of organisation registered with EMAS,Mecklenburg Western Pomerania,code13,7.0
2016,Number,Locations of organisation registered with EMAS,Mecklenburg Western Pomerania,code13,8.0
2017,Number,Locations of organisation registered with EMAS,Mecklenburg Western Pomerania,code13,8.0
2018,Number,Locations of organisation registered with EMAS,Mecklenburg Western Pomerania,code13,6.0
2019,Number,Locations of organisation registered with EMAS,Mecklenburg Western Pomerania,code13,3.0
2020,Number,Locations of organisation registered with EMAS,Mecklenburg Western Pomerania,code13,3.0
2021,Number,Locations of organisation registered with EMAS,Mecklenburg Western Pomerania,code13,1.0
2010,Number,Locations of organisation registered with EMAS,Lower Saxony,code03,91.0
2011,Number,Locations of organisation registered with EMAS,Lower Saxony,code03,95.0
2012,Number,Locations of organisation registered with EMAS,Lower Saxony,code03,82.0
2013,Number,Locations of organisation registered with EMAS,Lower Saxony,code03,82.0
2014,Number,Locations of organisation registered with EMAS,Lower Saxony,code03,84.0
2015,Number,Locations of organisation registered with EMAS,Lower Saxony,code03,85.0
2016,Number,Locations of organisation registered with EMAS,Lower Saxony,code03,80.0
2017,Number,Locations of organisation registered with EMAS,Lower Saxony,code03,93.0
2018,Number,Locations of organisation registered with EMAS,Lower Saxony,code03,88.0
2019,Number,Locations of organisation registered with EMAS,Lower Saxony,code03,87.0
2020,Number,Locations of organisation registered with EMAS,Lower Saxony,code03,85.0
2021,Number,Locations of organisation registered with EMAS,Lower Saxony,code03,84.0
2010,Number,Locations of organisation registered with EMAS,North Rhine-Westphalia,code05,262.0
2011,Number,Locations of organisation registered with EMAS,North Rhine-Westphalia,code05,263.0
2012,Number,Locations of organisation registered with EMAS,North Rhine-Westphalia,code05,232.0
2013,Number,Locations of organisation registered with EMAS,North Rhine-Westphalia,code05,231.0
2014,Number,Locations of organisation registered with EMAS,North Rhine-Westphalia,code05,222.0
2015,Number,Locations of organisation registered with EMAS,North Rhine-Westphalia,code05,229.0
2016,Number,Locations of organisation registered with EMAS,North Rhine-Westphalia,code05,236.0
2017,Number,Locations of organisation registered with EMAS,North Rhine-Westphalia,code05,232.0
2018,Number,Locations of organisation registered with EMAS,North Rhine-Westphalia,code05,229.0
2019,Number,Locations of organisation registered with EMAS,North Rhine-Westphalia,code05,236.0
2020,Number,Locations of organisation registered with EMAS,North Rhine-Westphalia,code05,232.0
2021,Number,Locations of organisation registered with EMAS,North Rhine-Westphalia,code05,220.0
2010,Number,Locations of organisation registered with EMAS,Rhineland Palatinate,code07,53.0
2011,Number,Locations of organisation registered with EMAS,Rhineland Palatinate,code07,48.0
2012,Number,Locations of organisation registered with EMAS,Rhineland Palatinate,code07,49.0
2013,Number,Locations of organisation registered with EMAS,Rhineland Palatinate,code07,53.0
2014,Number,Locations of organisation registered with EMAS,Rhineland Palatinate,code07,51.0
2015,Number,Locations of organisation registered with EMAS,Rhineland Palatinate,code07,45.0
2016,Number,Locations of organisation registered with EMAS,Rhineland Palatinate,code07,51.0
2017,Number,Locations of organisation registered with EMAS,Rhineland Palatinate,code07,53.0
2018,Number,Locations of organisation registered with EMAS,Rhineland Palatinate,code07,54.0
2019,Number,Locations of organisation registered with EMAS,Rhineland Palatinate,code07,66.0
2020,Number,Locations of organisation registered with EMAS,Rhineland Palatinate,code07,50.0
2021,Number,Locations of organisation registered with EMAS,Rhineland Palatinate,code07,53.0
2010,Number,Locations of organisation registered with EMAS,Saarland,code10,60.0
2011,Number,Locations of organisation registered with EMAS,Saarland,code10,55.0
2012,Number,Locations of organisation registered with EMAS,Saarland,code10,55.0
2013,Number,Locations of organisation registered with EMAS,Saarland,code10,57.0
2014,Number,Locations of organisation registered with EMAS,Saarland,code10,63.0
2015,Number,Locations of organisation registered with EMAS,Saarland,code10,61.0
2016,Number,Locations of organisation registered with EMAS,Saarland,code10,62.0
2017,Number,Locations of organisation registered with EMAS,Saarland,code10,64.0
2018,Number,Locations of organisation registered with EMAS,Saarland,code10,59.0
2019,Number,Locations of organisation registered with EMAS,Saarland,code10,59.0
2020,Number,Locations of organisation registered with EMAS,Saarland,code10,60.0
2021,Number,Locations of organisation registered with EMAS,Saarland,code10,55.0
2010,Number,Locations of organisation registered with EMAS,Saxony,code14,63.0
2011,Number,Locations of organisation registered with EMAS,Saxony,code14,62.0
2012,Number,Locations of organisation registered with EMAS,Saxony,code14,66.0
2013,Number,Locations of organisation registered with EMAS,Saxony,code14,63.0
2014,Number,Locations of organisation registered with EMAS,Saxony,code14,65.0
2015,Number,Locations of organisation registered with EMAS,Saxony,code14,64.0
2016,Number,Locations of organisation registered with EMAS,Saxony,code14,74.0
2017,Number,Locations of organisation registered with EMAS,Saxony,code14,89.0
2018,Number,Locations of organisation registered with EMAS,Saxony,code14,112.0
2019,Number,Locations of organisation registered with EMAS,Saxony,code14,113.0
2020,Number,Locations of organisation registered with EMAS,Saxony,code14,106.0
2021,Number,Locations of organisation registered with EMAS,Saxony,code14,86.0
2010,Number,Locations of organisation registered with EMAS,Saxony-Anhalt,code15,53.0
2011,Number,Locations of organisation registered with EMAS,Saxony-Anhalt,code15,50.0
2012,Number,Locations of organisation registered with EMAS,Saxony-Anhalt,code15,40.0
2013,Number,Locations of organisation registered with EMAS,Saxony-Anhalt,code15,41.0
2014,Number,Locations of organisation registered with EMAS,Saxony-Anhalt,code15,39.0
2015,Number,Locations of organisation registered with EMAS,Saxony-Anhalt,code15,39.0
2016,Number,Locations of organisation registered with EMAS,Saxony-Anhalt,code15,44.0
2017,Number,Locations of organisation registered with EMAS,Saxony-Anhalt,code15,44.0
2018,Number,Locations of organisation registered with EMAS,Saxony-Anhalt,code15,45.0
2019,Number,Locations of organisation registered with EMAS,Saxony-Anhalt,code15,66.0
2020,Number,Locations of organisation registered with EMAS,Saxony-Anhalt,code15,65.0
2021,Number,Locations of organisation registered with EMAS,Saxony-Anhalt,code15,65.0
2010,Number,Locations of organisation registered with EMAS,Schleswig-Holstein,code01,59.0
2011,Number,Locations of organisation registered with EMAS,Schleswig-Holstein,code01,59.0
2012,Number,Locations of organisation registered with EMAS,Schleswig-Holstein,code01,45.0
2013,Number,Locations of organisation registered with EMAS,Schleswig-Holstein,code01,43.0
2014,Number,Locations of organisation registered with EMAS,Schleswig-Holstein,code01,41.0
2015,Number,Locations of organisation registered with EMAS,Schleswig-Holstein,code01,32.0
2016,Number,Locations of organisation registered with EMAS,Schleswig-Holstein,code01,33.0
2017,Number,Locations of organisation registered with EMAS,Schleswig-Holstein,code01,45.0
2018,Number,Locations of organisation registered with EMAS,Schleswig-Holstein,code01,39.0
2019,Number,Locations of organisation registered with EMAS,Schleswig-Holstein,code01,37.0
2020,Number,Locations of organisation registered with EMAS,Schleswig-Holstein,code01,40.0
2021,Number,Locations of organisation registered with EMAS,Schleswig-Holstein,code01,29.0
2010,Number,Locations of organisation registered with EMAS,Thuringia,code16,78.0
2011,Number,Locations of organisation registered with EMAS,Thuringia,code16,71.0
2012,Number,Locations of organisation registered with EMAS,Thuringia,code16,62.0
2013,Number,Locations of organisation registered with EMAS,Thuringia,code16,72.0
2014,Number,Locations of organisation registered with EMAS,Thuringia,code16,77.0
2015,Number,Locations of organisation registered with EMAS,Thuringia,code16,90.0
2016,Number,Locations of organisation registered with EMAS,Thuringia,code16,93.0
2017,Number,Locations of organisation registered with EMAS,Thuringia,code16,89.0
2018,Number,Locations of organisation registered with EMAS,Thuringia,code16,81.0
2019,Number,Locations of organisation registered with EMAS,Thuringia,code16,87.0
2020,Number,Locations of organisation registered with EMAS,Thuringia,code16,85.0
2021,Number,Locations of organisation registered with EMAS,Thuringia,code16,72.0
2005,Number,EMAS organisations,,,1491.0
2006,Number,EMAS organisations,,,1490.0
2007,Number,EMAS organisations,,,1466.0
2008,Number,EMAS organisations,,,1408.0
2009,Number,EMAS organisations,,,1354.0
2010,Number,EMAS organisations,,,1332.0
2011,Number,EMAS organisations,,,1269.0
2012,Number,EMAS organisations,,,1212.0
2013,Number,EMAS organisations,,,1228.0
2014,Number,EMAS organisations,,,1223.0
2015,Number,EMAS organisations,,,1216.0
2016,Number,EMAS organisations,,,1225.0
2017,Number,EMAS organisations,,,1240.0
2018,Number,EMAS organisations,,,1183.0
2019,Number,EMAS organisations,,,1150.0
2020,Number,EMAS organisations,,,1113.0
2021,Number,EMAS organisations,,,1115.0
2005,Number,EMAS organisations,Baden-Wuerttemberg,code08,313.0
2006,Number,EMAS organisations,Baden-Wuerttemberg,code08,358.0
2007,Number,EMAS organisations,Baden-Wuerttemberg,code08,353.0
2008,Number,EMAS organisations,Baden-Wuerttemberg,code08,363.0
2009,Number,EMAS organisations,Baden-Wuerttemberg,code08,366.0
2010,Number,EMAS organisations,Baden-Wuerttemberg,code08,403.0
2011,Number,EMAS organisations,Baden-Wuerttemberg,code08,408.0
2012,Number,EMAS organisations,Baden-Wuerttemberg,code08,410.0
2013,Number,EMAS organisations,Baden-Wuerttemberg,code08,420.0
2014,Number,EMAS organisations,Baden-Wuerttemberg,code08,415.0
2015,Number,EMAS organisations,Baden-Wuerttemberg,code08,422.0
2016,Number,EMAS organisations,Baden-Wuerttemberg,code08,408.0
2017,Number,EMAS organisations,Baden-Wuerttemberg,code08,396.0
2018,Number,EMAS organisations,Baden-Wuerttemberg,code08,371.0
2019,Number,EMAS organisations,Baden-Wuerttemberg,code08,347.0
2020,Number,EMAS organisations,Baden-Wuerttemberg,code08,339.0
2021,Number,EMAS organisations,Baden-Wuerttemberg,code08,330.0
2005,Number,EMAS organisations,Bavaria,code09,320.0
2006,Number,EMAS organisations,Bavaria,code09,302.0
2007,Number,EMAS organisations,Bavaria,code09,298.0
2008,Number,EMAS organisations,Bavaria,code09,287.0
2009,Number,EMAS organisations,Bavaria,code09,282.0
2010,Number,EMAS organisations,Bavaria,code09,275.0
2011,Number,EMAS organisations,Bavaria,code09,250.0
2012,Number,EMAS organisations,Bavaria,code09,247.0
2013,Number,EMAS organisations,Bavaria,code09,244.0
2014,Number,EMAS organisations,Bavaria,code09,257.0
2015,Number,EMAS organisations,Bavaria,code09,269.0
2016,Number,EMAS organisations,Bavaria,code09,274.0
2017,Number,EMAS organisations,Bavaria,code09,288.0
2018,Number,EMAS organisations,Bavaria,code09,283.0
2019,Number,EMAS organisations,Bavaria,code09,288.0
2020,Number,EMAS organisations,Bavaria,code09,287.0
2021,Number,EMAS organisations,Bavaria,code09,296.0
2005,Number,EMAS organisations,Berlin,code11,56.0
2006,Number,EMAS organisations,Berlin,code11,55.0
2007,Number,EMAS organisations,Berlin,code11,57.0
2008,Number,EMAS organisations,Berlin,code11,51.0
2009,Number,EMAS organisations,Berlin,code11,43.0
2010,Number,EMAS organisations,Berlin,code11,39.0
2011,Number,EMAS organisations,Berlin,code11,39.0
2012,Number,EMAS organisations,Berlin,code11,34.0
2013,Number,EMAS organisations,Berlin,code11,41.0
2014,Number,EMAS organisations,Berlin,code11,35.0
2015,Number,EMAS organisations,Berlin,code11,26.0
2016,Number,EMAS organisations,Berlin,code11,30.0
2017,Number,EMAS organisations,Berlin,code11,32.0
2018,Number,EMAS organisations,Berlin,code11,30.0
2019,Number,EMAS organisations,Berlin,code11,30.0
2020,Number,EMAS organisations,Berlin,code11,28.0
2021,Number,EMAS organisations,Berlin,code11,32.0
2005,Number,EMAS organisations,Brandenburg,code12,42.0
2006,Number,EMAS organisations,Brandenburg,code12,38.0
2007,Number,EMAS organisations,Brandenburg,code12,34.0
2008,Number,EMAS organisations,Brandenburg,code12,33.0
2009,Number,EMAS organisations,Brandenburg,code12,34.0
2010,Number,EMAS organisations,Brandenburg,code12,38.0
2011,Number,EMAS organisations,Brandenburg,code12,30.0
2012,Number,EMAS organisations,Brandenburg,code12,26.0
2013,Number,EMAS organisations,Brandenburg,code12,30.0
2014,Number,EMAS organisations,Brandenburg,code12,29.0
2015,Number,EMAS organisations,Brandenburg,code12,27.0
2016,Number,EMAS organisations,Brandenburg,code12,30.0
2017,Number,EMAS organisations,Brandenburg,code12,36.0
2018,Number,EMAS organisations,Brandenburg,code12,37.0
2019,Number,EMAS organisations,Brandenburg,code12,35.0
2020,Number,EMAS organisations,Brandenburg,code12,34.0
2021,Number,EMAS organisations,Brandenburg,code12,36.0
2005,Number,EMAS organisations,Bremen,code04,20.0
2006,Number,EMAS organisations,Bremen,code04,20.0
2007,Number,EMAS organisations,Bremen,code04,19.0
2008,Number,EMAS organisations,Bremen,code04,24.0
2009,Number,EMAS organisations,Bremen,code04,24.0
2010,Number,EMAS organisations,Bremen,code04,21.0
2011,Number,EMAS organisations,Bremen,code04,20.0
2012,Number,EMAS organisations,Bremen,code04,17.0
2013,Number,EMAS organisations,Bremen,code04,16.0
2014,Number,EMAS organisations,Bremen,code04,14.0
2015,Number,EMAS organisations,Bremen,code04,12.0
2016,Number,EMAS organisations,Bremen,code04,11.0
2017,Number,EMAS organisations,Bremen,code04,12.0
2018,Number,EMAS organisations,Bremen,code04,11.0
2019,Number,EMAS organisations,Bremen,code04,11.0
2020,Number,EMAS organisations,Bremen,code04,10.0
2021,Number,EMAS organisations,Bremen,code04,9.0
2005,Number,EMAS organisations,Hamburg,code02,20.0
2006,Number,EMAS organisations,Hamburg,code02,20.0
2007,Number,EMAS organisations,Hamburg,code02,21.0
2008,Number,EMAS organisations,Hamburg,code02,14.0
2009,Number,EMAS organisations,Hamburg,code02,13.0
2010,Number,EMAS organisations,Hamburg,code02,12.0
2011,Number,EMAS organisations,Hamburg,code02,12.0
2012,Number,EMAS organisations,Hamburg,code02,10.0
2013,Number,EMAS organisations,Hamburg,code02,9.0
2014,Number,EMAS organisations,Hamburg,code02,11.0
2015,Number,EMAS organisations,Hamburg,code02,11.0
2016,Number,EMAS organisations,Hamburg,code02,10.0
2017,Number,EMAS organisations,Hamburg,code02,12.0
2018,Number,EMAS organisations,Hamburg,code02,14.0
2019,Number,EMAS organisations,Hamburg,code02,14.0
2020,Number,EMAS organisations,Hamburg,code02,14.0
2021,Number,EMAS organisations,Hamburg,code02,15.0
2005,Number,EMAS organisations,Hesse,code06,103.0
2006,Number,EMAS organisations,Hesse,code06,102.0
2007,Number,EMAS organisations,Hesse,code06,98.0
2008,Number,EMAS organisations,Hesse,code06,69.0
2009,Number,EMAS organisations,Hesse,code06,67.0
2010,Number,EMAS organisations,Hesse,code06,73.0
2011,Number,EMAS organisations,Hesse,code06,74.0
2012,Number,EMAS organisations,Hesse,code06,72.0
2013,Number,EMAS organisations,Hesse,code06,70.0
2014,Number,EMAS organisations,Hesse,code06,73.0
2015,Number,EMAS organisations,Hesse,code06,76.0
2016,Number,EMAS organisations,Hesse,code06,80.0
2017,Number,EMAS organisations,Hesse,code06,78.0
2018,Number,EMAS organisations,Hesse,code06,71.0
2019,Number,EMAS organisations,Hesse,code06,63.0
2020,Number,EMAS organisations,Hesse,code06,63.0
2021,Number,EMAS organisations,Hesse,code06,68.0
2005,Number,EMAS organisations,Mecklenburg Western Pomerania,code13,24.0
2006,Number,EMAS organisations,Mecklenburg Western Pomerania,code13,25.0
2007,Number,EMAS organisations,Mecklenburg Western Pomerania,code13,24.0
2008,Number,EMAS organisations,Mecklenburg Western Pomerania,code13,23.0
2009,Number,EMAS organisations,Mecklenburg Western Pomerania,code13,16.0
2010,Number,EMAS organisations,Mecklenburg Western Pomerania,code13,8.0
2011,Number,EMAS organisations,Mecklenburg Western Pomerania,code13,8.0
2012,Number,EMAS organisations,Mecklenburg Western Pomerania,code13,6.0
2013,Number,EMAS organisations,Mecklenburg Western Pomerania,code13,6.0
2014,Number,EMAS organisations,Mecklenburg Western Pomerania,code13,6.0
2015,Number,EMAS organisations,Mecklenburg Western Pomerania,code13,5.0
2016,Number,EMAS organisations,Mecklenburg Western Pomerania,code13,6.0
2017,Number,EMAS organisations,Mecklenburg Western Pomerania,code13,5.0
2018,Number,EMAS organisations,Mecklenburg Western Pomerania,code13,4.0
2019,Number,EMAS organisations,Mecklenburg Western Pomerania,code13,2.0
2020,Number,EMAS organisations,Mecklenburg Western Pomerania,code13,2.0
2021,Number,EMAS organisations,Mecklenburg Western Pomerania,code13,1.0
2005,Number,EMAS organisations,Lower Saxony,code03,56.0
2006,Number,EMAS organisations,Lower Saxony,code03,58.0
2007,Number,EMAS organisations,Lower Saxony,code03,61.0
2008,Number,EMAS organisations,Lower Saxony,code03,61.0
2009,Number,EMAS organisations,Lower Saxony,code03,67.0
2010,Number,EMAS organisations,Lower Saxony,code03,72.0
2011,Number,EMAS organisations,Lower Saxony,code03,76.0
2012,Number,EMAS organisations,Lower Saxony,code03,62.0
2013,Number,EMAS organisations,Lower Saxony,code03,64.0
2014,Number,EMAS organisations,Lower Saxony,code03,60.0
2015,Number,EMAS organisations,Lower Saxony,code03,56.0
2016,Number,EMAS organisations,Lower Saxony,code03,55.0
2017,Number,EMAS organisations,Lower Saxony,code03,59.0
2018,Number,EMAS organisations,Lower Saxony,code03,55.0
2019,Number,EMAS organisations,Lower Saxony,code03,54.0
2020,Number,EMAS organisations,Lower Saxony,code03,51.0
2021,Number,EMAS organisations,Lower Saxony,code03,51.0
2005,Number,EMAS organisations,North Rhine-Westphalia,code05,164.0
2006,Number,EMAS organisations,North Rhine-Westphalia,code05,156.0
2007,Number,EMAS organisations,North Rhine-Westphalia,code05,168.0
2008,Number,EMAS organisations,North Rhine-Westphalia,code05,164.0
2009,Number,EMAS organisations,North Rhine-Westphalia,code05,157.0
2010,Number,EMAS organisations,North Rhine-Westphalia,code05,140.0
2011,Number,EMAS organisations,North Rhine-Westphalia,code05,131.0
2012,Number,EMAS organisations,North Rhine-Westphalia,code05,121.0
2013,Number,EMAS organisations,North Rhine-Westphalia,code05,118.0
2014,Number,EMAS organisations,North Rhine-Westphalia,code05,113.0
2015,Number,EMAS organisations,North Rhine-Westphalia,code05,114.0
2016,Number,EMAS organisations,North Rhine-Westphalia,code05,117.0
2017,Number,EMAS organisations,North Rhine-Westphalia,code05,115.0
2018,Number,EMAS organisations,North Rhine-Westphalia,code05,111.0
2019,Number,EMAS organisations,North Rhine-Westphalia,code05,105.0
2020,Number,EMAS organisations,North Rhine-Westphalia,code05,100.0
2021,Number,EMAS organisations,North Rhine-Westphalia,code05,99.0
2005,Number,EMAS organisations,Rhineland Palatinate,code07,53.0
2006,Number,EMAS organisations,Rhineland Palatinate,code07,49.0
2007,Number,EMAS organisations,Rhineland Palatinate,code07,49.0
2008,Number,EMAS organisations,Rhineland Palatinate,code07,44.0
2009,Number,EMAS organisations,Rhineland Palatinate,code07,46.0
2010,Number,EMAS organisations,Rhineland Palatinate,code07,44.0
2011,Number,EMAS organisations,Rhineland Palatinate,code07,37.0
2012,Number,EMAS organisations,Rhineland Palatinate,code07,35.0
2013,Number,EMAS organisations,Rhineland Palatinate,code07,36.0
2014,Number,EMAS organisations,Rhineland Palatinate,code07,37.0
2015,Number,EMAS organisations,Rhineland Palatinate,code07,31.0
2016,Number,EMAS organisations,Rhineland Palatinate,code07,33.0
2017,Number,EMAS organisations,Rhineland Palatinate,code07,33.0
2018,Number,EMAS organisations,Rhineland Palatinate,code07,34.0
2019,Number,EMAS organisations,Rhineland Palatinate,code07,34.0
2020,Number,EMAS organisations,Rhineland Palatinate,code07,24.0
2021,Number,EMAS organisations,Rhineland Palatinate,code07,23.0
2005,Number,EMAS organisations,Saarland,code10,49.0
2006,Number,EMAS organisations,Saarland,code10,47.0
2007,Number,EMAS organisations,Saarland,code10,50.0
2008,Number,EMAS organisations,Saarland,code10,52.0
2009,Number,EMAS organisations,Saarland,code10,51.0
2010,Number,EMAS organisations,Saarland,code10,49.0
2011,Number,EMAS organisations,Saarland,code10,44.0
2012,Number,EMAS organisations,Saarland,code10,43.0
2013,Number,EMAS organisations,Saarland,code10,44.0
2014,Number,EMAS organisations,Saarland,code10,51.0
2015,Number,EMAS organisations,Saarland,code10,50.0
2016,Number,EMAS organisations,Saarland,code10,51.0
2017,Number,EMAS organisations,Saarland,code10,53.0
2018,Number,EMAS organisations,Saarland,code10,48.0
2019,Number,EMAS organisations,Saarland,code10,49.0
2020,Number,EMAS organisations,Saarland,code10,49.0
2021,Number,EMAS organisations,Saarland,code10,46.0
2005,Number,EMAS organisations,Saxony,code14,53.0
2006,Number,EMAS organisations,Saxony,code14,47.0
2007,Number,EMAS organisations,Saxony,code14,46.0
2008,Number,EMAS organisations,Saxony,code14,42.0
2009,Number,EMAS organisations,Saxony,code14,40.0
2010,Number,EMAS organisations,Saxony,code14,36.0
2011,Number,EMAS organisations,Saxony,code14,35.0
2012,Number,EMAS organisations,Saxony,code14,35.0
2013,Number,EMAS organisations,Saxony,code14,33.0
2014,Number,EMAS organisations,Saxony,code14,33.0
2015,Number,EMAS organisations,Saxony,code14,32.0
2016,Number,EMAS organisations,Saxony,code14,32.0
2017,Number,EMAS organisations,Saxony,code14,33.0
2018,Number,EMAS organisations,Saxony,code14,30.0
2019,Number,EMAS organisations,Saxony,code14,29.0
2020,Number,EMAS organisations,Saxony,code14,25.0
2021,Number,EMAS organisations,Saxony,code14,23.0
2005,Number,EMAS organisations,Saxony-Anhalt,code15,34.0
2006,Number,EMAS organisations,Saxony-Anhalt,code15,34.0
2007,Number,EMAS organisations,Saxony-Anhalt,code15,37.0
2008,Number,EMAS organisations,Saxony-Anhalt,code15,38.0
2009,Number,EMAS organisations,Saxony-Anhalt,code15,35.0
2010,Number,EMAS organisations,Saxony-Anhalt,code15,35.0
2011,Number,EMAS organisations,Saxony-Anhalt,code15,28.0
2012,Number,EMAS organisations,Saxony-Anhalt,code15,28.0
2013,Number,EMAS organisations,Saxony-Anhalt,code15,28.0
2014,Number,EMAS organisations,Saxony-Anhalt,code15,24.0
2015,Number,EMAS organisations,Saxony-Anhalt,code15,21.0
2016,Number,EMAS organisations,Saxony-Anhalt,code15,21.0
2017,Number,EMAS organisations,Saxony-Anhalt,code15,22.0
2018,Number,EMAS organisations,Saxony-Anhalt,code15,22.0
2019,Number,EMAS organisations,Saxony-Anhalt,code15,23.0
2020,Number,EMAS organisations,Saxony-Anhalt,code15,21.0
2021,Number,EMAS organisations,Saxony-Anhalt,code15,20.0
2005,Number,EMAS organisations,Schleswig-Holstein,code01,72.0
2006,Number,EMAS organisations,Schleswig-Holstein,code01,72.0
2007,Number,EMAS organisations,Schleswig-Holstein,code01,66.0
2008,Number,EMAS organisations,Schleswig-Holstein,code01,59.0
2009,Number,EMAS organisations,Schleswig-Holstein,code01,50.0
2010,Number,EMAS organisations,Schleswig-Holstein,code01,36.0
2011,Number,EMAS organisations,Schleswig-Holstein,code01,34.0
2012,Number,EMAS organisations,Schleswig-Holstein,code01,26.0
2013,Number,EMAS organisations,Schleswig-Holstein,code01,26.0
2014,Number,EMAS organisations,Schleswig-Holstein,code01,22.0
2015,Number,EMAS organisations,Schleswig-Holstein,code01,17.0
2016,Number,EMAS organisations,Schleswig-Holstein,code01,18.0
2017,Number,EMAS organisations,Schleswig-Holstein,code01,18.0
2018,Number,EMAS organisations,Schleswig-Holstein,code01,15.0
2019,Number,EMAS organisations,Schleswig-Holstein,code01,15.0
2020,Number,EMAS organisations,Schleswig-Holstein,code01,16.0
2021,Number,EMAS organisations,Schleswig-Holstein,code01,16.0
2005,Number,EMAS organisations,Thuringia,code16,112.0
2006,Number,EMAS organisations,Thuringia,code16,107.0
2007,Number,EMAS organisations,Thuringia,code16,85.0
2008,Number,EMAS organisations,Thuringia,code16,84.0
2009,Number,EMAS organisations,Thuringia,code16,63.0
2010,Number,EMAS organisations,Thuringia,code16,51.0
2011,Number,EMAS organisations,Thuringia,code16,43.0
2012,Number,EMAS organisations,Thuringia,code16,40.0
2013,Number,EMAS organisations,Thuringia,code16,43.0
2014,Number,EMAS organisations,Thuringia,code16,43.0
2015,Number,EMAS organisations,Thuringia,code16,47.0
2016,Number,EMAS organisations,Thuringia,code16,49.0
2017,Number,EMAS organisations,Thuringia,code16,48.0
2018,Number,EMAS organisations,Thuringia,code16,47.0
2019,Number,EMAS organisations,Thuringia,code16,51.0
2020,Number,EMAS organisations,Thuringia,code16,50.0
2021,Number,EMAS organisations,Thuringia,code16,50.0
