Year,Units,Series,Federal state,GeoCode,Value
2005,1 000,Employees in EMAS organisations,,,961.0
2006,1 000,Employees in EMAS organisations,,,926.0
2007,1 000,Employees in EMAS organisations,,,860.0
2008,1 000,Employees in EMAS organisations,,,840.0
2009,1 000,Employees in EMAS organisations,,,803.0
2010,1 000,Employees in EMAS organisations,,,781.0
2011,1 000,Employees in EMAS organisations,,,765.0
2012,1 000,Employees in EMAS organisations,,,773.0
2013,1 000,Employees in EMAS organisations,,,788.0
2014,1 000,Employees in EMAS organisations,,,785.0
2015,1 000,Employees in EMAS organisations,,,801.0
2016,1 000,Employees in EMAS organisations,,,842.0
2017,1 000,Employees in EMAS organisations,,,985.0
2018,1 000,Employees in EMAS organisations,,,929.0
2019,1 000,Employees in EMAS organisations,,,988.0
2020,1 000,Employees in EMAS organisations,,,860.0
2021,1 000,Employees in EMAS organisations,,,911.0
2005,Number,Locations of organisation registered with EMAS,,,1958.0
2006,Number,Locations of organisation registered with EMAS,,,1985.0
2007,Number,Locations of organisation registered with EMAS,,,1956.0
2008,Number,Locations of organisation registered with EMAS,,,1917.0
2009,Number,Locations of organisation registered with EMAS,,,1906.0
2010,Number,Locations of organisation registered with EMAS,,,1913.0
2011,Number,Locations of organisation registered with EMAS,,,1909.0
2012,Number,Locations of organisation registered with EMAS,,,1828.0
2013,Number,Locations of organisation registered with EMAS,,,1862.0
2014,Number,Locations of organisation registered with EMAS,,,1906.0
2015,Number,Locations of organisation registered with EMAS,,,2004.0
2016,Number,Locations of organisation registered with EMAS,,,2073.0
2017,Number,Locations of organisation registered with EMAS,,,2182.0
2018,Number,Locations of organisation registered with EMAS,,,2167.0
2019,Number,Locations of organisation registered with EMAS,,,2176.0
2020,Number,Locations of organisation registered with EMAS,,,2184.0
2021,Number,Locations of organisation registered with EMAS,,,2290.0
2005,Number,Locations of organisation registered with EMAS,Baden-Wuerttemberg,code08,
2006,Number,Locations of organisation registered with EMAS,,,
2007,Number,Locations of organisation registered with EMAS,,,
2008,Number,Locations of organisation registered with EMAS,,,
2009,Number,Locations of organisation registered with EMAS,,,
2010,Number,Locations of organisation registered with EMAS,,,493.0
2011,Number,Locations of organisation registered with EMAS,,,498.0
2012,Number,Locations of organisation registered with EMAS,,,508.0
2013,Number,Locations of organisation registered with EMAS,,,522.0
2014,Number,Locations of organisation registered with EMAS,,,538.0
2015,Number,Locations of organisation registered with EMAS,,,578.0
2016,Number,Locations of organisation registered with EMAS,,,582.0
2017,Number,Locations of organisation registered with EMAS,,,574.0
2018,Number,Locations of organisation registered with EMAS,,,591.0
2019,Number,Locations of organisation registered with EMAS,,,594.0
2020,Number,Locations of organisation registered with EMAS,,,597.0
2021,Number,Locations of organisation registered with EMAS,,,667.0
2005,Number,Locations of organisation registered with EMAS,,,
2006,Number,Locations of organisation registered with EMAS,,,
2007,Number,Locations of organisation registered with EMAS,,,
2008,Number,Locations of organisation registered with EMAS,,,
2009,Number,Locations of organisation registered with EMAS,,,
2010,Number,Locations of organisation registered with EMAS,,,385.0
2011,Number,Locations of organisation registered with EMAS,,,391.0
2012,Number,Locations of organisation registered with EMAS,,,388.0
2013,Number,Locations of organisation registered with EMAS,,,391.0
2014,Number,Locations of organisation registered with EMAS,,,421.0
2015,Number,Locations of organisation registered with EMAS,,,466.0
2016,Number,Locations of organisation registered with EMAS,,,475.0
2017,Number,Locations of organisation registered with EMAS,,,524.0
2018,Number,Locations of organisation registered with EMAS,,,502.0
2019,Number,Locations of organisation registered with EMAS,,,478.0
2020,Number,Locations of organisation registered with EMAS,,,502.0
2021,Number,Locations of organisation registered with EMAS,,,638.0
2005,Number,Locations of organisation registered with EMAS,,,
2006,Number,Locations of organisation registered with EMAS,,,
2007,Number,Locations of organisation registered with EMAS,,,
2008,Number,Locations of organisation registered with EMAS,,,
2009,Number,Locations of organisation registered with EMAS,,,
2010,Number,Locations of organisation registered with EMAS,,,53.0
2011,Number,Locations of organisation registered with EMAS,,,53.0
2012,Number,Locations of organisation registered with EMAS,,,48.0
2013,Number,Locations of organisation registered with EMAS,,,56.0
2014,Number,Locations of organisation registered with EMAS,,,50.0
2015,Number,Locations of organisation registered with EMAS,,,52.0
2016,Number,Locations of organisation registered with EMAS,,,57.0
2017,Number,Locations of organisation registered with EMAS,,,61.0
2018,Number,Locations of organisation registered with EMAS,,,63.0
2019,Number,Locations of organisation registered with EMAS,,,65.0
2020,Number,Locations of organisation registered with EMAS,,,68.0
2021,Number,Locations of organisation registered with EMAS,,,66.0
2005,Number,Locations of organisation registered with EMAS,,,
2006,Number,Locations of organisation registered with EMAS,,,
2007,Number,Locations of organisation registered with EMAS,,,
2008,Number,Locations of organisation registered with EMAS,,,
2009,Number,Locations of organisation registered with EMAS,,,
2010,Number,Locations of organisation registered with EMAS,,,52.0
2011,Number,Locations of organisation registered with EMAS,,,47.0
2012,Number,Locations of organisation registered with EMAS,,,36.0
2013,Number,Locations of organisation registered with EMAS,,,40.0
2014,Number,Locations of organisation registered with EMAS,,,39.0
2015,Number,Locations of organisation registered with EMAS,,,39.0
2016,Number,Locations of organisation registered with EMAS,,,47.0
2017,Number,Locations of organisation registered with EMAS,,,60.0
2018,Number,Locations of organisation registered with EMAS,,,61.0
2019,Number,Locations of organisation registered with EMAS,,,64.0
2020,Number,Locations of organisation registered with EMAS,,,64.0
2021,Number,Locations of organisation registered with EMAS,,,57.0
2005,Number,Locations of organisation registered with EMAS,,,
2006,Number,Locations of organisation registered with EMAS,,,
2007,Number,Locations of organisation registered with EMAS,,,
2008,Number,Locations of organisation registered with EMAS,,,
2009,Number,Locations of organisation registered with EMAS,,,
2010,Number,Locations of organisation registered with EMAS,,,26.0
2011,Number,Locations of organisation registered with EMAS,,,26.0
2012,Number,Locations of organisation registered with EMAS,,,28.0
2013,Number,Locations of organisation registered with EMAS,,,29.0
2014,Number,Locations of organisation registered with EMAS,,,28.0
2015,Number,Locations of organisation registered with EMAS,,,30.0
2016,Number,Locations of organisation registered with EMAS,,,29.0
2017,Number,Locations of organisation registered with EMAS,,,30.0
2018,Number,Locations of organisation registered with EMAS,,,31.0
2019,Number,Locations of organisation registered with EMAS,,,31.0
2020,Number,Locations of organisation registered with EMAS,,,30.0
2021,Number,Locations of organisation registered with EMAS,,,25.0
2005,Number,Locations of organisation registered with EMAS,,,
2006,Number,Locations of organisation registered with EMAS,,,
2007,Number,Locations of organisation registered with EMAS,,,
2008,Number,Locations of organisation registered with EMAS,,,
2009,Number,Locations of organisation registered with EMAS,,,
2010,Number,Locations of organisation registered with EMAS,,,37.0
2011,Number,Locations of organisation registered with EMAS,,,36.0
2012,Number,Locations of organisation registered with EMAS,,,33.0
2013,Number,Locations of organisation registered with EMAS,,,34.0
2014,Number,Locations of organisation registered with EMAS,,,38.0
2015,Number,Locations of organisation registered with EMAS,,,37.0
2016,Number,Locations of organisation registered with EMAS,,,37.0
2017,Number,Locations of organisation registered with EMAS,,,51.0
2018,Number,Locations of organisation registered with EMAS,,,58.0
2019,Number,Locations of organisation registered with EMAS,,,58.0
2020,Number,Locations of organisation registered with EMAS,,,59.0
2021,Number,Locations of organisation registered with EMAS,,,69.0
2005,Number,Locations of organisation registered with EMAS,,,
2006,Number,Locations of organisation registered with EMAS,,,
2007,Number,Locations of organisation registered with EMAS,,,
2008,Number,Locations of organisation registered with EMAS,,,
2009,Number,Locations of organisation registered with EMAS,,,
2010,Number,Locations of organisation registered with EMAS,,,138.0
2011,Number,Locations of organisation registered with EMAS,,,139.0
2012,Number,Locations of organisation registered with EMAS,,,140.0
2013,Number,Locations of organisation registered with EMAS,,,132.0
2014,Number,Locations of organisation registered with EMAS,,,134.0
2015,Number,Locations of organisation registered with EMAS,,,144.0
2016,Number,Locations of organisation registered with EMAS,,,159.0
2017,Number,Locations of organisation registered with EMAS,,,159.0
2018,Number,Locations of organisation registered with EMAS,,,142.0
2019,Number,Locations of organisation registered with EMAS,,,126.0
2020,Number,Locations of organisation registered with EMAS,,,132.0
2021,Number,Locations of organisation registered with EMAS,,,157.0
2005,Number,Locations of organisation registered with EMAS,,,
2006,Number,Locations of organisation registered with EMAS,,,
2007,Number,Locations of organisation registered with EMAS,,,
2008,Number,Locations of organisation registered with EMAS,,,
2009,Number,Locations of organisation registered with EMAS,,,
2010,Number,Locations of organisation registered with EMAS,,,10.0
2011,Number,Locations of organisation registered with EMAS,,,10.0
2012,Number,Locations of organisation registered with EMAS,,,10.0
2013,Number,Locations of organisation registered with EMAS,,,10.0
2014,Number,Locations of organisation registered with EMAS,,,10.0
2015,Number,Locations of organisation registered with EMAS,,,7.0
2016,Number,Locations of organisation registered with EMAS,,,8.0
2017,Number,Locations of organisation registered with EMAS,,,8.0
2018,Number,Locations of organisation registered with EMAS,,,6.0
2019,Number,Locations of organisation registered with EMAS,,,3.0
2020,Number,Locations of organisation registered with EMAS,,,3.0
2021,Number,Locations of organisation registered with EMAS,,,1.0
2005,Number,Locations of organisation registered with EMAS,,,
2006,Number,Locations of organisation registered with EMAS,,,
2007,Number,Locations of organisation registered with EMAS,,,
2008,Number,Locations of organisation registered with EMAS,,,
2009,Number,Locations of organisation registered with EMAS,,,
2010,Number,Locations of organisation registered with EMAS,,,91.0
2011,Number,Locations of organisation registered with EMAS,,,95.0
2012,Number,Locations of organisation registered with EMAS,,,82.0
2013,Number,Locations of organisation registered with EMAS,,,82.0
2014,Number,Locations of organisation registered with EMAS,,,84.0
2015,Number,Locations of organisation registered with EMAS,,,85.0
2016,Number,Locations of organisation registered with EMAS,,,80.0
2017,Number,Locations of organisation registered with EMAS,,,93.0
2018,Number,Locations of organisation registered with EMAS,,,88.0
2019,Number,Locations of organisation registered with EMAS,,,87.0
2020,Number,Locations of organisation registered with EMAS,,,85.0
2021,Number,Locations of organisation registered with EMAS,,,84.0
2005,Number,Locations of organisation registered with EMAS,,,
2006,Number,Locations of organisation registered with EMAS,,,
2007,Number,Locations of organisation registered with EMAS,,,
2008,Number,Locations of organisation registered with EMAS,,,
2009,Number,Locations of organisation registered with EMAS,,,
2010,Number,Locations of organisation registered with EMAS,,,262.0
2011,Number,Locations of organisation registered with EMAS,,,263.0
2012,Number,Locations of organisation registered with EMAS,,,232.0
2013,Number,Locations of organisation registered with EMAS,,,231.0
2014,Number,Locations of organisation registered with EMAS,,,222.0
2015,Number,Locations of organisation registered with EMAS,,,229.0
2016,Number,Locations of organisation registered with EMAS,,,236.0
2017,Number,Locations of organisation registered with EMAS,,,232.0
2018,Number,Locations of organisation registered with EMAS,,,229.0
2019,Number,Locations of organisation registered with EMAS,,,236.0
2020,Number,Locations of organisation registered with EMAS,,,232.0
2021,Number,Locations of organisation registered with EMAS,,,220.0
2005,Number,Locations of organisation registered with EMAS,,,
2006,Number,Locations of organisation registered with EMAS,,,
2007,Number,Locations of organisation registered with EMAS,,,
2008,Number,Locations of organisation registered with EMAS,,,
2009,Number,Locations of organisation registered with EMAS,,,
2010,Number,Locations of organisation registered with EMAS,,,53.0
2011,Number,Locations of organisation registered with EMAS,,,48.0
2012,Number,Locations of organisation registered with EMAS,,,49.0
2013,Number,Locations of organisation registered with EMAS,,,53.0
2014,Number,Locations of organisation registered with EMAS,,,51.0
2015,Number,Locations of organisation registered with EMAS,,,45.0
2016,Number,Locations of organisation registered with EMAS,,,51.0
2017,Number,Locations of organisation registered with EMAS,,,53.0
2018,Number,Locations of organisation registered with EMAS,,,54.0
2019,Number,Locations of organisation registered with EMAS,,,66.0
2020,Number,Locations of organisation registered with EMAS,,,50.0
2021,Number,Locations of organisation registered with EMAS,,,53.0
2005,Number,Locations of organisation registered with EMAS,,,
2006,Number,Locations of organisation registered with EMAS,,,
2007,Number,Locations of organisation registered with EMAS,,,
2008,Number,Locations of organisation registered with EMAS,,,
2009,Number,Locations of organisation registered with EMAS,,,
2010,Number,Locations of organisation registered with EMAS,,,60.0
2011,Number,Locations of organisation registered with EMAS,,,55.0
2012,Number,Locations of organisation registered with EMAS,,,55.0
2013,Number,Locations of organisation registered with EMAS,,,57.0
2014,Number,Locations of organisation registered with EMAS,,,63.0
2015,Number,Locations of organisation registered with EMAS,,,61.0
2016,Number,Locations of organisation registered with EMAS,,,62.0
2017,Number,Locations of organisation registered with EMAS,,,64.0
2018,Number,Locations of organisation registered with EMAS,,,59.0
2019,Number,Locations of organisation registered with EMAS,,,59.0
2020,Number,Locations of organisation registered with EMAS,,,60.0
2021,Number,Locations of organisation registered with EMAS,,,55.0
2005,Number,Locations of organisation registered with EMAS,,,
2006,Number,Locations of organisation registered with EMAS,,,
2007,Number,Locations of organisation registered with EMAS,,,
2008,Number,Locations of organisation registered with EMAS,,,
2009,Number,Locations of organisation registered with EMAS,,,
2010,Number,Locations of organisation registered with EMAS,,,63.0
2011,Number,Locations of organisation registered with EMAS,,,62.0
2012,Number,Locations of organisation registered with EMAS,,,66.0
2013,Number,Locations of organisation registered with EMAS,,,63.0
2014,Number,Locations of organisation registered with EMAS,,,65.0
2015,Number,Locations of organisation registered with EMAS,,,64.0
2016,Number,Locations of organisation registered with EMAS,,,74.0
2017,Number,Locations of organisation registered with EMAS,,,89.0
2018,Number,Locations of organisation registered with EMAS,,,112.0
2019,Number,Locations of organisation registered with EMAS,,,113.0
2020,Number,Locations of organisation registered with EMAS,,,106.0
2021,Number,Locations of organisation registered with EMAS,,,86.0
2005,Number,Locations of organisation registered with EMAS,,,
2006,Number,Locations of organisation registered with EMAS,,,
2007,Number,Locations of organisation registered with EMAS,,,
2008,Number,Locations of organisation registered with EMAS,,,
2009,Number,Locations of organisation registered with EMAS,,,
2010,Number,Locations of organisation registered with EMAS,,,53.0
2011,Number,Locations of organisation registered with EMAS,,,50.0
2012,Number,Locations of organisation registered with EMAS,,,40.0
2013,Number,Locations of organisation registered with EMAS,,,41.0
2014,Number,Locations of organisation registered with EMAS,,,39.0
2015,Number,Locations of organisation registered with EMAS,,,39.0
2016,Number,Locations of organisation registered with EMAS,,,44.0
2017,Number,Locations of organisation registered with EMAS,,,44.0
2018,Number,Locations of organisation registered with EMAS,,,45.0
2019,Number,Locations of organisation registered with EMAS,,,66.0
2020,Number,Locations of organisation registered with EMAS,,,65.0
2021,Number,Locations of organisation registered with EMAS,,,65.0
2005,Number,Locations of organisation registered with EMAS,,,
2006,Number,Locations of organisation registered with EMAS,,,
2007,Number,Locations of organisation registered with EMAS,,,
2008,Number,Locations of organisation registered with EMAS,,,
2009,Number,Locations of organisation registered with EMAS,,,
2010,Number,Locations of organisation registered with EMAS,,,59.0
2011,Number,Locations of organisation registered with EMAS,,,59.0
2012,Number,Locations of organisation registered with EMAS,,,45.0
2013,Number,Locations of organisation registered with EMAS,,,43.0
2014,Number,Locations of organisation registered with EMAS,,,41.0
2015,Number,Locations of organisation registered with EMAS,,,32.0
2016,Number,Locations of organisation registered with EMAS,,,33.0
2017,Number,Locations of organisation registered with EMAS,,,45.0
2018,Number,Locations of organisation registered with EMAS,,,39.0
2019,Number,Locations of organisation registered with EMAS,,,37.0
2020,Number,Locations of organisation registered with EMAS,,,40.0
2021,Number,Locations of organisation registered with EMAS,,,29.0
2005,Number,Locations of organisation registered with EMAS,,,
2006,Number,Locations of organisation registered with EMAS,,,
2007,Number,Locations of organisation registered with EMAS,,,
2008,Number,Locations of organisation registered with EMAS,,,
2009,Number,Locations of organisation registered with EMAS,,,
2010,Number,Locations of organisation registered with EMAS,,,78.0
2011,Number,Locations of organisation registered with EMAS,,,71.0
2012,Number,Locations of organisation registered with EMAS,,,62.0
2013,Number,Locations of organisation registered with EMAS,,,72.0
2014,Number,Locations of organisation registered with EMAS,,,77.0
2015,Number,Locations of organisation registered with EMAS,,,90.0
2016,Number,Locations of organisation registered with EMAS,,,93.0
2017,Number,Locations of organisation registered with EMAS,,,89.0
2018,Number,Locations of organisation registered with EMAS,,,81.0
2019,Number,Locations of organisation registered with EMAS,,,87.0
2020,Number,Locations of organisation registered with EMAS,,,85.0
2021,Number,Locations of organisation registered with EMAS,,,72.0
2005,Number,EMAS organisations,,,1491.0
2006,Number,EMAS organisations,,,1490.0
2007,Number,EMAS organisations,,,1466.0
2008,Number,EMAS organisations,,,1408.0
2009,Number,EMAS organisations,,,1354.0
2010,Number,EMAS organisations,,,1332.0
2011,Number,EMAS organisations,,,1269.0
2012,Number,EMAS organisations,,,1212.0
2013,Number,EMAS organisations,,,1228.0
2014,Number,EMAS organisations,,,1223.0
2015,Number,EMAS organisations,,,1216.0
2016,Number,EMAS organisations,,,1225.0
2017,Number,EMAS organisations,,,1240.0
2018,Number,EMAS organisations,,,1183.0
2019,Number,EMAS organisations,,,1150.0
2020,Number,EMAS organisations,,,1113.0
2021,Number,EMAS organisations,,,1115.0
2005,Number,EMAS organisations,,,313.0
2006,Number,EMAS organisations,,,358.0
2007,Number,EMAS organisations,,,353.0
2008,Number,EMAS organisations,,,363.0
2009,Number,EMAS organisations,,,366.0
2010,Number,EMAS organisations,,,403.0
2011,Number,EMAS organisations,,,408.0
2012,Number,EMAS organisations,,,410.0
2013,Number,EMAS organisations,,,420.0
2014,Number,EMAS organisations,,,415.0
2015,Number,EMAS organisations,,,422.0
2016,Number,EMAS organisations,,,408.0
2017,Number,EMAS organisations,,,396.0
2018,Number,EMAS organisations,,,371.0
2019,Number,EMAS organisations,,,347.0
2020,Number,EMAS organisations,,,339.0
2021,Number,EMAS organisations,,,330.0
2005,Number,EMAS organisations,,,320.0
2006,Number,EMAS organisations,,,302.0
2007,Number,EMAS organisations,,,298.0
2008,Number,EMAS organisations,,,287.0
2009,Number,EMAS organisations,,,282.0
2010,Number,EMAS organisations,,,275.0
2011,Number,EMAS organisations,,,250.0
2012,Number,EMAS organisations,,,247.0
2013,Number,EMAS organisations,,,244.0
2014,Number,EMAS organisations,,,257.0
2015,Number,EMAS organisations,,,269.0
2016,Number,EMAS organisations,,,274.0
2017,Number,EMAS organisations,,,288.0
2018,Number,EMAS organisations,,,283.0
2019,Number,EMAS organisations,,,288.0
2020,Number,EMAS organisations,,,287.0
2021,Number,EMAS organisations,,,296.0
2005,Number,EMAS organisations,,,56.0
2006,Number,EMAS organisations,,,55.0
2007,Number,EMAS organisations,,,57.0
2008,Number,EMAS organisations,,,51.0
2009,Number,EMAS organisations,,,43.0
2010,Number,EMAS organisations,,,39.0
2011,Number,EMAS organisations,,,39.0
2012,Number,EMAS organisations,,,34.0
2013,Number,EMAS organisations,,,41.0
2014,Number,EMAS organisations,,,35.0
2015,Number,EMAS organisations,,,26.0
2016,Number,EMAS organisations,,,30.0
2017,Number,EMAS organisations,,,32.0
2018,Number,EMAS organisations,,,30.0
2019,Number,EMAS organisations,,,30.0
2020,Number,EMAS organisations,,,28.0
2021,Number,EMAS organisations,,,32.0
2005,Number,EMAS organisations,,,42.0
2006,Number,EMAS organisations,,,38.0
2007,Number,EMAS organisations,,,34.0
2008,Number,EMAS organisations,,,33.0
2009,Number,EMAS organisations,,,34.0
2010,Number,EMAS organisations,,,38.0
2011,Number,EMAS organisations,,,30.0
2012,Number,EMAS organisations,,,26.0
2013,Number,EMAS organisations,,,30.0
2014,Number,EMAS organisations,,,29.0
2015,Number,EMAS organisations,,,27.0
2016,Number,EMAS organisations,,,30.0
2017,Number,EMAS organisations,,,36.0
2018,Number,EMAS organisations,,,37.0
2019,Number,EMAS organisations,,,35.0
2020,Number,EMAS organisations,,,34.0
2021,Number,EMAS organisations,,,36.0
2005,Number,EMAS organisations,,,20.0
2006,Number,EMAS organisations,,,20.0
2007,Number,EMAS organisations,,,19.0
2008,Number,EMAS organisations,,,24.0
2009,Number,EMAS organisations,,,24.0
2010,Number,EMAS organisations,,,21.0
2011,Number,EMAS organisations,,,20.0
2012,Number,EMAS organisations,,,17.0
2013,Number,EMAS organisations,,,16.0
2014,Number,EMAS organisations,,,14.0
2015,Number,EMAS organisations,,,12.0
2016,Number,EMAS organisations,,,11.0
2017,Number,EMAS organisations,,,12.0
2018,Number,EMAS organisations,,,11.0
2019,Number,EMAS organisations,,,11.0
2020,Number,EMAS organisations,,,10.0
2021,Number,EMAS organisations,,,9.0
2005,Number,EMAS organisations,,,20.0
2006,Number,EMAS organisations,,,20.0
2007,Number,EMAS organisations,,,21.0
2008,Number,EMAS organisations,,,14.0
2009,Number,EMAS organisations,,,13.0
2010,Number,EMAS organisations,,,12.0
2011,Number,EMAS organisations,,,12.0
2012,Number,EMAS organisations,,,10.0
2013,Number,EMAS organisations,,,9.0
2014,Number,EMAS organisations,,,11.0
2015,Number,EMAS organisations,,,11.0
2016,Number,EMAS organisations,,,10.0
2017,Number,EMAS organisations,,,12.0
2018,Number,EMAS organisations,,,14.0
2019,Number,EMAS organisations,,,14.0
2020,Number,EMAS organisations,,,14.0
2021,Number,EMAS organisations,,,15.0
2005,Number,EMAS organisations,,,103.0
2006,Number,EMAS organisations,,,102.0
2007,Number,EMAS organisations,,,98.0
2008,Number,EMAS organisations,,,69.0
2009,Number,EMAS organisations,,,67.0
2010,Number,EMAS organisations,,,73.0
2011,Number,EMAS organisations,,,74.0
2012,Number,EMAS organisations,,,72.0
2013,Number,EMAS organisations,,,70.0
2014,Number,EMAS organisations,,,73.0
2015,Number,EMAS organisations,,,76.0
2016,Number,EMAS organisations,,,80.0
2017,Number,EMAS organisations,,,78.0
2018,Number,EMAS organisations,,,71.0
2019,Number,EMAS organisations,,,63.0
2020,Number,EMAS organisations,,,63.0
2021,Number,EMAS organisations,,,68.0
2005,Number,EMAS organisations,,,24.0
2006,Number,EMAS organisations,,,25.0
2007,Number,EMAS organisations,,,24.0
2008,Number,EMAS organisations,,,23.0
2009,Number,EMAS organisations,,,16.0
2010,Number,EMAS organisations,,,8.0
2011,Number,EMAS organisations,,,8.0
2012,Number,EMAS organisations,,,6.0
2013,Number,EMAS organisations,,,6.0
2014,Number,EMAS organisations,,,6.0
2015,Number,EMAS organisations,,,5.0
2016,Number,EMAS organisations,,,6.0
2017,Number,EMAS organisations,,,5.0
2018,Number,EMAS organisations,,,4.0
2019,Number,EMAS organisations,,,2.0
2020,Number,EMAS organisations,,,2.0
2021,Number,EMAS organisations,,,1.0
2005,Number,EMAS organisations,,,56.0
2006,Number,EMAS organisations,,,58.0
2007,Number,EMAS organisations,,,61.0
2008,Number,EMAS organisations,,,61.0
2009,Number,EMAS organisations,,,67.0
2010,Number,EMAS organisations,,,72.0
2011,Number,EMAS organisations,,,76.0
2012,Number,EMAS organisations,,,62.0
2013,Number,EMAS organisations,,,64.0
2014,Number,EMAS organisations,,,60.0
2015,Number,EMAS organisations,,,56.0
2016,Number,EMAS organisations,,,55.0
2017,Number,EMAS organisations,,,59.0
2018,Number,EMAS organisations,,,55.0
2019,Number,EMAS organisations,,,54.0
2020,Number,EMAS organisations,,,51.0
2021,Number,EMAS organisations,,,51.0
2005,Number,EMAS organisations,,,164.0
2006,Number,EMAS organisations,,,156.0
2007,Number,EMAS organisations,,,168.0
2008,Number,EMAS organisations,,,164.0
2009,Number,EMAS organisations,,,157.0
2010,Number,EMAS organisations,,,140.0
2011,Number,EMAS organisations,,,131.0
2012,Number,EMAS organisations,,,121.0
2013,Number,EMAS organisations,,,118.0
2014,Number,EMAS organisations,,,113.0
2015,Number,EMAS organisations,,,114.0
2016,Number,EMAS organisations,,,117.0
2017,Number,EMAS organisations,,,115.0
2018,Number,EMAS organisations,,,111.0
2019,Number,EMAS organisations,,,105.0
2020,Number,EMAS organisations,,,100.0
2021,Number,EMAS organisations,,,99.0
2005,Number,EMAS organisations,,,53.0
2006,Number,EMAS organisations,,,49.0
2007,Number,EMAS organisations,,,49.0
2008,Number,EMAS organisations,,,44.0
2009,Number,EMAS organisations,,,46.0
2010,Number,EMAS organisations,,,44.0
2011,Number,EMAS organisations,,,37.0
2012,Number,EMAS organisations,,,35.0
2013,Number,EMAS organisations,,,36.0
2014,Number,EMAS organisations,,,37.0
2015,Number,EMAS organisations,,,31.0
2016,Number,EMAS organisations,,,33.0
2017,Number,EMAS organisations,,,33.0
2018,Number,EMAS organisations,,,34.0
2019,Number,EMAS organisations,,,34.0
2020,Number,EMAS organisations,,,24.0
2021,Number,EMAS organisations,,,23.0
2005,Number,EMAS organisations,,,49.0
2006,Number,EMAS organisations,,,47.0
2007,Number,EMAS organisations,,,50.0
2008,Number,EMAS organisations,,,52.0
2009,Number,EMAS organisations,,,51.0
2010,Number,EMAS organisations,,,49.0
2011,Number,EMAS organisations,,,44.0
2012,Number,EMAS organisations,,,43.0
2013,Number,EMAS organisations,,,44.0
2014,Number,EMAS organisations,,,51.0
2015,Number,EMAS organisations,,,50.0
2016,Number,EMAS organisations,,,51.0
2017,Number,EMAS organisations,,,53.0
2018,Number,EMAS organisations,,,48.0
2019,Number,EMAS organisations,,,49.0
2020,Number,EMAS organisations,,,49.0
2021,Number,EMAS organisations,,,46.0
2005,Number,EMAS organisations,,,53.0
2006,Number,EMAS organisations,,,47.0
2007,Number,EMAS organisations,,,46.0
2008,Number,EMAS organisations,,,42.0
2009,Number,EMAS organisations,,,40.0
2010,Number,EMAS organisations,,,36.0
2011,Number,EMAS organisations,,,35.0
2012,Number,EMAS organisations,,,35.0
2013,Number,EMAS organisations,,,33.0
2014,Number,EMAS organisations,,,33.0
2015,Number,EMAS organisations,,,32.0
2016,Number,EMAS organisations,,,32.0
2017,Number,EMAS organisations,,,33.0
2018,Number,EMAS organisations,,,30.0
2019,Number,EMAS organisations,,,29.0
2020,Number,EMAS organisations,,,25.0
2021,Number,EMAS organisations,,,23.0
2005,Number,EMAS organisations,,,34.0
2006,Number,EMAS organisations,,,34.0
2007,Number,EMAS organisations,,,37.0
2008,Number,EMAS organisations,,,38.0
2009,Number,EMAS organisations,,,35.0
2010,Number,EMAS organisations,,,35.0
2011,Number,EMAS organisations,,,28.0
2012,Number,EMAS organisations,,,28.0
2013,Number,EMAS organisations,,,28.0
2014,Number,EMAS organisations,,,24.0
2015,Number,EMAS organisations,,,21.0
2016,Number,EMAS organisations,,,21.0
2017,Number,EMAS organisations,,,22.0
2018,Number,EMAS organisations,,,22.0
2019,Number,EMAS organisations,,,23.0
2020,Number,EMAS organisations,,,21.0
2021,Number,EMAS organisations,,,20.0
2005,Number,EMAS organisations,,,72.0
2006,Number,EMAS organisations,,,72.0
2007,Number,EMAS organisations,,,66.0
2008,Number,EMAS organisations,,,59.0
2009,Number,EMAS organisations,,,50.0
2010,Number,EMAS organisations,,,36.0
2011,Number,EMAS organisations,,,34.0
2012,Number,EMAS organisations,,,26.0
2013,Number,EMAS organisations,,,26.0
2014,Number,EMAS organisations,,,22.0
2015,Number,EMAS organisations,,,17.0
2016,Number,EMAS organisations,,,18.0
2017,Number,EMAS organisations,,,18.0
2018,Number,EMAS organisations,,,15.0
2019,Number,EMAS organisations,,,15.0
2020,Number,EMAS organisations,,,16.0
2021,Number,EMAS organisations,,,16.0
2005,Number,EMAS organisations,,,112.0
2006,Number,EMAS organisations,,,107.0
2007,Number,EMAS organisations,,,85.0
2008,Number,EMAS organisations,,,84.0
2009,Number,EMAS organisations,,,63.0
2010,Number,EMAS organisations,,,51.0
2011,Number,EMAS organisations,,,43.0
2012,Number,EMAS organisations,,,40.0
2013,Number,EMAS organisations,,,43.0
2014,Number,EMAS organisations,,,43.0
2015,Number,EMAS organisations,,,47.0
2016,Number,EMAS organisations,,,49.0
2017,Number,EMAS organisations,,,48.0
2018,Number,EMAS organisations,,,47.0
2019,Number,EMAS organisations,,,51.0
2020,Number,EMAS organisations,,,50.0
2021,Number,EMAS organisations,,,50.0
