Year,Units,Series,Sea,Value
2003,Percentage,Share of commercial exploited fish stocks assessed for MSY that is fished sustainably,,33.333
2004,Percentage,Share of commercial exploited fish stocks assessed for MSY that is fished sustainably,,23.333
2005,Percentage,Share of commercial exploited fish stocks assessed for MSY that is fished sustainably,,20.0
2006,Percentage,Share of commercial exploited fish stocks assessed for MSY that is fished sustainably,,16.667
2007,Percentage,Share of commercial exploited fish stocks assessed for MSY that is fished sustainably,,20.0
2008,Percentage,Share of commercial exploited fish stocks assessed for MSY that is fished sustainably,,26.667
2009,Percentage,Share of commercial exploited fish stocks assessed for MSY that is fished sustainably,,36.667
2010,Percentage,Share of commercial exploited fish stocks assessed for MSY that is fished sustainably,,40.0
2011,Percentage,Share of commercial exploited fish stocks assessed for MSY that is fished sustainably,,40.0
2012,Percentage,Share of commercial exploited fish stocks assessed for MSY that is fished sustainably,,50.0
2013,Percentage,Share of commercial exploited fish stocks assessed for MSY that is fished sustainably,,43.333
2014,Percentage,Share of commercial exploited fish stocks assessed for MSY that is fished sustainably,,40.0
2015,Percentage,Share of commercial exploited fish stocks assessed for MSY that is fished sustainably,,43.333
2016,Percentage,Share of commercial exploited fish stocks assessed for MSY that is fished sustainably,,43.333
2017,Percentage,Share of commercial exploited fish stocks assessed for MSY that is fished sustainably,,43.333
2018,Percentage,Share of commercial exploited fish stocks assessed for MSY that is fished sustainably,,43.333
2019,Percentage,Share of commercial exploited fish stocks assessed for MSY that is fished sustainably,,46.667
2020,Percentage,Share of commercial exploited fish stocks assessed for MSY that is fished sustainably,,60.0
2003,Percentage,Share of commercial exploited fish stocks assessed for MSY that is fished sustainably,Greater North Sea,40.909
2004,Percentage,Share of commercial exploited fish stocks assessed for MSY that is fished sustainably,Greater North Sea,27.273
2005,Percentage,Share of commercial exploited fish stocks assessed for MSY that is fished sustainably,Greater North Sea,22.727
2006,Percentage,Share of commercial exploited fish stocks assessed for MSY that is fished sustainably,Greater North Sea,18.182
2007,Percentage,Share of commercial exploited fish stocks assessed for MSY that is fished sustainably,Greater North Sea,22.727
2008,Percentage,Share of commercial exploited fish stocks assessed for MSY that is fished sustainably,Greater North Sea,27.273
2009,Percentage,Share of commercial exploited fish stocks assessed for MSY that is fished sustainably,Greater North Sea,40.909
2010,Percentage,Share of commercial exploited fish stocks assessed for MSY that is fished sustainably,Greater North Sea,40.909
2011,Percentage,Share of commercial exploited fish stocks assessed for MSY that is fished sustainably,Greater North Sea,40.909
2012,Percentage,Share of commercial exploited fish stocks assessed for MSY that is fished sustainably,Greater North Sea,50.0
2013,Percentage,Share of commercial exploited fish stocks assessed for MSY that is fished sustainably,Greater North Sea,40.909
2014,Percentage,Share of commercial exploited fish stocks assessed for MSY that is fished sustainably,Greater North Sea,36.364
2015,Percentage,Share of commercial exploited fish stocks assessed for MSY that is fished sustainably,Greater North Sea,45.455
2016,Percentage,Share of commercial exploited fish stocks assessed for MSY that is fished sustainably,Greater North Sea,45.455
2017,Percentage,Share of commercial exploited fish stocks assessed for MSY that is fished sustainably,Greater North Sea,45.455
2018,Percentage,Share of commercial exploited fish stocks assessed for MSY that is fished sustainably,Greater North Sea,45.455
2019,Percentage,Share of commercial exploited fish stocks assessed for MSY that is fished sustainably,Greater North Sea,45.455
2020,Percentage,Share of commercial exploited fish stocks assessed for MSY that is fished sustainably,Greater North Sea,59.091
2003,Percentage,Share of commercial exploited fish stocks assessed for MSY that is fished sustainably,Baltic sea,12.5
2004,Percentage,Share of commercial exploited fish stocks assessed for MSY that is fished sustainably,Baltic sea,12.5
2005,Percentage,Share of commercial exploited fish stocks assessed for MSY that is fished sustainably,Baltic sea,12.5
2006,Percentage,Share of commercial exploited fish stocks assessed for MSY that is fished sustainably,Baltic sea,12.5
2007,Percentage,Share of commercial exploited fish stocks assessed for MSY that is fished sustainably,Baltic sea,12.5
2008,Percentage,Share of commercial exploited fish stocks assessed for MSY that is fished sustainably,Baltic sea,25.0
2009,Percentage,Share of commercial exploited fish stocks assessed for MSY that is fished sustainably,Baltic sea,25.0
2010,Percentage,Share of commercial exploited fish stocks assessed for MSY that is fished sustainably,Baltic sea,37.5
2011,Percentage,Share of commercial exploited fish stocks assessed for MSY that is fished sustainably,Baltic sea,37.5
2012,Percentage,Share of commercial exploited fish stocks assessed for MSY that is fished sustainably,Baltic sea,50.0
2013,Percentage,Share of commercial exploited fish stocks assessed for MSY that is fished sustainably,Baltic sea,50.0
2014,Percentage,Share of commercial exploited fish stocks assessed for MSY that is fished sustainably,Baltic sea,50.0
2015,Percentage,Share of commercial exploited fish stocks assessed for MSY that is fished sustainably,Baltic sea,37.5
2016,Percentage,Share of commercial exploited fish stocks assessed for MSY that is fished sustainably,Baltic sea,37.5
2017,Percentage,Share of commercial exploited fish stocks assessed for MSY that is fished sustainably,Baltic sea,37.5
2018,Percentage,Share of commercial exploited fish stocks assessed for MSY that is fished sustainably,Baltic sea,37.5
2019,Percentage,Share of commercial exploited fish stocks assessed for MSY that is fished sustainably,Baltic sea,50.0
2020,Percentage,Share of commercial exploited fish stocks assessed for MSY that is fished sustainably,Baltic sea,62.5
2003,Percentage,Share of MSY examined stocks in all managed stocks,,38.462
2004,Percentage,Share of MSY examined stocks in all managed stocks,,38.462
2005,Percentage,Share of MSY examined stocks in all managed stocks,,38.462
2006,Percentage,Share of MSY examined stocks in all managed stocks,,38.462
2007,Percentage,Share of MSY examined stocks in all managed stocks,,38.462
2008,Percentage,Share of MSY examined stocks in all managed stocks,,38.462
2009,Percentage,Share of MSY examined stocks in all managed stocks,,38.462
2010,Percentage,Share of MSY examined stocks in all managed stocks,,38.462
2011,Percentage,Share of MSY examined stocks in all managed stocks,,38.462
2012,Percentage,Share of MSY examined stocks in all managed stocks,,38.462
2013,Percentage,Share of MSY examined stocks in all managed stocks,,38.462
2014,Percentage,Share of MSY examined stocks in all managed stocks,,38.462
2015,Percentage,Share of MSY examined stocks in all managed stocks,,38.462
2016,Percentage,Share of MSY examined stocks in all managed stocks,,38.462
2017,Percentage,Share of MSY examined stocks in all managed stocks,,38.462
2018,Percentage,Share of MSY examined stocks in all managed stocks,,38.462
2019,Percentage,Share of MSY examined stocks in all managed stocks,,38.462
2020,Percentage,Share of MSY examined stocks in all managed stocks,,38.462
