Year,Units,display,criminal offences,Bundesland,GeoCode,Value
1993,Per 100 000 inhabitants,a) time series,a) criminal offences (overall),a) germany (total),,8354
1994,Per 100 000 inhabitants,a) time series,a) criminal offences (overall),a) germany (total),,8063
1995,Per 100 000 inhabitants,a) time series,a) criminal offences (overall),a) germany (total),,8212
1996,Per 100 000 inhabitants,a) time series,a) criminal offences (overall),a) germany (total),,8166
1997,Per 100 000 inhabitants,a) time series,a) criminal offences (overall),a) germany (total),,8079
1998,Per 100 000 inhabitants,a) time series,a) criminal offences (overall),a) germany (total),,7923
1999,Per 100 000 inhabitants,a) time series,a) criminal offences (overall),a) germany (total),,7743
2000,Per 100 000 inhabitants,a) time series,a) criminal offences (overall),a) germany (total),,7692
2001,Per 100 000 inhabitants,a) time series,a) criminal offences (overall),a) germany (total),,7812
2002,Per 100 000 inhabitants,a) time series,a) criminal offences (overall),a) germany (total),,7978
2003,Per 100 000 inhabitants,a) time series,a) criminal offences (overall),a) germany (total),,8055
2004,Per 100 000 inhabitants,a) time series,a) criminal offences (overall),a) germany (total),,8138
2005,Per 100 000 inhabitants,a) time series,a) criminal offences (overall),a) germany (total),,7852
2006,Per 100 000 inhabitants,a) time series,a) criminal offences (overall),a) germany (total),,7757
2007,Per 100 000 inhabitants,a) time series,a) criminal offences (overall),a) germany (total),,7752
2008,Per 100 000 inhabitants,a) time series,a) criminal offences (overall),a) germany (total),,7557
2009,Per 100 000 inhabitants,a) time series,a) criminal offences (overall),a) germany (total),,7510
2010,Per 100 000 inhabitants,a) time series,a) criminal offences (overall),a) germany (total),,7385
2011,Per 100 000 inhabitants,a) time series,a) criminal offences (overall),a) germany (total),,7468
2012,Per 100 000 inhabitants,a) time series,a) criminal offences (overall),a) germany (total),,7466
2013,Per 100 000 inhabitants,a) time series,a) criminal offences (overall),a) germany (total),,7404
2014,Per 100 000 inhabitants,a) time series,a) criminal offences (overall),a) germany (total),,7530
2015,Per 100 000 inhabitants,a) time series,a) criminal offences (overall),a) germany (total),,7797
2016,Per 100 000 inhabitants,a) time series,a) criminal offences (overall),a) germany (total),,7755
2017,Per 100 000 inhabitants,a) time series,a) criminal offences (overall),a) germany (total),,6982
2018,Per 100 000 inhabitants,a) time series,a) criminal offences (overall),a) germany (total),,6710
2019,Per 100 000 inhabitants,a) time series,a) criminal offences (overall),a) germany (total),,6548
2030,Per 100 000 inhabitants,b) target (max),a) criminal offences (overall),a) germany (total),,7000
1993,Per 100 000 inhabitants,a) time series,other criminal offences,a) germany (total),,7311
1994,Per 100 000 inhabitants,a) time series,other criminal offences,a) germany (total),,6969
1995,Per 100 000 inhabitants,a) time series,other criminal offences,a) germany (total),,7066
1996,Per 100 000 inhabitants,a) time series,other criminal offences,a) germany (total),,7004
1997,Per 100 000 inhabitants,a) time series,other criminal offences,a) germany (total),,6902
1998,Per 100 000 inhabitants,a) time series,other criminal offences,a) germany (total),,6718
1999,Per 100 000 inhabitants,a) time series,other criminal offences,a) germany (total),,6538
2000,Per 100 000 inhabitants,a) time series,other criminal offences,a) germany (total),,6429
2001,Per 100 000 inhabitants,a) time series,other criminal offences,a) germany (total),,6526
2002,Per 100 000 inhabitants,a) time series,other criminal offences,a) germany (total),,6696
2003,Per 100 000 inhabitants,a) time series,other criminal offences,a) germany (total),,6668
2004,Per 100 000 inhabitants,a) time series,other criminal offences,a) germany (total),,6659
2005,Per 100 000 inhabitants,a) time series,other criminal offences,a) germany (total),,6369
2006,Per 100 000 inhabitants,a) time series,other criminal offences,a) germany (total),,6267
2007,Per 100 000 inhabitants,a) time series,other criminal offences,a) germany (total),,6300
2008,Per 100 000 inhabitants,a) time series,other criminal offences,a) germany (total),,6139
2009,Per 100 000 inhabitants,a) time series,other criminal offences,a) germany (total),,5998
2010,Per 100 000 inhabitants,a) time series,other criminal offences,a) germany (total),,5851
2011,Per 100 000 inhabitants,a) time series,other criminal offences,a) germany (total),,5964
2012,Per 100 000 inhabitants,a) time series,other criminal offences,a) germany (total),,5924
2013,Per 100 000 inhabitants,a) time series,other criminal offences,a) germany (total),,5894
2014,Per 100 000 inhabitants,a) time series,other criminal offences,a) germany (total),,5987
2015,Per 100 000 inhabitants,a) time series,other criminal offences,a) germany (total),,6244
2016,Per 100 000 inhabitants,a) time series,other criminal offences,a) germany (total),,6306
2017,Per 100 000 inhabitants,a) time series,other criminal offences,a) germany (total),,5572
2018,Per 100 000 inhabitants,a) time series,other criminal offences,a) germany (total),,5412
2019,Per 100 000 inhabitants,a) time series,other criminal offences,a) germany (total),,5280
1993,Per 100 000 inhabitants,a) time series,a) criminal offences (overall),bw,code08,6123
1994,Per 100 000 inhabitants,a) time series,a) criminal offences (overall),bw,code08,5729
1995,Per 100 000 inhabitants,a) time series,a) criminal offences (overall),bw,code08,5676
1996,Per 100 000 inhabitants,a) time series,a) criminal offences (overall),bw,code08,5763
1997,Per 100 000 inhabitants,a) time series,a) criminal offences (overall),bw,code08,5823
1998,Per 100 000 inhabitants,a) time series,a) criminal offences (overall),bw,code08,5611
1999,Per 100 000 inhabitants,a) time series,a) criminal offences (overall),bw,code08,5508
2000,Per 100 000 inhabitants,a) time series,a) criminal offences (overall),bw,code08,5459
2001,Per 100 000 inhabitants,a) time series,a) criminal offences (overall),bw,code08,5551
2002,Per 100 000 inhabitants,a) time series,a) criminal offences (overall),bw,code08,5730
2003,Per 100 000 inhabitants,a) time series,a) criminal offences (overall),bw,code08,5547
2004,Per 100 000 inhabitants,a) time series,a) criminal offences (overall),bw,code08,6220
2005,Per 100 000 inhabitants,a) time series,a) criminal offences (overall),bw,code08,5883
2006,Per 100 000 inhabitants,a) time series,a) criminal offences (overall),bw,code08,5795
2007,Per 100 000 inhabitants,a) time series,a) criminal offences (overall),bw,code08,5815
2008,Per 100 000 inhabitants,a) time series,a) criminal offences (overall),bw,code08,5629
2009,Per 100 000 inhabitants,a) time series,a) criminal offences (overall),bw,code08,5516
2010,Per 100 000 inhabitants,a) time series,a) criminal offences (overall),bw,code08,5457
2011,Per 100 000 inhabitants,a) time series,a) criminal offences (overall),bw,code08,5562
2012,Per 100 000 inhabitants,a) time series,a) criminal offences (overall),bw,code08,5455
2013,Per 100 000 inhabitants,a) time series,a) criminal offences (overall),bw,code08,5451
2014,Per 100 000 inhabitants,a) time series,a) criminal offences (overall),bw,code08,5592
2015,Per 100 000 inhabitants,a) time series,a) criminal offences (overall),bw,code08,5761
2016,Per 100 000 inhabitants,a) time series,a) criminal offences (overall),bw,code08,5599
2017,Per 100 000 inhabitants,a) time series,a) criminal offences (overall),bw,code08,5295
2018,Per 100 000 inhabitants,a) time series,a) criminal offences (overall),bw,code08,5191
2019,Per 100 000 inhabitants,a) time series,a) criminal offences (overall),bw,code08,5184
1993,Per 100 000 inhabitants,a) time series,a) criminal offences (overall),by,code09,5699
1994,Per 100 000 inhabitants,a) time series,a) criminal offences (overall),by,code09,5756
1995,Per 100 000 inhabitants,a) time series,a) criminal offences (overall),by,code09,5659
1996,Per 100 000 inhabitants,a) time series,a) criminal offences (overall),by,code09,5792
1997,Per 100 000 inhabitants,a) time series,a) criminal offences (overall),by,code09,5841
1998,Per 100 000 inhabitants,a) time series,a) criminal offences (overall),by,code09,5729
1999,Per 100 000 inhabitants,a) time series,a) criminal offences (overall),by,code09,5712
2000,Per 100 000 inhabitants,a) time series,a) criminal offences (overall),by,code09,5655
2001,Per 100 000 inhabitants,a) time series,a) criminal offences (overall),by,code09,5790
2002,Per 100 000 inhabitants,a) time series,a) criminal offences (overall),by,code09,5672
2003,Per 100 000 inhabitants,a) time series,a) criminal offences (overall),by,code09,5755
2004,Per 100 000 inhabitants,a) time series,a) criminal offences (overall),by,code09,5802
2005,Per 100 000 inhabitants,a) time series,a) criminal offences (overall),by,code09,5533
2006,Per 100 000 inhabitants,a) time series,a) criminal offences (overall),by,code09,5455
2007,Per 100 000 inhabitants,a) time series,a) criminal offences (overall),by,code09,5392
2008,Per 100 000 inhabitants,a) time series,a) criminal offences (overall),by,code09,5200
2009,Per 100 000 inhabitants,a) time series,a) criminal offences (overall),by,code09,5130
2010,Per 100 000 inhabitants,a) time series,a) criminal offences (overall),by,code09,5017
2011,Per 100 000 inhabitants,a) time series,a) criminal offences (overall),by,code09,5032
2012,Per 100 000 inhabitants,a) time series,a) criminal offences (overall),by,code09,5038
2013,Per 100 000 inhabitants,a) time series,a) criminal offences (overall),by,code09,5073
2014,Per 100 000 inhabitants,a) time series,a) criminal offences (overall),by,code09,5164
2015,Per 100 000 inhabitants,a) time series,a) criminal offences (overall),by,code09,6350
2016,Per 100 000 inhabitants,a) time series,a) criminal offences (overall),by,code09,6871
2017,Per 100 000 inhabitants,a) time series,a) criminal offences (overall),by,code09,4868
2018,Per 100 000 inhabitants,a) time series,a) criminal offences (overall),by,code09,4889
2019,Per 100 000 inhabitants,a) time series,a) criminal offences (overall),by,code09,4615
1993,Per 100 000 inhabitants,a) time series,a) criminal offences (overall),be,code11,16398
1994,Per 100 000 inhabitants,a) time series,a) criminal offences (overall),be,code11,15961
1995,Per 100 000 inhabitants,a) time series,a) criminal offences (overall),be,code11,16889
1996,Per 100 000 inhabitants,a) time series,a) criminal offences (overall),be,code11,17333
1997,Per 100 000 inhabitants,a) time series,a) criminal offences (overall),be,code11,17393
1998,Per 100 000 inhabitants,a) time series,a) criminal offences (overall),be,code11,17432
1999,Per 100 000 inhabitants,a) time series,a) criminal offences (overall),be,code11,17206
2000,Per 100 000 inhabitants,a) time series,a) criminal offences (overall),be,code11,16849
2001,Per 100 000 inhabitants,a) time series,a) criminal offences (overall),be,code11,17385
2002,Per 100 000 inhabitants,a) time series,a) criminal offences (overall),be,code11,17758
2003,Per 100 000 inhabitants,a) time series,a) criminal offences (overall),be,code11,17174
2004,Per 100 000 inhabitants,a) time series,a) criminal offences (overall),be,code11,16500
2005,Per 100 000 inhabitants,a) time series,a) criminal offences (overall),be,code11,15614
2006,Per 100 000 inhabitants,a) time series,a) criminal offences (overall),be,code11,15240
2007,Per 100 000 inhabitants,a) time series,a) criminal offences (overall),be,code11,15220
2008,Per 100 000 inhabitants,a) time series,a) criminal offences (overall),be,code11,14796
2009,Per 100 000 inhabitants,a) time series,a) criminal offences (overall),be,code11,15188
2010,Per 100 000 inhabitants,a) time series,a) criminal offences (overall),be,code11,14526
2011,Per 100 000 inhabitants,a) time series,a) criminal offences (overall),be,code11,15080
2012,Per 100 000 inhabitants,a) time series,a) criminal offences (overall),be,code11,14892
2013,Per 100 000 inhabitants,a) time series,a) criminal offences (overall),be,code11,14908
2014,Per 100 000 inhabitants,a) time series,a) criminal offences (overall),be,code11,15873
2015,Per 100 000 inhabitants,a) time series,a) criminal offences (overall),be,code11,16414
2016,Per 100 000 inhabitants,a) time series,a) criminal offences (overall),be,code11,16161
2017,Per 100 000 inhabitants,a) time series,a) criminal offences (overall),be,code11,14558
2018,Per 100 000 inhabitants,a) time series,a) criminal offences (overall),be,code11,14160
2019,Per 100 000 inhabitants,a) time series,a) criminal offences (overall),be,code11,14086
1993,Per 100 000 inhabitants,a) time series,a) criminal offences (overall),bb,code12,12919
1994,Per 100 000 inhabitants,a) time series,a) criminal offences (overall),bb,code12,12974
1995,Per 100 000 inhabitants,a) time series,a) criminal offences (overall),bb,code12,12097
1996,Per 100 000 inhabitants,a) time series,a) criminal offences (overall),bb,code12,11742
1997,Per 100 000 inhabitants,a) time series,a) criminal offences (overall),bb,code12,11312
1998,Per 100 000 inhabitants,a) time series,a) criminal offences (overall),bb,code12,10872
1999,Per 100 000 inhabitants,a) time series,a) criminal offences (overall),bb,code12,9786
2000,Per 100 000 inhabitants,a) time series,a) criminal offences (overall),bb,code12,9925
2001,Per 100 000 inhabitants,a) time series,a) criminal offences (overall),bb,code12,9556
2002,Per 100 000 inhabitants,a) time series,a) criminal offences (overall),bb,code12,9511
2003,Per 100 000 inhabitants,a) time series,a) criminal offences (overall),bb,code12,9613
2004,Per 100 000 inhabitants,a) time series,a) criminal offences (overall),bb,code12,9407
2005,Per 100 000 inhabitants,a) time series,a) criminal offences (overall),bb,code12,8975
2006,Per 100 000 inhabitants,a) time series,a) criminal offences (overall),bb,code12,8816
2007,Per 100 000 inhabitants,a) time series,a) criminal offences (overall),bb,code12,9010
2008,Per 100 000 inhabitants,a) time series,a) criminal offences (overall),bb,code12,8365
2009,Per 100 000 inhabitants,a) time series,a) criminal offences (overall),bb,code12,8070
2010,Per 100 000 inhabitants,a) time series,a) criminal offences (overall),bb,code12,8267
2011,Per 100 000 inhabitants,a) time series,a) criminal offences (overall),bb,code12,8031
2012,Per 100 000 inhabitants,a) time series,a) criminal offences (overall),bb,code12,7955
2013,Per 100 000 inhabitants,a) time series,a) criminal offences (overall),bb,code12,8052
2014,Per 100 000 inhabitants,a) time series,a) criminal offences (overall),bb,code12,8004
2015,Per 100 000 inhabitants,a) time series,a) criminal offences (overall),bb,code12,7660
2016,Per 100 000 inhabitants,a) time series,a) criminal offences (overall),bb,code12,7479
2017,Per 100 000 inhabitants,a) time series,a) criminal offences (overall),bb,code12,7015
2018,Per 100 000 inhabitants,a) time series,a) criminal offences (overall),bb,code12,6902
2019,Per 100 000 inhabitants,a) time series,a) criminal offences (overall),bb,code12,6841
1993,Per 100 000 inhabitants,a) time series,a) criminal offences (overall),hb,code04,16134
1994,Per 100 000 inhabitants,a) time series,a) criminal offences (overall),hb,code04,14849
1995,Per 100 000 inhabitants,a) time series,a) criminal offences (overall),hb,code04,14855
1996,Per 100 000 inhabitants,a) time series,a) criminal offences (overall),hb,code04,14963
1997,Per 100 000 inhabitants,a) time series,a) criminal offences (overall),hb,code04,14447
1998,Per 100 000 inhabitants,a) time series,a) criminal offences (overall),hb,code04,13343
1999,Per 100 000 inhabitants,a) time series,a) criminal offences (overall),hb,code04,13049
2000,Per 100 000 inhabitants,a) time series,a) criminal offences (overall),hb,code04,14085
2001,Per 100 000 inhabitants,a) time series,a) criminal offences (overall),hb,code04,14219
2002,Per 100 000 inhabitants,a) time series,a) criminal offences (overall),hb,code04,14556
2003,Per 100 000 inhabitants,a) time series,a) criminal offences (overall),hb,code04,14482
2004,Per 100 000 inhabitants,a) time series,a) criminal offences (overall),hb,code04,15418
2005,Per 100 000 inhabitants,a) time series,a) criminal offences (overall),hb,code04,14716
2006,Per 100 000 inhabitants,a) time series,a) criminal offences (overall),hb,code04,14546
2007,Per 100 000 inhabitants,a) time series,a) criminal offences (overall),hb,code04,14638
2008,Per 100 000 inhabitants,a) time series,a) criminal offences (overall),hb,code04,14452
2009,Per 100 000 inhabitants,a) time series,a) criminal offences (overall),hb,code04,14239
2010,Per 100 000 inhabitants,a) time series,a) criminal offences (overall),hb,code04,13644
2011,Per 100 000 inhabitants,a) time series,a) criminal offences (overall),hb,code04,14277
2012,Per 100 000 inhabitants,a) time series,a) criminal offences (overall),hb,code04,13311
2013,Per 100 000 inhabitants,a) time series,a) criminal offences (overall),hb,code04,13059
2014,Per 100 000 inhabitants,a) time series,a) criminal offences (overall),hb,code04,12744
2015,Per 100 000 inhabitants,a) time series,a) criminal offences (overall),hb,code04,13784
2016,Per 100 000 inhabitants,a) time series,a) criminal offences (overall),hb,code04,13687
2017,Per 100 000 inhabitants,a) time series,a) criminal offences (overall),hb,code04,11960
2018,Per 100 000 inhabitants,a) time series,a) criminal offences (overall),hb,code04,10943
2019,Per 100 000 inhabitants,a) time series,a) criminal offences (overall),hb,code04,11454
1993,Per 100 000 inhabitants,a) time series,a) criminal offences (overall),hh,code02,16920
1994,Per 100 000 inhabitants,a) time series,a) criminal offences (overall),hh,code02,15402
1995,Per 100 000 inhabitants,a) time series,a) criminal offences (overall),hh,code02,16735
1996,Per 100 000 inhabitants,a) time series,a) criminal offences (overall),hh,code02,16124
1997,Per 100 000 inhabitants,a) time series,a) criminal offences (overall),hh,code02,17664
1998,Per 100 000 inhabitants,a) time series,a) criminal offences (overall),hh,code02,16924
1999,Per 100 000 inhabitants,a) time series,a) criminal offences (overall),hh,code02,16854
2000,Per 100 000 inhabitants,a) time series,a) criminal offences (overall),hh,code02,17030
2001,Per 100 000 inhabitants,a) time series,a) criminal offences (overall),hh,code02,19007
2002,Per 100 000 inhabitants,a) time series,a) criminal offences (overall),hh,code02,15993
2003,Per 100 000 inhabitants,a) time series,a) criminal offences (overall),hh,code02,16144
2004,Per 100 000 inhabitants,a) time series,a) criminal offences (overall),hh,code02,15529
2005,Per 100 000 inhabitants,a) time series,a) criminal offences (overall),hh,code02,14583
2006,Per 100 000 inhabitants,a) time series,a) criminal offences (overall),hh,code02,14051
2007,Per 100 000 inhabitants,a) time series,a) criminal offences (overall),hh,code02,14027
2008,Per 100 000 inhabitants,a) time series,a) criminal offences (overall),hh,code02,13888
2009,Per 100 000 inhabitants,a) time series,a) criminal offences (overall),hh,code02,13932
2010,Per 100 000 inhabitants,a) time series,a) criminal offences (overall),hh,code02,13240
2011,Per 100 000 inhabitants,a) time series,a) criminal offences (overall),hh,code02,13418
2012,Per 100 000 inhabitants,a) time series,a) criminal offences (overall),hh,code02,13245
2013,Per 100 000 inhabitants,a) time series,a) criminal offences (overall),hh,code02,13724
2014,Per 100 000 inhabitants,a) time series,a) criminal offences (overall),hh,code02,13743
2015,Per 100 000 inhabitants,a) time series,a) criminal offences (overall),hh,code02,13839
2016,Per 100 000 inhabitants,a) time series,a) criminal offences (overall),hh,code02,13384
2017,Per 100 000 inhabitants,a) time series,a) criminal offences (overall),hh,code02,12480
2018,Per 100 000 inhabitants,a) time series,a) criminal offences (overall),hh,code02,11941
2019,Per 100 000 inhabitants,a) time series,a) criminal offences (overall),hh,code02,11451
1993,Per 100 000 inhabitants,a) time series,a) criminal offences (overall),he,code06,8363
1994,Per 100 000 inhabitants,a) time series,a) criminal offences (overall),he,code06,7940
1995,Per 100 000 inhabitants,a) time series,a) criminal offences (overall),he,code06,7776
1996,Per 100 000 inhabitants,a) time series,a) criminal offences (overall),he,code06,7710
1997,Per 100 000 inhabitants,a) time series,a) criminal offences (overall),he,code06,7628
1998,Per 100 000 inhabitants,a) time series,a) criminal offences (overall),he,code06,7452
1999,Per 100 000 inhabitants,a) time series,a) criminal offences (overall),he,code06,7136
2000,Per 100 000 inhabitants,a) time series,a) criminal offences (overall),he,code06,6988
2001,Per 100 000 inhabitants,a) time series,a) criminal offences (overall),he,code06,6801
2002,Per 100 000 inhabitants,a) time series,a) criminal offences (overall),he,code06,7104
2003,Per 100 000 inhabitants,a) time series,a) criminal offences (overall),he,code06,7535
2004,Per 100 000 inhabitants,a) time series,a) criminal offences (overall),he,code06,7671
2005,Per 100 000 inhabitants,a) time series,a) criminal offences (overall),he,code06,7329
2006,Per 100 000 inhabitants,a) time series,a) criminal offences (overall),he,code06,7099
2007,Per 100 000 inhabitants,a) time series,a) criminal offences (overall),he,code06,7016
2008,Per 100 000 inhabitants,a) time series,a) criminal offences (overall),he,code06,6802
2009,Per 100 000 inhabitants,a) time series,a) criminal offences (overall),he,code06,6810
2010,Per 100 000 inhabitants,a) time series,a) criminal offences (overall),he,code06,6732
2011,Per 100 000 inhabitants,a) time series,a) criminal offences (overall),he,code06,6648
2012,Per 100 000 inhabitants,a) time series,a) criminal offences (overall),he,code06,6601
2013,Per 100 000 inhabitants,a) time series,a) criminal offences (overall),he,code06,6429
2014,Per 100 000 inhabitants,a) time series,a) criminal offences (overall),he,code06,6566
2015,Per 100 000 inhabitants,a) time series,a) criminal offences (overall),he,code06,6616
2016,Per 100 000 inhabitants,a) time series,a) criminal offences (overall),he,code06,6672
2017,Per 100 000 inhabitants,a) time series,a) criminal offences (overall),he,code06,6046
2018,Per 100 000 inhabitants,a) time series,a) criminal offences (overall),he,code06,5971
2019,Per 100 000 inhabitants,a) time series,a) criminal offences (overall),he,code06,5823
1993,Per 100 000 inhabitants,a) time series,a) criminal offences (overall),mv,code13,13812
1994,Per 100 000 inhabitants,a) time series,a) criminal offences (overall),mv,code13,11898
1995,Per 100 000 inhabitants,a) time series,a) criminal offences (overall),mv,code13,12060
1996,Per 100 000 inhabitants,a) time series,a) criminal offences (overall),mv,code13,11705
1997,Per 100 000 inhabitants,a) time series,a) criminal offences (overall),mv,code13,11666
1998,Per 100 000 inhabitants,a) time series,a) criminal offences (overall),mv,code13,11311
1999,Per 100 000 inhabitants,a) time series,a) criminal offences (overall),mv,code13,10500
2000,Per 100 000 inhabitants,a) time series,a) criminal offences (overall),mv,code13,10267
2001,Per 100 000 inhabitants,a) time series,a) criminal offences (overall),mv,code13,10447
2002,Per 100 000 inhabitants,a) time series,a) criminal offences (overall),mv,code13,10001
2003,Per 100 000 inhabitants,a) time series,a) criminal offences (overall),mv,code13,10863
2004,Per 100 000 inhabitants,a) time series,a) criminal offences (overall),mv,code13,10412
2005,Per 100 000 inhabitants,a) time series,a) criminal offences (overall),mv,code13,9402
2006,Per 100 000 inhabitants,a) time series,a) criminal offences (overall),mv,code13,9029
2007,Per 100 000 inhabitants,a) time series,a) criminal offences (overall),mv,code13,9016
2008,Per 100 000 inhabitants,a) time series,a) criminal offences (overall),mv,code13,8881
2009,Per 100 000 inhabitants,a) time series,a) criminal offences (overall),mv,code13,8425
2010,Per 100 000 inhabitants,a) time series,a) criminal offences (overall),mv,code13,7968
2011,Per 100 000 inhabitants,a) time series,a) criminal offences (overall),mv,code13,7953
2012,Per 100 000 inhabitants,a) time series,a) criminal offences (overall),mv,code13,7883
2013,Per 100 000 inhabitants,a) time series,a) criminal offences (overall),mv,code13,7529
2014,Per 100 000 inhabitants,a) time series,a) criminal offences (overall),mv,code13,7304
2015,Per 100 000 inhabitants,a) time series,a) criminal offences (overall),mv,code13,7333
2016,Per 100 000 inhabitants,a) time series,a) criminal offences (overall),mv,code13,7632
2017,Per 100 000 inhabitants,a) time series,a) criminal offences (overall),mv,code13,6850
2018,Per 100 000 inhabitants,a) time series,a) criminal offences (overall),mv,code13,6745
2019,Per 100 000 inhabitants,a) time series,a) criminal offences (overall),mv,code13,6916
1993,Per 100 000 inhabitants,a) time series,a) criminal offences (overall),ni,code03,8597
1994,Per 100 000 inhabitants,a) time series,a) criminal offences (overall),ni,code03,7710
1995,Per 100 000 inhabitants,a) time series,a) criminal offences (overall),ni,code03,7788
1996,Per 100 000 inhabitants,a) time series,a) criminal offences (overall),ni,code03,7516
1997,Per 100 000 inhabitants,a) time series,a) criminal offences (overall),ni,code03,7424
1998,Per 100 000 inhabitants,a) time series,a) criminal offences (overall),ni,code03,7286
1999,Per 100 000 inhabitants,a) time series,a) criminal offences (overall),ni,code03,7018
2000,Per 100 000 inhabitants,a) time series,a) criminal offences (overall),ni,code03,7206
2001,Per 100 000 inhabitants,a) time series,a) criminal offences (overall),ni,code03,7219
2002,Per 100 000 inhabitants,a) time series,a) criminal offences (overall),ni,code03,7727
2003,Per 100 000 inhabitants,a) time series,a) criminal offences (overall),ni,code03,7523
2004,Per 100 000 inhabitants,a) time series,a) criminal offences (overall),ni,code03,7437
2005,Per 100 000 inhabitants,a) time series,a) criminal offences (overall),ni,code03,7618
2006,Per 100 000 inhabitants,a) time series,a) criminal offences (overall),ni,code03,7657
2007,Per 100 000 inhabitants,a) time series,a) criminal offences (overall),ni,code03,7717
2008,Per 100 000 inhabitants,a) time series,a) criminal offences (overall),ni,code03,7516
2009,Per 100 000 inhabitants,a) time series,a) criminal offences (overall),ni,code03,7549
2010,Per 100 000 inhabitants,a) time series,a) criminal offences (overall),ni,code03,7473
2011,Per 100 000 inhabitants,a) time series,a) criminal offences (overall),ni,code03,7099
2012,Per 100 000 inhabitants,a) time series,a) criminal offences (overall),ni,code03,7167
2013,Per 100 000 inhabitants,a) time series,a) criminal offences (overall),ni,code03,7015
2014,Per 100 000 inhabitants,a) time series,a) criminal offences (overall),ni,code03,7095
2015,Per 100 000 inhabitants,a) time series,a) criminal offences (overall),ni,code03,7263
2016,Per 100 000 inhabitants,a) time series,a) criminal offences (overall),ni,code03,7090
2017,Per 100 000 inhabitants,a) time series,a) criminal offences (overall),ni,code03,6621
2018,Per 100 000 inhabitants,a) time series,a) criminal offences (overall),ni,code03,6362
2019,Per 100 000 inhabitants,a) time series,a) criminal offences (overall),ni,code03,6346
1993,Per 100 000 inhabitants,a) time series,a) criminal offences (overall),nw,code05,7806
1994,Per 100 000 inhabitants,a) time series,a) criminal offences (overall),nw,code05,7518
1995,Per 100 000 inhabitants,a) time series,a) criminal offences (overall),nw,code05,7681
1996,Per 100 000 inhabitants,a) time series,a) criminal offences (overall),nw,code05,7762
1997,Per 100 000 inhabitants,a) time series,a) criminal offences (overall),nw,code05,7579
1998,Per 100 000 inhabitants,a) time series,a) criminal offences (overall),nw,code05,7456
1999,Per 100 000 inhabitants,a) time series,a) criminal offences (overall),nw,code05,7461
2000,Per 100 000 inhabitants,a) time series,a) criminal offences (overall),nw,code05,7435
2001,Per 100 000 inhabitants,a) time series,a) criminal offences (overall),nw,code05,7709
2002,Per 100 000 inhabitants,a) time series,a) criminal offences (overall),nw,code05,8176
2003,Per 100 000 inhabitants,a) time series,a) criminal offences (overall),nw,code05,8373
2004,Per 100 000 inhabitants,a) time series,a) criminal offences (overall),nw,code05,8566
2005,Per 100 000 inhabitants,a) time series,a) criminal offences (overall),nw,code05,8417
2006,Per 100 000 inhabitants,a) time series,a) criminal offences (overall),nw,code05,8367
2007,Per 100 000 inhabitants,a) time series,a) criminal offences (overall),nw,code05,8407
2008,Per 100 000 inhabitants,a) time series,a) criminal offences (overall),nw,code05,8193
2009,Per 100 000 inhabitants,a) time series,a) criminal offences (overall),nw,code05,8257
2010,Per 100 000 inhabitants,a) time series,a) criminal offences (overall),nw,code05,8203
2011,Per 100 000 inhabitants,a) time series,a) criminal offences (overall),nw,code05,8615
2012,Per 100 000 inhabitants,a) time series,a) criminal offences (overall),nw,code05,8654
2013,Per 100 000 inhabitants,a) time series,a) criminal offences (overall),nw,code05,8459
2014,Per 100 000 inhabitants,a) time series,a) criminal offences (overall),nw,code05,8543
2015,Per 100 000 inhabitants,a) time series,a) criminal offences (overall),nw,code05,8603
2016,Per 100 000 inhabitants,a) time series,a) criminal offences (overall),nw,code05,8225
2017,Per 100 000 inhabitants,a) time series,a) criminal offences (overall),nw,code05,7677
2018,Per 100 000 inhabitants,a) time series,a) criminal offences (overall),nw,code05,7160
2019,Per 100 000 inhabitants,a) time series,a) criminal offences (overall),nw,code05,6847
1993,Per 100 000 inhabitants,a) time series,a) criminal offences (overall),rp,code07,6087
1994,Per 100 000 inhabitants,a) time series,a) criminal offences (overall),rp,code07,6242
1995,Per 100 000 inhabitants,a) time series,a) criminal offences (overall),rp,code07,6331
1996,Per 100 000 inhabitants,a) time series,a) criminal offences (overall),rp,code07,6515
1997,Per 100 000 inhabitants,a) time series,a) criminal offences (overall),rp,code07,6667
1998,Per 100 000 inhabitants,a) time series,a) criminal offences (overall),rp,code07,6545
1999,Per 100 000 inhabitants,a) time series,a) criminal offences (overall),rp,code07,6651
2000,Per 100 000 inhabitants,a) time series,a) criminal offences (overall),rp,code07,6711
2001,Per 100 000 inhabitants,a) time series,a) criminal offences (overall),rp,code07,6509
2002,Per 100 000 inhabitants,a) time series,a) criminal offences (overall),rp,code07,6944
2003,Per 100 000 inhabitants,a) time series,a) criminal offences (overall),rp,code07,7102
2004,Per 100 000 inhabitants,a) time series,a) criminal offences (overall),rp,code07,7417
2005,Per 100 000 inhabitants,a) time series,a) criminal offences (overall),rp,code07,7345
2006,Per 100 000 inhabitants,a) time series,a) criminal offences (overall),rp,code07,7375
2007,Per 100 000 inhabitants,a) time series,a) criminal offences (overall),rp,code07,7130
2008,Per 100 000 inhabitants,a) time series,a) criminal offences (overall),rp,code07,7274
2009,Per 100 000 inhabitants,a) time series,a) criminal offences (overall),rp,code07,7044
2010,Per 100 000 inhabitants,a) time series,a) criminal offences (overall),rp,code07,6989
2011,Per 100 000 inhabitants,a) time series,a) criminal offences (overall),rp,code07,6878
2012,Per 100 000 inhabitants,a) time series,a) criminal offences (overall),rp,code07,6703
2013,Per 100 000 inhabitants,a) time series,a) criminal offences (overall),rp,code07,6702
2014,Per 100 000 inhabitants,a) time series,a) criminal offences (overall),rp,code07,6623
2015,Per 100 000 inhabitants,a) time series,a) criminal offences (overall),rp,code07,6818
2016,Per 100 000 inhabitants,a) time series,a) criminal offences (overall),rp,code07,6775
2017,Per 100 000 inhabitants,a) time series,a) criminal offences (overall),rp,code07,6191
2018,Per 100 000 inhabitants,a) time series,a) criminal offences (overall),rp,code07,6001
2019,Per 100 000 inhabitants,a) time series,a) criminal offences (overall),rp,code07,5913
1993,Per 100 000 inhabitants,a) time series,a) criminal offences (overall),sl,code10,6278
1994,Per 100 000 inhabitants,a) time series,a) criminal offences (overall),sl,code10,5852
1995,Per 100 000 inhabitants,a) time series,a) criminal offences (overall),sl,code10,5983
1996,Per 100 000 inhabitants,a) time series,a) criminal offences (overall),sl,code10,6316
1997,Per 100 000 inhabitants,a) time series,a) criminal offences (overall),sl,code10,6273
1998,Per 100 000 inhabitants,a) time series,a) criminal offences (overall),sl,code10,6055
1999,Per 100 000 inhabitants,a) time series,a) criminal offences (overall),sl,code10,5824
2000,Per 100 000 inhabitants,a) time series,a) criminal offences (overall),sl,code10,6043
2001,Per 100 000 inhabitants,a) time series,a) criminal offences (overall),sl,code10,5720
2002,Per 100 000 inhabitants,a) time series,a) criminal offences (overall),sl,code10,6866
2003,Per 100 000 inhabitants,a) time series,a) criminal offences (overall),sl,code10,7075
2004,Per 100 000 inhabitants,a) time series,a) criminal offences (overall),sl,code10,7384
2005,Per 100 000 inhabitants,a) time series,a) criminal offences (overall),sl,code10,7384
2006,Per 100 000 inhabitants,a) time series,a) criminal offences (overall),sl,code10,7629
2007,Per 100 000 inhabitants,a) time series,a) criminal offences (overall),sl,code10,7163
2008,Per 100 000 inhabitants,a) time series,a) criminal offences (overall),sl,code10,7639
2009,Per 100 000 inhabitants,a) time series,a) criminal offences (overall),sl,code10,7335
2010,Per 100 000 inhabitants,a) time series,a) criminal offences (overall),sl,code10,7134
2011,Per 100 000 inhabitants,a) time series,a) criminal offences (overall),sl,code10,6914
2012,Per 100 000 inhabitants,a) time series,a) criminal offences (overall),sl,code10,7303
2013,Per 100 000 inhabitants,a) time series,a) criminal offences (overall),sl,code10,7296
2014,Per 100 000 inhabitants,a) time series,a) criminal offences (overall),sl,code10,7642
2015,Per 100 000 inhabitants,a) time series,a) criminal offences (overall),sl,code10,7886
2016,Per 100 000 inhabitants,a) time series,a) criminal offences (overall),sl,code10,7732
2017,Per 100 000 inhabitants,a) time series,a) criminal offences (overall),sl,code10,7110
2018,Per 100 000 inhabitants,a) time series,a) criminal offences (overall),sl,code10,7129
2019,Per 100 000 inhabitants,a) time series,a) criminal offences (overall),sl,code10,7543
1993,Per 100 000 inhabitants,a) time series,a) criminal offences (overall),sn,code14,7653
1994,Per 100 000 inhabitants,a) time series,a) criminal offences (overall),sn,code14,8402
1995,Per 100 000 inhabitants,a) time series,a) criminal offences (overall),sn,code14,8832
1996,Per 100 000 inhabitants,a) time series,a) criminal offences (overall),sn,code14,8619
1997,Per 100 000 inhabitants,a) time series,a) criminal offences (overall),sn,code14,8087
1998,Per 100 000 inhabitants,a) time series,a) criminal offences (overall),sn,code14,8157
1999,Per 100 000 inhabitants,a) time series,a) criminal offences (overall),sn,code14,8254
2000,Per 100 000 inhabitants,a) time series,a) criminal offences (overall),sn,code14,7883
2001,Per 100 000 inhabitants,a) time series,a) criminal offences (overall),sn,code14,8030
2002,Per 100 000 inhabitants,a) time series,a) criminal offences (overall),sn,code14,7762
2003,Per 100 000 inhabitants,a) time series,a) criminal offences (overall),sn,code14,8211
2004,Per 100 000 inhabitants,a) time series,a) criminal offences (overall),sn,code14,7871
2005,Per 100 000 inhabitants,a) time series,a) criminal offences (overall),sn,code14,7510
2006,Per 100 000 inhabitants,a) time series,a) criminal offences (overall),sn,code14,7312
2007,Per 100 000 inhabitants,a) time series,a) criminal offences (overall),sn,code14,7367
2008,Per 100 000 inhabitants,a) time series,a) criminal offences (overall),sn,code14,7130
2009,Per 100 000 inhabitants,a) time series,a) criminal offences (overall),sn,code14,6787
2010,Per 100 000 inhabitants,a) time series,a) criminal offences (overall),sn,code14,7107
2011,Per 100 000 inhabitants,a) time series,a) criminal offences (overall),sn,code14,7228
2012,Per 100 000 inhabitants,a) time series,a) criminal offences (overall),sn,code14,7706
2013,Per 100 000 inhabitants,a) time series,a) criminal offences (overall),sn,code14,7716
2014,Per 100 000 inhabitants,a) time series,a) criminal offences (overall),sn,code14,8086
2015,Per 100 000 inhabitants,a) time series,a) criminal offences (overall),sn,code14,7764
2016,Per 100 000 inhabitants,a) time series,a) criminal offences (overall),sn,code14,7950
2017,Per 100 000 inhabitants,a) time series,a) criminal offences (overall),sn,code14,7917
2018,Per 100 000 inhabitants,a) time series,a) criminal offences (overall),sn,code14,6831
2019,Per 100 000 inhabitants,a) time series,a) criminal offences (overall),sn,code14,6665
1993,Per 100 000 inhabitants,a) time series,a) criminal offences (overall),st,code15,10815
1994,Per 100 000 inhabitants,a) time series,a) criminal offences (overall),st,code15,10868
1995,Per 100 000 inhabitants,a) time series,a) criminal offences (overall),st,code15,11617
1996,Per 100 000 inhabitants,a) time series,a) criminal offences (overall),st,code15,11193
1997,Per 100 000 inhabitants,a) time series,a) criminal offences (overall),st,code15,10847
1998,Per 100 000 inhabitants,a) time series,a) criminal offences (overall),st,code15,10623
1999,Per 100 000 inhabitants,a) time series,a) criminal offences (overall),st,code15,9950
2000,Per 100 000 inhabitants,a) time series,a) criminal offences (overall),st,code15,9387
2001,Per 100 000 inhabitants,a) time series,a) criminal offences (overall),st,code15,9091
2002,Per 100 000 inhabitants,a) time series,a) criminal offences (overall),st,code15,9234
2003,Per 100 000 inhabitants,a) time series,a) criminal offences (overall),st,code15,9075
2004,Per 100 000 inhabitants,a) time series,a) criminal offences (overall),st,code15,9154
2005,Per 100 000 inhabitants,a) time series,a) criminal offences (overall),st,code15,8762
2006,Per 100 000 inhabitants,a) time series,a) criminal offences (overall),st,code15,8838
2007,Per 100 000 inhabitants,a) time series,a) criminal offences (overall),st,code15,8987
2008,Per 100 000 inhabitants,a) time series,a) criminal offences (overall),st,code15,8683
2009,Per 100 000 inhabitants,a) time series,a) criminal offences (overall),st,code15,8550
2010,Per 100 000 inhabitants,a) time series,a) criminal offences (overall),st,code15,8153
2011,Per 100 000 inhabitants,a) time series,a) criminal offences (overall),st,code15,8152
2012,Per 100 000 inhabitants,a) time series,a) criminal offences (overall),st,code15,8312
2013,Per 100 000 inhabitants,a) time series,a) criminal offences (overall),st,code15,8581
2014,Per 100 000 inhabitants,a) time series,a) criminal offences (overall),st,code15,8665
2015,Per 100 000 inhabitants,a) time series,a) criminal offences (overall),st,code15,8893
2016,Per 100 000 inhabitants,a) time series,a) criminal offences (overall),st,code15,8749
2017,Per 100 000 inhabitants,a) time series,a) criminal offences (overall),st,code15,8342
2018,Per 100 000 inhabitants,a) time series,a) criminal offences (overall),st,code15,7900
2019,Per 100 000 inhabitants,a) time series,a) criminal offences (overall),st,code15,7850
1993,Per 100 000 inhabitants,a) time series,a) criminal offences (overall),sh,code01,10172
1994,Per 100 000 inhabitants,a) time series,a) criminal offences (overall),sh,code01,9732
1995,Per 100 000 inhabitants,a) time series,a) criminal offences (overall),sh,code01,10232
1996,Per 100 000 inhabitants,a) time series,a) criminal offences (overall),sh,code01,9264
1997,Per 100 000 inhabitants,a) time series,a) criminal offences (overall),sh,code01,9056
1998,Per 100 000 inhabitants,a) time series,a) criminal offences (overall),sh,code01,9137
1999,Per 100 000 inhabitants,a) time series,a) criminal offences (overall),sh,code01,8641
2000,Per 100 000 inhabitants,a) time series,a) criminal offences (overall),sh,code01,8922
2001,Per 100 000 inhabitants,a) time series,a) criminal offences (overall),sh,code01,8870
2002,Per 100 000 inhabitants,a) time series,a) criminal offences (overall),sh,code01,9225
2003,Per 100 000 inhabitants,a) time series,a) criminal offences (overall),sh,code01,9423
2004,Per 100 000 inhabitants,a) time series,a) criminal offences (overall),sh,code01,9173
2005,Per 100 000 inhabitants,a) time series,a) criminal offences (overall),sh,code01,8701
2006,Per 100 000 inhabitants,a) time series,a) criminal offences (overall),sh,code01,8637
2007,Per 100 000 inhabitants,a) time series,a) criminal offences (overall),sh,code01,8647
2008,Per 100 000 inhabitants,a) time series,a) criminal offences (overall),sh,code01,8562
2009,Per 100 000 inhabitants,a) time series,a) criminal offences (overall),sh,code01,8663
2010,Per 100 000 inhabitants,a) time series,a) criminal offences (overall),sh,code01,7913
2011,Per 100 000 inhabitants,a) time series,a) criminal offences (overall),sh,code01,7846
2012,Per 100 000 inhabitants,a) time series,a) criminal offences (overall),sh,code01,7563
2013,Per 100 000 inhabitants,a) time series,a) criminal offences (overall),sh,code01,7125
2014,Per 100 000 inhabitants,a) time series,a) criminal offences (overall),sh,code01,7184
2015,Per 100 000 inhabitants,a) time series,a) criminal offences (overall),sh,code01,7157
2016,Per 100 000 inhabitants,a) time series,a) criminal offences (overall),sh,code01,7225
2017,Per 100 000 inhabitants,a) time series,a) criminal offences (overall),sh,code01,6557
2018,Per 100 000 inhabitants,a) time series,a) criminal offences (overall),sh,code01,6467
2019,Per 100 000 inhabitants,a) time series,a) criminal offences (overall),sh,code01,6333
1993,Per 100 000 inhabitants,a) time series,a) criminal offences (overall),th,code16,6332
1994,Per 100 000 inhabitants,a) time series,a) criminal offences (overall),th,code16,6502
1995,Per 100 000 inhabitants,a) time series,a) criminal offences (overall),th,code16,7448
1996,Per 100 000 inhabitants,a) time series,a) criminal offences (overall),th,code16,7448
1997,Per 100 000 inhabitants,a) time series,a) criminal offences (overall),th,code16,6960
1998,Per 100 000 inhabitants,a) time series,a) criminal offences (overall),th,code16,7037
1999,Per 100 000 inhabitants,a) time series,a) criminal offences (overall),th,code16,6585
2000,Per 100 000 inhabitants,a) time series,a) criminal offences (overall),th,code16,6414
2001,Per 100 000 inhabitants,a) time series,a) criminal offences (overall),th,code16,6665
2002,Per 100 000 inhabitants,a) time series,a) criminal offences (overall),th,code16,6952
2003,Per 100 000 inhabitants,a) time series,a) criminal offences (overall),th,code16,6987
2004,Per 100 000 inhabitants,a) time series,a) criminal offences (overall),th,code16,6999
2005,Per 100 000 inhabitants,a) time series,a) criminal offences (overall),th,code16,6548
2006,Per 100 000 inhabitants,a) time series,a) criminal offences (overall),th,code16,6512
2007,Per 100 000 inhabitants,a) time series,a) criminal offences (overall),th,code16,6454
2008,Per 100 000 inhabitants,a) time series,a) criminal offences (overall),th,code16,6323
2009,Per 100 000 inhabitants,a) time series,a) criminal offences (overall),th,code16,6213
2010,Per 100 000 inhabitants,a) time series,a) criminal offences (overall),th,code16,6240
2011,Per 100 000 inhabitants,a) time series,a) criminal offences (overall),th,code16,6239
2012,Per 100 000 inhabitants,a) time series,a) criminal offences (overall),th,code16,6421
2013,Per 100 000 inhabitants,a) time series,a) criminal offences (overall),th,code16,6557
2014,Per 100 000 inhabitants,a) time series,a) criminal offences (overall),th,code16,6574
2015,Per 100 000 inhabitants,a) time series,a) criminal offences (overall),th,code16,6502
2016,Per 100 000 inhabitants,a) time series,a) criminal offences (overall),th,code16,6875
2017,Per 100 000 inhabitants,a) time series,a) criminal offences (overall),th,code16,6637
2018,Per 100 000 inhabitants,a) time series,a) criminal offences (overall),th,code16,6655
2019,Per 100 000 inhabitants,a) time series,a) criminal offences (overall),th,code16,6033
1993,Per 100 000 inhabitants,a) time series,serious and grievous bodily harm,a) germany (total),,109
1994,Per 100 000 inhabitants,a) time series,serious and grievous bodily harm,a) germany (total),,109
1995,Per 100 000 inhabitants,a) time series,serious and grievous bodily harm,a) germany (total),,118
1996,Per 100 000 inhabitants,a) time series,serious and grievous bodily harm,a) germany (total),,124
1997,Per 100 000 inhabitants,a) time series,serious and grievous bodily harm,a) germany (total),,130
1998,Per 100 000 inhabitants,a) time series,serious and grievous bodily harm,a) germany (total),,135
1999,Per 100 000 inhabitants,a) time series,serious and grievous bodily harm,a) germany (total),,141
2000,Per 100 000 inhabitants,a) time series,serious and grievous bodily harm,a) germany (total),,144
2001,Per 100 000 inhabitants,a) time series,serious and grievous bodily harm,a) germany (total),,148
2002,Per 100 000 inhabitants,a) time series,serious and grievous bodily harm,a) germany (total),,156
2003,Per 100 000 inhabitants,a) time series,serious and grievous bodily harm,a) germany (total),,163
2004,Per 100 000 inhabitants,a) time series,serious and grievous bodily harm,a) germany (total),,171
2005,Per 100 000 inhabitants,a) time series,serious and grievous bodily harm,a) germany (total),,181
2006,Per 100 000 inhabitants,a) time series,serious and grievous bodily harm,a) germany (total),,186
2007,Per 100 000 inhabitants,a) time series,serious and grievous bodily harm,a) germany (total),,191
2008,Per 100 000 inhabitants,a) time series,serious and grievous bodily harm,a) germany (total),,187
2009,Per 100 000 inhabitants,a) time series,serious and grievous bodily harm,a) germany (total),,185
2010,Per 100 000 inhabitants,a) time series,serious and grievous bodily harm,a) germany (total),,178
2011,Per 100 000 inhabitants,a) time series,serious and grievous bodily harm,a) germany (total),,173
2012,Per 100 000 inhabitants,a) time series,serious and grievous bodily harm,a) germany (total),,169
2013,Per 100 000 inhabitants,a) time series,serious and grievous bodily harm,a) germany (total),,159
2014,Per 100 000 inhabitants,a) time series,serious and grievous bodily harm,a) germany (total),,156
2015,Per 100 000 inhabitants,a) time series,serious and grievous bodily harm,a) germany (total),,157
2016,Per 100 000 inhabitants,a) time series,serious and grievous bodily harm,a) germany (total),,170
2017,Per 100 000 inhabitants,a) time series,serious and grievous bodily harm,a) germany (total),,166
2018,Per 100 000 inhabitants,a) time series,serious and grievous bodily harm,a) germany (total),,165
2019,Per 100 000 inhabitants,a) time series,serious and grievous bodily harm,a) germany (total),,160
1993,Per 100 000 inhabitants,a) time series,fraud,a) germany (total),,654
1994,Per 100 000 inhabitants,a) time series,fraud,a) germany (total),,724
1995,Per 100 000 inhabitants,a) time series,fraud,a) germany (total),,767
1996,Per 100 000 inhabitants,a) time series,fraud,a) germany (total),,797
1997,Per 100 000 inhabitants,a) time series,fraud,a) germany (total),,823
1998,Per 100 000 inhabitants,a) time series,fraud,a) germany (total),,866
1999,Per 100 000 inhabitants,a) time series,fraud,a) germany (total),,881
2000,Per 100 000 inhabitants,a) time series,fraud,a) germany (total),,947
2001,Per 100 000 inhabitants,a) time series,fraud,a) germany (total),,974
2002,Per 100 000 inhabitants,a) time series,fraud,a) germany (total),,966
2003,Per 100 000 inhabitants,a) time series,fraud,a) germany (total),,1074
2004,Per 100 000 inhabitants,a) time series,fraud,a) germany (total),,1156
2005,Per 100 000 inhabitants,a) time series,fraud,a) germany (total),,1167
2006,Per 100 000 inhabitants,a) time series,fraud,a) germany (total),,1174
2007,Per 100 000 inhabitants,a) time series,fraud,a) germany (total),,1126
2008,Per 100 000 inhabitants,a) time series,fraud,a) germany (total),,1097
2009,Per 100 000 inhabitants,a) time series,fraud,a) germany (total),,1186
2010,Per 100 000 inhabitants,a) time series,fraud,a) germany (total),,1205
2011,Per 100 000 inhabitants,a) time series,fraud,a) germany (total),,1165
2012,Per 100 000 inhabitants,a) time series,fraud,a) germany (total),,1193
2013,Per 100 000 inhabitants,a) time series,fraud,a) germany (total),,1165
2014,Per 100 000 inhabitants,a) time series,fraud,a) germany (total),,1200
2015,Per 100 000 inhabitants,a) time series,fraud,a) germany (total),,1190
2016,Per 100 000 inhabitants,a) time series,fraud,a) germany (total),,1094
2017,Per 100 000 inhabitants,a) time series,fraud,a) germany (total),,1103
2018,Per 100 000 inhabitants,a) time series,fraud,a) germany (total),,1016
2019,Per 100 000 inhabitants,a) time series,fraud,a) germany (total),,1003
1993,Per 100 000 inhabitants,a) time series,burglary in homes,a) germany (total),,281
1994,Per 100 000 inhabitants,a) time series,burglary in homes,a) germany (total),,260
1995,Per 100 000 inhabitants,a) time series,burglary in homes,a) germany (total),,260
1996,Per 100 000 inhabitants,a) time series,burglary in homes,a) germany (total),,241
1997,Per 100 000 inhabitants,a) time series,burglary in homes,a) germany (total),,223
1998,Per 100 000 inhabitants,a) time series,burglary in homes,a) germany (total),,205
1999,Per 100 000 inhabitants,a) time series,burglary in homes,a) germany (total),,183
2000,Per 100 000 inhabitants,a) time series,burglary in homes,a) germany (total),,172
2001,Per 100 000 inhabitants,a) time series,burglary in homes,a) germany (total),,164
2002,Per 100 000 inhabitants,a) time series,burglary in homes,a) germany (total),,159
2003,Per 100 000 inhabitants,a) time series,burglary in homes,a) germany (total),,151
2004,Per 100 000 inhabitants,a) time series,burglary in homes,a) germany (total),,152
2005,Per 100 000 inhabitants,a) time series,burglary in homes,a) germany (total),,135
2006,Per 100 000 inhabitants,a) time series,burglary in homes,a) germany (total),,131
2007,Per 100 000 inhabitants,a) time series,burglary in homes,a) germany (total),,135
2008,Per 100 000 inhabitants,a) time series,burglary in homes,a) germany (total),,134
2009,Per 100 000 inhabitants,a) time series,burglary in homes,a) germany (total),,141
2010,Per 100 000 inhabitants,a) time series,burglary in homes,a) germany (total),,151
2011,Per 100 000 inhabitants,a) time series,burglary in homes,a) germany (total),,165
2012,Per 100 000 inhabitants,a) time series,burglary in homes,a) germany (total),,179
2013,Per 100 000 inhabitants,a) time series,burglary in homes,a) germany (total),,186
2014,Per 100 000 inhabitants,a) time series,burglary in homes,a) germany (total),,188
2015,Per 100 000 inhabitants,a) time series,burglary in homes,a) germany (total),,206
2016,Per 100 000 inhabitants,a) time series,burglary in homes,a) germany (total),,184
2017,Per 100 000 inhabitants,a) time series,burglary in homes,a) germany (total),,141
2018,Per 100 000 inhabitants,a) time series,burglary in homes,a) germany (total),,118
2019,Per 100 000 inhabitants,a) time series,burglary in homes,a) germany (total),,105
