Year,Units,Federal state,GeoCode,Criminal offences,Value
1993,"Per 100,000 inhabitants",Deutschland insgesamt,Straftaten insgesamt,Straftaten insgesamt,8354.095
1994,"Per 100,000 inhabitants",Deutschland insgesamt,Straftaten insgesamt,Straftaten insgesamt,8062.642
1995,"Per 100,000 inhabitants",Deutschland insgesamt,Straftaten insgesamt,Straftaten insgesamt,8211.891
1996,"Per 100,000 inhabitants",Deutschland insgesamt,Straftaten insgesamt,Straftaten insgesamt,8165.843
1997,"Per 100,000 inhabitants",Deutschland insgesamt,Straftaten insgesamt,Straftaten insgesamt,8078.662
1998,"Per 100,000 inhabitants",Deutschland insgesamt,Straftaten insgesamt,Straftaten insgesamt,7923.243
1999,"Per 100,000 inhabitants",Deutschland insgesamt,Straftaten insgesamt,Straftaten insgesamt,7742.636
2000,"Per 100,000 inhabitants",Deutschland insgesamt,Straftaten insgesamt,Straftaten insgesamt,7691.754
2001,"Per 100,000 inhabitants",Deutschland insgesamt,Straftaten insgesamt,Straftaten insgesamt,7811.684
2002,"Per 100,000 inhabitants",Deutschland insgesamt,Straftaten insgesamt,Straftaten insgesamt,7977.821
2003,"Per 100,000 inhabitants",Deutschland insgesamt,Straftaten insgesamt,Straftaten insgesamt,8055.254
2004,"Per 100,000 inhabitants",Deutschland insgesamt,Straftaten insgesamt,Straftaten insgesamt,8137.919
2005,"Per 100,000 inhabitants",Deutschland insgesamt,Straftaten insgesamt,Straftaten insgesamt,7851.874
2006,"Per 100,000 inhabitants",Deutschland insgesamt,Straftaten insgesamt,Straftaten insgesamt,7757.168
2007,"Per 100,000 inhabitants",Deutschland insgesamt,Straftaten insgesamt,Straftaten insgesamt,7751.507
2008,"Per 100,000 inhabitants",Deutschland insgesamt,Straftaten insgesamt,Straftaten insgesamt,7556.892
2009,"Per 100,000 inhabitants",Deutschland insgesamt,Straftaten insgesamt,Straftaten insgesamt,7509.802
2010,"Per 100,000 inhabitants",Deutschland insgesamt,Straftaten insgesamt,Straftaten insgesamt,7384.652
2011,"Per 100,000 inhabitants",Deutschland insgesamt,Straftaten insgesamt,Straftaten insgesamt,7467.62
2012,"Per 100,000 inhabitants",Deutschland insgesamt,Straftaten insgesamt,Straftaten insgesamt,7465.7
2013,"Per 100,000 inhabitants",Deutschland insgesamt,Straftaten insgesamt,Straftaten insgesamt,7403.6
2014,"Per 100,000 inhabitants",Deutschland insgesamt,Straftaten insgesamt,Straftaten insgesamt,7530.3
2015,"Per 100,000 inhabitants",Deutschland insgesamt,Straftaten insgesamt,Straftaten insgesamt,7796.6
2016,"Per 100,000 inhabitants",Deutschland insgesamt,Straftaten insgesamt,Straftaten insgesamt,7754.759
2017,"Per 100,000 inhabitants",Deutschland insgesamt,Straftaten insgesamt,Straftaten insgesamt,6982.4
2018,"Per 100,000 inhabitants",Deutschland insgesamt,Straftaten insgesamt,Straftaten insgesamt,6710.185
2019,"Per 100,000 inhabitants",Deutschland insgesamt,Straftaten insgesamt,Straftaten insgesamt,6548.365
2020,"Per 100,000 inhabitants",Deutschland insgesamt,Straftaten insgesamt,Straftaten insgesamt,6385.513
2021,"Per 100,000 inhabitants",Deutschland insgesamt,Straftaten insgesamt,Straftaten insgesamt,6070.42
1993,"Per 100,000 inhabitants",Baden-Wuerttemberg,code08,Straftaten insgesamt,6123.163
1994,"Per 100,000 inhabitants",Baden-Wuerttemberg,code08,Straftaten insgesamt,5729.469
1995,"Per 100,000 inhabitants",Baden-Wuerttemberg,code08,Straftaten insgesamt,5675.863
1996,"Per 100,000 inhabitants",Baden-Wuerttemberg,code08,Straftaten insgesamt,5763.052
1997,"Per 100,000 inhabitants",Baden-Wuerttemberg,code08,Straftaten insgesamt,5822.949
1998,"Per 100,000 inhabitants",Baden-Wuerttemberg,code08,Straftaten insgesamt,5611.139
1999,"Per 100,000 inhabitants",Baden-Wuerttemberg,code08,Straftaten insgesamt,5508.378
2000,"Per 100,000 inhabitants",Baden-Wuerttemberg,code08,Straftaten insgesamt,5458.928
2001,"Per 100,000 inhabitants",Baden-Wuerttemberg,code08,Straftaten insgesamt,5551.18
2002,"Per 100,000 inhabitants",Baden-Wuerttemberg,code08,Straftaten insgesamt,5730.474
2003,"Per 100,000 inhabitants",Baden-Wuerttemberg,code08,Straftaten insgesamt,5547.172
2004,"Per 100,000 inhabitants",Baden-Wuerttemberg,code08,Straftaten insgesamt,6220.291
2005,"Per 100,000 inhabitants",Baden-Wuerttemberg,code08,Straftaten insgesamt,5883.028
2006,"Per 100,000 inhabitants",Baden-Wuerttemberg,code08,Straftaten insgesamt,5794.919
2007,"Per 100,000 inhabitants",Baden-Wuerttemberg,code08,Straftaten insgesamt,5815.19
2008,"Per 100,000 inhabitants",Baden-Wuerttemberg,code08,Straftaten insgesamt,5628.669
2009,"Per 100,000 inhabitants",Baden-Wuerttemberg,code08,Straftaten insgesamt,5515.582
2010,"Per 100,000 inhabitants",Baden-Wuerttemberg,code08,Straftaten insgesamt,5457.241
2011,"Per 100,000 inhabitants",Baden-Wuerttemberg,code08,Straftaten insgesamt,5562.282
2012,"Per 100,000 inhabitants",Baden-Wuerttemberg,code08,Straftaten insgesamt,5455.051
2013,"Per 100,000 inhabitants",Baden-Wuerttemberg,code08,Straftaten insgesamt,5450.5
2014,"Per 100,000 inhabitants",Baden-Wuerttemberg,code08,Straftaten insgesamt,5592.3
2015,"Per 100,000 inhabitants",Baden-Wuerttemberg,code08,Straftaten insgesamt,5760.805
2016,"Per 100,000 inhabitants",Baden-Wuerttemberg,code08,Straftaten insgesamt,5598.845
2017,"Per 100,000 inhabitants",Baden-Wuerttemberg,code08,Straftaten insgesamt,5295.459
2018,"Per 100,000 inhabitants",Baden-Wuerttemberg,code08,Straftaten insgesamt,5190.519
2019,"Per 100,000 inhabitants",Baden-Wuerttemberg,code08,Straftaten insgesamt,5183.715
2020,"Per 100,000 inhabitants",Baden-Wuerttemberg,code08,Straftaten insgesamt,4851.774
2021,"Per 100,000 inhabitants",Baden-Wuerttemberg,code08,Straftaten insgesamt,4380.16
1993,"Per 100,000 inhabitants",Bavaria,code09,Straftaten insgesamt,5698.936
1994,"Per 100,000 inhabitants",Bavaria,code09,Straftaten insgesamt,5755.526
1995,"Per 100,000 inhabitants",Bavaria,code09,Straftaten insgesamt,5659.312
1996,"Per 100,000 inhabitants",Bavaria,code09,Straftaten insgesamt,5792.028
1997,"Per 100,000 inhabitants",Bavaria,code09,Straftaten insgesamt,5840.88
1998,"Per 100,000 inhabitants",Bavaria,code09,Straftaten insgesamt,5729.465
1999,"Per 100,000 inhabitants",Bavaria,code09,Straftaten insgesamt,5712.341
2000,"Per 100,000 inhabitants",Bavaria,code09,Straftaten insgesamt,5654.849
2001,"Per 100,000 inhabitants",Bavaria,code09,Straftaten insgesamt,5789.82
2002,"Per 100,000 inhabitants",Bavaria,code09,Straftaten insgesamt,5671.818
2003,"Per 100,000 inhabitants",Bavaria,code09,Straftaten insgesamt,5754.791
2004,"Per 100,000 inhabitants",Bavaria,code09,Straftaten insgesamt,5801.895
2005,"Per 100,000 inhabitants",Bavaria,code09,Straftaten insgesamt,5532.8
2006,"Per 100,000 inhabitants",Bavaria,code09,Straftaten insgesamt,5455.26
2007,"Per 100,000 inhabitants",Bavaria,code09,Straftaten insgesamt,5392.219
2008,"Per 100,000 inhabitants",Bavaria,code09,Straftaten insgesamt,5199.994
2009,"Per 100,000 inhabitants",Bavaria,code09,Straftaten insgesamt,5130.388
2010,"Per 100,000 inhabitants",Bavaria,code09,Straftaten insgesamt,5017.309
2011,"Per 100,000 inhabitants",Bavaria,code09,Straftaten insgesamt,5031.799
2012,"Per 100,000 inhabitants",Bavaria,code09,Straftaten insgesamt,5037.742
2013,"Per 100,000 inhabitants",Bavaria,code09,Straftaten insgesamt,5073.1
2014,"Per 100,000 inhabitants",Bavaria,code09,Straftaten insgesamt,5163.9
2015,"Per 100,000 inhabitants",Bavaria,code09,Straftaten insgesamt,6350.003
2016,"Per 100,000 inhabitants",Bavaria,code09,Straftaten insgesamt,6870.962
2017,"Per 100,000 inhabitants",Bavaria,code09,Straftaten insgesamt,4868.333
2018,"Per 100,000 inhabitants",Bavaria,code09,Straftaten insgesamt,4888.905
2019,"Per 100,000 inhabitants",Bavaria,code09,Straftaten insgesamt,4614.796
2020,"Per 100,000 inhabitants",Bavaria,code09,Straftaten insgesamt,4527.656
2021,"Per 100,000 inhabitants",Bavaria,code09,Straftaten insgesamt,4137.538
1993,"Per 100,000 inhabitants",Berlin,code11,Straftaten insgesamt,16398.424
1994,"Per 100,000 inhabitants",Berlin,code11,Straftaten insgesamt,15960.884
1995,"Per 100,000 inhabitants",Berlin,code11,Straftaten insgesamt,16889.159
1996,"Per 100,000 inhabitants",Berlin,code11,Straftaten insgesamt,17332.703
1997,"Per 100,000 inhabitants",Berlin,code11,Straftaten insgesamt,17392.654
1998,"Per 100,000 inhabitants",Berlin,code11,Straftaten insgesamt,17432.102
1999,"Per 100,000 inhabitants",Berlin,code11,Straftaten insgesamt,17205.543
2000,"Per 100,000 inhabitants",Berlin,code11,Straftaten insgesamt,16849.007
2001,"Per 100,000 inhabitants",Berlin,code11,Straftaten insgesamt,17384.991
2002,"Per 100,000 inhabitants",Berlin,code11,Straftaten insgesamt,17758.228
2003,"Per 100,000 inhabitants",Berlin,code11,Straftaten insgesamt,17173.732
2004,"Per 100,000 inhabitants",Berlin,code11,Straftaten insgesamt,16500.48
2005,"Per 100,000 inhabitants",Berlin,code11,Straftaten insgesamt,15613.554
2006,"Per 100,000 inhabitants",Berlin,code11,Straftaten insgesamt,15240.121
2007,"Per 100,000 inhabitants",Berlin,code11,Straftaten insgesamt,15220.406
2008,"Per 100,000 inhabitants",Berlin,code11,Straftaten insgesamt,14796.442
2009,"Per 100,000 inhabitants",Berlin,code11,Straftaten insgesamt,15188.32
2010,"Per 100,000 inhabitants",Berlin,code11,Straftaten insgesamt,14526.391
2011,"Per 100,000 inhabitants",Berlin,code11,Straftaten insgesamt,15080.318
2012,"Per 100,000 inhabitants",Berlin,code11,Straftaten insgesamt,14891.663
2013,"Per 100,000 inhabitants",Berlin,code11,Straftaten insgesamt,14907.6
2014,"Per 100,000 inhabitants",Berlin,code11,Straftaten insgesamt,15873.3
2015,"Per 100,000 inhabitants",Berlin,code11,Straftaten insgesamt,16414.259
2016,"Per 100,000 inhabitants",Berlin,code11,Straftaten insgesamt,16160.653
2017,"Per 100,000 inhabitants",Berlin,code11,Straftaten insgesamt,14558.371
2018,"Per 100,000 inhabitants",Berlin,code11,Straftaten insgesamt,14160.169
2019,"Per 100,000 inhabitants",Berlin,code11,Straftaten insgesamt,14086.434
2020,"Per 100,000 inhabitants",Berlin,code11,Straftaten insgesamt,13738.745
2021,"Per 100,000 inhabitants",Berlin,code11,Straftaten insgesamt,13158.172
1993,"Per 100,000 inhabitants",Brandenburg,code12,Straftaten insgesamt,12918.761
1994,"Per 100,000 inhabitants",Brandenburg,code12,Straftaten insgesamt,12974.273
1995,"Per 100,000 inhabitants",Brandenburg,code12,Straftaten insgesamt,12097.324
1996,"Per 100,000 inhabitants",Brandenburg,code12,Straftaten insgesamt,11742.386
1997,"Per 100,000 inhabitants",Brandenburg,code12,Straftaten insgesamt,11311.745
1998,"Per 100,000 inhabitants",Brandenburg,code12,Straftaten insgesamt,10871.576
1999,"Per 100,000 inhabitants",Brandenburg,code12,Straftaten insgesamt,9785.906
2000,"Per 100,000 inhabitants",Brandenburg,code12,Straftaten insgesamt,9925.197
2001,"Per 100,000 inhabitants",Brandenburg,code12,Straftaten insgesamt,9556.005
2002,"Per 100,000 inhabitants",Brandenburg,code12,Straftaten insgesamt,9511.249
2003,"Per 100,000 inhabitants",Brandenburg,code12,Straftaten insgesamt,9613.121
2004,"Per 100,000 inhabitants",Brandenburg,code12,Straftaten insgesamt,9406.883
2005,"Per 100,000 inhabitants",Brandenburg,code12,Straftaten insgesamt,8974.969
2006,"Per 100,000 inhabitants",Brandenburg,code12,Straftaten insgesamt,8816.103
2007,"Per 100,000 inhabitants",Brandenburg,code12,Straftaten insgesamt,9010.441
2008,"Per 100,000 inhabitants",Brandenburg,code12,Straftaten insgesamt,8364.957
2009,"Per 100,000 inhabitants",Brandenburg,code12,Straftaten insgesamt,8069.819
2010,"Per 100,000 inhabitants",Brandenburg,code12,Straftaten insgesamt,8267.145
2011,"Per 100,000 inhabitants",Brandenburg,code12,Straftaten insgesamt,8031.067
2012,"Per 100,000 inhabitants",Brandenburg,code12,Straftaten insgesamt,7954.818
2013,"Per 100,000 inhabitants",Brandenburg,code12,Straftaten insgesamt,8051.7
2014,"Per 100,000 inhabitants",Brandenburg,code12,Straftaten insgesamt,8004.0
2015,"Per 100,000 inhabitants",Brandenburg,code12,Straftaten insgesamt,7659.634
2016,"Per 100,000 inhabitants",Brandenburg,code12,Straftaten insgesamt,7478.632
2017,"Per 100,000 inhabitants",Brandenburg,code12,Straftaten insgesamt,7015.138
2018,"Per 100,000 inhabitants",Brandenburg,code12,Straftaten insgesamt,6901.966
2019,"Per 100,000 inhabitants",Brandenburg,code12,Straftaten insgesamt,6840.513
2020,"Per 100,000 inhabitants",Brandenburg,code12,Straftaten insgesamt,6461.059
2021,"Per 100,000 inhabitants",Brandenburg,code12,Straftaten insgesamt,6280.503
1993,"Per 100,000 inhabitants",Bremen,code04,Straftaten insgesamt,16134.251
1994,"Per 100,000 inhabitants",Bremen,code04,Straftaten insgesamt,14849.41
1995,"Per 100,000 inhabitants",Bremen,code04,Straftaten insgesamt,14854.991
1996,"Per 100,000 inhabitants",Bremen,code04,Straftaten insgesamt,14962.599
1997,"Per 100,000 inhabitants",Bremen,code04,Straftaten insgesamt,14446.51
1998,"Per 100,000 inhabitants",Bremen,code04,Straftaten insgesamt,13342.777
1999,"Per 100,000 inhabitants",Bremen,code04,Straftaten insgesamt,13048.891
2000,"Per 100,000 inhabitants",Bremen,code04,Straftaten insgesamt,14084.637
2001,"Per 100,000 inhabitants",Bremen,code04,Straftaten insgesamt,14218.731
2002,"Per 100,000 inhabitants",Bremen,code04,Straftaten insgesamt,14555.812
2003,"Per 100,000 inhabitants",Bremen,code04,Straftaten insgesamt,14482.432
2004,"Per 100,000 inhabitants",Bremen,code04,Straftaten insgesamt,15417.977
2005,"Per 100,000 inhabitants",Bremen,code04,Straftaten insgesamt,14716.057
2006,"Per 100,000 inhabitants",Bremen,code04,Straftaten insgesamt,14546.313
2007,"Per 100,000 inhabitants",Bremen,code04,Straftaten insgesamt,14638.489
2008,"Per 100,000 inhabitants",Bremen,code04,Straftaten insgesamt,14452.295
2009,"Per 100,000 inhabitants",Bremen,code04,Straftaten insgesamt,14238.874
2010,"Per 100,000 inhabitants",Bremen,code04,Straftaten insgesamt,13643.624
2011,"Per 100,000 inhabitants",Bremen,code04,Straftaten insgesamt,14276.548
2012,"Per 100,000 inhabitants",Bremen,code04,Straftaten insgesamt,13311.315
2013,"Per 100,000 inhabitants",Bremen,code04,Straftaten insgesamt,13059.2
2014,"Per 100,000 inhabitants",Bremen,code04,Straftaten insgesamt,12743.9
2015,"Per 100,000 inhabitants",Bremen,code04,Straftaten insgesamt,13784.356
2016,"Per 100,000 inhabitants",Bremen,code04,Straftaten insgesamt,13686.598
2017,"Per 100,000 inhabitants",Bremen,code04,Straftaten insgesamt,11959.579
2018,"Per 100,000 inhabitants",Bremen,code04,Straftaten insgesamt,10942.804
2019,"Per 100,000 inhabitants",Bremen,code04,Straftaten insgesamt,11453.822
2020,"Per 100,000 inhabitants",Bremen,code04,Straftaten insgesamt,11871.515
2021,"Per 100,000 inhabitants",Bremen,code04,Straftaten insgesamt,11169.335
1993,"Per 100,000 inhabitants",Hamburg,code02,Straftaten insgesamt,16919.817
1994,"Per 100,000 inhabitants",Hamburg,code02,Straftaten insgesamt,15401.776
1995,"Per 100,000 inhabitants",Hamburg,code02,Straftaten insgesamt,16734.975
1996,"Per 100,000 inhabitants",Hamburg,code02,Straftaten insgesamt,16124.469
1997,"Per 100,000 inhabitants",Hamburg,code02,Straftaten insgesamt,17664.472
1998,"Per 100,000 inhabitants",Hamburg,code02,Straftaten insgesamt,16923.745
1999,"Per 100,000 inhabitants",Hamburg,code02,Straftaten insgesamt,16854.017
2000,"Per 100,000 inhabitants",Hamburg,code02,Straftaten insgesamt,17030.485
2001,"Per 100,000 inhabitants",Hamburg,code02,Straftaten insgesamt,19007.281
2002,"Per 100,000 inhabitants",Hamburg,code02,Straftaten insgesamt,15992.52
2003,"Per 100,000 inhabitants",Hamburg,code02,Straftaten insgesamt,16143.506
2004,"Per 100,000 inhabitants",Hamburg,code02,Straftaten insgesamt,15529.472
2005,"Per 100,000 inhabitants",Hamburg,code02,Straftaten insgesamt,14582.808
2006,"Per 100,000 inhabitants",Hamburg,code02,Straftaten insgesamt,14051.123
2007,"Per 100,000 inhabitants",Hamburg,code02,Straftaten insgesamt,14026.725
2008,"Per 100,000 inhabitants",Hamburg,code02,Straftaten insgesamt,13887.925
2009,"Per 100,000 inhabitants",Hamburg,code02,Straftaten insgesamt,13932.422
2010,"Per 100,000 inhabitants",Hamburg,code02,Straftaten insgesamt,13239.878
2011,"Per 100,000 inhabitants",Hamburg,code02,Straftaten insgesamt,13418.186
2012,"Per 100,000 inhabitants",Hamburg,code02,Straftaten insgesamt,13244.775
2013,"Per 100,000 inhabitants",Hamburg,code02,Straftaten insgesamt,13724.4
2014,"Per 100,000 inhabitants",Hamburg,code02,Straftaten insgesamt,13742.9
2015,"Per 100,000 inhabitants",Hamburg,code02,Straftaten insgesamt,13839.36
2016,"Per 100,000 inhabitants",Hamburg,code02,Straftaten insgesamt,13384.185
2017,"Per 100,000 inhabitants",Hamburg,code02,Straftaten insgesamt,12480.24
2018,"Per 100,000 inhabitants",Hamburg,code02,Straftaten insgesamt,11941.217
2019,"Per 100,000 inhabitants",Hamburg,code02,Straftaten insgesamt,11450.924
2020,"Per 100,000 inhabitants",Hamburg,code02,Straftaten insgesamt,11017.765
2021,"Per 100,000 inhabitants",Hamburg,code02,Straftaten insgesamt,10062.36
1993,"Per 100,000 inhabitants",Hesse,code06,Straftaten insgesamt,8362.552
1994,"Per 100,000 inhabitants",Hesse,code06,Straftaten insgesamt,7940.082
1995,"Per 100,000 inhabitants",Hesse,code06,Straftaten insgesamt,7776.079
1996,"Per 100,000 inhabitants",Hesse,code06,Straftaten insgesamt,7710.327
1997,"Per 100,000 inhabitants",Hesse,code06,Straftaten insgesamt,7627.771
1998,"Per 100,000 inhabitants",Hesse,code06,Straftaten insgesamt,7452.443
1999,"Per 100,000 inhabitants",Hesse,code06,Straftaten insgesamt,7135.841
2000,"Per 100,000 inhabitants",Hesse,code06,Straftaten insgesamt,6987.653
2001,"Per 100,000 inhabitants",Hesse,code06,Straftaten insgesamt,6800.932
2002,"Per 100,000 inhabitants",Hesse,code06,Straftaten insgesamt,7104.5
2003,"Per 100,000 inhabitants",Hesse,code06,Straftaten insgesamt,7535.005
2004,"Per 100,000 inhabitants",Hesse,code06,Straftaten insgesamt,7670.757
2005,"Per 100,000 inhabitants",Hesse,code06,Straftaten insgesamt,7329.074
2006,"Per 100,000 inhabitants",Hesse,code06,Straftaten insgesamt,7098.918
2007,"Per 100,000 inhabitants",Hesse,code06,Straftaten insgesamt,7015.997
2008,"Per 100,000 inhabitants",Hesse,code06,Straftaten insgesamt,6801.635
2009,"Per 100,000 inhabitants",Hesse,code06,Straftaten insgesamt,6810.08
2010,"Per 100,000 inhabitants",Hesse,code06,Straftaten insgesamt,6732.368
2011,"Per 100,000 inhabitants",Hesse,code06,Straftaten insgesamt,6647.795
2012,"Per 100,000 inhabitants",Hesse,code06,Straftaten insgesamt,6600.619
2013,"Per 100,000 inhabitants",Hesse,code06,Straftaten insgesamt,6428.6
2014,"Per 100,000 inhabitants",Hesse,code06,Straftaten insgesamt,6565.8
2015,"Per 100,000 inhabitants",Hesse,code06,Straftaten insgesamt,6616.269
2016,"Per 100,000 inhabitants",Hesse,code06,Straftaten insgesamt,6672.483
2017,"Per 100,000 inhabitants",Hesse,code06,Straftaten insgesamt,6045.818
2018,"Per 100,000 inhabitants",Hesse,code06,Straftaten insgesamt,5971.205
2019,"Per 100,000 inhabitants",Hesse,code06,Straftaten insgesamt,5822.6
2020,"Per 100,000 inhabitants",Hesse,code06,Straftaten insgesamt,5445.589
2021,"Per 100,000 inhabitants",Hesse,code06,Straftaten insgesamt,5339.612
1993,"Per 100,000 inhabitants",Mecklenburg Western Pomerania,code13,Straftaten insgesamt,13811.726
1994,"Per 100,000 inhabitants",Mecklenburg Western Pomerania,code13,Straftaten insgesamt,11897.681
1995,"Per 100,000 inhabitants",Mecklenburg Western Pomerania,code13,Straftaten insgesamt,12060.317
1996,"Per 100,000 inhabitants",Mecklenburg Western Pomerania,code13,Straftaten insgesamt,11705.199
1997,"Per 100,000 inhabitants",Mecklenburg Western Pomerania,code13,Straftaten insgesamt,11665.702
1998,"Per 100,000 inhabitants",Mecklenburg Western Pomerania,code13,Straftaten insgesamt,11310.987
1999,"Per 100,000 inhabitants",Mecklenburg Western Pomerania,code13,Straftaten insgesamt,10500.326
2000,"Per 100,000 inhabitants",Mecklenburg Western Pomerania,code13,Straftaten insgesamt,10267.223
2001,"Per 100,000 inhabitants",Mecklenburg Western Pomerania,code13,Straftaten insgesamt,10447.111
2002,"Per 100,000 inhabitants",Mecklenburg Western Pomerania,code13,Straftaten insgesamt,10000.917
2003,"Per 100,000 inhabitants",Mecklenburg Western Pomerania,code13,Straftaten insgesamt,10863.475
2004,"Per 100,000 inhabitants",Mecklenburg Western Pomerania,code13,Straftaten insgesamt,10412.37
2005,"Per 100,000 inhabitants",Mecklenburg Western Pomerania,code13,Straftaten insgesamt,9402.295
2006,"Per 100,000 inhabitants",Mecklenburg Western Pomerania,code13,Straftaten insgesamt,9029.235
2007,"Per 100,000 inhabitants",Mecklenburg Western Pomerania,code13,Straftaten insgesamt,9016.077
2008,"Per 100,000 inhabitants",Mecklenburg Western Pomerania,code13,Straftaten insgesamt,8880.811
2009,"Per 100,000 inhabitants",Mecklenburg Western Pomerania,code13,Straftaten insgesamt,8424.916
2010,"Per 100,000 inhabitants",Mecklenburg Western Pomerania,code13,Straftaten insgesamt,7968.343
2011,"Per 100,000 inhabitants",Mecklenburg Western Pomerania,code13,Straftaten insgesamt,7953.113
2012,"Per 100,000 inhabitants",Mecklenburg Western Pomerania,code13,Straftaten insgesamt,7883.321
2013,"Per 100,000 inhabitants",Mecklenburg Western Pomerania,code13,Straftaten insgesamt,7528.7
2014,"Per 100,000 inhabitants",Mecklenburg Western Pomerania,code13,Straftaten insgesamt,7304.0
2015,"Per 100,000 inhabitants",Mecklenburg Western Pomerania,code13,Straftaten insgesamt,7332.763
2016,"Per 100,000 inhabitants",Mecklenburg Western Pomerania,code13,Straftaten insgesamt,7632.343
2017,"Per 100,000 inhabitants",Mecklenburg Western Pomerania,code13,Straftaten insgesamt,6850.362
2018,"Per 100,000 inhabitants",Mecklenburg Western Pomerania,code13,Straftaten insgesamt,6744.691
2019,"Per 100,000 inhabitants",Mecklenburg Western Pomerania,code13,Straftaten insgesamt,6916.241
2020,"Per 100,000 inhabitants",Mecklenburg Western Pomerania,code13,Straftaten insgesamt,6587.246
2021,"Per 100,000 inhabitants",Mecklenburg Western Pomerania,code13,Straftaten insgesamt,6484.584
1993,"Per 100,000 inhabitants",Lower Saxony,code03,Straftaten insgesamt,8597.417
1994,"Per 100,000 inhabitants",Lower Saxony,code03,Straftaten insgesamt,7710.205
1995,"Per 100,000 inhabitants",Lower Saxony,code03,Straftaten insgesamt,7787.852
1996,"Per 100,000 inhabitants",Lower Saxony,code03,Straftaten insgesamt,7516.195
1997,"Per 100,000 inhabitants",Lower Saxony,code03,Straftaten insgesamt,7424.117
1998,"Per 100,000 inhabitants",Lower Saxony,code03,Straftaten insgesamt,7286.226
1999,"Per 100,000 inhabitants",Lower Saxony,code03,Straftaten insgesamt,7017.633
2000,"Per 100,000 inhabitants",Lower Saxony,code03,Straftaten insgesamt,7205.937
2001,"Per 100,000 inhabitants",Lower Saxony,code03,Straftaten insgesamt,7218.97
2002,"Per 100,000 inhabitants",Lower Saxony,code03,Straftaten insgesamt,7726.731
2003,"Per 100,000 inhabitants",Lower Saxony,code03,Straftaten insgesamt,7522.88
2004,"Per 100,000 inhabitants",Lower Saxony,code03,Straftaten insgesamt,7437.14
2005,"Per 100,000 inhabitants",Lower Saxony,code03,Straftaten insgesamt,7618.01
2006,"Per 100,000 inhabitants",Lower Saxony,code03,Straftaten insgesamt,7656.801
2007,"Per 100,000 inhabitants",Lower Saxony,code03,Straftaten insgesamt,7717.431
2008,"Per 100,000 inhabitants",Lower Saxony,code03,Straftaten insgesamt,7516.174
2009,"Per 100,000 inhabitants",Lower Saxony,code03,Straftaten insgesamt,7549.167
2010,"Per 100,000 inhabitants",Lower Saxony,code03,Straftaten insgesamt,7473.27
2011,"Per 100,000 inhabitants",Lower Saxony,code03,Straftaten insgesamt,7099.489
2012,"Per 100,000 inhabitants",Lower Saxony,code03,Straftaten insgesamt,7167.492
2013,"Per 100,000 inhabitants",Lower Saxony,code03,Straftaten insgesamt,7015.1
2014,"Per 100,000 inhabitants",Lower Saxony,code03,Straftaten insgesamt,7094.9
2015,"Per 100,000 inhabitants",Lower Saxony,code03,Straftaten insgesamt,7263.178
2016,"Per 100,000 inhabitants",Lower Saxony,code03,Straftaten insgesamt,7089.585
2017,"Per 100,000 inhabitants",Lower Saxony,code03,Straftaten insgesamt,6621.456
2018,"Per 100,000 inhabitants",Lower Saxony,code03,Straftaten insgesamt,6361.915
2019,"Per 100,000 inhabitants",Lower Saxony,code03,Straftaten insgesamt,6346.199
2020,"Per 100,000 inhabitants",Lower Saxony,code03,Straftaten insgesamt,6219.444
2021,"Per 100,000 inhabitants",Lower Saxony,code03,Straftaten insgesamt,5898.678
1993,"Per 100,000 inhabitants",North Rhine-Westphalia,code05,Straftaten insgesamt,7806.263
1994,"Per 100,000 inhabitants",North Rhine-Westphalia,code05,Straftaten insgesamt,7517.726
1995,"Per 100,000 inhabitants",North Rhine-Westphalia,code05,Straftaten insgesamt,7680.641
1996,"Per 100,000 inhabitants",North Rhine-Westphalia,code05,Straftaten insgesamt,7761.981
1997,"Per 100,000 inhabitants",North Rhine-Westphalia,code05,Straftaten insgesamt,7578.958
1998,"Per 100,000 inhabitants",North Rhine-Westphalia,code05,Straftaten insgesamt,7455.517
1999,"Per 100,000 inhabitants",North Rhine-Westphalia,code05,Straftaten insgesamt,7460.722
2000,"Per 100,000 inhabitants",North Rhine-Westphalia,code05,Straftaten insgesamt,7435.425
2001,"Per 100,000 inhabitants",North Rhine-Westphalia,code05,Straftaten insgesamt,7708.684
2002,"Per 100,000 inhabitants",North Rhine-Westphalia,code05,Straftaten insgesamt,8176.293
2003,"Per 100,000 inhabitants",North Rhine-Westphalia,code05,Straftaten insgesamt,8372.738
2004,"Per 100,000 inhabitants",North Rhine-Westphalia,code05,Straftaten insgesamt,8566.303
2005,"Per 100,000 inhabitants",North Rhine-Westphalia,code05,Straftaten insgesamt,8417.374
2006,"Per 100,000 inhabitants",North Rhine-Westphalia,code05,Straftaten insgesamt,8367.345
2007,"Per 100,000 inhabitants",North Rhine-Westphalia,code05,Straftaten insgesamt,8406.891
2008,"Per 100,000 inhabitants",North Rhine-Westphalia,code05,Straftaten insgesamt,8193.064
2009,"Per 100,000 inhabitants",North Rhine-Westphalia,code05,Straftaten insgesamt,8257.257
2010,"Per 100,000 inhabitants",North Rhine-Westphalia,code05,Straftaten insgesamt,8203.493
2011,"Per 100,000 inhabitants",North Rhine-Westphalia,code05,Straftaten insgesamt,8614.719
2012,"Per 100,000 inhabitants",North Rhine-Westphalia,code05,Straftaten insgesamt,8654.171
2013,"Per 100,000 inhabitants",North Rhine-Westphalia,code05,Straftaten insgesamt,8459.1
2014,"Per 100,000 inhabitants",North Rhine-Westphalia,code05,Straftaten insgesamt,8542.8
2015,"Per 100,000 inhabitants",North Rhine-Westphalia,code05,Straftaten insgesamt,8603.241
2016,"Per 100,000 inhabitants",North Rhine-Westphalia,code05,Straftaten insgesamt,8224.929
2017,"Per 100,000 inhabitants",North Rhine-Westphalia,code05,Straftaten insgesamt,7676.816
2018,"Per 100,000 inhabitants",North Rhine-Westphalia,code05,Straftaten insgesamt,7159.622
2019,"Per 100,000 inhabitants",North Rhine-Westphalia,code05,Straftaten insgesamt,6847.448
2020,"Per 100,000 inhabitants",North Rhine-Westphalia,code05,Straftaten insgesamt,6774.102
2021,"Per 100,000 inhabitants",North Rhine-Westphalia,code05,Straftaten insgesamt,6702.56
1993,"Per 100,000 inhabitants",Rhineland Palatinate,code07,Straftaten insgesamt,6087.154
1994,"Per 100,000 inhabitants",Rhineland Palatinate,code07,Straftaten insgesamt,6241.908
1995,"Per 100,000 inhabitants",Rhineland Palatinate,code07,Straftaten insgesamt,6331.018
1996,"Per 100,000 inhabitants",Rhineland Palatinate,code07,Straftaten insgesamt,6515.486
1997,"Per 100,000 inhabitants",Rhineland Palatinate,code07,Straftaten insgesamt,6666.915
1998,"Per 100,000 inhabitants",Rhineland Palatinate,code07,Straftaten insgesamt,6545.293
1999,"Per 100,000 inhabitants",Rhineland Palatinate,code07,Straftaten insgesamt,6651.262
2000,"Per 100,000 inhabitants",Rhineland Palatinate,code07,Straftaten insgesamt,6711.046
2001,"Per 100,000 inhabitants",Rhineland Palatinate,code07,Straftaten insgesamt,6509.26
2002,"Per 100,000 inhabitants",Rhineland Palatinate,code07,Straftaten insgesamt,6944.264
2003,"Per 100,000 inhabitants",Rhineland Palatinate,code07,Straftaten insgesamt,7101.824
2004,"Per 100,000 inhabitants",Rhineland Palatinate,code07,Straftaten insgesamt,7416.831
2005,"Per 100,000 inhabitants",Rhineland Palatinate,code07,Straftaten insgesamt,7344.912
2006,"Per 100,000 inhabitants",Rhineland Palatinate,code07,Straftaten insgesamt,7375.449
2007,"Per 100,000 inhabitants",Rhineland Palatinate,code07,Straftaten insgesamt,7129.584
2008,"Per 100,000 inhabitants",Rhineland Palatinate,code07,Straftaten insgesamt,7274.451
2009,"Per 100,000 inhabitants",Rhineland Palatinate,code07,Straftaten insgesamt,7044.378
2010,"Per 100,000 inhabitants",Rhineland Palatinate,code07,Straftaten insgesamt,6989.426
2011,"Per 100,000 inhabitants",Rhineland Palatinate,code07,Straftaten insgesamt,6877.573
2012,"Per 100,000 inhabitants",Rhineland Palatinate,code07,Straftaten insgesamt,6703.478
2013,"Per 100,000 inhabitants",Rhineland Palatinate,code07,Straftaten insgesamt,6702.3
2014,"Per 100,000 inhabitants",Rhineland Palatinate,code07,Straftaten insgesamt,6623.2
2015,"Per 100,000 inhabitants",Rhineland Palatinate,code07,Straftaten insgesamt,6817.535
2016,"Per 100,000 inhabitants",Rhineland Palatinate,code07,Straftaten insgesamt,6775.385
2017,"Per 100,000 inhabitants",Rhineland Palatinate,code07,Straftaten insgesamt,6190.598
2018,"Per 100,000 inhabitants",Rhineland Palatinate,code07,Straftaten insgesamt,6001.16
2019,"Per 100,000 inhabitants",Rhineland Palatinate,code07,Straftaten insgesamt,5912.808
2020,"Per 100,000 inhabitants",Rhineland Palatinate,code07,Straftaten insgesamt,5625.536
2021,"Per 100,000 inhabitants",Rhineland Palatinate,code07,Straftaten insgesamt,5302.203
1993,"Per 100,000 inhabitants",Saarland,code10,Straftaten insgesamt,6278.272
1994,"Per 100,000 inhabitants",Saarland,code10,Straftaten insgesamt,5852.276
1995,"Per 100,000 inhabitants",Saarland,code10,Straftaten insgesamt,5983.061
1996,"Per 100,000 inhabitants",Saarland,code10,Straftaten insgesamt,6315.61
1997,"Per 100,000 inhabitants",Saarland,code10,Straftaten insgesamt,6273.252
1998,"Per 100,000 inhabitants",Saarland,code10,Straftaten insgesamt,6055.088
1999,"Per 100,000 inhabitants",Saarland,code10,Straftaten insgesamt,5823.678
2000,"Per 100,000 inhabitants",Saarland,code10,Straftaten insgesamt,6042.876
2001,"Per 100,000 inhabitants",Saarland,code10,Straftaten insgesamt,5719.677
2002,"Per 100,000 inhabitants",Saarland,code10,Straftaten insgesamt,6865.81
2003,"Per 100,000 inhabitants",Saarland,code10,Straftaten insgesamt,7075.431
2004,"Per 100,000 inhabitants",Saarland,code10,Straftaten insgesamt,7384.278
2005,"Per 100,000 inhabitants",Saarland,code10,Straftaten insgesamt,7384.378
2006,"Per 100,000 inhabitants",Saarland,code10,Straftaten insgesamt,7629.258
2007,"Per 100,000 inhabitants",Saarland,code10,Straftaten insgesamt,7162.618
2008,"Per 100,000 inhabitants",Saarland,code10,Straftaten insgesamt,7638.729
2009,"Per 100,000 inhabitants",Saarland,code10,Straftaten insgesamt,7335.319
2010,"Per 100,000 inhabitants",Saarland,code10,Straftaten insgesamt,7133.975
2011,"Per 100,000 inhabitants",Saarland,code10,Straftaten insgesamt,6913.809
2012,"Per 100,000 inhabitants",Saarland,code10,Straftaten insgesamt,7302.865
2013,"Per 100,000 inhabitants",Saarland,code10,Straftaten insgesamt,7295.7
2014,"Per 100,000 inhabitants",Saarland,code10,Straftaten insgesamt,7641.5
2015,"Per 100,000 inhabitants",Saarland,code10,Straftaten insgesamt,7885.767
2016,"Per 100,000 inhabitants",Saarland,code10,Straftaten insgesamt,7732.145
2017,"Per 100,000 inhabitants",Saarland,code10,Straftaten insgesamt,7109.811
2018,"Per 100,000 inhabitants",Saarland,code10,Straftaten insgesamt,7128.739
2019,"Per 100,000 inhabitants",Saarland,code10,Straftaten insgesamt,7543.495
2020,"Per 100,000 inhabitants",Saarland,code10,Straftaten insgesamt,6930.885
2021,"Per 100,000 inhabitants",Saarland,code10,Straftaten insgesamt,5960.522
1993,"Per 100,000 inhabitants",Saxony,code14,Straftaten insgesamt,7652.857
1994,"Per 100,000 inhabitants",Saxony,code14,Straftaten insgesamt,8402.371
1995,"Per 100,000 inhabitants",Saxony,code14,Straftaten insgesamt,8831.66
1996,"Per 100,000 inhabitants",Saxony,code14,Straftaten insgesamt,8619.387
1997,"Per 100,000 inhabitants",Saxony,code14,Straftaten insgesamt,8086.722
1998,"Per 100,000 inhabitants",Saxony,code14,Straftaten insgesamt,8157.421
1999,"Per 100,000 inhabitants",Saxony,code14,Straftaten insgesamt,8254.225
2000,"Per 100,000 inhabitants",Saxony,code14,Straftaten insgesamt,7883.492
2001,"Per 100,000 inhabitants",Saxony,code14,Straftaten insgesamt,8029.526
2002,"Per 100,000 inhabitants",Saxony,code14,Straftaten insgesamt,7761.987
2003,"Per 100,000 inhabitants",Saxony,code14,Straftaten insgesamt,8210.91
2004,"Per 100,000 inhabitants",Saxony,code14,Straftaten insgesamt,7871.042
2005,"Per 100,000 inhabitants",Saxony,code14,Straftaten insgesamt,7510.035
2006,"Per 100,000 inhabitants",Saxony,code14,Straftaten insgesamt,7311.846
2007,"Per 100,000 inhabitants",Saxony,code14,Straftaten insgesamt,7366.852
2008,"Per 100,000 inhabitants",Saxony,code14,Straftaten insgesamt,7129.874
2009,"Per 100,000 inhabitants",Saxony,code14,Straftaten insgesamt,6787.29
2010,"Per 100,000 inhabitants",Saxony,code14,Straftaten insgesamt,7107.245
2011,"Per 100,000 inhabitants",Saxony,code14,Straftaten insgesamt,7227.656
2012,"Per 100,000 inhabitants",Saxony,code14,Straftaten insgesamt,7705.771
2013,"Per 100,000 inhabitants",Saxony,code14,Straftaten insgesamt,7715.7
2014,"Per 100,000 inhabitants",Saxony,code14,Straftaten insgesamt,8086.1
2015,"Per 100,000 inhabitants",Saxony,code14,Straftaten insgesamt,7764.235
2016,"Per 100,000 inhabitants",Saxony,code14,Straftaten insgesamt,7949.764
2017,"Per 100,000 inhabitants",Saxony,code14,Straftaten insgesamt,7916.54
2018,"Per 100,000 inhabitants",Saxony,code14,Straftaten insgesamt,6831.045
2019,"Per 100,000 inhabitants",Saxony,code14,Straftaten insgesamt,6665.037
2020,"Per 100,000 inhabitants",Saxony,code14,Straftaten insgesamt,6694.252
2021,"Per 100,000 inhabitants",Saxony,code14,Straftaten insgesamt,6078.841
1993,"Per 100,000 inhabitants",Saxony-Anhalt,code15,Straftaten insgesamt,10814.783
1994,"Per 100,000 inhabitants",Saxony-Anhalt,code15,Straftaten insgesamt,10867.948
1995,"Per 100,000 inhabitants",Saxony-Anhalt,code15,Straftaten insgesamt,11616.502
1996,"Per 100,000 inhabitants",Saxony-Anhalt,code15,Straftaten insgesamt,11192.657
1997,"Per 100,000 inhabitants",Saxony-Anhalt,code15,Straftaten insgesamt,10846.8
1998,"Per 100,000 inhabitants",Saxony-Anhalt,code15,Straftaten insgesamt,10622.56
1999,"Per 100,000 inhabitants",Saxony-Anhalt,code15,Straftaten insgesamt,9950.458
2000,"Per 100,000 inhabitants",Saxony-Anhalt,code15,Straftaten insgesamt,9387.269
2001,"Per 100,000 inhabitants",Saxony-Anhalt,code15,Straftaten insgesamt,9090.811
2002,"Per 100,000 inhabitants",Saxony-Anhalt,code15,Straftaten insgesamt,9234.362
2003,"Per 100,000 inhabitants",Saxony-Anhalt,code15,Straftaten insgesamt,9074.731
2004,"Per 100,000 inhabitants",Saxony-Anhalt,code15,Straftaten insgesamt,9153.639
2005,"Per 100,000 inhabitants",Saxony-Anhalt,code15,Straftaten insgesamt,8761.717
2006,"Per 100,000 inhabitants",Saxony-Anhalt,code15,Straftaten insgesamt,8838.34
2007,"Per 100,000 inhabitants",Saxony-Anhalt,code15,Straftaten insgesamt,8987.344
2008,"Per 100,000 inhabitants",Saxony-Anhalt,code15,Straftaten insgesamt,8683.108
2009,"Per 100,000 inhabitants",Saxony-Anhalt,code15,Straftaten insgesamt,8549.909
2010,"Per 100,000 inhabitants",Saxony-Anhalt,code15,Straftaten insgesamt,8152.566
2011,"Per 100,000 inhabitants",Saxony-Anhalt,code15,Straftaten insgesamt,8151.917
2012,"Per 100,000 inhabitants",Saxony-Anhalt,code15,Straftaten insgesamt,8311.636
2013,"Per 100,000 inhabitants",Saxony-Anhalt,code15,Straftaten insgesamt,8581.1
2014,"Per 100,000 inhabitants",Saxony-Anhalt,code15,Straftaten insgesamt,8664.7
2015,"Per 100,000 inhabitants",Saxony-Anhalt,code15,Straftaten insgesamt,8893.077
2016,"Per 100,000 inhabitants",Saxony-Anhalt,code15,Straftaten insgesamt,8749.349
2017,"Per 100,000 inhabitants",Saxony-Anhalt,code15,Straftaten insgesamt,8342.173
2018,"Per 100,000 inhabitants",Saxony-Anhalt,code15,Straftaten insgesamt,7900.072
2019,"Per 100,000 inhabitants",Saxony-Anhalt,code15,Straftaten insgesamt,7849.719
2020,"Per 100,000 inhabitants",Saxony-Anhalt,code15,Straftaten insgesamt,8105.771
2021,"Per 100,000 inhabitants",Saxony-Anhalt,code15,Straftaten insgesamt,7816.997
1993,"Per 100,000 inhabitants",Schleswig-Holstein,code01,Straftaten insgesamt,10172.416
1994,"Per 100,000 inhabitants",Schleswig-Holstein,code01,Straftaten insgesamt,9732.496
1995,"Per 100,000 inhabitants",Schleswig-Holstein,code01,Straftaten insgesamt,10232.419
1996,"Per 100,000 inhabitants",Schleswig-Holstein,code01,Straftaten insgesamt,9264.181
1997,"Per 100,000 inhabitants",Schleswig-Holstein,code01,Straftaten insgesamt,9055.635
1998,"Per 100,000 inhabitants",Schleswig-Holstein,code01,Straftaten insgesamt,9136.844
1999,"Per 100,000 inhabitants",Schleswig-Holstein,code01,Straftaten insgesamt,8641.096
2000,"Per 100,000 inhabitants",Schleswig-Holstein,code01,Straftaten insgesamt,8921.709
2001,"Per 100,000 inhabitants",Schleswig-Holstein,code01,Straftaten insgesamt,8869.599
2002,"Per 100,000 inhabitants",Schleswig-Holstein,code01,Straftaten insgesamt,9225.22
2003,"Per 100,000 inhabitants",Schleswig-Holstein,code01,Straftaten insgesamt,9422.916
2004,"Per 100,000 inhabitants",Schleswig-Holstein,code01,Straftaten insgesamt,9173.319
2005,"Per 100,000 inhabitants",Schleswig-Holstein,code01,Straftaten insgesamt,8701.113
2006,"Per 100,000 inhabitants",Schleswig-Holstein,code01,Straftaten insgesamt,8636.899
2007,"Per 100,000 inhabitants",Schleswig-Holstein,code01,Straftaten insgesamt,8646.522
2008,"Per 100,000 inhabitants",Schleswig-Holstein,code01,Straftaten insgesamt,8562.115
2009,"Per 100,000 inhabitants",Schleswig-Holstein,code01,Straftaten insgesamt,8663.306
2010,"Per 100,000 inhabitants",Schleswig-Holstein,code01,Straftaten insgesamt,7912.869
2011,"Per 100,000 inhabitants",Schleswig-Holstein,code01,Straftaten insgesamt,7845.803
2012,"Per 100,000 inhabitants",Schleswig-Holstein,code01,Straftaten insgesamt,7562.737
2013,"Per 100,000 inhabitants",Schleswig-Holstein,code01,Straftaten insgesamt,7125.0
2014,"Per 100,000 inhabitants",Schleswig-Holstein,code01,Straftaten insgesamt,7184.1
2015,"Per 100,000 inhabitants",Schleswig-Holstein,code01,Straftaten insgesamt,7156.755
2016,"Per 100,000 inhabitants",Schleswig-Holstein,code01,Straftaten insgesamt,7224.962
2017,"Per 100,000 inhabitants",Schleswig-Holstein,code01,Straftaten insgesamt,6557.386
2018,"Per 100,000 inhabitants",Schleswig-Holstein,code01,Straftaten insgesamt,6467.321
2019,"Per 100,000 inhabitants",Schleswig-Holstein,code01,Straftaten insgesamt,6332.87
2020,"Per 100,000 inhabitants",Schleswig-Holstein,code01,Straftaten insgesamt,5989.759
2021,"Per 100,000 inhabitants",Schleswig-Holstein,code01,Straftaten insgesamt,6076.97
1993,"Per 100,000 inhabitants",Thuringia,code16,Straftaten insgesamt,6331.544
1994,"Per 100,000 inhabitants",Thuringia,code16,Straftaten insgesamt,6501.611
1995,"Per 100,000 inhabitants",Thuringia,code16,Straftaten insgesamt,7448.463
1996,"Per 100,000 inhabitants",Thuringia,code16,Straftaten insgesamt,7447.762
1997,"Per 100,000 inhabitants",Thuringia,code16,Straftaten insgesamt,6959.749
1998,"Per 100,000 inhabitants",Thuringia,code16,Straftaten insgesamt,7036.777
1999,"Per 100,000 inhabitants",Thuringia,code16,Straftaten insgesamt,6584.864
2000,"Per 100,000 inhabitants",Thuringia,code16,Straftaten insgesamt,6414.074
2001,"Per 100,000 inhabitants",Thuringia,code16,Straftaten insgesamt,6664.577
2002,"Per 100,000 inhabitants",Thuringia,code16,Straftaten insgesamt,6952.29
2003,"Per 100,000 inhabitants",Thuringia,code16,Straftaten insgesamt,6986.982
2004,"Per 100,000 inhabitants",Thuringia,code16,Straftaten insgesamt,6998.765
2005,"Per 100,000 inhabitants",Thuringia,code16,Straftaten insgesamt,6547.534
2006,"Per 100,000 inhabitants",Thuringia,code16,Straftaten insgesamt,6511.577
2007,"Per 100,000 inhabitants",Thuringia,code16,Straftaten insgesamt,6454.177
2008,"Per 100,000 inhabitants",Thuringia,code16,Straftaten insgesamt,6323.087
2009,"Per 100,000 inhabitants",Thuringia,code16,Straftaten insgesamt,6213.414
2010,"Per 100,000 inhabitants",Thuringia,code16,Straftaten insgesamt,6240.479
2011,"Per 100,000 inhabitants",Thuringia,code16,Straftaten insgesamt,6239.159
2012,"Per 100,000 inhabitants",Thuringia,code16,Straftaten insgesamt,6421.287
2013,"Per 100,000 inhabitants",Thuringia,code16,Straftaten insgesamt,6556.7
2014,"Per 100,000 inhabitants",Thuringia,code16,Straftaten insgesamt,6574.3
2015,"Per 100,000 inhabitants",Thuringia,code16,Straftaten insgesamt,6502.349
2016,"Per 100,000 inhabitants",Thuringia,code16,Straftaten insgesamt,6874.512
2017,"Per 100,000 inhabitants",Thuringia,code16,Straftaten insgesamt,6637.095
2018,"Per 100,000 inhabitants",Thuringia,code16,Straftaten insgesamt,6654.782
2019,"Per 100,000 inhabitants",Thuringia,code16,Straftaten insgesamt,6033.236
2020,"Per 100,000 inhabitants",Thuringia,code16,Straftaten insgesamt,6652.97
2021,"Per 100,000 inhabitants",Thuringia,code16,Straftaten insgesamt,6150.775
1993,"Per 100,000 inhabitants",Deutschland insgesamt,Straftaten insgesamt,Dangerous and serious bodily injury,108.635
1994,"Per 100,000 inhabitants",Deutschland insgesamt,Straftaten insgesamt,Dangerous and serious bodily injury,108.571
1995,"Per 100,000 inhabitants",Deutschland insgesamt,Straftaten insgesamt,Dangerous and serious bodily injury,117.918
1996,"Per 100,000 inhabitants",Deutschland insgesamt,Straftaten insgesamt,Dangerous and serious bodily injury,124.476
1997,"Per 100,000 inhabitants",Deutschland insgesamt,Straftaten insgesamt,Dangerous and serious bodily injury,130.293
1998,"Per 100,000 inhabitants",Deutschland insgesamt,Straftaten insgesamt,Dangerous and serious bodily injury,135.319
1999,"Per 100,000 inhabitants",Deutschland insgesamt,Straftaten insgesamt,Dangerous and serious bodily injury,140.687
2000,"Per 100,000 inhabitants",Deutschland insgesamt,Straftaten insgesamt,Dangerous and serious bodily injury,143.543
2001,"Per 100,000 inhabitants",Deutschland insgesamt,Straftaten insgesamt,Dangerous and serious bodily injury,147.724
2002,"Per 100,000 inhabitants",Deutschland insgesamt,Straftaten insgesamt,Dangerous and serious bodily injury,155.614
2003,"Per 100,000 inhabitants",Deutschland insgesamt,Straftaten insgesamt,Dangerous and serious bodily injury,162.542
2004,"Per 100,000 inhabitants",Deutschland insgesamt,Straftaten insgesamt,Dangerous and serious bodily injury,171.451
2005,"Per 100,000 inhabitants",Deutschland insgesamt,Straftaten insgesamt,Dangerous and serious bodily injury,180.731
2006,"Per 100,000 inhabitants",Deutschland insgesamt,Straftaten insgesamt,Dangerous and serious bodily injury,185.646
2007,"Per 100,000 inhabitants",Deutschland insgesamt,Straftaten insgesamt,Dangerous and serious bodily injury,190.991
2008,"Per 100,000 inhabitants",Deutschland insgesamt,Straftaten insgesamt,Dangerous and serious bodily injury,186.889
2009,"Per 100,000 inhabitants",Deutschland insgesamt,Straftaten insgesamt,Dangerous and serious bodily injury,185.193
2010,"Per 100,000 inhabitants",Deutschland insgesamt,Straftaten insgesamt,Dangerous and serious bodily injury,177.859
2011,"Per 100,000 inhabitants",Deutschland insgesamt,Straftaten insgesamt,Dangerous and serious bodily injury,173.382
2012,"Per 100,000 inhabitants",Deutschland insgesamt,Straftaten insgesamt,Dangerous and serious bodily injury,169.402
2013,"Per 100,000 inhabitants",Deutschland insgesamt,Straftaten insgesamt,Dangerous and serious bodily injury,158.8
2014,"Per 100,000 inhabitants",Deutschland insgesamt,Straftaten insgesamt,Dangerous and serious bodily injury,155.7
2015,"Per 100,000 inhabitants",Deutschland insgesamt,Straftaten insgesamt,Dangerous and serious bodily injury,156.9
2016,"Per 100,000 inhabitants",Deutschland insgesamt,Straftaten insgesamt,Dangerous and serious bodily injury,170.407
2017,"Per 100,000 inhabitants",Deutschland insgesamt,Straftaten insgesamt,Dangerous and serious bodily injury,166.3
2018,"Per 100,000 inhabitants",Deutschland insgesamt,Straftaten insgesamt,Dangerous and serious bodily injury,165.144
2019,"Per 100,000 inhabitants",Deutschland insgesamt,Straftaten insgesamt,Dangerous and serious bodily injury,160.305
2020,"Per 100,000 inhabitants",Deutschland insgesamt,Straftaten insgesamt,Dangerous and serious bodily injury,156.857
2021,"Per 100,000 inhabitants",Deutschland insgesamt,Straftaten insgesamt,Dangerous and serious bodily injury,147.124
1993,"Per 100,000 inhabitants",Deutschland insgesamt,Straftaten insgesamt,Fraud,653.924
1994,"Per 100,000 inhabitants",Deutschland insgesamt,Straftaten insgesamt,Fraud,724.436
1995,"Per 100,000 inhabitants",Deutschland insgesamt,Straftaten insgesamt,Fraud,767.389
1996,"Per 100,000 inhabitants",Deutschland insgesamt,Straftaten insgesamt,Fraud,796.795
1997,"Per 100,000 inhabitants",Deutschland insgesamt,Straftaten insgesamt,Fraud,822.866
1998,"Per 100,000 inhabitants",Deutschland insgesamt,Straftaten insgesamt,Fraud,865.74
1999,"Per 100,000 inhabitants",Deutschland insgesamt,Straftaten insgesamt,Fraud,881.271
2000,"Per 100,000 inhabitants",Deutschland insgesamt,Straftaten insgesamt,Fraud,947.075
2001,"Per 100,000 inhabitants",Deutschland insgesamt,Straftaten insgesamt,Fraud,973.907
2002,"Per 100,000 inhabitants",Deutschland insgesamt,Straftaten insgesamt,Fraud,966.313
2003,"Per 100,000 inhabitants",Deutschland insgesamt,Straftaten insgesamt,Fraud,1073.724
2004,"Per 100,000 inhabitants",Deutschland insgesamt,Straftaten insgesamt,Fraud,1155.524
2005,"Per 100,000 inhabitants",Deutschland insgesamt,Straftaten insgesamt,Fraud,1166.926
2006,"Per 100,000 inhabitants",Deutschland insgesamt,Straftaten insgesamt,Fraud,1174.211
2007,"Per 100,000 inhabitants",Deutschland insgesamt,Straftaten insgesamt,Fraud,1125.97
2008,"Per 100,000 inhabitants",Deutschland insgesamt,Straftaten insgesamt,Fraud,1097.427
2009,"Per 100,000 inhabitants",Deutschland insgesamt,Straftaten insgesamt,Fraud,1185.581
2010,"Per 100,000 inhabitants",Deutschland insgesamt,Straftaten insgesamt,Fraud,1204.99
2011,"Per 100,000 inhabitants",Deutschland insgesamt,Straftaten insgesamt,Fraud,1165.368
2012,"Per 100,000 inhabitants",Deutschland insgesamt,Straftaten insgesamt,Fraud,1193.253
2013,"Per 100,000 inhabitants",Deutschland insgesamt,Straftaten insgesamt,Fraud,1164.7
2014,"Per 100,000 inhabitants",Deutschland insgesamt,Straftaten insgesamt,Fraud,1199.6
2015,"Per 100,000 inhabitants",Deutschland insgesamt,Straftaten insgesamt,Fraud,1190.1
2016,"Per 100,000 inhabitants",Deutschland insgesamt,Straftaten insgesamt,Fraud,1094.0
2017,"Per 100,000 inhabitants",Deutschland insgesamt,Straftaten insgesamt,Fraud,1103.2
2018,"Per 100,000 inhabitants",Deutschland insgesamt,Straftaten insgesamt,Fraud,1015.532
2019,"Per 100,000 inhabitants",Deutschland insgesamt,Straftaten insgesamt,Fraud,1003.341
2020,"Per 100,000 inhabitants",Deutschland insgesamt,Straftaten insgesamt,Fraud,971.632
2021,"Per 100,000 inhabitants",Deutschland insgesamt,Straftaten insgesamt,Fraud,954.388
1993,"Per 100,000 inhabitants",Deutschland insgesamt,Straftaten insgesamt,Domestic burglary,281.031
1994,"Per 100,000 inhabitants",Deutschland insgesamt,Straftaten insgesamt,Domestic burglary,260.192
1995,"Per 100,000 inhabitants",Deutschland insgesamt,Straftaten insgesamt,Domestic burglary,260.099
1996,"Per 100,000 inhabitants",Deutschland insgesamt,Straftaten insgesamt,Domestic burglary,240.52
1997,"Per 100,000 inhabitants",Deutschland insgesamt,Straftaten insgesamt,Domestic burglary,223.254
1998,"Per 100,000 inhabitants",Deutschland insgesamt,Straftaten insgesamt,Domestic burglary,204.606
1999,"Per 100,000 inhabitants",Deutschland insgesamt,Straftaten insgesamt,Domestic burglary,183.106
2000,"Per 100,000 inhabitants",Deutschland insgesamt,Straftaten insgesamt,Domestic burglary,171.909
2001,"Per 100,000 inhabitants",Deutschland insgesamt,Straftaten insgesamt,Domestic burglary,164.145
2002,"Per 100,000 inhabitants",Deutschland insgesamt,Straftaten insgesamt,Domestic burglary,159.443
2003,"Per 100,000 inhabitants",Deutschland insgesamt,Straftaten insgesamt,Domestic burglary,151.1
2004,"Per 100,000 inhabitants",Deutschland insgesamt,Straftaten insgesamt,Domestic burglary,152.32
2005,"Per 100,000 inhabitants",Deutschland insgesamt,Straftaten insgesamt,Domestic burglary,134.805
2006,"Per 100,000 inhabitants",Deutschland insgesamt,Straftaten insgesamt,Domestic burglary,130.562
2007,"Per 100,000 inhabitants",Deutschland insgesamt,Straftaten insgesamt,Domestic burglary,134.599
2008,"Per 100,000 inhabitants",Deutschland insgesamt,Straftaten insgesamt,Domestic burglary,133.836
2009,"Per 100,000 inhabitants",Deutschland insgesamt,Straftaten insgesamt,Domestic burglary,141.158
2010,"Per 100,000 inhabitants",Deutschland insgesamt,Straftaten insgesamt,Domestic burglary,151.03
2011,"Per 100,000 inhabitants",Deutschland insgesamt,Straftaten insgesamt,Domestic burglary,165.285
2012,"Per 100,000 inhabitants",Deutschland insgesamt,Straftaten insgesamt,Domestic burglary,179.411
2013,"Per 100,000 inhabitants",Deutschland insgesamt,Straftaten insgesamt,Domestic burglary,185.7
2014,"Per 100,000 inhabitants",Deutschland insgesamt,Straftaten insgesamt,Domestic burglary,188.3
2015,"Per 100,000 inhabitants",Deutschland insgesamt,Straftaten insgesamt,Domestic burglary,205.8
2016,"Per 100,000 inhabitants",Deutschland insgesamt,Straftaten insgesamt,Domestic burglary,184.075
2017,"Per 100,000 inhabitants",Deutschland insgesamt,Straftaten insgesamt,Domestic burglary,141.2
2018,"Per 100,000 inhabitants",Deutschland insgesamt,Straftaten insgesamt,Domestic burglary,117.769
2019,"Per 100,000 inhabitants",Deutschland insgesamt,Straftaten insgesamt,Domestic burglary,104.97
2020,"Per 100,000 inhabitants",Deutschland insgesamt,Straftaten insgesamt,Domestic burglary,90.208
2021,"Per 100,000 inhabitants",Deutschland insgesamt,Straftaten insgesamt,Domestic burglary,65.223
1993,"Per 100,000 inhabitants",Deutschland insgesamt,Straftaten insgesamt,Other offences,7310.504
1994,"Per 100,000 inhabitants",Deutschland insgesamt,Straftaten insgesamt,Other offences,6969.442
1995,"Per 100,000 inhabitants",Deutschland insgesamt,Straftaten insgesamt,Other offences,7066.485
1996,"Per 100,000 inhabitants",Deutschland insgesamt,Straftaten insgesamt,Other offences,7004.051
1997,"Per 100,000 inhabitants",Deutschland insgesamt,Straftaten insgesamt,Other offences,6902.249
1998,"Per 100,000 inhabitants",Deutschland insgesamt,Straftaten insgesamt,Other offences,6717.579
1999,"Per 100,000 inhabitants",Deutschland insgesamt,Straftaten insgesamt,Other offences,6537.571
2000,"Per 100,000 inhabitants",Deutschland insgesamt,Straftaten insgesamt,Other offences,6429.227
2001,"Per 100,000 inhabitants",Deutschland insgesamt,Straftaten insgesamt,Other offences,6525.908
2002,"Per 100,000 inhabitants",Deutschland insgesamt,Straftaten insgesamt,Other offences,6696.451
2003,"Per 100,000 inhabitants",Deutschland insgesamt,Straftaten insgesamt,Other offences,6667.887
2004,"Per 100,000 inhabitants",Deutschland insgesamt,Straftaten insgesamt,Other offences,6658.625
2005,"Per 100,000 inhabitants",Deutschland insgesamt,Straftaten insgesamt,Other offences,6369.412
2006,"Per 100,000 inhabitants",Deutschland insgesamt,Straftaten insgesamt,Other offences,6266.75
2007,"Per 100,000 inhabitants",Deutschland insgesamt,Straftaten insgesamt,Other offences,6299.947
2008,"Per 100,000 inhabitants",Deutschland insgesamt,Straftaten insgesamt,Other offences,6138.74
2009,"Per 100,000 inhabitants",Deutschland insgesamt,Straftaten insgesamt,Other offences,5997.87
2010,"Per 100,000 inhabitants",Deutschland insgesamt,Straftaten insgesamt,Other offences,5850.772
2011,"Per 100,000 inhabitants",Deutschland insgesamt,Straftaten insgesamt,Other offences,5963.585
2012,"Per 100,000 inhabitants",Deutschland insgesamt,Straftaten insgesamt,Other offences,5923.634
2013,"Per 100,000 inhabitants",Deutschland insgesamt,Straftaten insgesamt,Other offences,5894.4
2014,"Per 100,000 inhabitants",Deutschland insgesamt,Straftaten insgesamt,Other offences,5986.7
2015,"Per 100,000 inhabitants",Deutschland insgesamt,Straftaten insgesamt,Other offences,6243.8
2016,"Per 100,000 inhabitants",Deutschland insgesamt,Straftaten insgesamt,Other offences,6306.277
2017,"Per 100,000 inhabitants",Deutschland insgesamt,Straftaten insgesamt,Other offences,5571.7
2018,"Per 100,000 inhabitants",Deutschland insgesamt,Straftaten insgesamt,Other offences,5411.739
2019,"Per 100,000 inhabitants",Deutschland insgesamt,Straftaten insgesamt,Other offences,5279.749
2020,"Per 100,000 inhabitants",Deutschland insgesamt,Straftaten insgesamt,Other offences,5166.816
2021,"Per 100,000 inhabitants",Deutschland insgesamt,Straftaten insgesamt,Other offences,4903.685
