Year,Units,Time series,Federal state,GeoCode,Value
2005,Number,,,,140519.0
2006,Number,,,,141289.0
2007,Number,,,,136087.0
2008,Number,,,,140832.0
2009,Number,,,,147152.0
2010,Number,,,,153690.0
2011,Number,,,,158557.0
2012,Number,,,,170618.0
2013,Number,,,,185787.0
2014,Number,,,,200349.0
2015,Number,,,,215258.0
2016,Number,,,,230689.0
2017,Number,,,,247436.0
2018,Number,,,,267250.0
2019,Number,,,,285450.0
2020,Number,,,,298149.0
2021,Number,,,,316001.0
2005,Number,,Baden-Wuerttemberg,code08,
2006,Number,,Baden-Wuerttemberg,code08,20133.0
2007,Number,,Baden-Wuerttemberg,code08,19383.0
2008,Number,,Baden-Wuerttemberg,code08,19840.0
2009,Number,,Baden-Wuerttemberg,code08,20914.0
2010,Number,,Baden-Wuerttemberg,code08,21886.0
2011,Number,,Baden-Wuerttemberg,code08,21857.0
2012,Number,,Baden-Wuerttemberg,code08,24175.0
2013,Number,,Baden-Wuerttemberg,code08,26218.0
2014,Number,,Baden-Wuerttemberg,code08,28199.0
2015,Number,,Baden-Wuerttemberg,code08,30019.0
2016,Number,,Baden-Wuerttemberg,code08,32126.0
2017,Number,,Baden-Wuerttemberg,code08,32564.0
2018,Number,,Baden-Wuerttemberg,code08,32221.0
2019,Number,,Baden-Wuerttemberg,code08,31590.0
2020,Number,,Baden-Wuerttemberg,code08,30143.0
2021,Number,,Baden-Wuerttemberg,code08,30127.0
2005,Number,,Bavaria,code09,
2006,Number,,Bavaria,code09,13978.0
2007,Number,,Bavaria,code09,13633.0
2008,Number,,Bavaria,code09,14130.0
2009,Number,,Bavaria,code09,14747.0
2010,Number,,Bavaria,code09,15618.0
2011,Number,,Bavaria,code09,16297.0
2012,Number,,Bavaria,code09,17742.0
2013,Number,,Bavaria,code09,20459.0
2014,Number,,Bavaria,code09,22184.0
2015,Number,,Bavaria,code09,24310.0
2016,Number,,Bavaria,code09,26347.0
2017,Number,,Bavaria,code09,30357.0
2018,Number,,Bavaria,code09,34357.0
2019,Number,,Bavaria,code09,37939.0
2020,Number,,Bavaria,code09,42253.0
2021,Number,,Bavaria,code09,47700.0
2005,Number,,Berlin,code11,
2006,Number,,Berlin,code11,9715.0
2007,Number,,Berlin,code11,10005.0
2008,Number,,Berlin,code11,10531.0
2009,Number,,Berlin,code11,10914.0
2010,Number,,Berlin,code11,11647.0
2011,Number,,Berlin,code11,11931.0
2012,Number,,Berlin,code11,12536.0
2013,Number,,Berlin,code11,13498.0
2014,Number,,Berlin,code11,14509.0
2015,Number,,Berlin,code11,15767.0
2016,Number,,Berlin,code11,17179.0
2017,Number,,Berlin,code11,19899.0
2018,Number,,Berlin,code11,22086.0
2019,Number,,Berlin,code11,24341.0
2020,Number,,Berlin,code11,25828.0
2021,Number,,Berlin,code11,28264.0
2005,Number,,Brandenburg,code12,
2006,Number,,Brandenburg,code12,2568.0
2007,Number,,Brandenburg,code12,2630.0
2008,Number,,Brandenburg,code12,2675.0
2009,Number,,Brandenburg,code12,2808.0
2010,Number,,Brandenburg,code12,2862.0
2011,Number,,Brandenburg,code12,3045.0
2012,Number,,Brandenburg,code12,3374.0
2013,Number,,Brandenburg,code12,3522.0
2014,Number,,Brandenburg,code12,3754.0
2015,Number,,Brandenburg,code12,4022.0
2016,Number,,Brandenburg,code12,4418.0
2017,Number,,Brandenburg,code12,4947.0
2018,Number,,Brandenburg,code12,5378.0
2019,Number,,Brandenburg,code12,5905.0
2020,Number,,Brandenburg,code12,6244.0
2021,Number,,Brandenburg,code12,6988.0
2005,Number,,Bremen,code04,
2006,Number,,Bremen,code04,3789.0
2007,Number,,Bremen,code04,3644.0
2008,Number,,Bremen,code04,3552.0
2009,Number,,Bremen,code04,3467.0
2010,Number,,Bremen,code04,3350.0
2011,Number,,Bremen,code04,3378.0
2012,Number,,Bremen,code04,3430.0
2013,Number,,Bremen,code04,3583.0
2014,Number,,Bremen,code04,3741.0
2015,Number,,Bremen,code04,3855.0
2016,Number,,Bremen,code04,4047.0
2017,Number,,Bremen,code04,4533.0
2018,Number,,Bremen,code04,4716.0
2019,Number,,Bremen,code04,5144.0
2020,Number,,Bremen,code04,5349.0
2021,Number,,Bremen,code04,5526.0
2005,Number,,Hamburg,code02,
2006,Number,,Hamburg,code02,5311.0
2007,Number,,Hamburg,code02,4970.0
2008,Number,,Hamburg,code02,5028.0
2009,Number,,Hamburg,code02,5202.0
2010,Number,,Hamburg,code02,5384.0
2011,Number,,Hamburg,code02,5611.0
2012,Number,,Hamburg,code02,5981.0
2013,Number,,Hamburg,code02,6189.0
2014,Number,,Hamburg,code02,6366.0
2015,Number,,Hamburg,code02,6741.0
2016,Number,,Hamburg,code02,7205.0
2017,Number,,Hamburg,code02,7685.0
2018,Number,,Hamburg,code02,8619.0
2019,Number,,Hamburg,code02,9058.0
2020,Number,,Hamburg,code02,9345.0
2021,Number,,Hamburg,code02,10293.0
2005,Number,,Hesse,code06,
2006,Number,,Hesse,code06,14955.0
2007,Number,,Hesse,code06,13532.0
2008,Number,,Hesse,code06,15441.0
2009,Number,,Hesse,code06,17026.0
2010,Number,,Hesse,code06,18427.0
2011,Number,,Hesse,code06,18524.0
2012,Number,,Hesse,code06,19593.0
2013,Number,,Hesse,code06,21041.0
2014,Number,,Hesse,code06,22324.0
2015,Number,,Hesse,code06,23542.0
2016,Number,,Hesse,code06,24605.0
2017,Number,,Hesse,code06,25754.0
2018,Number,,Hesse,code06,27467.0
2019,Number,,Hesse,code06,28777.0
2020,Number,,Hesse,code06,29788.0
2021,Number,,Hesse,code06,30299.0
2005,Number,,Mecklenburg Western Pomerania,code13,
2006,Number,,Mecklenburg Western Pomerania,code13,1194.0
2007,Number,,Mecklenburg Western Pomerania,code13,1207.0
2008,Number,,Mecklenburg Western Pomerania,code13,1195.0
2009,Number,,Mecklenburg Western Pomerania,code13,1291.0
2010,Number,,Mecklenburg Western Pomerania,code13,1390.0
2011,Number,,Mecklenburg Western Pomerania,code13,1405.0
2012,Number,,Mecklenburg Western Pomerania,code13,1442.0
2013,Number,,Mecklenburg Western Pomerania,code13,1618.0
2014,Number,,Mecklenburg Western Pomerania,code13,1759.0
2015,Number,,Mecklenburg Western Pomerania,code13,1972.0
2016,Number,,Mecklenburg Western Pomerania,code13,2303.0
2017,Number,,Mecklenburg Western Pomerania,code13,2775.0
2018,Number,,Mecklenburg Western Pomerania,code13,3115.0
2019,Number,,Mecklenburg Western Pomerania,code13,3247.0
2020,Number,,Mecklenburg Western Pomerania,code13,3352.0
2021,Number,,Mecklenburg Western Pomerania,code13,3477.0
2005,Number,,Lower Saxony,code03,
2006,Number,,Lower Saxony,code03,10759.0
2007,Number,,Lower Saxony,code03,10237.0
2008,Number,,Lower Saxony,code03,10357.0
2009,Number,,Lower Saxony,code03,10402.0
2010,Number,,Lower Saxony,code03,10444.0
2011,Number,,Lower Saxony,code03,10452.0
2012,Number,,Lower Saxony,code03,11133.0
2013,Number,,Lower Saxony,code03,12109.0
2014,Number,,Lower Saxony,code03,13195.0
2015,Number,,Lower Saxony,code03,14657.0
2016,Number,,Lower Saxony,code03,15932.0
2017,Number,,Lower Saxony,code03,17702.0
2018,Number,,Lower Saxony,code03,19333.0
2019,Number,,Lower Saxony,code03,20687.0
2020,Number,,Lower Saxony,code03,21354.0
2021,Number,,Lower Saxony,code03,21592.0
2005,Number,,North Rhine-Westphalia,code05,
2006,Number,,North Rhine-Westphalia,code05,38324.0
2007,Number,,North Rhine-Westphalia,code05,35303.0
2008,Number,,North Rhine-Westphalia,code05,36388.0
2009,Number,,North Rhine-Westphalia,code05,37820.0
2010,Number,,North Rhine-Westphalia,code05,38968.0
2011,Number,,North Rhine-Westphalia,code05,41572.0
2012,Number,,North Rhine-Westphalia,code05,44860.0
2013,Number,,North Rhine-Westphalia,code05,48945.0
2014,Number,,North Rhine-Westphalia,code05,53164.0
2015,Number,,North Rhine-Westphalia,code05,56422.0
2016,Number,,North Rhine-Westphalia,code05,60688.0
2017,Number,,North Rhine-Westphalia,code05,63089.0
2018,Number,,North Rhine-Westphalia,code05,67424.0
2019,Number,,North Rhine-Westphalia,code05,72166.0
2020,Number,,North Rhine-Westphalia,code05,75112.0
2021,Number,,North Rhine-Westphalia,code05,77363.0
2005,Number,,Rhineland Palatinate,code07,
2006,Number,,Rhineland Palatinate,code07,6488.0
2007,Number,,Rhineland Palatinate,code07,6993.0
2008,Number,,Rhineland Palatinate,code07,7166.0
2009,Number,,Rhineland Palatinate,code07,6992.0
2010,Number,,Rhineland Palatinate,code07,7023.0
2011,Number,,Rhineland Palatinate,code07,6748.0
2012,Number,,Rhineland Palatinate,code07,6820.0
2013,Number,,Rhineland Palatinate,code07,6951.0
2014,Number,,Rhineland Palatinate,code07,7214.0
2015,Number,,Rhineland Palatinate,code07,7575.0
2016,Number,,Rhineland Palatinate,code07,8177.0
2017,Number,,Rhineland Palatinate,code07,8928.0
2018,Number,,Rhineland Palatinate,code07,10194.0
2019,Number,,Rhineland Palatinate,code07,11069.0
2020,Number,,Rhineland Palatinate,code07,11896.0
2021,Number,,Rhineland Palatinate,code07,12426.0
2005,Number,,Saarland,code10,
2006,Number,,Saarland,code10,1572.0
2007,Number,,Saarland,code10,1573.0
2008,Number,,Saarland,code10,1597.0
2009,Number,,Saarland,code10,1708.0
2010,Number,,Saarland,code10,1959.0
2011,Number,,Saarland,code10,2085.0
2012,Number,,Saarland,code10,2164.0
2013,Number,,Saarland,code10,2246.0
2014,Number,,Saarland,code10,2331.0
2015,Number,,Saarland,code10,2413.0
2016,Number,,Saarland,code10,2419.0
2017,Number,,Saarland,code10,2481.0
2018,Number,,Saarland,code10,2725.0
2019,Number,,Saarland,code10,2961.0
2020,Number,,Saarland,code10,3114.0
2021,Number,,Saarland,code10,3436.0
2005,Number,,Saxony,code14,
2006,Number,,Saxony,code14,4963.0
2007,Number,,Saxony,code14,5139.0
2008,Number,,Saxony,code14,5053.0
2009,Number,,Saxony,code14,5332.0
2010,Number,,Saxony,code14,5542.0
2011,Number,,Saxony,code14,5966.0
2012,Number,,Saxony,code14,6748.0
2013,Number,,Saxony,code14,7873.0
2014,Number,,Saxony,code14,9023.0
2015,Number,,Saxony,code14,10278.0
2016,Number,,Saxony,code14,10829.0
2017,Number,,Saxony,code14,11340.0
2018,Number,,Saxony,code14,12575.0
2019,Number,,Saxony,code14,13267.0
2020,Number,,Saxony,code14,13507.0
2021,Number,,Saxony,code14,13915.0
2005,Number,,Saxony-Anhalt,code15,
2006,Number,,Saxony-Anhalt,code15,3198.0
2007,Number,,Saxony-Anhalt,code15,3247.0
2008,Number,,Saxony-Anhalt,code15,3251.0
2009,Number,,Saxony-Anhalt,code15,3463.0
2010,Number,,Saxony-Anhalt,code15,3712.0
2011,Number,,Saxony-Anhalt,code15,4041.0
2012,Number,,Saxony-Anhalt,code15,4444.0
2013,Number,,Saxony-Anhalt,code15,4705.0
2014,Number,,Saxony-Anhalt,code15,5080.0
2015,Number,,Saxony-Anhalt,code15,5582.0
2016,Number,,Saxony-Anhalt,code15,5650.0
2017,Number,,Saxony-Anhalt,code15,6091.0
2018,Number,,Saxony-Anhalt,code15,6641.0
2019,Number,,Saxony-Anhalt,code15,7321.0
2020,Number,,Saxony-Anhalt,code15,7679.0
2021,Number,,Saxony-Anhalt,code15,8442.0
2005,Number,,Schleswig-Holstein,code01,
2006,Number,,Schleswig-Holstein,code01,2406.0
2007,Number,,Schleswig-Holstein,code01,2416.0
2008,Number,,Schleswig-Holstein,code01,2436.0
2009,Number,,Schleswig-Holstein,code01,2523.0
2010,Number,,Schleswig-Holstein,code01,2569.0
2011,Number,,Schleswig-Holstein,code01,2633.0
2012,Number,,Schleswig-Holstein,code01,2764.0
2013,Number,,Schleswig-Holstein,code01,2830.0
2014,Number,,Schleswig-Holstein,code01,2998.0
2015,Number,,Schleswig-Holstein,code01,3155.0
2016,Number,,Schleswig-Holstein,code01,3586.0
2017,Number,,Schleswig-Holstein,code01,3667.0
2018,Number,,Schleswig-Holstein,code01,4002.0
2019,Number,,Schleswig-Holstein,code01,4276.0
2020,Number,,Schleswig-Holstein,code01,4402.0
2021,Number,,Schleswig-Holstein,code01,4740.0
2005,Number,,Thuringia,code16,
2006,Number,,Thuringia,code16,1937.0
2007,Number,,Thuringia,code16,2176.0
2008,Number,,Thuringia,code16,2192.0
2009,Number,,Thuringia,code16,2543.0
2010,Number,,Thuringia,code16,2909.0
2011,Number,,Thuringia,code16,3012.0
2012,Number,,Thuringia,code16,3412.0
2013,Number,,Thuringia,code16,4000.0
2014,Number,,Thuringia,code16,4508.0
2015,Number,,Thuringia,code16,4948.0
2016,Number,,Thuringia,code16,5180.0
2017,Number,,Thuringia,code16,5623.0
2018,Number,,Thuringia,code16,6397.0
2019,Number,,Thuringia,code16,7700.0
2020,Number,,Thuringia,code16,8785.0
2021,Number,,Thuringia,code16,11414.0
2005,Number,Students from LDCs,,,4960.0
2006,Number,Students from LDCs,,,5012.0
2007,Number,Students from LDCs,,,4933.0
2008,Number,Students from LDCs,,,5331.0
2009,Number,Students from LDCs,,,5738.0
2010,Number,Students from LDCs,,,6300.0
2011,Number,Students from LDCs,,,6925.0
2012,Number,Students from LDCs,,,7577.0
2013,Number,Students from LDCs,,,8348.0
2014,Number,Students from LDCs,,,9244.0
2015,Number,Students from LDCs,,,9746.0
2016,Number,Students from LDCs,,,10119.0
2017,Number,Students from LDCs,,,10576.0
2018,Number,Students from LDCs,,,11525.0
2019,Number,Students from LDCs,,,13067.0
2020,Number,Students from LDCs,,,15055.0
2021,Number,Students from LDCs,,,17113.0
2005,Number,Students from LDCs,Baden-Wuerttemberg,code08,502.0
2006,Number,Students from LDCs,Baden-Wuerttemberg,code08,524.0
2007,Number,Students from LDCs,Baden-Wuerttemberg,code08,532.0
2008,Number,Students from LDCs,Baden-Wuerttemberg,code08,559.0
2009,Number,Students from LDCs,Baden-Wuerttemberg,code08,598.0
2010,Number,Students from LDCs,Baden-Wuerttemberg,code08,669.0
2011,Number,Students from LDCs,Baden-Wuerttemberg,code08,704.0
2012,Number,Students from LDCs,Baden-Wuerttemberg,code08,808.0
2013,Number,Students from LDCs,Baden-Wuerttemberg,code08,895.0
2014,Number,Students from LDCs,Baden-Wuerttemberg,code08,957.0
2015,Number,Students from LDCs,Baden-Wuerttemberg,code08,939.0
2016,Number,Students from LDCs,Baden-Wuerttemberg,code08,937.0
2017,Number,Students from LDCs,Baden-Wuerttemberg,code08,857.0
2018,Number,Students from LDCs,Baden-Wuerttemberg,code08,833.0
2019,Number,Students from LDCs,Baden-Wuerttemberg,code08,794.0
2020,Number,Students from LDCs,Baden-Wuerttemberg,code08,817.0
2021,Number,Students from LDCs,Baden-Wuerttemberg,code08,927.0
2005,Number,Students from LDCs,Bavaria,code09,320.0
2006,Number,Students from LDCs,Bavaria,code09,359.0
2007,Number,Students from LDCs,Bavaria,code09,352.0
2008,Number,Students from LDCs,Bavaria,code09,402.0
2009,Number,Students from LDCs,Bavaria,code09,436.0
2010,Number,Students from LDCs,Bavaria,code09,476.0
2011,Number,Students from LDCs,Bavaria,code09,568.0
2012,Number,Students from LDCs,Bavaria,code09,624.0
2013,Number,Students from LDCs,Bavaria,code09,716.0
2014,Number,Students from LDCs,Bavaria,code09,812.0
2015,Number,Students from LDCs,Bavaria,code09,859.0
2016,Number,Students from LDCs,Bavaria,code09,884.0
2017,Number,Students from LDCs,Bavaria,code09,1036.0
2018,Number,Students from LDCs,Bavaria,code09,1170.0
2019,Number,Students from LDCs,Bavaria,code09,1347.0
2020,Number,Students from LDCs,Bavaria,code09,1751.0
2021,Number,Students from LDCs,Bavaria,code09,2217.0
2005,Number,Students from LDCs,Berlin,code11,362.0
2006,Number,Students from LDCs,Berlin,code11,370.0
2007,Number,Students from LDCs,Berlin,code11,337.0
2008,Number,Students from LDCs,Berlin,code11,404.0
2009,Number,Students from LDCs,Berlin,code11,441.0
2010,Number,Students from LDCs,Berlin,code11,505.0
2011,Number,Students from LDCs,Berlin,code11,570.0
2012,Number,Students from LDCs,Berlin,code11,582.0
2013,Number,Students from LDCs,Berlin,code11,634.0
2014,Number,Students from LDCs,Berlin,code11,726.0
2015,Number,Students from LDCs,Berlin,code11,751.0
2016,Number,Students from LDCs,Berlin,code11,755.0
2017,Number,Students from LDCs,Berlin,code11,852.0
2018,Number,Students from LDCs,Berlin,code11,896.0
2019,Number,Students from LDCs,Berlin,code11,1002.0
2020,Number,Students from LDCs,Berlin,code11,1115.0
2021,Number,Students from LDCs,Berlin,code11,1203.0
2005,Number,Students from LDCs,Brandenburg,code12,124.0
2006,Number,Students from LDCs,Brandenburg,code12,121.0
2007,Number,Students from LDCs,Brandenburg,code12,123.0
2008,Number,Students from LDCs,Brandenburg,code12,122.0
2009,Number,Students from LDCs,Brandenburg,code12,125.0
2010,Number,Students from LDCs,Brandenburg,code12,148.0
2011,Number,Students from LDCs,Brandenburg,code12,154.0
2012,Number,Students from LDCs,Brandenburg,code12,193.0
2013,Number,Students from LDCs,Brandenburg,code12,226.0
2014,Number,Students from LDCs,Brandenburg,code12,277.0
2015,Number,Students from LDCs,Brandenburg,code12,321.0
2016,Number,Students from LDCs,Brandenburg,code12,311.0
2017,Number,Students from LDCs,Brandenburg,code12,356.0
2018,Number,Students from LDCs,Brandenburg,code12,400.0
2019,Number,Students from LDCs,Brandenburg,code12,495.0
2020,Number,Students from LDCs,Brandenburg,code12,582.0
2021,Number,Students from LDCs,Brandenburg,code12,669.0
2005,Number,Students from LDCs,Bremen,code04,188.0
2006,Number,Students from LDCs,Bremen,code04,192.0
2007,Number,Students from LDCs,Bremen,code04,206.0
2008,Number,Students from LDCs,Bremen,code04,194.0
2009,Number,Students from LDCs,Bremen,code04,194.0
2010,Number,Students from LDCs,Bremen,code04,203.0
2011,Number,Students from LDCs,Bremen,code04,227.0
2012,Number,Students from LDCs,Bremen,code04,255.0
2013,Number,Students from LDCs,Bremen,code04,261.0
2014,Number,Students from LDCs,Bremen,code04,235.0
2015,Number,Students from LDCs,Bremen,code04,262.0
2016,Number,Students from LDCs,Bremen,code04,277.0
2017,Number,Students from LDCs,Bremen,code04,312.0
2018,Number,Students from LDCs,Bremen,code04,337.0
2019,Number,Students from LDCs,Bremen,code04,395.0
2020,Number,Students from LDCs,Bremen,code04,471.0
2021,Number,Students from LDCs,Bremen,code04,525.0
2005,Number,Students from LDCs,Hamburg,code02,292.0
2006,Number,Students from LDCs,Hamburg,code02,281.0
2007,Number,Students from LDCs,Hamburg,code02,260.0
2008,Number,Students from LDCs,Hamburg,code02,285.0
2009,Number,Students from LDCs,Hamburg,code02,317.0
2010,Number,Students from LDCs,Hamburg,code02,331.0
2011,Number,Students from LDCs,Hamburg,code02,338.0
2012,Number,Students from LDCs,Hamburg,code02,342.0
2013,Number,Students from LDCs,Hamburg,code02,369.0
2014,Number,Students from LDCs,Hamburg,code02,383.0
2015,Number,Students from LDCs,Hamburg,code02,409.0
2016,Number,Students from LDCs,Hamburg,code02,421.0
2017,Number,Students from LDCs,Hamburg,code02,442.0
2018,Number,Students from LDCs,Hamburg,code02,495.0
2019,Number,Students from LDCs,Hamburg,code02,573.0
2020,Number,Students from LDCs,Hamburg,code02,621.0
2021,Number,Students from LDCs,Hamburg,code02,694.0
2005,Number,Students from LDCs,Hesse,code06,728.0
2006,Number,Students from LDCs,Hesse,code06,731.0
2007,Number,Students from LDCs,Hesse,code06,665.0
2008,Number,Students from LDCs,Hesse,code06,766.0
2009,Number,Students from LDCs,Hesse,code06,843.0
2010,Number,Students from LDCs,Hesse,code06,904.0
2011,Number,Students from LDCs,Hesse,code06,968.0
2012,Number,Students from LDCs,Hesse,code06,1062.0
2013,Number,Students from LDCs,Hesse,code06,1158.0
2014,Number,Students from LDCs,Hesse,code06,1263.0
2015,Number,Students from LDCs,Hesse,code06,1345.0
2016,Number,Students from LDCs,Hesse,code06,1352.0
2017,Number,Students from LDCs,Hesse,code06,1385.0
2018,Number,Students from LDCs,Hesse,code06,1481.0
2019,Number,Students from LDCs,Hesse,code06,1649.0
2020,Number,Students from LDCs,Hesse,code06,1826.0
2021,Number,Students from LDCs,Hesse,code06,2071.0
2005,Number,Students from LDCs,Mecklenburg Western Pomerania,code13,61.0
2006,Number,Students from LDCs,Mecklenburg Western Pomerania,code13,66.0
2007,Number,Students from LDCs,Mecklenburg Western Pomerania,code13,68.0
2008,Number,Students from LDCs,Mecklenburg Western Pomerania,code13,69.0
2009,Number,Students from LDCs,Mecklenburg Western Pomerania,code13,79.0
2010,Number,Students from LDCs,Mecklenburg Western Pomerania,code13,86.0
2011,Number,Students from LDCs,Mecklenburg Western Pomerania,code13,103.0
2012,Number,Students from LDCs,Mecklenburg Western Pomerania,code13,104.0
2013,Number,Students from LDCs,Mecklenburg Western Pomerania,code13,118.0
2014,Number,Students from LDCs,Mecklenburg Western Pomerania,code13,133.0
2015,Number,Students from LDCs,Mecklenburg Western Pomerania,code13,123.0
2016,Number,Students from LDCs,Mecklenburg Western Pomerania,code13,141.0
2017,Number,Students from LDCs,Mecklenburg Western Pomerania,code13,143.0
2018,Number,Students from LDCs,Mecklenburg Western Pomerania,code13,172.0
2019,Number,Students from LDCs,Mecklenburg Western Pomerania,code13,177.0
2020,Number,Students from LDCs,Mecklenburg Western Pomerania,code13,155.0
2021,Number,Students from LDCs,Mecklenburg Western Pomerania,code13,159.0
2005,Number,Students from LDCs,Lower Saxony,code03,374.0
2006,Number,Students from LDCs,Lower Saxony,code03,351.0
2007,Number,Students from LDCs,Lower Saxony,code03,340.0
2008,Number,Students from LDCs,Lower Saxony,code03,337.0
2009,Number,Students from LDCs,Lower Saxony,code03,332.0
2010,Number,Students from LDCs,Lower Saxony,code03,388.0
2011,Number,Students from LDCs,Lower Saxony,code03,406.0
2012,Number,Students from LDCs,Lower Saxony,code03,424.0
2013,Number,Students from LDCs,Lower Saxony,code03,467.0
2014,Number,Students from LDCs,Lower Saxony,code03,535.0
2015,Number,Students from LDCs,Lower Saxony,code03,597.0
2016,Number,Students from LDCs,Lower Saxony,code03,667.0
2017,Number,Students from LDCs,Lower Saxony,code03,703.0
2018,Number,Students from LDCs,Lower Saxony,code03,757.0
2019,Number,Students from LDCs,Lower Saxony,code03,830.0
2020,Number,Students from LDCs,Lower Saxony,code03,949.0
2021,Number,Students from LDCs,Lower Saxony,code03,1009.0
2005,Number,Students from LDCs,North Rhine-Westphalia,code05,1261.0
2006,Number,Students from LDCs,North Rhine-Westphalia,code05,1213.0
2007,Number,Students from LDCs,North Rhine-Westphalia,code05,1183.0
2008,Number,Students from LDCs,North Rhine-Westphalia,code05,1229.0
2009,Number,Students from LDCs,North Rhine-Westphalia,code05,1304.0
2010,Number,Students from LDCs,North Rhine-Westphalia,code05,1393.0
2011,Number,Students from LDCs,North Rhine-Westphalia,code05,1666.0
2012,Number,Students from LDCs,North Rhine-Westphalia,code05,1865.0
2013,Number,Students from LDCs,North Rhine-Westphalia,code05,2057.0
2014,Number,Students from LDCs,North Rhine-Westphalia,code05,2399.0
2015,Number,Students from LDCs,North Rhine-Westphalia,code05,2518.0
2016,Number,Students from LDCs,North Rhine-Westphalia,code05,2666.0
2017,Number,Students from LDCs,North Rhine-Westphalia,code05,2684.0
2018,Number,Students from LDCs,North Rhine-Westphalia,code05,2921.0
2019,Number,Students from LDCs,North Rhine-Westphalia,code05,3316.0
2020,Number,Students from LDCs,North Rhine-Westphalia,code05,3768.0
2021,Number,Students from LDCs,North Rhine-Westphalia,code05,4013.0
2005,Number,Students from LDCs,Rhineland Palatinate,code07,239.0
2006,Number,Students from LDCs,Rhineland Palatinate,code07,271.0
2007,Number,Students from LDCs,Rhineland Palatinate,code07,313.0
2008,Number,Students from LDCs,Rhineland Palatinate,code07,335.0
2009,Number,Students from LDCs,Rhineland Palatinate,code07,336.0
2010,Number,Students from LDCs,Rhineland Palatinate,code07,373.0
2011,Number,Students from LDCs,Rhineland Palatinate,code07,344.0
2012,Number,Students from LDCs,Rhineland Palatinate,code07,339.0
2013,Number,Students from LDCs,Rhineland Palatinate,code07,348.0
2014,Number,Students from LDCs,Rhineland Palatinate,code07,389.0
2015,Number,Students from LDCs,Rhineland Palatinate,code07,409.0
2016,Number,Students from LDCs,Rhineland Palatinate,code07,422.0
2017,Number,Students from LDCs,Rhineland Palatinate,code07,432.0
2018,Number,Students from LDCs,Rhineland Palatinate,code07,500.0
2019,Number,Students from LDCs,Rhineland Palatinate,code07,562.0
2020,Number,Students from LDCs,Rhineland Palatinate,code07,665.0
2021,Number,Students from LDCs,Rhineland Palatinate,code07,706.0
2005,Number,Students from LDCs,Saarland,code10,95.0
2006,Number,Students from LDCs,Saarland,code10,93.0
2007,Number,Students from LDCs,Saarland,code10,106.0
2008,Number,Students from LDCs,Saarland,code10,110.0
2009,Number,Students from LDCs,Saarland,code10,104.0
2010,Number,Students from LDCs,Saarland,code10,130.0
2011,Number,Students from LDCs,Saarland,code10,118.0
2012,Number,Students from LDCs,Saarland,code10,115.0
2013,Number,Students from LDCs,Saarland,code10,116.0
2014,Number,Students from LDCs,Saarland,code10,124.0
2015,Number,Students from LDCs,Saarland,code10,126.0
2016,Number,Students from LDCs,Saarland,code10,128.0
2017,Number,Students from LDCs,Saarland,code10,127.0
2018,Number,Students from LDCs,Saarland,code10,130.0
2019,Number,Students from LDCs,Saarland,code10,140.0
2020,Number,Students from LDCs,Saarland,code10,160.0
2021,Number,Students from LDCs,Saarland,code10,186.0
2005,Number,Students from LDCs,Saxony,code14,184.0
2006,Number,Students from LDCs,Saxony,code14,200.0
2007,Number,Students from LDCs,Saxony,code14,195.0
2008,Number,Students from LDCs,Saxony,code14,218.0
2009,Number,Students from LDCs,Saxony,code14,240.0
2010,Number,Students from LDCs,Saxony,code14,237.0
2011,Number,Students from LDCs,Saxony,code14,272.0
2012,Number,Students from LDCs,Saxony,code14,317.0
2013,Number,Students from LDCs,Saxony,code14,378.0
2014,Number,Students from LDCs,Saxony,code14,391.0
2015,Number,Students from LDCs,Saxony,code14,434.0
2016,Number,Students from LDCs,Saxony,code14,453.0
2017,Number,Students from LDCs,Saxony,code14,449.0
2018,Number,Students from LDCs,Saxony,code14,520.0
2019,Number,Students from LDCs,Saxony,code14,631.0
2020,Number,Students from LDCs,Saxony,code14,719.0
2021,Number,Students from LDCs,Saxony,code14,833.0
2005,Number,Students from LDCs,Saxony-Anhalt,code15,100.0
2006,Number,Students from LDCs,Saxony-Anhalt,code15,93.0
2007,Number,Students from LDCs,Saxony-Anhalt,code15,88.0
2008,Number,Students from LDCs,Saxony-Anhalt,code15,97.0
2009,Number,Students from LDCs,Saxony-Anhalt,code15,121.0
2010,Number,Students from LDCs,Saxony-Anhalt,code15,150.0
2011,Number,Students from LDCs,Saxony-Anhalt,code15,171.0
2012,Number,Students from LDCs,Saxony-Anhalt,code15,201.0
2013,Number,Students from LDCs,Saxony-Anhalt,code15,227.0
2014,Number,Students from LDCs,Saxony-Anhalt,code15,240.0
2015,Number,Students from LDCs,Saxony-Anhalt,code15,282.0
2016,Number,Students from LDCs,Saxony-Anhalt,code15,261.0
2017,Number,Students from LDCs,Saxony-Anhalt,code15,288.0
2018,Number,Students from LDCs,Saxony-Anhalt,code15,344.0
2019,Number,Students from LDCs,Saxony-Anhalt,code15,459.0
2020,Number,Students from LDCs,Saxony-Anhalt,code15,550.0
2021,Number,Students from LDCs,Saxony-Anhalt,code15,688.0
2005,Number,Students from LDCs,Schleswig-Holstein,code01,105.0
2006,Number,Students from LDCs,Schleswig-Holstein,code01,118.0
2007,Number,Students from LDCs,Schleswig-Holstein,code01,132.0
2008,Number,Students from LDCs,Schleswig-Holstein,code01,150.0
2009,Number,Students from LDCs,Schleswig-Holstein,code01,171.0
2010,Number,Students from LDCs,Schleswig-Holstein,code01,160.0
2011,Number,Students from LDCs,Schleswig-Holstein,code01,181.0
2012,Number,Students from LDCs,Schleswig-Holstein,code01,196.0
2013,Number,Students from LDCs,Schleswig-Holstein,code01,213.0
2014,Number,Students from LDCs,Schleswig-Holstein,code01,201.0
2015,Number,Students from LDCs,Schleswig-Holstein,code01,184.0
2016,Number,Students from LDCs,Schleswig-Holstein,code01,221.0
2017,Number,Students from LDCs,Schleswig-Holstein,code01,270.0
2018,Number,Students from LDCs,Schleswig-Holstein,code01,295.0
2019,Number,Students from LDCs,Schleswig-Holstein,code01,339.0
2020,Number,Students from LDCs,Schleswig-Holstein,code01,402.0
2021,Number,Students from LDCs,Schleswig-Holstein,code01,450.0
2005,Number,Students from LDCs,Thuringia,code16,25.0
2006,Number,Students from LDCs,Thuringia,code16,29.0
2007,Number,Students from LDCs,Thuringia,code16,33.0
2008,Number,Students from LDCs,Thuringia,code16,54.0
2009,Number,Students from LDCs,Thuringia,code16,97.0
2010,Number,Students from LDCs,Thuringia,code16,147.0
2011,Number,Students from LDCs,Thuringia,code16,135.0
2012,Number,Students from LDCs,Thuringia,code16,150.0
2013,Number,Students from LDCs,Thuringia,code16,165.0
2014,Number,Students from LDCs,Thuringia,code16,179.0
2015,Number,Students from LDCs,Thuringia,code16,187.0
2016,Number,Students from LDCs,Thuringia,code16,223.0
2017,Number,Students from LDCs,Thuringia,code16,240.0
2018,Number,Students from LDCs,Thuringia,code16,274.0
2019,Number,Students from LDCs,Thuringia,code16,357.0
2020,Number,Students from LDCs,Thuringia,code16,504.0
2021,Number,Students from LDCs,Thuringia,code16,763.0
2005,Number,Students from other developing and emerging countries,,,129502.0
2006,Number,Students from other developing and emerging countries,,,129631.0
2007,Number,Students from other developing and emerging countries,,,124181.0
2008,Number,Students from other developing and emerging countries,,,127067.0
2009,Number,Students from other developing and emerging countries,,,131633.0
2010,Number,Students from other developing and emerging countries,,,136445.0
2011,Number,Students from other developing and emerging countries,,,140304.0
2012,Number,Students from other developing and emerging countries,,,150880.0
2013,Number,Students from other developing and emerging countries,,,164098.0
2014,Number,Students from other developing and emerging countries,,,176768.0
2015,Number,Students from other developing and emerging countries,,,190403.0
2016,Number,Students from other developing and emerging countries,,,204695.0
2017,Number,Students from other developing and emerging countries,,,219307.0
2018,Number,Students from other developing and emerging countries,,,236609.0
2019,Number,Students from other developing and emerging countries,,,251488.0
2020,Number,Students from other developing and emerging countries,,,259999.0
2021,Number,Students from other developing and emerging countries,,,273340.0
2005,Number,Students from other developing and emerging countries,Baden-Wuerttemberg,code08,18582.0
2006,Number,Students from other developing and emerging countries,Baden-Wuerttemberg,code08,18379.0
2007,Number,Students from other developing and emerging countries,Baden-Wuerttemberg,code08,17473.0
2008,Number,Students from other developing and emerging countries,Baden-Wuerttemberg,code08,17650.0
2009,Number,Students from other developing and emerging countries,Baden-Wuerttemberg,code08,18418.0
2010,Number,Students from other developing and emerging countries,Baden-Wuerttemberg,code08,19111.0
2011,Number,Students from other developing and emerging countries,Baden-Wuerttemberg,code08,19082.0
2012,Number,Students from other developing and emerging countries,Baden-Wuerttemberg,code08,21116.0
2013,Number,Students from other developing and emerging countries,Baden-Wuerttemberg,code08,22842.0
2014,Number,Students from other developing and emerging countries,Baden-Wuerttemberg,code08,24597.0
2015,Number,Students from other developing and emerging countries,Baden-Wuerttemberg,code08,26283.0
2016,Number,Students from other developing and emerging countries,Baden-Wuerttemberg,code08,28310.0
2017,Number,Students from other developing and emerging countries,Baden-Wuerttemberg,code08,28393.0
2018,Number,Students from other developing and emerging countries,Baden-Wuerttemberg,code08,27934.0
2019,Number,Students from other developing and emerging countries,Baden-Wuerttemberg,code08,27197.0
2020,Number,Students from other developing and emerging countries,Baden-Wuerttemberg,code08,25283.0
2021,Number,Students from other developing and emerging countries,Baden-Wuerttemberg,code08,24921.0
2005,Number,Students from other developing and emerging countries,Bavaria,code09,12251.0
2006,Number,Students from other developing and emerging countries,Bavaria,code09,12721.0
2007,Number,Students from other developing and emerging countries,Bavaria,code09,12324.0
2008,Number,Students from other developing and emerging countries,Bavaria,code09,12533.0
2009,Number,Students from other developing and emerging countries,Bavaria,code09,12980.0
2010,Number,Students from other developing and emerging countries,Bavaria,code09,13620.0
2011,Number,Students from other developing and emerging countries,Bavaria,code09,14060.0
2012,Number,Students from other developing and emerging countries,Bavaria,code09,15284.0
2013,Number,Students from other developing and emerging countries,Bavaria,code09,17719.0
2014,Number,Students from other developing and emerging countries,Bavaria,code09,19151.0
2015,Number,Students from other developing and emerging countries,Bavaria,code09,21169.0
2016,Number,Students from other developing and emerging countries,Bavaria,code09,23123.0
2017,Number,Students from other developing and emerging countries,Bavaria,code09,26821.0
2018,Number,Students from other developing and emerging countries,Bavaria,code09,30524.0
2019,Number,Students from other developing and emerging countries,Bavaria,code09,33606.0
2020,Number,Students from other developing and emerging countries,Bavaria,code09,37132.0
2021,Number,Students from other developing and emerging countries,Bavaria,code09,41719.0
2005,Number,Students from other developing and emerging countries,Berlin,code11,9047.0
2006,Number,Students from other developing and emerging countries,Berlin,code11,8871.0
2007,Number,Students from other developing and emerging countries,Berlin,code11,9202.0
2008,Number,Students from other developing and emerging countries,Berlin,code11,9570.0
2009,Number,Students from other developing and emerging countries,Berlin,code11,9868.0
2010,Number,Students from other developing and emerging countries,Berlin,code11,10512.0
2011,Number,Students from other developing and emerging countries,Berlin,code11,10747.0
2012,Number,Students from other developing and emerging countries,Berlin,code11,11270.0
2013,Number,Students from other developing and emerging countries,Berlin,code11,12157.0
2014,Number,Students from other developing and emerging countries,Berlin,code11,12996.0
2015,Number,Students from other developing and emerging countries,Berlin,code11,14133.0
2016,Number,Students from other developing and emerging countries,Berlin,code11,15513.0
2017,Number,Students from other developing and emerging countries,Berlin,code11,18083.0
2018,Number,Students from other developing and emerging countries,Berlin,code11,20159.0
2019,Number,Students from other developing and emerging countries,Berlin,code11,22166.0
2020,Number,Students from other developing and emerging countries,Berlin,code11,23355.0
2021,Number,Students from other developing and emerging countries,Berlin,code11,25441.0
2005,Number,Students from other developing and emerging countries,Brandenburg,code12,2288.0
2006,Number,Students from other developing and emerging countries,Brandenburg,code12,2347.0
2007,Number,Students from other developing and emerging countries,Brandenburg,code12,2396.0
2008,Number,Students from other developing and emerging countries,Brandenburg,code12,2423.0
2009,Number,Students from other developing and emerging countries,Brandenburg,code12,2524.0
2010,Number,Students from other developing and emerging countries,Brandenburg,code12,2536.0
2011,Number,Students from other developing and emerging countries,Brandenburg,code12,2678.0
2012,Number,Students from other developing and emerging countries,Brandenburg,code12,2969.0
2013,Number,Students from other developing and emerging countries,Brandenburg,code12,3080.0
2014,Number,Students from other developing and emerging countries,Brandenburg,code12,3246.0
2015,Number,Students from other developing and emerging countries,Brandenburg,code12,3462.0
2016,Number,Students from other developing and emerging countries,Brandenburg,code12,3827.0
2017,Number,Students from other developing and emerging countries,Brandenburg,code12,4263.0
2018,Number,Students from other developing and emerging countries,Brandenburg,code12,4618.0
2019,Number,Students from other developing and emerging countries,Brandenburg,code12,4978.0
2020,Number,Students from other developing and emerging countries,Brandenburg,code12,5143.0
2021,Number,Students from other developing and emerging countries,Brandenburg,code12,5748.0
2005,Number,Students from other developing and emerging countries,Bremen,code04,3751.0
2006,Number,Students from other developing and emerging countries,Bremen,code04,3484.0
2007,Number,Students from other developing and emerging countries,Bremen,code04,3339.0
2008,Number,Students from other developing and emerging countries,Bremen,code04,3236.0
2009,Number,Students from other developing and emerging countries,Bremen,code04,3109.0
2010,Number,Students from other developing and emerging countries,Bremen,code04,2958.0
2011,Number,Students from other developing and emerging countries,Bremen,code04,2961.0
2012,Number,Students from other developing and emerging countries,Bremen,code04,2993.0
2013,Number,Students from other developing and emerging countries,Bremen,code04,3119.0
2014,Number,Students from other developing and emerging countries,Bremen,code04,3305.0
2015,Number,Students from other developing and emerging countries,Bremen,code04,3385.0
2016,Number,Students from other developing and emerging countries,Bremen,code04,3555.0
2017,Number,Students from other developing and emerging countries,Bremen,code04,3985.0
2018,Number,Students from other developing and emerging countries,Bremen,code04,4150.0
2019,Number,Students from other developing and emerging countries,Bremen,code04,4500.0
2020,Number,Students from other developing and emerging countries,Bremen,code04,4628.0
2021,Number,Students from other developing and emerging countries,Bremen,code04,4745.0
2005,Number,Students from other developing and emerging countries,Hamburg,code02,4837.0
2006,Number,Students from other developing and emerging countries,Hamburg,code02,4860.0
2007,Number,Students from other developing and emerging countries,Hamburg,code02,4484.0
2008,Number,Students from other developing and emerging countries,Hamburg,code02,4496.0
2009,Number,Students from other developing and emerging countries,Hamburg,code02,4606.0
2010,Number,Students from other developing and emerging countries,Hamburg,code02,4757.0
2011,Number,Students from other developing and emerging countries,Hamburg,code02,4978.0
2012,Number,Students from other developing and emerging countries,Hamburg,code02,5344.0
2013,Number,Students from other developing and emerging countries,Hamburg,code02,5471.0
2014,Number,Students from other developing and emerging countries,Hamburg,code02,5623.0
2015,Number,Students from other developing and emerging countries,Hamburg,code02,5970.0
2016,Number,Students from other developing and emerging countries,Hamburg,code02,6349.0
2017,Number,Students from other developing and emerging countries,Hamburg,code02,6778.0
2018,Number,Students from other developing and emerging countries,Hamburg,code02,7608.0
2019,Number,Students from other developing and emerging countries,Hamburg,code02,7888.0
2020,Number,Students from other developing and emerging countries,Hamburg,code02,8046.0
2021,Number,Students from other developing and emerging countries,Hamburg,code02,8782.0
2005,Number,Students from other developing and emerging countries,Hesse,code06,13808.0
2006,Number,Students from other developing and emerging countries,Hesse,code06,13737.0
2007,Number,Students from other developing and emerging countries,Hesse,code06,12328.0
2008,Number,Students from other developing and emerging countries,Hesse,code06,14027.0
2009,Number,Students from other developing and emerging countries,Hesse,code06,15436.0
2010,Number,Students from other developing and emerging countries,Hesse,code06,16660.0
2011,Number,Students from other developing and emerging countries,Hesse,code06,16633.0
2012,Number,Students from other developing and emerging countries,Hesse,code06,17584.0
2013,Number,Students from other developing and emerging countries,Hesse,code06,18830.0
2014,Number,Students from other developing and emerging countries,Hesse,code06,19958.0
2015,Number,Students from other developing and emerging countries,Hesse,code06,21090.0
2016,Number,Students from other developing and emerging countries,Hesse,code06,22111.0
2017,Number,Students from other developing and emerging countries,Hesse,code06,23165.0
2018,Number,Students from other developing and emerging countries,Hesse,code06,24689.0
2019,Number,Students from other developing and emerging countries,Hesse,code06,25741.0
2020,Number,Students from other developing and emerging countries,Hesse,code06,26496.0
2021,Number,Students from other developing and emerging countries,Hesse,code06,26581.0
2005,Number,Students from other developing and emerging countries,Mecklenburg Western Pomerania,code13,1071.0
2006,Number,Students from other developing and emerging countries,Mecklenburg Western Pomerania,code13,1056.0
2007,Number,Students from other developing and emerging countries,Mecklenburg Western Pomerania,code13,1063.0
2008,Number,Students from other developing and emerging countries,Mecklenburg Western Pomerania,code13,1028.0
2009,Number,Students from other developing and emerging countries,Mecklenburg Western Pomerania,code13,1105.0
2010,Number,Students from other developing and emerging countries,Mecklenburg Western Pomerania,code13,1160.0
2011,Number,Students from other developing and emerging countries,Mecklenburg Western Pomerania,code13,1160.0
2012,Number,Students from other developing and emerging countries,Mecklenburg Western Pomerania,code13,1188.0
2013,Number,Students from other developing and emerging countries,Mecklenburg Western Pomerania,code13,1329.0
2014,Number,Students from other developing and emerging countries,Mecklenburg Western Pomerania,code13,1437.0
2015,Number,Students from other developing and emerging countries,Mecklenburg Western Pomerania,code13,1664.0
2016,Number,Students from other developing and emerging countries,Mecklenburg Western Pomerania,code13,1955.0
2017,Number,Students from other developing and emerging countries,Mecklenburg Western Pomerania,code13,2406.0
2018,Number,Students from other developing and emerging countries,Mecklenburg Western Pomerania,code13,2691.0
2019,Number,Students from other developing and emerging countries,Mecklenburg Western Pomerania,code13,2785.0
2020,Number,Students from other developing and emerging countries,Mecklenburg Western Pomerania,code13,2875.0
2021,Number,Students from other developing and emerging countries,Mecklenburg Western Pomerania,code13,2951.0
2005,Number,Students from other developing and emerging countries,Lower Saxony,code03,10134.0
2006,Number,Students from other developing and emerging countries,Lower Saxony,code03,9857.0
2007,Number,Students from other developing and emerging countries,Lower Saxony,code03,9224.0
2008,Number,Students from other developing and emerging countries,Lower Saxony,code03,9284.0
2009,Number,Students from other developing and emerging countries,Lower Saxony,code03,9243.0
2010,Number,Students from other developing and emerging countries,Lower Saxony,code03,9143.0
2011,Number,Students from other developing and emerging countries,Lower Saxony,code03,9105.0
2012,Number,Students from other developing and emerging countries,Lower Saxony,code03,9668.0
2013,Number,Students from other developing and emerging countries,Lower Saxony,code03,10475.0
2014,Number,Students from other developing and emerging countries,Lower Saxony,code03,11479.0
2015,Number,Students from other developing and emerging countries,Lower Saxony,code03,12813.0
2016,Number,Students from other developing and emerging countries,Lower Saxony,code03,13967.0
2017,Number,Students from other developing and emerging countries,Lower Saxony,code03,15599.0
2018,Number,Students from other developing and emerging countries,Lower Saxony,code03,17043.0
2019,Number,Students from other developing and emerging countries,Lower Saxony,code03,18259.0
2020,Number,Students from other developing and emerging countries,Lower Saxony,code03,18710.0
2021,Number,Students from other developing and emerging countries,Lower Saxony,code03,18693.0
2005,Number,Students from other developing and emerging countries,North Rhine-Westphalia,code05,35892.0
2006,Number,Students from other developing and emerging countries,North Rhine-Westphalia,code05,35688.0
2007,Number,Students from other developing and emerging countries,North Rhine-Westphalia,code05,32856.0
2008,Number,Students from other developing and emerging countries,North Rhine-Westphalia,code05,33436.0
2009,Number,Students from other developing and emerging countries,North Rhine-Westphalia,code05,34448.0
2010,Number,Students from other developing and emerging countries,North Rhine-Westphalia,code05,35346.0
2011,Number,Students from other developing and emerging countries,North Rhine-Westphalia,code05,37622.0
2012,Number,Students from other developing and emerging countries,North Rhine-Westphalia,code05,40638.0
2013,Number,Students from other developing and emerging countries,North Rhine-Westphalia,code05,44330.0
2014,Number,Students from other developing and emerging countries,North Rhine-Westphalia,code05,47929.0
2015,Number,Students from other developing and emerging countries,North Rhine-Westphalia,code05,50866.0
2016,Number,Students from other developing and emerging countries,North Rhine-Westphalia,code05,54724.0
2017,Number,Students from other developing and emerging countries,North Rhine-Westphalia,code05,56753.0
2018,Number,Students from other developing and emerging countries,North Rhine-Westphalia,code05,60421.0
2019,Number,Students from other developing and emerging countries,North Rhine-Westphalia,code05,64421.0
2020,Number,Students from other developing and emerging countries,North Rhine-Westphalia,code05,66566.0
2021,Number,Students from other developing and emerging countries,North Rhine-Westphalia,code05,68071.0
2005,Number,Students from other developing and emerging countries,Rhineland Palatinate,code07,5760.0
2006,Number,Students from other developing and emerging countries,Rhineland Palatinate,code07,5969.0
2007,Number,Students from other developing and emerging countries,Rhineland Palatinate,code07,6413.0
2008,Number,Students from other developing and emerging countries,Rhineland Palatinate,code07,6525.0
2009,Number,Students from other developing and emerging countries,Rhineland Palatinate,code07,6335.0
2010,Number,Students from other developing and emerging countries,Rhineland Palatinate,code07,6226.0
2011,Number,Students from other developing and emerging countries,Rhineland Palatinate,code07,5974.0
2012,Number,Students from other developing and emerging countries,Rhineland Palatinate,code07,5990.0
2013,Number,Students from other developing and emerging countries,Rhineland Palatinate,code07,6083.0
2014,Number,Students from other developing and emerging countries,Rhineland Palatinate,code07,6295.0
2015,Number,Students from other developing and emerging countries,Rhineland Palatinate,code07,6620.0
2016,Number,Students from other developing and emerging countries,Rhineland Palatinate,code07,7138.0
2017,Number,Students from other developing and emerging countries,Rhineland Palatinate,code07,7835.0
2018,Number,Students from other developing and emerging countries,Rhineland Palatinate,code07,9016.0
2019,Number,Students from other developing and emerging countries,Rhineland Palatinate,code07,9720.0
2020,Number,Students from other developing and emerging countries,Rhineland Palatinate,code07,10360.0
2021,Number,Students from other developing and emerging countries,Rhineland Palatinate,code07,10826.0
2005,Number,Students from other developing and emerging countries,Saarland,code10,1243.0
2006,Number,Students from other developing and emerging countries,Saarland,code10,1365.0
2007,Number,Students from other developing and emerging countries,Saarland,code10,1362.0
2008,Number,Students from other developing and emerging countries,Saarland,code10,1375.0
2009,Number,Students from other developing and emerging countries,Saarland,code10,1434.0
2010,Number,Students from other developing and emerging countries,Saarland,code10,1641.0
2011,Number,Students from other developing and emerging countries,Saarland,code10,1734.0
2012,Number,Students from other developing and emerging countries,Saarland,code10,1808.0
2013,Number,Students from other developing and emerging countries,Saarland,code10,1856.0
2014,Number,Students from other developing and emerging countries,Saarland,code10,1903.0
2015,Number,Students from other developing and emerging countries,Saarland,code10,1952.0
2016,Number,Students from other developing and emerging countries,Saarland,code10,1961.0
2017,Number,Students from other developing and emerging countries,Saarland,code10,2031.0
2018,Number,Students from other developing and emerging countries,Saarland,code10,2203.0
2019,Number,Students from other developing and emerging countries,Saarland,code10,2441.0
2020,Number,Students from other developing and emerging countries,Saarland,code10,2535.0
2021,Number,Students from other developing and emerging countries,Saarland,code10,2824.0
2005,Number,Students from other developing and emerging countries,Saxony,code14,4328.0
2006,Number,Students from other developing and emerging countries,Saxony,code14,4440.0
2007,Number,Students from other developing and emerging countries,Saxony,code14,4601.0
2008,Number,Students from other developing and emerging countries,Saxony,code14,4440.0
2009,Number,Students from other developing and emerging countries,Saxony,code14,4624.0
2010,Number,Students from other developing and emerging countries,Saxony,code14,4789.0
2011,Number,Students from other developing and emerging countries,Saxony,code14,5172.0
2012,Number,Students from other developing and emerging countries,Saxony,code14,5850.0
2013,Number,Students from other developing and emerging countries,Saxony,code14,6813.0
2014,Number,Students from other developing and emerging countries,Saxony,code14,7861.0
2015,Number,Students from other developing and emerging countries,Saxony,code14,9042.0
2016,Number,Students from other developing and emerging countries,Saxony,code14,9496.0
2017,Number,Students from other developing and emerging countries,Saxony,code14,9846.0
2018,Number,Students from other developing and emerging countries,Saxony,code14,10885.0
2019,Number,Students from other developing and emerging countries,Saxony,code14,11245.0
2020,Number,Students from other developing and emerging countries,Saxony,code14,11340.0
2021,Number,Students from other developing and emerging countries,Saxony,code14,11470.0
2005,Number,Students from other developing and emerging countries,Saxony-Anhalt,code15,2825.0
2006,Number,Students from other developing and emerging countries,Saxony-Anhalt,code15,2964.0
2007,Number,Students from other developing and emerging countries,Saxony-Anhalt,code15,2997.0
2008,Number,Students from other developing and emerging countries,Saxony-Anhalt,code15,2976.0
2009,Number,Students from other developing and emerging countries,Saxony-Anhalt,code15,3142.0
2010,Number,Students from other developing and emerging countries,Saxony-Anhalt,code15,3330.0
2011,Number,Students from other developing and emerging countries,Saxony-Anhalt,code15,3633.0
2012,Number,Students from other developing and emerging countries,Saxony-Anhalt,code15,3962.0
2013,Number,Students from other developing and emerging countries,Saxony-Anhalt,code15,4198.0
2014,Number,Students from other developing and emerging countries,Saxony-Anhalt,code15,4561.0
2015,Number,Students from other developing and emerging countries,Saxony-Anhalt,code15,4970.0
2016,Number,Students from other developing and emerging countries,Saxony-Anhalt,code15,5061.0
2017,Number,Students from other developing and emerging countries,Saxony-Anhalt,code15,5401.0
2018,Number,Students from other developing and emerging countries,Saxony-Anhalt,code15,5810.0
2019,Number,Students from other developing and emerging countries,Saxony-Anhalt,code15,6336.0
2020,Number,Students from other developing and emerging countries,Saxony-Anhalt,code15,6563.0
2021,Number,Students from other developing and emerging countries,Saxony-Anhalt,code15,7114.0
2005,Number,Students from other developing and emerging countries,Schleswig-Holstein,code01,2071.0
2006,Number,Students from other developing and emerging countries,Schleswig-Holstein,code01,2135.0
2007,Number,Students from other developing and emerging countries,Schleswig-Holstein,code01,2149.0
2008,Number,Students from other developing and emerging countries,Schleswig-Holstein,code01,2131.0
2009,Number,Students from other developing and emerging countries,Schleswig-Holstein,code01,2192.0
2010,Number,Students from other developing and emerging countries,Schleswig-Holstein,code01,2219.0
2011,Number,Students from other developing and emerging countries,Schleswig-Holstein,code01,2248.0
2012,Number,Students from other developing and emerging countries,Schleswig-Holstein,code01,2356.0
2013,Number,Students from other developing and emerging countries,Schleswig-Holstein,code01,2400.0
2014,Number,Students from other developing and emerging countries,Schleswig-Holstein,code01,2575.0
2015,Number,Students from other developing and emerging countries,Schleswig-Holstein,code01,2741.0
2016,Number,Students from other developing and emerging countries,Schleswig-Holstein,code01,3116.0
2017,Number,Students from other developing and emerging countries,Schleswig-Holstein,code01,3101.0
2018,Number,Students from other developing and emerging countries,Schleswig-Holstein,code01,3358.0
2019,Number,Students from other developing and emerging countries,Schleswig-Holstein,code01,3549.0
2020,Number,Students from other developing and emerging countries,Schleswig-Holstein,code01,3581.0
2021,Number,Students from other developing and emerging countries,Schleswig-Holstein,code01,3795.0
2005,Number,Students from other developing and emerging countries,Thuringia,code16,1615.0
2006,Number,Students from other developing and emerging countries,Thuringia,code16,1759.0
2007,Number,Students from other developing and emerging countries,Thuringia,code16,1971.0
2008,Number,Students from other developing and emerging countries,Thuringia,code16,1937.0
2009,Number,Students from other developing and emerging countries,Thuringia,code16,2169.0
2010,Number,Students from other developing and emerging countries,Thuringia,code16,2437.0
2011,Number,Students from other developing and emerging countries,Thuringia,code16,2517.0
2012,Number,Students from other developing and emerging countries,Thuringia,code16,2860.0
2013,Number,Students from other developing and emerging countries,Thuringia,code16,3396.0
2014,Number,Students from other developing and emerging countries,Thuringia,code16,3852.0
2015,Number,Students from other developing and emerging countries,Thuringia,code16,4243.0
2016,Number,Students from other developing and emerging countries,Thuringia,code16,4488.0
2017,Number,Students from other developing and emerging countries,Thuringia,code16,4846.0
2018,Number,Students from other developing and emerging countries,Thuringia,code16,5500.0
2019,Number,Students from other developing and emerging countries,Thuringia,code16,6655.0
2020,Number,Students from other developing and emerging countries,Thuringia,code16,7388.0
2021,Number,Students from other developing and emerging countries,Thuringia,code16,9660.0
2005,Number,Researchers from LDCs,,,209.0
2006,Number,Researchers from LDCs,,,212.0
2007,Number,Researchers from LDCs,,,207.0
2008,Number,Researchers from LDCs,,,254.0
2009,Number,Researchers from LDCs,,,299.0
2010,Number,Researchers from LDCs,,,331.0
2011,Number,Researchers from LDCs,,,382.0
2012,Number,Researchers from LDCs,,,420.0
2013,Number,Researchers from LDCs,,,476.0
2014,Number,Researchers from LDCs,,,500.0
2015,Number,Researchers from LDCs,,,517.0
2016,Number,Researchers from LDCs,,,558.0
2017,Number,Researchers from LDCs,,,649.0
2018,Number,Researchers from LDCs,,,687.0
2019,Number,Researchers from LDCs,,,681.0
2020,Number,Researchers from LDCs,,,838.0
2021,Number,Researchers from LDCs,,,924.0
2005,Number,Researchers from LDCs,Baden-Wuerttemberg,code08,
2006,Number,Researchers from LDCs,Baden-Wuerttemberg,code08,40.0
2007,Number,Researchers from LDCs,Baden-Wuerttemberg,code08,45.0
2008,Number,Researchers from LDCs,Baden-Wuerttemberg,code08,52.0
2009,Number,Researchers from LDCs,Baden-Wuerttemberg,code08,51.0
2010,Number,Researchers from LDCs,Baden-Wuerttemberg,code08,57.0
2011,Number,Researchers from LDCs,Baden-Wuerttemberg,code08,85.0
2012,Number,Researchers from LDCs,Baden-Wuerttemberg,code08,96.0
2013,Number,Researchers from LDCs,Baden-Wuerttemberg,code08,93.0
2014,Number,Researchers from LDCs,Baden-Wuerttemberg,code08,98.0
2015,Number,Researchers from LDCs,Baden-Wuerttemberg,code08,106.0
2016,Number,Researchers from LDCs,Baden-Wuerttemberg,code08,118.0
2017,Number,Researchers from LDCs,Baden-Wuerttemberg,code08,150.0
2018,Number,Researchers from LDCs,Baden-Wuerttemberg,code08,140.0
2019,Number,Researchers from LDCs,Baden-Wuerttemberg,code08,141.0
2020,Number,Researchers from LDCs,Baden-Wuerttemberg,code08,146.0
2021,Number,Researchers from LDCs,Baden-Wuerttemberg,code08,149.0
2005,Number,Researchers from LDCs,Bavaria,code09,
2006,Number,Researchers from LDCs,Bavaria,code09,26.0
2007,Number,Researchers from LDCs,Bavaria,code09,23.0
2008,Number,Researchers from LDCs,Bavaria,code09,24.0
2009,Number,Researchers from LDCs,Bavaria,code09,35.0
2010,Number,Researchers from LDCs,Bavaria,code09,39.0
2011,Number,Researchers from LDCs,Bavaria,code09,57.0
2012,Number,Researchers from LDCs,Bavaria,code09,67.0
2013,Number,Researchers from LDCs,Bavaria,code09,68.0
2014,Number,Researchers from LDCs,Bavaria,code09,71.0
2015,Number,Researchers from LDCs,Bavaria,code09,70.0
2016,Number,Researchers from LDCs,Bavaria,code09,60.0
2017,Number,Researchers from LDCs,Bavaria,code09,75.0
2018,Number,Researchers from LDCs,Bavaria,code09,63.0
2019,Number,Researchers from LDCs,Bavaria,code09,76.0
2020,Number,Researchers from LDCs,Bavaria,code09,105.0
2021,Number,Researchers from LDCs,Bavaria,code09,113.0
2005,Number,Researchers from LDCs,Berlin,code11,
2006,Number,Researchers from LDCs,Berlin,code11,6.0
2007,Number,Researchers from LDCs,Berlin,code11,5.0
2008,Number,Researchers from LDCs,Berlin,code11,7.0
2009,Number,Researchers from LDCs,Berlin,code11,8.0
2010,Number,Researchers from LDCs,Berlin,code11,10.0
2011,Number,Researchers from LDCs,Berlin,code11,11.0
2012,Number,Researchers from LDCs,Berlin,code11,12.0
2013,Number,Researchers from LDCs,Berlin,code11,19.0
2014,Number,Researchers from LDCs,Berlin,code11,22.0
2015,Number,Researchers from LDCs,Berlin,code11,25.0
2016,Number,Researchers from LDCs,Berlin,code11,34.0
2017,Number,Researchers from LDCs,Berlin,code11,30.0
2018,Number,Researchers from LDCs,Berlin,code11,31.0
2019,Number,Researchers from LDCs,Berlin,code11,35.0
2020,Number,Researchers from LDCs,Berlin,code11,36.0
2021,Number,Researchers from LDCs,Berlin,code11,49.0
2005,Number,Researchers from LDCs,Brandenburg,code12,
2006,Number,Researchers from LDCs,Brandenburg,code12,3.0
2007,Number,Researchers from LDCs,Brandenburg,code12,2.0
2008,Number,Researchers from LDCs,Brandenburg,code12,6.0
2009,Number,Researchers from LDCs,Brandenburg,code12,8.0
2010,Number,Researchers from LDCs,Brandenburg,code12,8.0
2011,Number,Researchers from LDCs,Brandenburg,code12,5.0
2012,Number,Researchers from LDCs,Brandenburg,code12,8.0
2013,Number,Researchers from LDCs,Brandenburg,code12,7.0
2014,Number,Researchers from LDCs,Brandenburg,code12,4.0
2015,Number,Researchers from LDCs,Brandenburg,code12,7.0
2016,Number,Researchers from LDCs,Brandenburg,code12,13.0
2017,Number,Researchers from LDCs,Brandenburg,code12,6.0
2018,Number,Researchers from LDCs,Brandenburg,code12,8.0
2019,Number,Researchers from LDCs,Brandenburg,code12,18.0
2020,Number,Researchers from LDCs,Brandenburg,code12,27.0
2021,Number,Researchers from LDCs,Brandenburg,code12,28.0
2005,Number,Researchers from LDCs,Bremen,code04,
2006,Number,Researchers from LDCs,Bremen,code04,5.0
2007,Number,Researchers from LDCs,Bremen,code04,3.0
2008,Number,Researchers from LDCs,Bremen,code04,6.0
2009,Number,Researchers from LDCs,Bremen,code04,8.0
2010,Number,Researchers from LDCs,Bremen,code04,8.0
2011,Number,Researchers from LDCs,Bremen,code04,6.0
2012,Number,Researchers from LDCs,Bremen,code04,5.0
2013,Number,Researchers from LDCs,Bremen,code04,10.0
2014,Number,Researchers from LDCs,Bremen,code04,9.0
2015,Number,Researchers from LDCs,Bremen,code04,13.0
2016,Number,Researchers from LDCs,Bremen,code04,11.0
2017,Number,Researchers from LDCs,Bremen,code04,11.0
2018,Number,Researchers from LDCs,Bremen,code04,10.0
2019,Number,Researchers from LDCs,Bremen,code04,11.0
2020,Number,Researchers from LDCs,Bremen,code04,12.0
2021,Number,Researchers from LDCs,Bremen,code04,12.0
2005,Number,Researchers from LDCs,Hamburg,code02,
2006,Number,Researchers from LDCs,Hamburg,code02,8.0
2007,Number,Researchers from LDCs,Hamburg,code02,11.0
2008,Number,Researchers from LDCs,Hamburg,code02,5.0
2009,Number,Researchers from LDCs,Hamburg,code02,7.0
2010,Number,Researchers from LDCs,Hamburg,code02,14.0
2011,Number,Researchers from LDCs,Hamburg,code02,14.0
2012,Number,Researchers from LDCs,Hamburg,code02,14.0
2013,Number,Researchers from LDCs,Hamburg,code02,19.0
2014,Number,Researchers from LDCs,Hamburg,code02,20.0
2015,Number,Researchers from LDCs,Hamburg,code02,15.0
2016,Number,Researchers from LDCs,Hamburg,code02,19.0
2017,Number,Researchers from LDCs,Hamburg,code02,23.0
2018,Number,Researchers from LDCs,Hamburg,code02,20.0
2019,Number,Researchers from LDCs,Hamburg,code02,19.0
2020,Number,Researchers from LDCs,Hamburg,code02,29.0
2021,Number,Researchers from LDCs,Hamburg,code02,34.0
2005,Number,Researchers from LDCs,Hesse,code06,
2006,Number,Researchers from LDCs,Hesse,code06,18.0
2007,Number,Researchers from LDCs,Hesse,code06,19.0
2008,Number,Researchers from LDCs,Hesse,code06,20.0
2009,Number,Researchers from LDCs,Hesse,code06,17.0
2010,Number,Researchers from LDCs,Hesse,code06,27.0
2011,Number,Researchers from LDCs,Hesse,code06,25.0
2012,Number,Researchers from LDCs,Hesse,code06,26.0
2013,Number,Researchers from LDCs,Hesse,code06,36.0
2014,Number,Researchers from LDCs,Hesse,code06,40.0
2015,Number,Researchers from LDCs,Hesse,code06,42.0
2016,Number,Researchers from LDCs,Hesse,code06,53.0
2017,Number,Researchers from LDCs,Hesse,code06,58.0
2018,Number,Researchers from LDCs,Hesse,code06,59.0
2019,Number,Researchers from LDCs,Hesse,code06,43.0
2020,Number,Researchers from LDCs,Hesse,code06,42.0
2021,Number,Researchers from LDCs,Hesse,code06,50.0
2005,Number,Researchers from LDCs,Mecklenburg Western Pomerania,code13,
2006,Number,Researchers from LDCs,Mecklenburg Western Pomerania,code13,5.0
2007,Number,Researchers from LDCs,Mecklenburg Western Pomerania,code13,3.0
2008,Number,Researchers from LDCs,Mecklenburg Western Pomerania,code13,4.0
2009,Number,Researchers from LDCs,Mecklenburg Western Pomerania,code13,5.0
2010,Number,Researchers from LDCs,Mecklenburg Western Pomerania,code13,5.0
2011,Number,Researchers from LDCs,Mecklenburg Western Pomerania,code13,14.0
2012,Number,Researchers from LDCs,Mecklenburg Western Pomerania,code13,11.0
2013,Number,Researchers from LDCs,Mecklenburg Western Pomerania,code13,11.0
2014,Number,Researchers from LDCs,Mecklenburg Western Pomerania,code13,13.0
2015,Number,Researchers from LDCs,Mecklenburg Western Pomerania,code13,9.0
2016,Number,Researchers from LDCs,Mecklenburg Western Pomerania,code13,13.0
2017,Number,Researchers from LDCs,Mecklenburg Western Pomerania,code13,17.0
2018,Number,Researchers from LDCs,Mecklenburg Western Pomerania,code13,13.0
2019,Number,Researchers from LDCs,Mecklenburg Western Pomerania,code13,9.0
2020,Number,Researchers from LDCs,Mecklenburg Western Pomerania,code13,14.0
2021,Number,Researchers from LDCs,Mecklenburg Western Pomerania,code13,17.0
2005,Number,Researchers from LDCs,Lower Saxony,code03,
2006,Number,Researchers from LDCs,Lower Saxony,code03,32.0
2007,Number,Researchers from LDCs,Lower Saxony,code03,27.0
2008,Number,Researchers from LDCs,Lower Saxony,code03,26.0
2009,Number,Researchers from LDCs,Lower Saxony,code03,30.0
2010,Number,Researchers from LDCs,Lower Saxony,code03,30.0
2011,Number,Researchers from LDCs,Lower Saxony,code03,26.0
2012,Number,Researchers from LDCs,Lower Saxony,code03,31.0
2013,Number,Researchers from LDCs,Lower Saxony,code03,35.0
2014,Number,Researchers from LDCs,Lower Saxony,code03,41.0
2015,Number,Researchers from LDCs,Lower Saxony,code03,41.0
2016,Number,Researchers from LDCs,Lower Saxony,code03,48.0
2017,Number,Researchers from LDCs,Lower Saxony,code03,57.0
2018,Number,Researchers from LDCs,Lower Saxony,code03,58.0
2019,Number,Researchers from LDCs,Lower Saxony,code03,49.0
2020,Number,Researchers from LDCs,Lower Saxony,code03,57.0
2021,Number,Researchers from LDCs,Lower Saxony,code03,68.0
2005,Number,Researchers from LDCs,North Rhine-Westphalia,code05,
2006,Number,Researchers from LDCs,North Rhine-Westphalia,code05,24.0
2007,Number,Researchers from LDCs,North Rhine-Westphalia,code05,24.0
2008,Number,Researchers from LDCs,North Rhine-Westphalia,code05,48.0
2009,Number,Researchers from LDCs,North Rhine-Westphalia,code05,51.0
2010,Number,Researchers from LDCs,North Rhine-Westphalia,code05,51.0
2011,Number,Researchers from LDCs,North Rhine-Westphalia,code05,63.0
2012,Number,Researchers from LDCs,North Rhine-Westphalia,code05,64.0
2013,Number,Researchers from LDCs,North Rhine-Westphalia,code05,85.0
2014,Number,Researchers from LDCs,North Rhine-Westphalia,code05,87.0
2015,Number,Researchers from LDCs,North Rhine-Westphalia,code05,89.0
2016,Number,Researchers from LDCs,North Rhine-Westphalia,code05,99.0
2017,Number,Researchers from LDCs,North Rhine-Westphalia,code05,113.0
2018,Number,Researchers from LDCs,North Rhine-Westphalia,code05,127.0
2019,Number,Researchers from LDCs,North Rhine-Westphalia,code05,123.0
2020,Number,Researchers from LDCs,North Rhine-Westphalia,code05,150.0
2021,Number,Researchers from LDCs,North Rhine-Westphalia,code05,183.0
2005,Number,Researchers from LDCs,Rhineland Palatinate,code07,
2006,Number,Researchers from LDCs,Rhineland Palatinate,code07,10.0
2007,Number,Researchers from LDCs,Rhineland Palatinate,code07,13.0
2008,Number,Researchers from LDCs,Rhineland Palatinate,code07,15.0
2009,Number,Researchers from LDCs,Rhineland Palatinate,code07,19.0
2010,Number,Researchers from LDCs,Rhineland Palatinate,code07,20.0
2011,Number,Researchers from LDCs,Rhineland Palatinate,code07,18.0
2012,Number,Researchers from LDCs,Rhineland Palatinate,code07,19.0
2013,Number,Researchers from LDCs,Rhineland Palatinate,code07,15.0
2014,Number,Researchers from LDCs,Rhineland Palatinate,code07,16.0
2015,Number,Researchers from LDCs,Rhineland Palatinate,code07,17.0
2016,Number,Researchers from LDCs,Rhineland Palatinate,code07,15.0
2017,Number,Researchers from LDCs,Rhineland Palatinate,code07,21.0
2018,Number,Researchers from LDCs,Rhineland Palatinate,code07,25.0
2019,Number,Researchers from LDCs,Rhineland Palatinate,code07,31.0
2020,Number,Researchers from LDCs,Rhineland Palatinate,code07,48.0
2021,Number,Researchers from LDCs,Rhineland Palatinate,code07,43.0
2005,Number,Researchers from LDCs,Saarland,code10,
2006,Number,Researchers from LDCs,Saarland,code10,3.0
2007,Number,Researchers from LDCs,Saarland,code10,3.0
2008,Number,Researchers from LDCs,Saarland,code10,4.0
2009,Number,Researchers from LDCs,Saarland,code10,8.0
2010,Number,Researchers from LDCs,Saarland,code10,6.0
2011,Number,Researchers from LDCs,Saarland,code10,6.0
2012,Number,Researchers from LDCs,Saarland,code10,5.0
2013,Number,Researchers from LDCs,Saarland,code10,3.0
2014,Number,Researchers from LDCs,Saarland,code10,5.0
2015,Number,Researchers from LDCs,Saarland,code10,5.0
2016,Number,Researchers from LDCs,Saarland,code10,5.0
2017,Number,Researchers from LDCs,Saarland,code10,1.0
2018,Number,Researchers from LDCs,Saarland,code10,8.0
2019,Number,Researchers from LDCs,Saarland,code10,9.0
2020,Number,Researchers from LDCs,Saarland,code10,15.0
2021,Number,Researchers from LDCs,Saarland,code10,14.0
2005,Number,Researchers from LDCs,Saxony,code14,
2006,Number,Researchers from LDCs,Saxony,code14,19.0
2007,Number,Researchers from LDCs,Saxony,code14,17.0
2008,Number,Researchers from LDCs,Saxony,code14,19.0
2009,Number,Researchers from LDCs,Saxony,code14,23.0
2010,Number,Researchers from LDCs,Saxony,code14,29.0
2011,Number,Researchers from LDCs,Saxony,code14,24.0
2012,Number,Researchers from LDCs,Saxony,code14,32.0
2013,Number,Researchers from LDCs,Saxony,code14,32.0
2014,Number,Researchers from LDCs,Saxony,code14,30.0
2015,Number,Researchers from LDCs,Saxony,code14,36.0
2016,Number,Researchers from LDCs,Saxony,code14,35.0
2017,Number,Researchers from LDCs,Saxony,code14,42.0
2018,Number,Researchers from LDCs,Saxony,code14,56.0
2019,Number,Researchers from LDCs,Saxony,code14,53.0
2020,Number,Researchers from LDCs,Saxony,code14,69.0
2021,Number,Researchers from LDCs,Saxony,code14,70.0
2005,Number,Researchers from LDCs,Saxony-Anhalt,code15,
2006,Number,Researchers from LDCs,Saxony-Anhalt,code15,5.0
2007,Number,Researchers from LDCs,Saxony-Anhalt,code15,1.0
2008,Number,Researchers from LDCs,Saxony-Anhalt,code15,3.0
2009,Number,Researchers from LDCs,Saxony-Anhalt,code15,5.0
2010,Number,Researchers from LDCs,Saxony-Anhalt,code15,5.0
2011,Number,Researchers from LDCs,Saxony-Anhalt,code15,3.0
2012,Number,Researchers from LDCs,Saxony-Anhalt,code15,4.0
2013,Number,Researchers from LDCs,Saxony-Anhalt,code15,8.0
2014,Number,Researchers from LDCs,Saxony-Anhalt,code15,9.0
2015,Number,Researchers from LDCs,Saxony-Anhalt,code15,10.0
2016,Number,Researchers from LDCs,Saxony-Anhalt,code15,7.0
2017,Number,Researchers from LDCs,Saxony-Anhalt,code15,9.0
2018,Number,Researchers from LDCs,Saxony-Anhalt,code15,17.0
2019,Number,Researchers from LDCs,Saxony-Anhalt,code15,14.0
2020,Number,Researchers from LDCs,Saxony-Anhalt,code15,22.0
2021,Number,Researchers from LDCs,Saxony-Anhalt,code15,24.0
2005,Number,Researchers from LDCs,Schleswig-Holstein,code01,
2006,Number,Researchers from LDCs,Schleswig-Holstein,code01,5.0
2007,Number,Researchers from LDCs,Schleswig-Holstein,code01,6.0
2008,Number,Researchers from LDCs,Schleswig-Holstein,code01,8.0
2009,Number,Researchers from LDCs,Schleswig-Holstein,code01,11.0
2010,Number,Researchers from LDCs,Schleswig-Holstein,code01,10.0
2011,Number,Researchers from LDCs,Schleswig-Holstein,code01,13.0
2012,Number,Researchers from LDCs,Schleswig-Holstein,code01,11.0
2013,Number,Researchers from LDCs,Schleswig-Holstein,code01,13.0
2014,Number,Researchers from LDCs,Schleswig-Holstein,code01,15.0
2015,Number,Researchers from LDCs,Schleswig-Holstein,code01,12.0
2016,Number,Researchers from LDCs,Schleswig-Holstein,code01,14.0
2017,Number,Researchers from LDCs,Schleswig-Holstein,code01,17.0
2018,Number,Researchers from LDCs,Schleswig-Holstein,code01,23.0
2019,Number,Researchers from LDCs,Schleswig-Holstein,code01,27.0
2020,Number,Researchers from LDCs,Schleswig-Holstein,code01,28.0
2021,Number,Researchers from LDCs,Schleswig-Holstein,code01,38.0
2005,Number,Researchers from LDCs,Thuringia,code16,
2006,Number,Researchers from LDCs,Thuringia,code16,3.0
2007,Number,Researchers from LDCs,Thuringia,code16,5.0
2008,Number,Researchers from LDCs,Thuringia,code16,7.0
2009,Number,Researchers from LDCs,Thuringia,code16,13.0
2010,Number,Researchers from LDCs,Thuringia,code16,12.0
2011,Number,Researchers from LDCs,Thuringia,code16,12.0
2012,Number,Researchers from LDCs,Thuringia,code16,15.0
2013,Number,Researchers from LDCs,Thuringia,code16,22.0
2014,Number,Researchers from LDCs,Thuringia,code16,20.0
2015,Number,Researchers from LDCs,Thuringia,code16,20.0
2016,Number,Researchers from LDCs,Thuringia,code16,17.0
2017,Number,Researchers from LDCs,Thuringia,code16,19.0
2018,Number,Researchers from LDCs,Thuringia,code16,29.0
2019,Number,Researchers from LDCs,Thuringia,code16,23.0
2020,Number,Researchers from LDCs,Thuringia,code16,38.0
2021,Number,Researchers from LDCs,Thuringia,code16,32.0
2005,Number,Researchers from other developing and emerging countries,,,5848.0
2006,Number,Researchers from other developing and emerging countries,,,6434.0
2007,Number,Researchers from other developing and emerging countries,,,6766.0
2008,Number,Researchers from other developing and emerging countries,,,8180.0
2009,Number,Researchers from other developing and emerging countries,,,9482.0
2010,Number,Researchers from other developing and emerging countries,,,10614.0
2011,Number,Researchers from other developing and emerging countries,,,10946.0
2012,Number,Researchers from other developing and emerging countries,,,11741.0
2013,Number,Researchers from other developing and emerging countries,,,12865.0
2014,Number,Researchers from other developing and emerging countries,,,13837.0
2015,Number,Researchers from other developing and emerging countries,,,14592.0
2016,Number,Researchers from other developing and emerging countries,,,15317.0
2017,Number,Researchers from other developing and emerging countries,,,16904.0
2018,Number,Researchers from other developing and emerging countries,,,18429.0
2019,Number,Researchers from other developing and emerging countries,,,20214.0
2020,Number,Researchers from other developing and emerging countries,,,22257.0
2021,Number,Researchers from other developing and emerging countries,,,24624.0
2005,Number,Researchers from other developing and emerging countries,Baden-Wuerttemberg,code08,
2006,Number,Researchers from other developing and emerging countries,Baden-Wuerttemberg,code08,1190.0
2007,Number,Researchers from other developing and emerging countries,Baden-Wuerttemberg,code08,1333.0
2008,Number,Researchers from other developing and emerging countries,Baden-Wuerttemberg,code08,1579.0
2009,Number,Researchers from other developing and emerging countries,Baden-Wuerttemberg,code08,1847.0
2010,Number,Researchers from other developing and emerging countries,Baden-Wuerttemberg,code08,2049.0
2011,Number,Researchers from other developing and emerging countries,Baden-Wuerttemberg,code08,1986.0
2012,Number,Researchers from other developing and emerging countries,Baden-Wuerttemberg,code08,2155.0
2013,Number,Researchers from other developing and emerging countries,Baden-Wuerttemberg,code08,2388.0
2014,Number,Researchers from other developing and emerging countries,Baden-Wuerttemberg,code08,2547.0
2015,Number,Researchers from other developing and emerging countries,Baden-Wuerttemberg,code08,2691.0
2016,Number,Researchers from other developing and emerging countries,Baden-Wuerttemberg,code08,2761.0
2017,Number,Researchers from other developing and emerging countries,Baden-Wuerttemberg,code08,3164.0
2018,Number,Researchers from other developing and emerging countries,Baden-Wuerttemberg,code08,3314.0
2019,Number,Researchers from other developing and emerging countries,Baden-Wuerttemberg,code08,3458.0
2020,Number,Researchers from other developing and emerging countries,Baden-Wuerttemberg,code08,3897.0
2021,Number,Researchers from other developing and emerging countries,Baden-Wuerttemberg,code08,4130.0
2005,Number,Researchers from other developing and emerging countries,Bavaria,code09,
2006,Number,Researchers from other developing and emerging countries,Bavaria,code09,872.0
2007,Number,Researchers from other developing and emerging countries,Bavaria,code09,934.0
2008,Number,Researchers from other developing and emerging countries,Bavaria,code09,1171.0
2009,Number,Researchers from other developing and emerging countries,Bavaria,code09,1296.0
2010,Number,Researchers from other developing and emerging countries,Bavaria,code09,1483.0
2011,Number,Researchers from other developing and emerging countries,Bavaria,code09,1612.0
2012,Number,Researchers from other developing and emerging countries,Bavaria,code09,1767.0
2013,Number,Researchers from other developing and emerging countries,Bavaria,code09,1956.0
2014,Number,Researchers from other developing and emerging countries,Bavaria,code09,2150.0
2015,Number,Researchers from other developing and emerging countries,Bavaria,code09,2212.0
2016,Number,Researchers from other developing and emerging countries,Bavaria,code09,2280.0
2017,Number,Researchers from other developing and emerging countries,Bavaria,code09,2425.0
2018,Number,Researchers from other developing and emerging countries,Bavaria,code09,2600.0
2019,Number,Researchers from other developing and emerging countries,Bavaria,code09,2910.0
2020,Number,Researchers from other developing and emerging countries,Bavaria,code09,3265.0
2021,Number,Researchers from other developing and emerging countries,Bavaria,code09,3651.0
2005,Number,Researchers from other developing and emerging countries,Berlin,code11,
2006,Number,Researchers from other developing and emerging countries,Berlin,code11,468.0
2007,Number,Researchers from other developing and emerging countries,Berlin,code11,461.0
2008,Number,Researchers from other developing and emerging countries,Berlin,code11,550.0
2009,Number,Researchers from other developing and emerging countries,Berlin,code11,597.0
2010,Number,Researchers from other developing and emerging countries,Berlin,code11,620.0
2011,Number,Researchers from other developing and emerging countries,Berlin,code11,603.0
2012,Number,Researchers from other developing and emerging countries,Berlin,code11,672.0
2013,Number,Researchers from other developing and emerging countries,Berlin,code11,688.0
2014,Number,Researchers from other developing and emerging countries,Berlin,code11,765.0
2015,Number,Researchers from other developing and emerging countries,Berlin,code11,858.0
2016,Number,Researchers from other developing and emerging countries,Berlin,code11,877.0
2017,Number,Researchers from other developing and emerging countries,Berlin,code11,934.0
2018,Number,Researchers from other developing and emerging countries,Berlin,code11,1000.0
2019,Number,Researchers from other developing and emerging countries,Berlin,code11,1138.0
2020,Number,Researchers from other developing and emerging countries,Berlin,code11,1322.0
2021,Number,Researchers from other developing and emerging countries,Berlin,code11,1571.0
2005,Number,Researchers from other developing and emerging countries,Brandenburg,code12,
2006,Number,Researchers from other developing and emerging countries,Brandenburg,code12,97.0
2007,Number,Researchers from other developing and emerging countries,Brandenburg,code12,109.0
2008,Number,Researchers from other developing and emerging countries,Brandenburg,code12,124.0
2009,Number,Researchers from other developing and emerging countries,Brandenburg,code12,151.0
2010,Number,Researchers from other developing and emerging countries,Brandenburg,code12,170.0
2011,Number,Researchers from other developing and emerging countries,Brandenburg,code12,208.0
2012,Number,Researchers from other developing and emerging countries,Brandenburg,code12,204.0
2013,Number,Researchers from other developing and emerging countries,Brandenburg,code12,209.0
2014,Number,Researchers from other developing and emerging countries,Brandenburg,code12,227.0
2015,Number,Researchers from other developing and emerging countries,Brandenburg,code12,232.0
2016,Number,Researchers from other developing and emerging countries,Brandenburg,code12,267.0
2017,Number,Researchers from other developing and emerging countries,Brandenburg,code12,322.0
2018,Number,Researchers from other developing and emerging countries,Brandenburg,code12,352.0
2019,Number,Researchers from other developing and emerging countries,Brandenburg,code12,414.0
2020,Number,Researchers from other developing and emerging countries,Brandenburg,code12,492.0
2021,Number,Researchers from other developing and emerging countries,Brandenburg,code12,543.0
2005,Number,Researchers from other developing and emerging countries,Bremen,code04,
2006,Number,Researchers from other developing and emerging countries,Bremen,code04,108.0
2007,Number,Researchers from other developing and emerging countries,Bremen,code04,96.0
2008,Number,Researchers from other developing and emerging countries,Bremen,code04,116.0
2009,Number,Researchers from other developing and emerging countries,Bremen,code04,156.0
2010,Number,Researchers from other developing and emerging countries,Bremen,code04,181.0
2011,Number,Researchers from other developing and emerging countries,Bremen,code04,184.0
2012,Number,Researchers from other developing and emerging countries,Bremen,code04,177.0
2013,Number,Researchers from other developing and emerging countries,Bremen,code04,193.0
2014,Number,Researchers from other developing and emerging countries,Bremen,code04,192.0
2015,Number,Researchers from other developing and emerging countries,Bremen,code04,195.0
2016,Number,Researchers from other developing and emerging countries,Bremen,code04,204.0
2017,Number,Researchers from other developing and emerging countries,Bremen,code04,225.0
2018,Number,Researchers from other developing and emerging countries,Bremen,code04,219.0
2019,Number,Researchers from other developing and emerging countries,Bremen,code04,238.0
2020,Number,Researchers from other developing and emerging countries,Bremen,code04,238.0
2021,Number,Researchers from other developing and emerging countries,Bremen,code04,244.0
2005,Number,Researchers from other developing and emerging countries,Hamburg,code02,
2006,Number,Researchers from other developing and emerging countries,Hamburg,code02,162.0
2007,Number,Researchers from other developing and emerging countries,Hamburg,code02,215.0
2008,Number,Researchers from other developing and emerging countries,Hamburg,code02,242.0
2009,Number,Researchers from other developing and emerging countries,Hamburg,code02,272.0
2010,Number,Researchers from other developing and emerging countries,Hamburg,code02,282.0
2011,Number,Researchers from other developing and emerging countries,Hamburg,code02,281.0
2012,Number,Researchers from other developing and emerging countries,Hamburg,code02,281.0
2013,Number,Researchers from other developing and emerging countries,Hamburg,code02,330.0
2014,Number,Researchers from other developing and emerging countries,Hamburg,code02,340.0
2015,Number,Researchers from other developing and emerging countries,Hamburg,code02,347.0
2016,Number,Researchers from other developing and emerging countries,Hamburg,code02,416.0
2017,Number,Researchers from other developing and emerging countries,Hamburg,code02,442.0
2018,Number,Researchers from other developing and emerging countries,Hamburg,code02,496.0
2019,Number,Researchers from other developing and emerging countries,Hamburg,code02,578.0
2020,Number,Researchers from other developing and emerging countries,Hamburg,code02,649.0
2021,Number,Researchers from other developing and emerging countries,Hamburg,code02,783.0
2005,Number,Researchers from other developing and emerging countries,Hesse,code06,
2006,Number,Researchers from other developing and emerging countries,Hesse,code06,469.0
2007,Number,Researchers from other developing and emerging countries,Hesse,code06,520.0
2008,Number,Researchers from other developing and emerging countries,Hesse,code06,628.0
2009,Number,Researchers from other developing and emerging countries,Hesse,code06,730.0
2010,Number,Researchers from other developing and emerging countries,Hesse,code06,836.0
2011,Number,Researchers from other developing and emerging countries,Hesse,code06,898.0
2012,Number,Researchers from other developing and emerging countries,Hesse,code06,921.0
2013,Number,Researchers from other developing and emerging countries,Hesse,code06,1017.0
2014,Number,Researchers from other developing and emerging countries,Hesse,code06,1063.0
2015,Number,Researchers from other developing and emerging countries,Hesse,code06,1065.0
2016,Number,Researchers from other developing and emerging countries,Hesse,code06,1089.0
2017,Number,Researchers from other developing and emerging countries,Hesse,code06,1146.0
2018,Number,Researchers from other developing and emerging countries,Hesse,code06,1238.0
2019,Number,Researchers from other developing and emerging countries,Hesse,code06,1344.0
2020,Number,Researchers from other developing and emerging countries,Hesse,code06,1424.0
2021,Number,Researchers from other developing and emerging countries,Hesse,code06,1597.0
2005,Number,Researchers from other developing and emerging countries,Mecklenburg Western Pomerania,code13,
2006,Number,Researchers from other developing and emerging countries,Mecklenburg Western Pomerania,code13,67.0
2007,Number,Researchers from other developing and emerging countries,Mecklenburg Western Pomerania,code13,73.0
2008,Number,Researchers from other developing and emerging countries,Mecklenburg Western Pomerania,code13,94.0
2009,Number,Researchers from other developing and emerging countries,Mecklenburg Western Pomerania,code13,102.0
2010,Number,Researchers from other developing and emerging countries,Mecklenburg Western Pomerania,code13,139.0
2011,Number,Researchers from other developing and emerging countries,Mecklenburg Western Pomerania,code13,128.0
2012,Number,Researchers from other developing and emerging countries,Mecklenburg Western Pomerania,code13,139.0
2013,Number,Researchers from other developing and emerging countries,Mecklenburg Western Pomerania,code13,160.0
2014,Number,Researchers from other developing and emerging countries,Mecklenburg Western Pomerania,code13,176.0
2015,Number,Researchers from other developing and emerging countries,Mecklenburg Western Pomerania,code13,176.0
2016,Number,Researchers from other developing and emerging countries,Mecklenburg Western Pomerania,code13,194.0
2017,Number,Researchers from other developing and emerging countries,Mecklenburg Western Pomerania,code13,209.0
2018,Number,Researchers from other developing and emerging countries,Mecklenburg Western Pomerania,code13,239.0
2019,Number,Researchers from other developing and emerging countries,Mecklenburg Western Pomerania,code13,276.0
2020,Number,Researchers from other developing and emerging countries,Mecklenburg Western Pomerania,code13,308.0
2021,Number,Researchers from other developing and emerging countries,Mecklenburg Western Pomerania,code13,350.0
2005,Number,Researchers from other developing and emerging countries,Lower Saxony,code03,
2006,Number,Researchers from other developing and emerging countries,Lower Saxony,code03,519.0
2007,Number,Researchers from other developing and emerging countries,Lower Saxony,code03,646.0
2008,Number,Researchers from other developing and emerging countries,Lower Saxony,code03,710.0
2009,Number,Researchers from other developing and emerging countries,Lower Saxony,code03,797.0
2010,Number,Researchers from other developing and emerging countries,Lower Saxony,code03,883.0
2011,Number,Researchers from other developing and emerging countries,Lower Saxony,code03,915.0
2012,Number,Researchers from other developing and emerging countries,Lower Saxony,code03,1010.0
2013,Number,Researchers from other developing and emerging countries,Lower Saxony,code03,1132.0
2014,Number,Researchers from other developing and emerging countries,Lower Saxony,code03,1140.0
2015,Number,Researchers from other developing and emerging countries,Lower Saxony,code03,1206.0
2016,Number,Researchers from other developing and emerging countries,Lower Saxony,code03,1250.0
2017,Number,Researchers from other developing and emerging countries,Lower Saxony,code03,1343.0
2018,Number,Researchers from other developing and emerging countries,Lower Saxony,code03,1475.0
2019,Number,Researchers from other developing and emerging countries,Lower Saxony,code03,1549.0
2020,Number,Researchers from other developing and emerging countries,Lower Saxony,code03,1638.0
2021,Number,Researchers from other developing and emerging countries,Lower Saxony,code03,1822.0
2005,Number,Researchers from other developing and emerging countries,North Rhine-Westphalia,code05,
2006,Number,Researchers from other developing and emerging countries,North Rhine-Westphalia,code05,1399.0
2007,Number,Researchers from other developing and emerging countries,North Rhine-Westphalia,code05,1240.0
2008,Number,Researchers from other developing and emerging countries,North Rhine-Westphalia,code05,1675.0
2009,Number,Researchers from other developing and emerging countries,North Rhine-Westphalia,code05,2017.0
2010,Number,Researchers from other developing and emerging countries,North Rhine-Westphalia,code05,2178.0
2011,Number,Researchers from other developing and emerging countries,North Rhine-Westphalia,code05,2221.0
2012,Number,Researchers from other developing and emerging countries,North Rhine-Westphalia,code05,2293.0
2013,Number,Researchers from other developing and emerging countries,North Rhine-Westphalia,code05,2473.0
2014,Number,Researchers from other developing and emerging countries,North Rhine-Westphalia,code05,2749.0
2015,Number,Researchers from other developing and emerging countries,North Rhine-Westphalia,code05,2949.0
2016,Number,Researchers from other developing and emerging countries,North Rhine-Westphalia,code05,3199.0
2017,Number,Researchers from other developing and emerging countries,North Rhine-Westphalia,code05,3539.0
2018,Number,Researchers from other developing and emerging countries,North Rhine-Westphalia,code05,3955.0
2019,Number,Researchers from other developing and emerging countries,North Rhine-Westphalia,code05,4306.0
2020,Number,Researchers from other developing and emerging countries,North Rhine-Westphalia,code05,4628.0
2021,Number,Researchers from other developing and emerging countries,North Rhine-Westphalia,code05,5096.0
2005,Number,Researchers from other developing and emerging countries,Rhineland Palatinate,code07,
2006,Number,Researchers from other developing and emerging countries,Rhineland Palatinate,code07,238.0
2007,Number,Researchers from other developing and emerging countries,Rhineland Palatinate,code07,254.0
2008,Number,Researchers from other developing and emerging countries,Rhineland Palatinate,code07,291.0
2009,Number,Researchers from other developing and emerging countries,Rhineland Palatinate,code07,302.0
2010,Number,Researchers from other developing and emerging countries,Rhineland Palatinate,code07,404.0
2011,Number,Researchers from other developing and emerging countries,Rhineland Palatinate,code07,412.0
2012,Number,Researchers from other developing and emerging countries,Rhineland Palatinate,code07,472.0
2013,Number,Researchers from other developing and emerging countries,Rhineland Palatinate,code07,505.0
2014,Number,Researchers from other developing and emerging countries,Rhineland Palatinate,code07,514.0
2015,Number,Researchers from other developing and emerging countries,Rhineland Palatinate,code07,529.0
2016,Number,Researchers from other developing and emerging countries,Rhineland Palatinate,code07,602.0
2017,Number,Researchers from other developing and emerging countries,Rhineland Palatinate,code07,640.0
2018,Number,Researchers from other developing and emerging countries,Rhineland Palatinate,code07,653.0
2019,Number,Researchers from other developing and emerging countries,Rhineland Palatinate,code07,756.0
2020,Number,Researchers from other developing and emerging countries,Rhineland Palatinate,code07,823.0
2021,Number,Researchers from other developing and emerging countries,Rhineland Palatinate,code07,851.0
2005,Number,Researchers from other developing and emerging countries,Saarland,code10,
2006,Number,Researchers from other developing and emerging countries,Saarland,code10,111.0
2007,Number,Researchers from other developing and emerging countries,Saarland,code10,102.0
2008,Number,Researchers from other developing and emerging countries,Saarland,code10,108.0
2009,Number,Researchers from other developing and emerging countries,Saarland,code10,162.0
2010,Number,Researchers from other developing and emerging countries,Saarland,code10,182.0
2011,Number,Researchers from other developing and emerging countries,Saarland,code10,227.0
2012,Number,Researchers from other developing and emerging countries,Saarland,code10,236.0
2013,Number,Researchers from other developing and emerging countries,Saarland,code10,271.0
2014,Number,Researchers from other developing and emerging countries,Saarland,code10,299.0
2015,Number,Researchers from other developing and emerging countries,Saarland,code10,330.0
2016,Number,Researchers from other developing and emerging countries,Saarland,code10,325.0
2017,Number,Researchers from other developing and emerging countries,Saarland,code10,322.0
2018,Number,Researchers from other developing and emerging countries,Saarland,code10,384.0
2019,Number,Researchers from other developing and emerging countries,Saarland,code10,371.0
2020,Number,Researchers from other developing and emerging countries,Saarland,code10,404.0
2021,Number,Researchers from other developing and emerging countries,Saarland,code10,412.0
2005,Number,Researchers from other developing and emerging countries,Saxony,code14,
2006,Number,Researchers from other developing and emerging countries,Saxony,code14,304.0
2007,Number,Researchers from other developing and emerging countries,Saxony,code14,326.0
2008,Number,Researchers from other developing and emerging countries,Saxony,code14,376.0
2009,Number,Researchers from other developing and emerging countries,Saxony,code14,445.0
2010,Number,Researchers from other developing and emerging countries,Saxony,code14,487.0
2011,Number,Researchers from other developing and emerging countries,Saxony,code14,498.0
2012,Number,Researchers from other developing and emerging countries,Saxony,code14,549.0
2013,Number,Researchers from other developing and emerging countries,Saxony,code14,650.0
2014,Number,Researchers from other developing and emerging countries,Saxony,code14,741.0
2015,Number,Researchers from other developing and emerging countries,Saxony,code14,766.0
2016,Number,Researchers from other developing and emerging countries,Saxony,code14,845.0
2017,Number,Researchers from other developing and emerging countries,Saxony,code14,1003.0
2018,Number,Researchers from other developing and emerging countries,Saxony,code14,1114.0
2019,Number,Researchers from other developing and emerging countries,Saxony,code14,1338.0
2020,Number,Researchers from other developing and emerging countries,Saxony,code14,1379.0
2021,Number,Researchers from other developing and emerging countries,Saxony,code14,1542.0
2005,Number,Researchers from other developing and emerging countries,Saxony-Anhalt,code15,
2006,Number,Researchers from other developing and emerging countries,Saxony-Anhalt,code15,136.0
2007,Number,Researchers from other developing and emerging countries,Saxony-Anhalt,code15,161.0
2008,Number,Researchers from other developing and emerging countries,Saxony-Anhalt,code15,175.0
2009,Number,Researchers from other developing and emerging countries,Saxony-Anhalt,code15,195.0
2010,Number,Researchers from other developing and emerging countries,Saxony-Anhalt,code15,227.0
2011,Number,Researchers from other developing and emerging countries,Saxony-Anhalt,code15,234.0
2012,Number,Researchers from other developing and emerging countries,Saxony-Anhalt,code15,277.0
2013,Number,Researchers from other developing and emerging countries,Saxony-Anhalt,code15,272.0
2014,Number,Researchers from other developing and emerging countries,Saxony-Anhalt,code15,270.0
2015,Number,Researchers from other developing and emerging countries,Saxony-Anhalt,code15,320.0
2016,Number,Researchers from other developing and emerging countries,Saxony-Anhalt,code15,321.0
2017,Number,Researchers from other developing and emerging countries,Saxony-Anhalt,code15,393.0
2018,Number,Researchers from other developing and emerging countries,Saxony-Anhalt,code15,470.0
2019,Number,Researchers from other developing and emerging countries,Saxony-Anhalt,code15,512.0
2020,Number,Researchers from other developing and emerging countries,Saxony-Anhalt,code15,544.0
2021,Number,Researchers from other developing and emerging countries,Saxony-Anhalt,code15,616.0
2005,Number,Researchers from other developing and emerging countries,Schleswig-Holstein,code01,
2006,Number,Researchers from other developing and emerging countries,Schleswig-Holstein,code01,148.0
2007,Number,Researchers from other developing and emerging countries,Schleswig-Holstein,code01,129.0
2008,Number,Researchers from other developing and emerging countries,Schleswig-Holstein,code01,147.0
2009,Number,Researchers from other developing and emerging countries,Schleswig-Holstein,code01,149.0
2010,Number,Researchers from other developing and emerging countries,Schleswig-Holstein,code01,180.0
2011,Number,Researchers from other developing and emerging countries,Schleswig-Holstein,code01,191.0
2012,Number,Researchers from other developing and emerging countries,Schleswig-Holstein,code01,201.0
2013,Number,Researchers from other developing and emerging countries,Schleswig-Holstein,code01,204.0
2014,Number,Researchers from other developing and emerging countries,Schleswig-Holstein,code01,207.0
2015,Number,Researchers from other developing and emerging countries,Schleswig-Holstein,code01,218.0
2016,Number,Researchers from other developing and emerging countries,Schleswig-Holstein,code01,235.0
2017,Number,Researchers from other developing and emerging countries,Schleswig-Holstein,code01,279.0
2018,Number,Researchers from other developing and emerging countries,Schleswig-Holstein,code01,326.0
2019,Number,Researchers from other developing and emerging countries,Schleswig-Holstein,code01,361.0
2020,Number,Researchers from other developing and emerging countries,Schleswig-Holstein,code01,391.0
2021,Number,Researchers from other developing and emerging countries,Schleswig-Holstein,code01,457.0
2005,Number,Researchers from other developing and emerging countries,Thuringia,code16,
2006,Number,Researchers from other developing and emerging countries,Thuringia,code16,146.0
2007,Number,Researchers from other developing and emerging countries,Thuringia,code16,167.0
2008,Number,Researchers from other developing and emerging countries,Thuringia,code16,194.0
2009,Number,Researchers from other developing and emerging countries,Thuringia,code16,264.0
2010,Number,Researchers from other developing and emerging countries,Thuringia,code16,313.0
2011,Number,Researchers from other developing and emerging countries,Thuringia,code16,348.0
2012,Number,Researchers from other developing and emerging countries,Thuringia,code16,387.0
2013,Number,Researchers from other developing and emerging countries,Thuringia,code16,417.0
2014,Number,Researchers from other developing and emerging countries,Thuringia,code16,457.0
2015,Number,Researchers from other developing and emerging countries,Thuringia,code16,498.0
2016,Number,Researchers from other developing and emerging countries,Thuringia,code16,452.0
2017,Number,Researchers from other developing and emerging countries,Thuringia,code16,518.0
2018,Number,Researchers from other developing and emerging countries,Thuringia,code16,594.0
2019,Number,Researchers from other developing and emerging countries,Thuringia,code16,665.0
2020,Number,Researchers from other developing and emerging countries,Thuringia,code16,855.0
2021,Number,Researchers from other developing and emerging countries,Thuringia,code16,959.0
