Year,Units,display,title,Bundesland,GeoCode,Value
2005,Number,a) time series,a) total,,,140519
2006,Number,a) time series,a) total,,,141289
2007,Number,a) time series,a) total,,,136087
2008,Number,a) time series,a) total,,,140832
2009,Number,a) time series,a) total,,,147152
2010,Number,a) time series,a) total,,,153690
2011,Number,a) time series,a) total,,,158557
2012,Number,a) time series,a) total,,,170618
2013,Number,a) time series,a) total,,,185787
2014,Number,a) time series,a) total,,,200349
2015,Number,a) time series,a) total,,,215258
2016,Number,a) time series,a) total,,,230688
2017,Number,a) time series,a) total,,,247435
2018,Number,a) time series,a) total,,,267250
2019,Number,a) time series,a) total,,,285450
2020,Number,b) target (max),a) total,,,237000
2006,Number,a) time series,a) total,bw,code08,20133
2007,Number,a) time series,a) total,bw,code08,19383
2008,Number,a) time series,a) total,bw,code08,19840
2009,Number,a) time series,a) total,bw,code08,20914
2010,Number,a) time series,a) total,bw,code08,21886
2011,Number,a) time series,a) total,bw,code08,21857
2012,Number,a) time series,a) total,bw,code08,24175
2013,Number,a) time series,a) total,bw,code08,26218
2014,Number,a) time series,a) total,bw,code08,28199
2015,Number,a) time series,a) total,bw,code08,30019
2016,Number,a) time series,a) total,bw,code08,32126
2017,Number,a) time series,a) total,bw,code08,32564
2018,Number,a) time series,a) total,bw,code08,32221
2019,Number,a) time series,a) total,bw,code08,31591
2006,Number,a) time series,a) total,by,code09,13978
2007,Number,a) time series,a) total,by,code09,13633
2008,Number,a) time series,a) total,by,code09,14130
2009,Number,a) time series,a) total,by,code09,14747
2010,Number,a) time series,a) total,by,code09,15618
2011,Number,a) time series,a) total,by,code09,16297
2012,Number,a) time series,a) total,by,code09,17742
2013,Number,a) time series,a) total,by,code09,20459
2014,Number,a) time series,a) total,by,code09,22184
2015,Number,a) time series,a) total,by,code09,24310
2016,Number,a) time series,a) total,by,code09,26347
2017,Number,a) time series,a) total,by,code09,30357
2018,Number,a) time series,a) total,by,code09,34357
2019,Number,a) time series,a) total,by,code09,37939
2006,Number,a) time series,a) total,be,code11,9715
2007,Number,a) time series,a) total,be,code11,10005
2008,Number,a) time series,a) total,be,code11,10531
2009,Number,a) time series,a) total,be,code11,10914
2010,Number,a) time series,a) total,be,code11,11647
2011,Number,a) time series,a) total,be,code11,11931
2012,Number,a) time series,a) total,be,code11,12536
2013,Number,a) time series,a) total,be,code11,13498
2014,Number,a) time series,a) total,be,code11,14509
2015,Number,a) time series,a) total,be,code11,15767
2016,Number,a) time series,a) total,be,code11,17179
2017,Number,a) time series,a) total,be,code11,19899
2018,Number,a) time series,a) total,be,code11,22086
2019,Number,a) time series,a) total,be,code11,24341
2006,Number,a) time series,a) total,bb,code12,2568
2007,Number,a) time series,a) total,bb,code12,2630
2008,Number,a) time series,a) total,bb,code12,2675
2009,Number,a) time series,a) total,bb,code12,2808
2010,Number,a) time series,a) total,bb,code12,2862
2011,Number,a) time series,a) total,bb,code12,3045
2012,Number,a) time series,a) total,bb,code12,3374
2013,Number,a) time series,a) total,bb,code12,3522
2014,Number,a) time series,a) total,bb,code12,3754
2015,Number,a) time series,a) total,bb,code12,4022
2016,Number,a) time series,a) total,bb,code12,4418
2017,Number,a) time series,a) total,bb,code12,4947
2018,Number,a) time series,a) total,bb,code12,5378
2019,Number,a) time series,a) total,bb,code12,5905
2006,Number,a) time series,a) total,hb,code04,3789
2007,Number,a) time series,a) total,hb,code04,3644
2008,Number,a) time series,a) total,hb,code04,3552
2009,Number,a) time series,a) total,hb,code04,3467
2010,Number,a) time series,a) total,hb,code04,3350
2011,Number,a) time series,a) total,hb,code04,3378
2012,Number,a) time series,a) total,hb,code04,3430
2013,Number,a) time series,a) total,hb,code04,3583
2014,Number,a) time series,a) total,hb,code04,3741
2015,Number,a) time series,a) total,hb,code04,3855
2016,Number,a) time series,a) total,hb,code04,4047
2017,Number,a) time series,a) total,hb,code04,4533
2018,Number,a) time series,a) total,hb,code04,4716
2019,Number,a) time series,a) total,hb,code04,5144
2006,Number,a) time series,a) total,hh,code02,5311
2007,Number,a) time series,a) total,hh,code02,4970
2008,Number,a) time series,a) total,hh,code02,5028
2009,Number,a) time series,a) total,hh,code02,5202
2010,Number,a) time series,a) total,hh,code02,5384
2011,Number,a) time series,a) total,hh,code02,5611
2012,Number,a) time series,a) total,hh,code02,5981
2013,Number,a) time series,a) total,hh,code02,6189
2014,Number,a) time series,a) total,hh,code02,6366
2015,Number,a) time series,a) total,hh,code02,6741
2016,Number,a) time series,a) total,hh,code02,7205
2017,Number,a) time series,a) total,hh,code02,7685
2018,Number,a) time series,a) total,hh,code02,8619
2019,Number,a) time series,a) total,hh,code02,9058
2006,Number,a) time series,a) total,he,code06,14955
2007,Number,a) time series,a) total,he,code06,13532
2008,Number,a) time series,a) total,he,code06,15441
2009,Number,a) time series,a) total,he,code06,17026
2010,Number,a) time series,a) total,he,code06,18427
2011,Number,a) time series,a) total,he,code06,18524
2012,Number,a) time series,a) total,he,code06,19593
2013,Number,a) time series,a) total,he,code06,21041
2014,Number,a) time series,a) total,he,code06,22324
2015,Number,a) time series,a) total,he,code06,23542
2016,Number,a) time series,a) total,he,code06,24605
2017,Number,a) time series,a) total,he,code06,25754
2018,Number,a) time series,a) total,he,code06,27467
2019,Number,a) time series,a) total,he,code06,28777
2006,Number,a) time series,a) total,mv,code13,1194
2007,Number,a) time series,a) total,mv,code13,1207
2008,Number,a) time series,a) total,mv,code13,1195
2009,Number,a) time series,a) total,mv,code13,1291
2010,Number,a) time series,a) total,mv,code13,1390
2011,Number,a) time series,a) total,mv,code13,1405
2012,Number,a) time series,a) total,mv,code13,1442
2013,Number,a) time series,a) total,mv,code13,1618
2014,Number,a) time series,a) total,mv,code13,1759
2015,Number,a) time series,a) total,mv,code13,1972
2016,Number,a) time series,a) total,mv,code13,2303
2017,Number,a) time series,a) total,mv,code13,2775
2018,Number,a) time series,a) total,mv,code13,3115
2019,Number,a) time series,a) total,mv,code13,3247
2006,Number,a) time series,a) total,ni,code03,10759
2007,Number,a) time series,a) total,ni,code03,10237
2008,Number,a) time series,a) total,ni,code03,10357
2009,Number,a) time series,a) total,ni,code03,10402
2010,Number,a) time series,a) total,ni,code03,10444
2011,Number,a) time series,a) total,ni,code03,10452
2012,Number,a) time series,a) total,ni,code03,11133
2013,Number,a) time series,a) total,ni,code03,12109
2014,Number,a) time series,a) total,ni,code03,13195
2015,Number,a) time series,a) total,ni,code03,14657
2016,Number,a) time series,a) total,ni,code03,15932
2017,Number,a) time series,a) total,ni,code03,17702
2018,Number,a) time series,a) total,ni,code03,19333
2019,Number,a) time series,a) total,ni,code03,20687
2006,Number,a) time series,a) total,nw,code05,38324
2007,Number,a) time series,a) total,nw,code05,35303
2008,Number,a) time series,a) total,nw,code05,36388
2009,Number,a) time series,a) total,nw,code05,37820
2010,Number,a) time series,a) total,nw,code05,38968
2011,Number,a) time series,a) total,nw,code05,41572
2012,Number,a) time series,a) total,nw,code05,44860
2013,Number,a) time series,a) total,nw,code05,48945
2014,Number,a) time series,a) total,nw,code05,53164
2015,Number,a) time series,a) total,nw,code05,56422
2016,Number,a) time series,a) total,nw,code05,60688
2017,Number,a) time series,a) total,nw,code05,63089
2018,Number,a) time series,a) total,nw,code05,67424
2019,Number,a) time series,a) total,nw,code05,72166
2006,Number,a) time series,a) total,rp,code07,6488
2007,Number,a) time series,a) total,rp,code07,6993
2008,Number,a) time series,a) total,rp,code07,7166
2009,Number,a) time series,a) total,rp,code07,6992
2010,Number,a) time series,a) total,rp,code07,7023
2011,Number,a) time series,a) total,rp,code07,6748
2012,Number,a) time series,a) total,rp,code07,6820
2013,Number,a) time series,a) total,rp,code07,6951
2014,Number,a) time series,a) total,rp,code07,7214
2015,Number,a) time series,a) total,rp,code07,7575
2016,Number,a) time series,a) total,rp,code07,8177
2017,Number,a) time series,a) total,rp,code07,8928
2018,Number,a) time series,a) total,rp,code07,10194
2019,Number,a) time series,a) total,rp,code07,11069
2006,Number,a) time series,a) total,sl,code10,1572
2007,Number,a) time series,a) total,sl,code10,1573
2008,Number,a) time series,a) total,sl,code10,1597
2009,Number,a) time series,a) total,sl,code10,1708
2010,Number,a) time series,a) total,sl,code10,1959
2011,Number,a) time series,a) total,sl,code10,2085
2012,Number,a) time series,a) total,sl,code10,2164
2013,Number,a) time series,a) total,sl,code10,2246
2014,Number,a) time series,a) total,sl,code10,2331
2015,Number,a) time series,a) total,sl,code10,2413
2016,Number,a) time series,a) total,sl,code10,2419
2017,Number,a) time series,a) total,sl,code10,2481
2018,Number,a) time series,a) total,sl,code10,2725
2019,Number,a) time series,a) total,sl,code10,2961
2006,Number,a) time series,a) total,sn,code14,4963
2007,Number,a) time series,a) total,sn,code14,5139
2008,Number,a) time series,a) total,sn,code14,5053
2009,Number,a) time series,a) total,sn,code14,5332
2010,Number,a) time series,a) total,sn,code14,5542
2011,Number,a) time series,a) total,sn,code14,5966
2012,Number,a) time series,a) total,sn,code14,6748
2013,Number,a) time series,a) total,sn,code14,7873
2014,Number,a) time series,a) total,sn,code14,9023
2015,Number,a) time series,a) total,sn,code14,10278
2016,Number,a) time series,a) total,sn,code14,10829
2017,Number,a) time series,a) total,sn,code14,11340
2018,Number,a) time series,a) total,sn,code14,12575
2019,Number,a) time series,a) total,sn,code14,13267
2006,Number,a) time series,a) total,st,code15,3198
2007,Number,a) time series,a) total,st,code15,3247
2008,Number,a) time series,a) total,st,code15,3251
2009,Number,a) time series,a) total,st,code15,3463
2010,Number,a) time series,a) total,st,code15,3712
2011,Number,a) time series,a) total,st,code15,4041
2012,Number,a) time series,a) total,st,code15,4444
2013,Number,a) time series,a) total,st,code15,4705
2014,Number,a) time series,a) total,st,code15,5080
2015,Number,a) time series,a) total,st,code15,5582
2016,Number,a) time series,a) total,st,code15,5650
2017,Number,a) time series,a) total,st,code15,6091
2018,Number,a) time series,a) total,st,code15,6641
2019,Number,a) time series,a) total,st,code15,7321
2006,Number,a) time series,a) total,sh,code01,2406
2007,Number,a) time series,a) total,sh,code01,2416
2008,Number,a) time series,a) total,sh,code01,2436
2009,Number,a) time series,a) total,sh,code01,2523
2010,Number,a) time series,a) total,sh,code01,2569
2011,Number,a) time series,a) total,sh,code01,2633
2012,Number,a) time series,a) total,sh,code01,2764
2013,Number,a) time series,a) total,sh,code01,2830
2014,Number,a) time series,a) total,sh,code01,2998
2015,Number,a) time series,a) total,sh,code01,3155
2016,Number,a) time series,a) total,sh,code01,3586
2017,Number,a) time series,a) total,sh,code01,3667
2018,Number,a) time series,a) total,sh,code01,4002
2019,Number,a) time series,a) total,sh,code01,4276
2006,Number,a) time series,a) total,th,code16,1937
2007,Number,a) time series,a) total,th,code16,2176
2008,Number,a) time series,a) total,th,code16,2192
2009,Number,a) time series,a) total,th,code16,2543
2010,Number,a) time series,a) total,th,code16,2909
2011,Number,a) time series,a) total,th,code16,3012
2012,Number,a) time series,a) total,th,code16,3412
2013,Number,a) time series,a) total,th,code16,4000
2014,Number,a) time series,a) total,th,code16,4508
2015,Number,a) time series,a) total,th,code16,4948
2016,Number,a) time series,a) total,th,code16,5180
2017,Number,a) time series,a) total,th,code16,5623
2018,Number,a) time series,a) total,th,code16,6397
2019,Number,a) time series,a) total,th,code16,7700
2005,Number,a) time series,d) students from ldcs,,,4960
2006,Number,a) time series,d) students from ldcs,,,5012
2007,Number,a) time series,d) students from ldcs,,,4933
2008,Number,a) time series,d) students from ldcs,,,5331
2009,Number,a) time series,d) students from ldcs,,,5738
2010,Number,a) time series,d) students from ldcs,,,6300
2011,Number,a) time series,d) students from ldcs,,,6925
2012,Number,a) time series,d) students from ldcs,,,7577
2013,Number,a) time series,d) students from ldcs,,,8348
2014,Number,a) time series,d) students from ldcs,,,9244
2015,Number,a) time series,d) students from ldcs,,,9746
2016,Number,a) time series,d) students from ldcs,,,10119
2017,Number,a) time series,d) students from ldcs,,,10576
2018,Number,a) time series,d) students from ldcs,,,11525
2019,Number,a) time series,d) students from ldcs,,,13067
2005,Number,a) time series,d) students from ldcs,bw,,502
2006,Number,a) time series,d) students from ldcs,bw,,524
2007,Number,a) time series,d) students from ldcs,bw,,532
2008,Number,a) time series,d) students from ldcs,bw,,559
2009,Number,a) time series,d) students from ldcs,bw,,598
2010,Number,a) time series,d) students from ldcs,bw,,669
2011,Number,a) time series,d) students from ldcs,bw,,704
2012,Number,a) time series,d) students from ldcs,bw,,808
2013,Number,a) time series,d) students from ldcs,bw,,895
2014,Number,a) time series,d) students from ldcs,bw,,957
2015,Number,a) time series,d) students from ldcs,bw,,939
2016,Number,a) time series,d) students from ldcs,bw,,937
2017,Number,a) time series,d) students from ldcs,bw,,857
2018,Number,a) time series,d) students from ldcs,bw,,833
2019,Number,a) time series,d) students from ldcs,bw,,794
2005,Number,a) time series,d) students from ldcs,by,,320
2006,Number,a) time series,d) students from ldcs,by,,359
2007,Number,a) time series,d) students from ldcs,by,,352
2008,Number,a) time series,d) students from ldcs,by,,402
2009,Number,a) time series,d) students from ldcs,by,,436
2010,Number,a) time series,d) students from ldcs,by,,476
2011,Number,a) time series,d) students from ldcs,by,,568
2012,Number,a) time series,d) students from ldcs,by,,624
2013,Number,a) time series,d) students from ldcs,by,,716
2014,Number,a) time series,d) students from ldcs,by,,812
2015,Number,a) time series,d) students from ldcs,by,,859
2016,Number,a) time series,d) students from ldcs,by,,884
2017,Number,a) time series,d) students from ldcs,by,,1036
2018,Number,a) time series,d) students from ldcs,by,,1170
2019,Number,a) time series,d) students from ldcs,by,,1347
2005,Number,a) time series,d) students from ldcs,be,,362
2006,Number,a) time series,d) students from ldcs,be,,370
2007,Number,a) time series,d) students from ldcs,be,,337
2008,Number,a) time series,d) students from ldcs,be,,404
2009,Number,a) time series,d) students from ldcs,be,,441
2010,Number,a) time series,d) students from ldcs,be,,505
2011,Number,a) time series,d) students from ldcs,be,,570
2012,Number,a) time series,d) students from ldcs,be,,582
2013,Number,a) time series,d) students from ldcs,be,,634
2014,Number,a) time series,d) students from ldcs,be,,726
2015,Number,a) time series,d) students from ldcs,be,,751
2016,Number,a) time series,d) students from ldcs,be,,755
2017,Number,a) time series,d) students from ldcs,be,,852
2018,Number,a) time series,d) students from ldcs,be,,896
2019,Number,a) time series,d) students from ldcs,be,,1002
2005,Number,a) time series,d) students from ldcs,bb,,124
2006,Number,a) time series,d) students from ldcs,bb,,121
2007,Number,a) time series,d) students from ldcs,bb,,123
2008,Number,a) time series,d) students from ldcs,bb,,122
2009,Number,a) time series,d) students from ldcs,bb,,125
2010,Number,a) time series,d) students from ldcs,bb,,148
2011,Number,a) time series,d) students from ldcs,bb,,154
2012,Number,a) time series,d) students from ldcs,bb,,193
2013,Number,a) time series,d) students from ldcs,bb,,226
2014,Number,a) time series,d) students from ldcs,bb,,277
2015,Number,a) time series,d) students from ldcs,bb,,321
2016,Number,a) time series,d) students from ldcs,bb,,311
2017,Number,a) time series,d) students from ldcs,bb,,356
2018,Number,a) time series,d) students from ldcs,bb,,400
2019,Number,a) time series,d) students from ldcs,bb,,495
2005,Number,a) time series,d) students from ldcs,hb,,188
2006,Number,a) time series,d) students from ldcs,hb,,192
2007,Number,a) time series,d) students from ldcs,hb,,206
2008,Number,a) time series,d) students from ldcs,hb,,194
2009,Number,a) time series,d) students from ldcs,hb,,194
2010,Number,a) time series,d) students from ldcs,hb,,203
2011,Number,a) time series,d) students from ldcs,hb,,227
2012,Number,a) time series,d) students from ldcs,hb,,255
2013,Number,a) time series,d) students from ldcs,hb,,261
2014,Number,a) time series,d) students from ldcs,hb,,235
2015,Number,a) time series,d) students from ldcs,hb,,262
2016,Number,a) time series,d) students from ldcs,hb,,277
2017,Number,a) time series,d) students from ldcs,hb,,312
2018,Number,a) time series,d) students from ldcs,hb,,337
2019,Number,a) time series,d) students from ldcs,hb,,395
2005,Number,a) time series,d) students from ldcs,hh,,292
2006,Number,a) time series,d) students from ldcs,hh,,281
2007,Number,a) time series,d) students from ldcs,hh,,260
2008,Number,a) time series,d) students from ldcs,hh,,285
2009,Number,a) time series,d) students from ldcs,hh,,317
2010,Number,a) time series,d) students from ldcs,hh,,331
2011,Number,a) time series,d) students from ldcs,hh,,338
2012,Number,a) time series,d) students from ldcs,hh,,342
2013,Number,a) time series,d) students from ldcs,hh,,369
2014,Number,a) time series,d) students from ldcs,hh,,383
2015,Number,a) time series,d) students from ldcs,hh,,409
2016,Number,a) time series,d) students from ldcs,hh,,421
2017,Number,a) time series,d) students from ldcs,hh,,442
2018,Number,a) time series,d) students from ldcs,hh,,495
2019,Number,a) time series,d) students from ldcs,hh,,573
2005,Number,a) time series,d) students from ldcs,he,,728
2006,Number,a) time series,d) students from ldcs,he,,731
2007,Number,a) time series,d) students from ldcs,he,,665
2008,Number,a) time series,d) students from ldcs,he,,766
2009,Number,a) time series,d) students from ldcs,he,,843
2010,Number,a) time series,d) students from ldcs,he,,904
2011,Number,a) time series,d) students from ldcs,he,,968
2012,Number,a) time series,d) students from ldcs,he,,1062
2013,Number,a) time series,d) students from ldcs,he,,1158
2014,Number,a) time series,d) students from ldcs,he,,1263
2015,Number,a) time series,d) students from ldcs,he,,1345
2016,Number,a) time series,d) students from ldcs,he,,1352
2017,Number,a) time series,d) students from ldcs,he,,1385
2018,Number,a) time series,d) students from ldcs,he,,1481
2019,Number,a) time series,d) students from ldcs,he,,1649
2005,Number,a) time series,d) students from ldcs,mv,,61
2006,Number,a) time series,d) students from ldcs,mv,,66
2007,Number,a) time series,d) students from ldcs,mv,,68
2008,Number,a) time series,d) students from ldcs,mv,,69
2009,Number,a) time series,d) students from ldcs,mv,,79
2010,Number,a) time series,d) students from ldcs,mv,,86
2011,Number,a) time series,d) students from ldcs,mv,,103
2012,Number,a) time series,d) students from ldcs,mv,,104
2013,Number,a) time series,d) students from ldcs,mv,,118
2014,Number,a) time series,d) students from ldcs,mv,,133
2015,Number,a) time series,d) students from ldcs,mv,,123
2016,Number,a) time series,d) students from ldcs,mv,,141
2017,Number,a) time series,d) students from ldcs,mv,,143
2018,Number,a) time series,d) students from ldcs,mv,,172
2019,Number,a) time series,d) students from ldcs,mv,,177
2005,Number,a) time series,d) students from ldcs,ni,,374
2006,Number,a) time series,d) students from ldcs,ni,,351
2007,Number,a) time series,d) students from ldcs,ni,,340
2008,Number,a) time series,d) students from ldcs,ni,,337
2009,Number,a) time series,d) students from ldcs,ni,,332
2010,Number,a) time series,d) students from ldcs,ni,,388
2011,Number,a) time series,d) students from ldcs,ni,,406
2012,Number,a) time series,d) students from ldcs,ni,,424
2013,Number,a) time series,d) students from ldcs,ni,,467
2014,Number,a) time series,d) students from ldcs,ni,,535
2015,Number,a) time series,d) students from ldcs,ni,,597
2016,Number,a) time series,d) students from ldcs,ni,,667
2017,Number,a) time series,d) students from ldcs,ni,,703
2018,Number,a) time series,d) students from ldcs,ni,,757
2019,Number,a) time series,d) students from ldcs,ni,,830
2005,Number,a) time series,d) students from ldcs,nw,,1261
2006,Number,a) time series,d) students from ldcs,nw,,1213
2007,Number,a) time series,d) students from ldcs,nw,,1183
2008,Number,a) time series,d) students from ldcs,nw,,1229
2009,Number,a) time series,d) students from ldcs,nw,,1304
2010,Number,a) time series,d) students from ldcs,nw,,1393
2011,Number,a) time series,d) students from ldcs,nw,,1666
2012,Number,a) time series,d) students from ldcs,nw,,1865
2013,Number,a) time series,d) students from ldcs,nw,,2057
2014,Number,a) time series,d) students from ldcs,nw,,2399
2015,Number,a) time series,d) students from ldcs,nw,,2518
2016,Number,a) time series,d) students from ldcs,nw,,2666
2017,Number,a) time series,d) students from ldcs,nw,,2684
2018,Number,a) time series,d) students from ldcs,nw,,2921
2019,Number,a) time series,d) students from ldcs,nw,,3316
2005,Number,a) time series,d) students from ldcs,rp,,239
2006,Number,a) time series,d) students from ldcs,rp,,271
2007,Number,a) time series,d) students from ldcs,rp,,313
2008,Number,a) time series,d) students from ldcs,rp,,335
2009,Number,a) time series,d) students from ldcs,rp,,336
2010,Number,a) time series,d) students from ldcs,rp,,373
2011,Number,a) time series,d) students from ldcs,rp,,344
2012,Number,a) time series,d) students from ldcs,rp,,339
2013,Number,a) time series,d) students from ldcs,rp,,348
2014,Number,a) time series,d) students from ldcs,rp,,389
2015,Number,a) time series,d) students from ldcs,rp,,409
2016,Number,a) time series,d) students from ldcs,rp,,422
2017,Number,a) time series,d) students from ldcs,rp,,432
2018,Number,a) time series,d) students from ldcs,rp,,500
2019,Number,a) time series,d) students from ldcs,rp,,562
2005,Number,a) time series,d) students from ldcs,sl,,95
2006,Number,a) time series,d) students from ldcs,sl,,93
2007,Number,a) time series,d) students from ldcs,sl,,106
2008,Number,a) time series,d) students from ldcs,sl,,110
2009,Number,a) time series,d) students from ldcs,sl,,104
2010,Number,a) time series,d) students from ldcs,sl,,130
2011,Number,a) time series,d) students from ldcs,sl,,118
2012,Number,a) time series,d) students from ldcs,sl,,115
2013,Number,a) time series,d) students from ldcs,sl,,116
2014,Number,a) time series,d) students from ldcs,sl,,124
2015,Number,a) time series,d) students from ldcs,sl,,126
2016,Number,a) time series,d) students from ldcs,sl,,128
2017,Number,a) time series,d) students from ldcs,sl,,127
2018,Number,a) time series,d) students from ldcs,sl,,130
2019,Number,a) time series,d) students from ldcs,sl,,140
2005,Number,a) time series,d) students from ldcs,sn,,184
2006,Number,a) time series,d) students from ldcs,sn,,200
2007,Number,a) time series,d) students from ldcs,sn,,195
2008,Number,a) time series,d) students from ldcs,sn,,218
2009,Number,a) time series,d) students from ldcs,sn,,240
2010,Number,a) time series,d) students from ldcs,sn,,237
2011,Number,a) time series,d) students from ldcs,sn,,272
2012,Number,a) time series,d) students from ldcs,sn,,317
2013,Number,a) time series,d) students from ldcs,sn,,378
2014,Number,a) time series,d) students from ldcs,sn,,391
2015,Number,a) time series,d) students from ldcs,sn,,434
2016,Number,a) time series,d) students from ldcs,sn,,453
2017,Number,a) time series,d) students from ldcs,sn,,449
2018,Number,a) time series,d) students from ldcs,sn,,520
2019,Number,a) time series,d) students from ldcs,sn,,631
2005,Number,a) time series,d) students from ldcs,st,,100
2006,Number,a) time series,d) students from ldcs,st,,93
2007,Number,a) time series,d) students from ldcs,st,,88
2008,Number,a) time series,d) students from ldcs,st,,97
2009,Number,a) time series,d) students from ldcs,st,,121
2010,Number,a) time series,d) students from ldcs,st,,150
2011,Number,a) time series,d) students from ldcs,st,,171
2012,Number,a) time series,d) students from ldcs,st,,201
2013,Number,a) time series,d) students from ldcs,st,,227
2014,Number,a) time series,d) students from ldcs,st,,240
2015,Number,a) time series,d) students from ldcs,st,,282
2016,Number,a) time series,d) students from ldcs,st,,261
2017,Number,a) time series,d) students from ldcs,st,,288
2018,Number,a) time series,d) students from ldcs,st,,344
2019,Number,a) time series,d) students from ldcs,st,,459
2005,Number,a) time series,d) students from ldcs,sh,,105
2006,Number,a) time series,d) students from ldcs,sh,,118
2007,Number,a) time series,d) students from ldcs,sh,,132
2008,Number,a) time series,d) students from ldcs,sh,,150
2009,Number,a) time series,d) students from ldcs,sh,,171
2010,Number,a) time series,d) students from ldcs,sh,,160
2011,Number,a) time series,d) students from ldcs,sh,,181
2012,Number,a) time series,d) students from ldcs,sh,,196
2013,Number,a) time series,d) students from ldcs,sh,,213
2014,Number,a) time series,d) students from ldcs,sh,,201
2015,Number,a) time series,d) students from ldcs,sh,,184
2016,Number,a) time series,d) students from ldcs,sh,,221
2017,Number,a) time series,d) students from ldcs,sh,,270
2018,Number,a) time series,d) students from ldcs,sh,,295
2019,Number,a) time series,d) students from ldcs,sh,,339
2005,Number,a) time series,d) students from ldcs,th,,25
2006,Number,a) time series,d) students from ldcs,th,,29
2007,Number,a) time series,d) students from ldcs,th,,33
2008,Number,a) time series,d) students from ldcs,th,,54
2009,Number,a) time series,d) students from ldcs,th,,97
2010,Number,a) time series,d) students from ldcs,th,,147
2011,Number,a) time series,d) students from ldcs,th,,135
2012,Number,a) time series,d) students from ldcs,th,,150
2013,Number,a) time series,d) students from ldcs,th,,165
2014,Number,a) time series,d) students from ldcs,th,,179
2015,Number,a) time series,d) students from ldcs,th,,187
2016,Number,a) time series,d) students from ldcs,th,,223
2017,Number,a) time series,d) students from ldcs,th,,240
2018,Number,a) time series,d) students from ldcs,th,,274
2019,Number,a) time series,d) students from ldcs,th,,357
2005,Number,a) time series,b) students from other developing and emerging countries,,,129502
2006,Number,a) time series,b) students from other developing and emerging countries,,,129631
2007,Number,a) time series,b) students from other developing and emerging countries,,,124181
2008,Number,a) time series,b) students from other developing and emerging countries,,,127067
2009,Number,a) time series,b) students from other developing and emerging countries,,,131633
2010,Number,a) time series,b) students from other developing and emerging countries,,,136445
2011,Number,a) time series,b) students from other developing and emerging countries,,,140304
2012,Number,a) time series,b) students from other developing and emerging countries,,,150880
2013,Number,a) time series,b) students from other developing and emerging countries,,,164098
2014,Number,a) time series,b) students from other developing and emerging countries,,,176768
2015,Number,a) time series,b) students from other developing and emerging countries,,,190403
2016,Number,a) time series,b) students from other developing and emerging countries,,,204694
2017,Number,a) time series,b) students from other developing and emerging countries,,,219306
2018,Number,a) time series,b) students from other developing and emerging countries,,,236609
2019,Number,a) time series,b) students from other developing and emerging countries,,,251488
2005,Number,a) time series,b) students from other developing and emerging countries,bw,,18582
2006,Number,a) time series,b) students from other developing and emerging countries,bw,,18379
2007,Number,a) time series,b) students from other developing and emerging countries,bw,,17473
2008,Number,a) time series,b) students from other developing and emerging countries,bw,,17650
2009,Number,a) time series,b) students from other developing and emerging countries,bw,,18418
2010,Number,a) time series,b) students from other developing and emerging countries,bw,,19111
2011,Number,a) time series,b) students from other developing and emerging countries,bw,,19082
2012,Number,a) time series,b) students from other developing and emerging countries,bw,,21116
2013,Number,a) time series,b) students from other developing and emerging countries,bw,,22842
2014,Number,a) time series,b) students from other developing and emerging countries,bw,,24597
2015,Number,a) time series,b) students from other developing and emerging countries,bw,,26283
2016,Number,a) time series,b) students from other developing and emerging countries,bw,,28310
2017,Number,a) time series,b) students from other developing and emerging countries,bw,,28393
2018,Number,a) time series,b) students from other developing and emerging countries,bw,,27934
2019,Number,a) time series,b) students from other developing and emerging countries,bw,,27198
2005,Number,a) time series,b) students from other developing and emerging countries,by,,12251
2006,Number,a) time series,b) students from other developing and emerging countries,by,,12721
2007,Number,a) time series,b) students from other developing and emerging countries,by,,12324
2008,Number,a) time series,b) students from other developing and emerging countries,by,,12533
2009,Number,a) time series,b) students from other developing and emerging countries,by,,12980
2010,Number,a) time series,b) students from other developing and emerging countries,by,,13620
2011,Number,a) time series,b) students from other developing and emerging countries,by,,14060
2012,Number,a) time series,b) students from other developing and emerging countries,by,,15284
2013,Number,a) time series,b) students from other developing and emerging countries,by,,17719
2014,Number,a) time series,b) students from other developing and emerging countries,by,,19151
2015,Number,a) time series,b) students from other developing and emerging countries,by,,21169
2016,Number,a) time series,b) students from other developing and emerging countries,by,,23123
2017,Number,a) time series,b) students from other developing and emerging countries,by,,26821
2018,Number,a) time series,b) students from other developing and emerging countries,by,,30524
2019,Number,a) time series,b) students from other developing and emerging countries,by,,33606
2005,Number,a) time series,b) students from other developing and emerging countries,be,,9047
2006,Number,a) time series,b) students from other developing and emerging countries,be,,8871
2007,Number,a) time series,b) students from other developing and emerging countries,be,,9202
2008,Number,a) time series,b) students from other developing and emerging countries,be,,9570
2009,Number,a) time series,b) students from other developing and emerging countries,be,,9868
2010,Number,a) time series,b) students from other developing and emerging countries,be,,10512
2011,Number,a) time series,b) students from other developing and emerging countries,be,,10747
2012,Number,a) time series,b) students from other developing and emerging countries,be,,11270
2013,Number,a) time series,b) students from other developing and emerging countries,be,,12157
2014,Number,a) time series,b) students from other developing and emerging countries,be,,12996
2015,Number,a) time series,b) students from other developing and emerging countries,be,,14133
2016,Number,a) time series,b) students from other developing and emerging countries,be,,15513
2017,Number,a) time series,b) students from other developing and emerging countries,be,,18083
2018,Number,a) time series,b) students from other developing and emerging countries,be,,20159
2019,Number,a) time series,b) students from other developing and emerging countries,be,,22166
2005,Number,a) time series,b) students from other developing and emerging countries,bb,,2288
2006,Number,a) time series,b) students from other developing and emerging countries,bb,,2347
2007,Number,a) time series,b) students from other developing and emerging countries,bb,,2396
2008,Number,a) time series,b) students from other developing and emerging countries,bb,,2423
2009,Number,a) time series,b) students from other developing and emerging countries,bb,,2524
2010,Number,a) time series,b) students from other developing and emerging countries,bb,,2536
2011,Number,a) time series,b) students from other developing and emerging countries,bb,,2678
2012,Number,a) time series,b) students from other developing and emerging countries,bb,,2969
2013,Number,a) time series,b) students from other developing and emerging countries,bb,,3080
2014,Number,a) time series,b) students from other developing and emerging countries,bb,,3246
2015,Number,a) time series,b) students from other developing and emerging countries,bb,,3462
2016,Number,a) time series,b) students from other developing and emerging countries,bb,,3827
2017,Number,a) time series,b) students from other developing and emerging countries,bb,,4263
2018,Number,a) time series,b) students from other developing and emerging countries,bb,,4618
2019,Number,a) time series,b) students from other developing and emerging countries,bb,,4978
2005,Number,a) time series,b) students from other developing and emerging countries,hb,,3751
2006,Number,a) time series,b) students from other developing and emerging countries,hb,,3484
2007,Number,a) time series,b) students from other developing and emerging countries,hb,,3339
2008,Number,a) time series,b) students from other developing and emerging countries,hb,,3236
2009,Number,a) time series,b) students from other developing and emerging countries,hb,,3109
2010,Number,a) time series,b) students from other developing and emerging countries,hb,,2958
2011,Number,a) time series,b) students from other developing and emerging countries,hb,,2961
2012,Number,a) time series,b) students from other developing and emerging countries,hb,,2993
2013,Number,a) time series,b) students from other developing and emerging countries,hb,,3119
2014,Number,a) time series,b) students from other developing and emerging countries,hb,,3305
2015,Number,a) time series,b) students from other developing and emerging countries,hb,,3385
2016,Number,a) time series,b) students from other developing and emerging countries,hb,,3555
2017,Number,a) time series,b) students from other developing and emerging countries,hb,,3985
2018,Number,a) time series,b) students from other developing and emerging countries,hb,,4150
2019,Number,a) time series,b) students from other developing and emerging countries,hb,,4500
2005,Number,a) time series,b) students from other developing and emerging countries,hh,,4837
2006,Number,a) time series,b) students from other developing and emerging countries,hh,,4860
2007,Number,a) time series,b) students from other developing and emerging countries,hh,,4484
2008,Number,a) time series,b) students from other developing and emerging countries,hh,,4496
2009,Number,a) time series,b) students from other developing and emerging countries,hh,,4606
2010,Number,a) time series,b) students from other developing and emerging countries,hh,,4757
2011,Number,a) time series,b) students from other developing and emerging countries,hh,,4978
2012,Number,a) time series,b) students from other developing and emerging countries,hh,,5344
2013,Number,a) time series,b) students from other developing and emerging countries,hh,,5471
2014,Number,a) time series,b) students from other developing and emerging countries,hh,,5623
2015,Number,a) time series,b) students from other developing and emerging countries,hh,,5970
2016,Number,a) time series,b) students from other developing and emerging countries,hh,,6349
2017,Number,a) time series,b) students from other developing and emerging countries,hh,,6778
2018,Number,a) time series,b) students from other developing and emerging countries,hh,,7608
2019,Number,a) time series,b) students from other developing and emerging countries,hh,,7888
2005,Number,a) time series,b) students from other developing and emerging countries,he,,13808
2006,Number,a) time series,b) students from other developing and emerging countries,he,,13737
2007,Number,a) time series,b) students from other developing and emerging countries,he,,12328
2008,Number,a) time series,b) students from other developing and emerging countries,he,,14027
2009,Number,a) time series,b) students from other developing and emerging countries,he,,15436
2010,Number,a) time series,b) students from other developing and emerging countries,he,,16660
2011,Number,a) time series,b) students from other developing and emerging countries,he,,16633
2012,Number,a) time series,b) students from other developing and emerging countries,he,,17584
2013,Number,a) time series,b) students from other developing and emerging countries,he,,18830
2014,Number,a) time series,b) students from other developing and emerging countries,he,,19958
2015,Number,a) time series,b) students from other developing and emerging countries,he,,21090
2016,Number,a) time series,b) students from other developing and emerging countries,he,,22111
2017,Number,a) time series,b) students from other developing and emerging countries,he,,23165
2018,Number,a) time series,b) students from other developing and emerging countries,he,,24689
2019,Number,a) time series,b) students from other developing and emerging countries,he,,25741
2005,Number,a) time series,b) students from other developing and emerging countries,mv,,1071
2006,Number,a) time series,b) students from other developing and emerging countries,mv,,1056
2007,Number,a) time series,b) students from other developing and emerging countries,mv,,1063
2008,Number,a) time series,b) students from other developing and emerging countries,mv,,1028
2009,Number,a) time series,b) students from other developing and emerging countries,mv,,1105
2010,Number,a) time series,b) students from other developing and emerging countries,mv,,1160
2011,Number,a) time series,b) students from other developing and emerging countries,mv,,1160
2012,Number,a) time series,b) students from other developing and emerging countries,mv,,1188
2013,Number,a) time series,b) students from other developing and emerging countries,mv,,1329
2014,Number,a) time series,b) students from other developing and emerging countries,mv,,1437
2015,Number,a) time series,b) students from other developing and emerging countries,mv,,1664
2016,Number,a) time series,b) students from other developing and emerging countries,mv,,1955
2017,Number,a) time series,b) students from other developing and emerging countries,mv,,2406
2018,Number,a) time series,b) students from other developing and emerging countries,mv,,2691
2019,Number,a) time series,b) students from other developing and emerging countries,mv,,2785
2005,Number,a) time series,b) students from other developing and emerging countries,ni,,10134
2006,Number,a) time series,b) students from other developing and emerging countries,ni,,9857
2007,Number,a) time series,b) students from other developing and emerging countries,ni,,9224
2008,Number,a) time series,b) students from other developing and emerging countries,ni,,9284
2009,Number,a) time series,b) students from other developing and emerging countries,ni,,9243
2010,Number,a) time series,b) students from other developing and emerging countries,ni,,9143
2011,Number,a) time series,b) students from other developing and emerging countries,ni,,9105
2012,Number,a) time series,b) students from other developing and emerging countries,ni,,9668
2013,Number,a) time series,b) students from other developing and emerging countries,ni,,10475
2014,Number,a) time series,b) students from other developing and emerging countries,ni,,11479
2015,Number,a) time series,b) students from other developing and emerging countries,ni,,12813
2016,Number,a) time series,b) students from other developing and emerging countries,ni,,13967
2017,Number,a) time series,b) students from other developing and emerging countries,ni,,15599
2018,Number,a) time series,b) students from other developing and emerging countries,ni,,17043
2019,Number,a) time series,b) students from other developing and emerging countries,ni,,18259
2005,Number,a) time series,b) students from other developing and emerging countries,nw,,35892
2006,Number,a) time series,b) students from other developing and emerging countries,nw,,35688
2007,Number,a) time series,b) students from other developing and emerging countries,nw,,32856
2008,Number,a) time series,b) students from other developing and emerging countries,nw,,33436
2009,Number,a) time series,b) students from other developing and emerging countries,nw,,34448
2010,Number,a) time series,b) students from other developing and emerging countries,nw,,35346
2011,Number,a) time series,b) students from other developing and emerging countries,nw,,37622
2012,Number,a) time series,b) students from other developing and emerging countries,nw,,40638
2013,Number,a) time series,b) students from other developing and emerging countries,nw,,44330
2014,Number,a) time series,b) students from other developing and emerging countries,nw,,47929
2015,Number,a) time series,b) students from other developing and emerging countries,nw,,50866
2016,Number,a) time series,b) students from other developing and emerging countries,nw,,54724
2017,Number,a) time series,b) students from other developing and emerging countries,nw,,56753
2018,Number,a) time series,b) students from other developing and emerging countries,nw,,60421
2019,Number,a) time series,b) students from other developing and emerging countries,nw,,64421
2005,Number,a) time series,b) students from other developing and emerging countries,rp,,5760
2006,Number,a) time series,b) students from other developing and emerging countries,rp,,5969
2007,Number,a) time series,b) students from other developing and emerging countries,rp,,6413
2008,Number,a) time series,b) students from other developing and emerging countries,rp,,6525
2009,Number,a) time series,b) students from other developing and emerging countries,rp,,6335
2010,Number,a) time series,b) students from other developing and emerging countries,rp,,6226
2011,Number,a) time series,b) students from other developing and emerging countries,rp,,5974
2012,Number,a) time series,b) students from other developing and emerging countries,rp,,5990
2013,Number,a) time series,b) students from other developing and emerging countries,rp,,6083
2014,Number,a) time series,b) students from other developing and emerging countries,rp,,6295
2015,Number,a) time series,b) students from other developing and emerging countries,rp,,6620
2016,Number,a) time series,b) students from other developing and emerging countries,rp,,7138
2017,Number,a) time series,b) students from other developing and emerging countries,rp,,7835
2018,Number,a) time series,b) students from other developing and emerging countries,rp,,9016
2019,Number,a) time series,b) students from other developing and emerging countries,rp,,9720
2005,Number,a) time series,b) students from other developing and emerging countries,sl,,1243
2006,Number,a) time series,b) students from other developing and emerging countries,sl,,1365
2007,Number,a) time series,b) students from other developing and emerging countries,sl,,1362
2008,Number,a) time series,b) students from other developing and emerging countries,sl,,1375
2009,Number,a) time series,b) students from other developing and emerging countries,sl,,1434
2010,Number,a) time series,b) students from other developing and emerging countries,sl,,1641
2011,Number,a) time series,b) students from other developing and emerging countries,sl,,1734
2012,Number,a) time series,b) students from other developing and emerging countries,sl,,1808
2013,Number,a) time series,b) students from other developing and emerging countries,sl,,1856
2014,Number,a) time series,b) students from other developing and emerging countries,sl,,1903
2015,Number,a) time series,b) students from other developing and emerging countries,sl,,1952
2016,Number,a) time series,b) students from other developing and emerging countries,sl,,1961
2017,Number,a) time series,b) students from other developing and emerging countries,sl,,2031
2018,Number,a) time series,b) students from other developing and emerging countries,sl,,2203
2019,Number,a) time series,b) students from other developing and emerging countries,sl,,2441
2005,Number,a) time series,b) students from other developing and emerging countries,sn,,4328
2006,Number,a) time series,b) students from other developing and emerging countries,sn,,4440
2007,Number,a) time series,b) students from other developing and emerging countries,sn,,4601
2008,Number,a) time series,b) students from other developing and emerging countries,sn,,4440
2009,Number,a) time series,b) students from other developing and emerging countries,sn,,4624
2010,Number,a) time series,b) students from other developing and emerging countries,sn,,4789
2011,Number,a) time series,b) students from other developing and emerging countries,sn,,5172
2012,Number,a) time series,b) students from other developing and emerging countries,sn,,5850
2013,Number,a) time series,b) students from other developing and emerging countries,sn,,6813
2014,Number,a) time series,b) students from other developing and emerging countries,sn,,7861
2015,Number,a) time series,b) students from other developing and emerging countries,sn,,9042
2016,Number,a) time series,b) students from other developing and emerging countries,sn,,9496
2017,Number,a) time series,b) students from other developing and emerging countries,sn,,9846
2018,Number,a) time series,b) students from other developing and emerging countries,sn,,10885
2019,Number,a) time series,b) students from other developing and emerging countries,sn,,11245
2005,Number,a) time series,b) students from other developing and emerging countries,st,,2825
2006,Number,a) time series,b) students from other developing and emerging countries,st,,2964
2007,Number,a) time series,b) students from other developing and emerging countries,st,,2997
2008,Number,a) time series,b) students from other developing and emerging countries,st,,2976
2009,Number,a) time series,b) students from other developing and emerging countries,st,,3142
2010,Number,a) time series,b) students from other developing and emerging countries,st,,3330
2011,Number,a) time series,b) students from other developing and emerging countries,st,,3633
2012,Number,a) time series,b) students from other developing and emerging countries,st,,3962
2013,Number,a) time series,b) students from other developing and emerging countries,st,,4198
2014,Number,a) time series,b) students from other developing and emerging countries,st,,4561
2015,Number,a) time series,b) students from other developing and emerging countries,st,,4970
2016,Number,a) time series,b) students from other developing and emerging countries,st,,5061
2017,Number,a) time series,b) students from other developing and emerging countries,st,,5401
2018,Number,a) time series,b) students from other developing and emerging countries,st,,5810
2019,Number,a) time series,b) students from other developing and emerging countries,st,,6336
2005,Number,a) time series,b) students from other developing and emerging countries,sh,,2071
2006,Number,a) time series,b) students from other developing and emerging countries,sh,,2135
2007,Number,a) time series,b) students from other developing and emerging countries,sh,,2149
2008,Number,a) time series,b) students from other developing and emerging countries,sh,,2131
2009,Number,a) time series,b) students from other developing and emerging countries,sh,,2192
2010,Number,a) time series,b) students from other developing and emerging countries,sh,,2219
2011,Number,a) time series,b) students from other developing and emerging countries,sh,,2248
2012,Number,a) time series,b) students from other developing and emerging countries,sh,,2356
2013,Number,a) time series,b) students from other developing and emerging countries,sh,,2400
2014,Number,a) time series,b) students from other developing and emerging countries,sh,,2575
2015,Number,a) time series,b) students from other developing and emerging countries,sh,,2741
2016,Number,a) time series,b) students from other developing and emerging countries,sh,,3116
2017,Number,a) time series,b) students from other developing and emerging countries,sh,,3101
2018,Number,a) time series,b) students from other developing and emerging countries,sh,,3358
2019,Number,a) time series,b) students from other developing and emerging countries,sh,,3549
2005,Number,a) time series,b) students from other developing and emerging countries,th,,1615
2006,Number,a) time series,b) students from other developing and emerging countries,th,,1759
2007,Number,a) time series,b) students from other developing and emerging countries,th,,1971
2008,Number,a) time series,b) students from other developing and emerging countries,th,,1937
2009,Number,a) time series,b) students from other developing and emerging countries,th,,2169
2010,Number,a) time series,b) students from other developing and emerging countries,th,,2437
2011,Number,a) time series,b) students from other developing and emerging countries,th,,2517
2012,Number,a) time series,b) students from other developing and emerging countries,th,,2860
2013,Number,a) time series,b) students from other developing and emerging countries,th,,3396
2014,Number,a) time series,b) students from other developing and emerging countries,th,,3852
2015,Number,a) time series,b) students from other developing and emerging countries,th,,4243
2016,Number,a) time series,b) students from other developing and emerging countries,th,,4488
2017,Number,a) time series,b) students from other developing and emerging countries,th,,4846
2018,Number,a) time series,b) students from other developing and emerging countries,th,,5500
2019,Number,a) time series,b) students from other developing and emerging countries,th,,6655
2005,Number,a) time series,e) researchers from ldcs,,,209
2006,Number,a) time series,e) researchers from ldcs,,,212
2007,Number,a) time series,e) researchers from ldcs,,,207
2008,Number,a) time series,e) researchers from ldcs,,,254
2009,Number,a) time series,e) researchers from ldcs,,,299
2010,Number,a) time series,e) researchers from ldcs,,,331
2011,Number,a) time series,e) researchers from ldcs,,,382
2012,Number,a) time series,e) researchers from ldcs,,,420
2013,Number,a) time series,e) researchers from ldcs,,,476
2014,Number,a) time series,e) researchers from ldcs,,,500
2015,Number,a) time series,e) researchers from ldcs,,,517
2016,Number,a) time series,e) researchers from ldcs,,,558
2017,Number,a) time series,e) researchers from ldcs,,,649
2018,Number,a) time series,e) researchers from ldcs,,,687
2019,Number,a) time series,e) researchers from ldcs,,,681
2006,Number,a) time series,e) researchers from ldcs,bw,,40
2007,Number,a) time series,e) researchers from ldcs,bw,,45
2008,Number,a) time series,e) researchers from ldcs,bw,,52
2009,Number,a) time series,e) researchers from ldcs,bw,,51
2010,Number,a) time series,e) researchers from ldcs,bw,,57
2011,Number,a) time series,e) researchers from ldcs,bw,,85
2012,Number,a) time series,e) researchers from ldcs,bw,,96
2013,Number,a) time series,e) researchers from ldcs,bw,,93
2014,Number,a) time series,e) researchers from ldcs,bw,,98
2015,Number,a) time series,e) researchers from ldcs,bw,,106
2016,Number,a) time series,e) researchers from ldcs,bw,,118
2017,Number,a) time series,e) researchers from ldcs,bw,,150
2018,Number,a) time series,e) researchers from ldcs,bw,,140
2019,Number,a) time series,e) researchers from ldcs,bw,,141
2006,Number,a) time series,e) researchers from ldcs,by,,26
2007,Number,a) time series,e) researchers from ldcs,by,,23
2008,Number,a) time series,e) researchers from ldcs,by,,24
2009,Number,a) time series,e) researchers from ldcs,by,,35
2010,Number,a) time series,e) researchers from ldcs,by,,39
2011,Number,a) time series,e) researchers from ldcs,by,,57
2012,Number,a) time series,e) researchers from ldcs,by,,67
2013,Number,a) time series,e) researchers from ldcs,by,,68
2014,Number,a) time series,e) researchers from ldcs,by,,71
2015,Number,a) time series,e) researchers from ldcs,by,,70
2016,Number,a) time series,e) researchers from ldcs,by,,60
2017,Number,a) time series,e) researchers from ldcs,by,,75
2018,Number,a) time series,e) researchers from ldcs,by,,63
2019,Number,a) time series,e) researchers from ldcs,by,,76
2006,Number,a) time series,e) researchers from ldcs,be,,6
2007,Number,a) time series,e) researchers from ldcs,be,,5
2008,Number,a) time series,e) researchers from ldcs,be,,7
2009,Number,a) time series,e) researchers from ldcs,be,,8
2010,Number,a) time series,e) researchers from ldcs,be,,10
2011,Number,a) time series,e) researchers from ldcs,be,,11
2012,Number,a) time series,e) researchers from ldcs,be,,12
2013,Number,a) time series,e) researchers from ldcs,be,,19
2014,Number,a) time series,e) researchers from ldcs,be,,22
2015,Number,a) time series,e) researchers from ldcs,be,,25
2016,Number,a) time series,e) researchers from ldcs,be,,34
2017,Number,a) time series,e) researchers from ldcs,be,,30
2018,Number,a) time series,e) researchers from ldcs,be,,31
2019,Number,a) time series,e) researchers from ldcs,be,,35
2006,Number,a) time series,e) researchers from ldcs,bb,,3
2007,Number,a) time series,e) researchers from ldcs,bb,,2
2008,Number,a) time series,e) researchers from ldcs,bb,,6
2009,Number,a) time series,e) researchers from ldcs,bb,,8
2010,Number,a) time series,e) researchers from ldcs,bb,,8
2011,Number,a) time series,e) researchers from ldcs,bb,,5
2012,Number,a) time series,e) researchers from ldcs,bb,,8
2013,Number,a) time series,e) researchers from ldcs,bb,,7
2014,Number,a) time series,e) researchers from ldcs,bb,,4
2015,Number,a) time series,e) researchers from ldcs,bb,,7
2016,Number,a) time series,e) researchers from ldcs,bb,,13
2017,Number,a) time series,e) researchers from ldcs,bb,,6
2018,Number,a) time series,e) researchers from ldcs,bb,,8
2019,Number,a) time series,e) researchers from ldcs,bb,,18
2006,Number,a) time series,e) researchers from ldcs,hb,,5
2007,Number,a) time series,e) researchers from ldcs,hb,,3
2008,Number,a) time series,e) researchers from ldcs,hb,,6
2009,Number,a) time series,e) researchers from ldcs,hb,,8
2010,Number,a) time series,e) researchers from ldcs,hb,,8
2011,Number,a) time series,e) researchers from ldcs,hb,,6
2012,Number,a) time series,e) researchers from ldcs,hb,,5
2013,Number,a) time series,e) researchers from ldcs,hb,,10
2014,Number,a) time series,e) researchers from ldcs,hb,,9
2015,Number,a) time series,e) researchers from ldcs,hb,,13
2016,Number,a) time series,e) researchers from ldcs,hb,,11
2017,Number,a) time series,e) researchers from ldcs,hb,,11
2018,Number,a) time series,e) researchers from ldcs,hb,,10
2019,Number,a) time series,e) researchers from ldcs,hb,,11
2006,Number,a) time series,e) researchers from ldcs,hh,,8
2007,Number,a) time series,e) researchers from ldcs,hh,,11
2008,Number,a) time series,e) researchers from ldcs,hh,,5
2009,Number,a) time series,e) researchers from ldcs,hh,,7
2010,Number,a) time series,e) researchers from ldcs,hh,,14
2011,Number,a) time series,e) researchers from ldcs,hh,,14
2012,Number,a) time series,e) researchers from ldcs,hh,,14
2013,Number,a) time series,e) researchers from ldcs,hh,,19
2014,Number,a) time series,e) researchers from ldcs,hh,,20
2015,Number,a) time series,e) researchers from ldcs,hh,,15
2016,Number,a) time series,e) researchers from ldcs,hh,,19
2017,Number,a) time series,e) researchers from ldcs,hh,,23
2018,Number,a) time series,e) researchers from ldcs,hh,,20
2019,Number,a) time series,e) researchers from ldcs,hh,,19
2006,Number,a) time series,e) researchers from ldcs,he,,18
2007,Number,a) time series,e) researchers from ldcs,he,,19
2008,Number,a) time series,e) researchers from ldcs,he,,20
2009,Number,a) time series,e) researchers from ldcs,he,,17
2010,Number,a) time series,e) researchers from ldcs,he,,27
2011,Number,a) time series,e) researchers from ldcs,he,,25
2012,Number,a) time series,e) researchers from ldcs,he,,26
2013,Number,a) time series,e) researchers from ldcs,he,,36
2014,Number,a) time series,e) researchers from ldcs,he,,40
2015,Number,a) time series,e) researchers from ldcs,he,,42
2016,Number,a) time series,e) researchers from ldcs,he,,53
2017,Number,a) time series,e) researchers from ldcs,he,,58
2018,Number,a) time series,e) researchers from ldcs,he,,59
2019,Number,a) time series,e) researchers from ldcs,he,,43
2006,Number,a) time series,e) researchers from ldcs,mv,,5
2007,Number,a) time series,e) researchers from ldcs,mv,,3
2008,Number,a) time series,e) researchers from ldcs,mv,,4
2009,Number,a) time series,e) researchers from ldcs,mv,,5
2010,Number,a) time series,e) researchers from ldcs,mv,,5
2011,Number,a) time series,e) researchers from ldcs,mv,,14
2012,Number,a) time series,e) researchers from ldcs,mv,,11
2013,Number,a) time series,e) researchers from ldcs,mv,,11
2014,Number,a) time series,e) researchers from ldcs,mv,,13
2015,Number,a) time series,e) researchers from ldcs,mv,,9
2016,Number,a) time series,e) researchers from ldcs,mv,,13
2017,Number,a) time series,e) researchers from ldcs,mv,,17
2018,Number,a) time series,e) researchers from ldcs,mv,,13
2019,Number,a) time series,e) researchers from ldcs,mv,,9
2006,Number,a) time series,e) researchers from ldcs,ni,,32
2007,Number,a) time series,e) researchers from ldcs,ni,,27
2008,Number,a) time series,e) researchers from ldcs,ni,,26
2009,Number,a) time series,e) researchers from ldcs,ni,,30
2010,Number,a) time series,e) researchers from ldcs,ni,,30
2011,Number,a) time series,e) researchers from ldcs,ni,,26
2012,Number,a) time series,e) researchers from ldcs,ni,,31
2013,Number,a) time series,e) researchers from ldcs,ni,,35
2014,Number,a) time series,e) researchers from ldcs,ni,,41
2015,Number,a) time series,e) researchers from ldcs,ni,,41
2016,Number,a) time series,e) researchers from ldcs,ni,,48
2017,Number,a) time series,e) researchers from ldcs,ni,,57
2018,Number,a) time series,e) researchers from ldcs,ni,,58
2019,Number,a) time series,e) researchers from ldcs,ni,,49
2006,Number,a) time series,e) researchers from ldcs,nw,,24
2007,Number,a) time series,e) researchers from ldcs,nw,,24
2008,Number,a) time series,e) researchers from ldcs,nw,,48
2009,Number,a) time series,e) researchers from ldcs,nw,,51
2010,Number,a) time series,e) researchers from ldcs,nw,,51
2011,Number,a) time series,e) researchers from ldcs,nw,,63
2012,Number,a) time series,e) researchers from ldcs,nw,,64
2013,Number,a) time series,e) researchers from ldcs,nw,,85
2014,Number,a) time series,e) researchers from ldcs,nw,,87
2015,Number,a) time series,e) researchers from ldcs,nw,,89
2016,Number,a) time series,e) researchers from ldcs,nw,,99
2017,Number,a) time series,e) researchers from ldcs,nw,,113
2018,Number,a) time series,e) researchers from ldcs,nw,,127
2019,Number,a) time series,e) researchers from ldcs,nw,,123
2006,Number,a) time series,e) researchers from ldcs,rp,,10
2007,Number,a) time series,e) researchers from ldcs,rp,,13
2008,Number,a) time series,e) researchers from ldcs,rp,,15
2009,Number,a) time series,e) researchers from ldcs,rp,,19
2010,Number,a) time series,e) researchers from ldcs,rp,,20
2011,Number,a) time series,e) researchers from ldcs,rp,,18
2012,Number,a) time series,e) researchers from ldcs,rp,,19
2013,Number,a) time series,e) researchers from ldcs,rp,,15
2014,Number,a) time series,e) researchers from ldcs,rp,,16
2015,Number,a) time series,e) researchers from ldcs,rp,,17
2016,Number,a) time series,e) researchers from ldcs,rp,,15
2017,Number,a) time series,e) researchers from ldcs,rp,,21
2018,Number,a) time series,e) researchers from ldcs,rp,,25
2019,Number,a) time series,e) researchers from ldcs,rp,,31
2006,Number,a) time series,e) researchers from ldcs,sl,,3
2007,Number,a) time series,e) researchers from ldcs,sl,,3
2008,Number,a) time series,e) researchers from ldcs,sl,,4
2009,Number,a) time series,e) researchers from ldcs,sl,,8
2010,Number,a) time series,e) researchers from ldcs,sl,,6
2011,Number,a) time series,e) researchers from ldcs,sl,,6
2012,Number,a) time series,e) researchers from ldcs,sl,,5
2013,Number,a) time series,e) researchers from ldcs,sl,,3
2014,Number,a) time series,e) researchers from ldcs,sl,,5
2015,Number,a) time series,e) researchers from ldcs,sl,,5
2016,Number,a) time series,e) researchers from ldcs,sl,,5
2017,Number,a) time series,e) researchers from ldcs,sl,,1
2018,Number,a) time series,e) researchers from ldcs,sl,,8
2019,Number,a) time series,e) researchers from ldcs,sl,,9
2006,Number,a) time series,e) researchers from ldcs,sn,,19
2007,Number,a) time series,e) researchers from ldcs,sn,,17
2008,Number,a) time series,e) researchers from ldcs,sn,,19
2009,Number,a) time series,e) researchers from ldcs,sn,,23
2010,Number,a) time series,e) researchers from ldcs,sn,,29
2011,Number,a) time series,e) researchers from ldcs,sn,,24
2012,Number,a) time series,e) researchers from ldcs,sn,,32
2013,Number,a) time series,e) researchers from ldcs,sn,,32
2014,Number,a) time series,e) researchers from ldcs,sn,,30
2015,Number,a) time series,e) researchers from ldcs,sn,,36
2016,Number,a) time series,e) researchers from ldcs,sn,,35
2017,Number,a) time series,e) researchers from ldcs,sn,,42
2018,Number,a) time series,e) researchers from ldcs,sn,,56
2019,Number,a) time series,e) researchers from ldcs,sn,,53
2006,Number,a) time series,e) researchers from ldcs,st,,5
2007,Number,a) time series,e) researchers from ldcs,st,,1
2008,Number,a) time series,e) researchers from ldcs,st,,3
2009,Number,a) time series,e) researchers from ldcs,st,,5
2010,Number,a) time series,e) researchers from ldcs,st,,5
2011,Number,a) time series,e) researchers from ldcs,st,,3
2012,Number,a) time series,e) researchers from ldcs,st,,4
2013,Number,a) time series,e) researchers from ldcs,st,,8
2014,Number,a) time series,e) researchers from ldcs,st,,9
2015,Number,a) time series,e) researchers from ldcs,st,,10
2016,Number,a) time series,e) researchers from ldcs,st,,7
2017,Number,a) time series,e) researchers from ldcs,st,,9
2018,Number,a) time series,e) researchers from ldcs,st,,17
2019,Number,a) time series,e) researchers from ldcs,st,,14
2006,Number,a) time series,e) researchers from ldcs,sh,,5
2007,Number,a) time series,e) researchers from ldcs,sh,,6
2008,Number,a) time series,e) researchers from ldcs,sh,,8
2009,Number,a) time series,e) researchers from ldcs,sh,,11
2010,Number,a) time series,e) researchers from ldcs,sh,,10
2011,Number,a) time series,e) researchers from ldcs,sh,,13
2012,Number,a) time series,e) researchers from ldcs,sh,,11
2013,Number,a) time series,e) researchers from ldcs,sh,,13
2014,Number,a) time series,e) researchers from ldcs,sh,,15
2015,Number,a) time series,e) researchers from ldcs,sh,,12
2016,Number,a) time series,e) researchers from ldcs,sh,,14
2017,Number,a) time series,e) researchers from ldcs,sh,,17
2018,Number,a) time series,e) researchers from ldcs,sh,,23
2019,Number,a) time series,e) researchers from ldcs,sh,,27
2006,Number,a) time series,e) researchers from ldcs,th,,3
2007,Number,a) time series,e) researchers from ldcs,th,,5
2008,Number,a) time series,e) researchers from ldcs,th,,7
2009,Number,a) time series,e) researchers from ldcs,th,,13
2010,Number,a) time series,e) researchers from ldcs,th,,12
2011,Number,a) time series,e) researchers from ldcs,th,,12
2012,Number,a) time series,e) researchers from ldcs,th,,15
2013,Number,a) time series,e) researchers from ldcs,th,,22
2014,Number,a) time series,e) researchers from ldcs,th,,20
2015,Number,a) time series,e) researchers from ldcs,th,,20
2016,Number,a) time series,e) researchers from ldcs,th,,17
2017,Number,a) time series,e) researchers from ldcs,th,,19
2018,Number,a) time series,e) researchers from ldcs,th,,29
2019,Number,a) time series,e) researchers from ldcs,th,,23
2005,Number,a) time series,c) researchers from other developing and emerging countries,,,5848
2006,Number,a) time series,c) researchers from other developing and emerging countries,,,6434
2007,Number,a) time series,c) researchers from other developing and emerging countries,,,6766
2008,Number,a) time series,c) researchers from other developing and emerging countries,,,8180
2009,Number,a) time series,c) researchers from other developing and emerging countries,,,9482
2010,Number,a) time series,c) researchers from other developing and emerging countries,,,10614
2011,Number,a) time series,c) researchers from other developing and emerging countries,,,10946
2012,Number,a) time series,c) researchers from other developing and emerging countries,,,11741
2013,Number,a) time series,c) researchers from other developing and emerging countries,,,12865
2014,Number,a) time series,c) researchers from other developing and emerging countries,,,13837
2015,Number,a) time series,c) researchers from other developing and emerging countries,,,14592
2016,Number,a) time series,c) researchers from other developing and emerging countries,,,15317
2017,Number,a) time series,c) researchers from other developing and emerging countries,,,16904
2018,Number,a) time series,c) researchers from other developing and emerging countries,,,18429
2019,Number,a) time series,c) researchers from other developing and emerging countries,,,20214
2006,Number,a) time series,c) researchers from other developing and emerging countries,bw,,1190
2007,Number,a) time series,c) researchers from other developing and emerging countries,bw,,1333
2008,Number,a) time series,c) researchers from other developing and emerging countries,bw,,1579
2009,Number,a) time series,c) researchers from other developing and emerging countries,bw,,1847
2010,Number,a) time series,c) researchers from other developing and emerging countries,bw,,2049
2011,Number,a) time series,c) researchers from other developing and emerging countries,bw,,1986
2012,Number,a) time series,c) researchers from other developing and emerging countries,bw,,2155
2013,Number,a) time series,c) researchers from other developing and emerging countries,bw,,2388
2014,Number,a) time series,c) researchers from other developing and emerging countries,bw,,2547
2015,Number,a) time series,c) researchers from other developing and emerging countries,bw,,2691
2016,Number,a) time series,c) researchers from other developing and emerging countries,bw,,2761
2017,Number,a) time series,c) researchers from other developing and emerging countries,bw,,3164
2018,Number,a) time series,c) researchers from other developing and emerging countries,bw,,3314
2019,Number,a) time series,c) researchers from other developing and emerging countries,bw,,3458
2006,Number,a) time series,c) researchers from other developing and emerging countries,by,,872
2007,Number,a) time series,c) researchers from other developing and emerging countries,by,,934
2008,Number,a) time series,c) researchers from other developing and emerging countries,by,,1171
2009,Number,a) time series,c) researchers from other developing and emerging countries,by,,1296
2010,Number,a) time series,c) researchers from other developing and emerging countries,by,,1483
2011,Number,a) time series,c) researchers from other developing and emerging countries,by,,1612
2012,Number,a) time series,c) researchers from other developing and emerging countries,by,,1767
2013,Number,a) time series,c) researchers from other developing and emerging countries,by,,1956
2014,Number,a) time series,c) researchers from other developing and emerging countries,by,,2150
2015,Number,a) time series,c) researchers from other developing and emerging countries,by,,2212
2016,Number,a) time series,c) researchers from other developing and emerging countries,by,,2280
2017,Number,a) time series,c) researchers from other developing and emerging countries,by,,2425
2018,Number,a) time series,c) researchers from other developing and emerging countries,by,,2600
2019,Number,a) time series,c) researchers from other developing and emerging countries,by,,2910
2006,Number,a) time series,c) researchers from other developing and emerging countries,be,,468
2007,Number,a) time series,c) researchers from other developing and emerging countries,be,,461
2008,Number,a) time series,c) researchers from other developing and emerging countries,be,,550
2009,Number,a) time series,c) researchers from other developing and emerging countries,be,,597
2010,Number,a) time series,c) researchers from other developing and emerging countries,be,,620
2011,Number,a) time series,c) researchers from other developing and emerging countries,be,,603
2012,Number,a) time series,c) researchers from other developing and emerging countries,be,,672
2013,Number,a) time series,c) researchers from other developing and emerging countries,be,,688
2014,Number,a) time series,c) researchers from other developing and emerging countries,be,,765
2015,Number,a) time series,c) researchers from other developing and emerging countries,be,,858
2016,Number,a) time series,c) researchers from other developing and emerging countries,be,,877
2017,Number,a) time series,c) researchers from other developing and emerging countries,be,,934
2018,Number,a) time series,c) researchers from other developing and emerging countries,be,,1000
2019,Number,a) time series,c) researchers from other developing and emerging countries,be,,1138
2006,Number,a) time series,c) researchers from other developing and emerging countries,bb,,97
2007,Number,a) time series,c) researchers from other developing and emerging countries,bb,,109
2008,Number,a) time series,c) researchers from other developing and emerging countries,bb,,124
2009,Number,a) time series,c) researchers from other developing and emerging countries,bb,,151
2010,Number,a) time series,c) researchers from other developing and emerging countries,bb,,170
2011,Number,a) time series,c) researchers from other developing and emerging countries,bb,,208
2012,Number,a) time series,c) researchers from other developing and emerging countries,bb,,204
2013,Number,a) time series,c) researchers from other developing and emerging countries,bb,,209
2014,Number,a) time series,c) researchers from other developing and emerging countries,bb,,227
2015,Number,a) time series,c) researchers from other developing and emerging countries,bb,,232
2016,Number,a) time series,c) researchers from other developing and emerging countries,bb,,267
2017,Number,a) time series,c) researchers from other developing and emerging countries,bb,,322
2018,Number,a) time series,c) researchers from other developing and emerging countries,bb,,352
2019,Number,a) time series,c) researchers from other developing and emerging countries,bb,,414
2006,Number,a) time series,c) researchers from other developing and emerging countries,hb,,108
2007,Number,a) time series,c) researchers from other developing and emerging countries,hb,,96
2008,Number,a) time series,c) researchers from other developing and emerging countries,hb,,116
2009,Number,a) time series,c) researchers from other developing and emerging countries,hb,,156
2010,Number,a) time series,c) researchers from other developing and emerging countries,hb,,181
2011,Number,a) time series,c) researchers from other developing and emerging countries,hb,,184
2012,Number,a) time series,c) researchers from other developing and emerging countries,hb,,177
2013,Number,a) time series,c) researchers from other developing and emerging countries,hb,,193
2014,Number,a) time series,c) researchers from other developing and emerging countries,hb,,192
2015,Number,a) time series,c) researchers from other developing and emerging countries,hb,,195
2016,Number,a) time series,c) researchers from other developing and emerging countries,hb,,204
2017,Number,a) time series,c) researchers from other developing and emerging countries,hb,,225
2018,Number,a) time series,c) researchers from other developing and emerging countries,hb,,219
2019,Number,a) time series,c) researchers from other developing and emerging countries,hb,,238
2006,Number,a) time series,c) researchers from other developing and emerging countries,hh,,162
2007,Number,a) time series,c) researchers from other developing and emerging countries,hh,,215
2008,Number,a) time series,c) researchers from other developing and emerging countries,hh,,242
2009,Number,a) time series,c) researchers from other developing and emerging countries,hh,,272
2010,Number,a) time series,c) researchers from other developing and emerging countries,hh,,282
2011,Number,a) time series,c) researchers from other developing and emerging countries,hh,,281
2012,Number,a) time series,c) researchers from other developing and emerging countries,hh,,281
2013,Number,a) time series,c) researchers from other developing and emerging countries,hh,,330
2014,Number,a) time series,c) researchers from other developing and emerging countries,hh,,340
2015,Number,a) time series,c) researchers from other developing and emerging countries,hh,,347
2016,Number,a) time series,c) researchers from other developing and emerging countries,hh,,416
2017,Number,a) time series,c) researchers from other developing and emerging countries,hh,,442
2018,Number,a) time series,c) researchers from other developing and emerging countries,hh,,496
2019,Number,a) time series,c) researchers from other developing and emerging countries,hh,,578
2006,Number,a) time series,c) researchers from other developing and emerging countries,he,,469
2007,Number,a) time series,c) researchers from other developing and emerging countries,he,,520
2008,Number,a) time series,c) researchers from other developing and emerging countries,he,,628
2009,Number,a) time series,c) researchers from other developing and emerging countries,he,,730
2010,Number,a) time series,c) researchers from other developing and emerging countries,he,,836
2011,Number,a) time series,c) researchers from other developing and emerging countries,he,,898
2012,Number,a) time series,c) researchers from other developing and emerging countries,he,,921
2013,Number,a) time series,c) researchers from other developing and emerging countries,he,,1017
2014,Number,a) time series,c) researchers from other developing and emerging countries,he,,1063
2015,Number,a) time series,c) researchers from other developing and emerging countries,he,,1065
2016,Number,a) time series,c) researchers from other developing and emerging countries,he,,1089
2017,Number,a) time series,c) researchers from other developing and emerging countries,he,,1146
2018,Number,a) time series,c) researchers from other developing and emerging countries,he,,1238
2019,Number,a) time series,c) researchers from other developing and emerging countries,he,,1344
2006,Number,a) time series,c) researchers from other developing and emerging countries,mv,,67
2007,Number,a) time series,c) researchers from other developing and emerging countries,mv,,73
2008,Number,a) time series,c) researchers from other developing and emerging countries,mv,,94
2009,Number,a) time series,c) researchers from other developing and emerging countries,mv,,102
2010,Number,a) time series,c) researchers from other developing and emerging countries,mv,,139
2011,Number,a) time series,c) researchers from other developing and emerging countries,mv,,128
2012,Number,a) time series,c) researchers from other developing and emerging countries,mv,,139
2013,Number,a) time series,c) researchers from other developing and emerging countries,mv,,160
2014,Number,a) time series,c) researchers from other developing and emerging countries,mv,,176
2015,Number,a) time series,c) researchers from other developing and emerging countries,mv,,176
2016,Number,a) time series,c) researchers from other developing and emerging countries,mv,,194
2017,Number,a) time series,c) researchers from other developing and emerging countries,mv,,209
2018,Number,a) time series,c) researchers from other developing and emerging countries,mv,,239
2019,Number,a) time series,c) researchers from other developing and emerging countries,mv,,276
2006,Number,a) time series,c) researchers from other developing and emerging countries,ni,,519
2007,Number,a) time series,c) researchers from other developing and emerging countries,ni,,646
2008,Number,a) time series,c) researchers from other developing and emerging countries,ni,,710
2009,Number,a) time series,c) researchers from other developing and emerging countries,ni,,797
2010,Number,a) time series,c) researchers from other developing and emerging countries,ni,,883
2011,Number,a) time series,c) researchers from other developing and emerging countries,ni,,915
2012,Number,a) time series,c) researchers from other developing and emerging countries,ni,,1010
2013,Number,a) time series,c) researchers from other developing and emerging countries,ni,,1132
2014,Number,a) time series,c) researchers from other developing and emerging countries,ni,,1140
2015,Number,a) time series,c) researchers from other developing and emerging countries,ni,,1206
2016,Number,a) time series,c) researchers from other developing and emerging countries,ni,,1250
2017,Number,a) time series,c) researchers from other developing and emerging countries,ni,,1343
2018,Number,a) time series,c) researchers from other developing and emerging countries,ni,,1475
2019,Number,a) time series,c) researchers from other developing and emerging countries,ni,,1549
2006,Number,a) time series,c) researchers from other developing and emerging countries,nw,,1399
2007,Number,a) time series,c) researchers from other developing and emerging countries,nw,,1240
2008,Number,a) time series,c) researchers from other developing and emerging countries,nw,,1675
2009,Number,a) time series,c) researchers from other developing and emerging countries,nw,,2017
2010,Number,a) time series,c) researchers from other developing and emerging countries,nw,,2178
2011,Number,a) time series,c) researchers from other developing and emerging countries,nw,,2221
2012,Number,a) time series,c) researchers from other developing and emerging countries,nw,,2293
2013,Number,a) time series,c) researchers from other developing and emerging countries,nw,,2473
2014,Number,a) time series,c) researchers from other developing and emerging countries,nw,,2749
2015,Number,a) time series,c) researchers from other developing and emerging countries,nw,,2949
2016,Number,a) time series,c) researchers from other developing and emerging countries,nw,,3199
2017,Number,a) time series,c) researchers from other developing and emerging countries,nw,,3539
2018,Number,a) time series,c) researchers from other developing and emerging countries,nw,,3955
2019,Number,a) time series,c) researchers from other developing and emerging countries,nw,,4306
2006,Number,a) time series,c) researchers from other developing and emerging countries,rp,,238
2007,Number,a) time series,c) researchers from other developing and emerging countries,rp,,254
2008,Number,a) time series,c) researchers from other developing and emerging countries,rp,,291
2009,Number,a) time series,c) researchers from other developing and emerging countries,rp,,302
2010,Number,a) time series,c) researchers from other developing and emerging countries,rp,,404
2011,Number,a) time series,c) researchers from other developing and emerging countries,rp,,412
2012,Number,a) time series,c) researchers from other developing and emerging countries,rp,,472
2013,Number,a) time series,c) researchers from other developing and emerging countries,rp,,505
2014,Number,a) time series,c) researchers from other developing and emerging countries,rp,,514
2015,Number,a) time series,c) researchers from other developing and emerging countries,rp,,529
2016,Number,a) time series,c) researchers from other developing and emerging countries,rp,,602
2017,Number,a) time series,c) researchers from other developing and emerging countries,rp,,640
2018,Number,a) time series,c) researchers from other developing and emerging countries,rp,,653
2019,Number,a) time series,c) researchers from other developing and emerging countries,rp,,756
2006,Number,a) time series,c) researchers from other developing and emerging countries,sl,,111
2007,Number,a) time series,c) researchers from other developing and emerging countries,sl,,102
2008,Number,a) time series,c) researchers from other developing and emerging countries,sl,,108
2009,Number,a) time series,c) researchers from other developing and emerging countries,sl,,162
2010,Number,a) time series,c) researchers from other developing and emerging countries,sl,,182
2011,Number,a) time series,c) researchers from other developing and emerging countries,sl,,227
2012,Number,a) time series,c) researchers from other developing and emerging countries,sl,,236
2013,Number,a) time series,c) researchers from other developing and emerging countries,sl,,271
2014,Number,a) time series,c) researchers from other developing and emerging countries,sl,,299
2015,Number,a) time series,c) researchers from other developing and emerging countries,sl,,330
2016,Number,a) time series,c) researchers from other developing and emerging countries,sl,,325
2017,Number,a) time series,c) researchers from other developing and emerging countries,sl,,322
2018,Number,a) time series,c) researchers from other developing and emerging countries,sl,,384
2019,Number,a) time series,c) researchers from other developing and emerging countries,sl,,371
2006,Number,a) time series,c) researchers from other developing and emerging countries,sn,,304
2007,Number,a) time series,c) researchers from other developing and emerging countries,sn,,326
2008,Number,a) time series,c) researchers from other developing and emerging countries,sn,,376
2009,Number,a) time series,c) researchers from other developing and emerging countries,sn,,445
2010,Number,a) time series,c) researchers from other developing and emerging countries,sn,,487
2011,Number,a) time series,c) researchers from other developing and emerging countries,sn,,498
2012,Number,a) time series,c) researchers from other developing and emerging countries,sn,,549
2013,Number,a) time series,c) researchers from other developing and emerging countries,sn,,650
2014,Number,a) time series,c) researchers from other developing and emerging countries,sn,,741
2015,Number,a) time series,c) researchers from other developing and emerging countries,sn,,766
2016,Number,a) time series,c) researchers from other developing and emerging countries,sn,,845
2017,Number,a) time series,c) researchers from other developing and emerging countries,sn,,1003
2018,Number,a) time series,c) researchers from other developing and emerging countries,sn,,1114
2019,Number,a) time series,c) researchers from other developing and emerging countries,sn,,1338
2006,Number,a) time series,c) researchers from other developing and emerging countries,st,,136
2007,Number,a) time series,c) researchers from other developing and emerging countries,st,,161
2008,Number,a) time series,c) researchers from other developing and emerging countries,st,,175
2009,Number,a) time series,c) researchers from other developing and emerging countries,st,,195
2010,Number,a) time series,c) researchers from other developing and emerging countries,st,,227
2011,Number,a) time series,c) researchers from other developing and emerging countries,st,,234
2012,Number,a) time series,c) researchers from other developing and emerging countries,st,,277
2013,Number,a) time series,c) researchers from other developing and emerging countries,st,,272
2014,Number,a) time series,c) researchers from other developing and emerging countries,st,,270
2015,Number,a) time series,c) researchers from other developing and emerging countries,st,,320
2016,Number,a) time series,c) researchers from other developing and emerging countries,st,,321
2017,Number,a) time series,c) researchers from other developing and emerging countries,st,,393
2018,Number,a) time series,c) researchers from other developing and emerging countries,st,,470
2019,Number,a) time series,c) researchers from other developing and emerging countries,st,,512
2006,Number,a) time series,c) researchers from other developing and emerging countries,sh,,148
2007,Number,a) time series,c) researchers from other developing and emerging countries,sh,,129
2008,Number,a) time series,c) researchers from other developing and emerging countries,sh,,147
2009,Number,a) time series,c) researchers from other developing and emerging countries,sh,,149
2010,Number,a) time series,c) researchers from other developing and emerging countries,sh,,180
2011,Number,a) time series,c) researchers from other developing and emerging countries,sh,,191
2012,Number,a) time series,c) researchers from other developing and emerging countries,sh,,201
2013,Number,a) time series,c) researchers from other developing and emerging countries,sh,,204
2014,Number,a) time series,c) researchers from other developing and emerging countries,sh,,207
2015,Number,a) time series,c) researchers from other developing and emerging countries,sh,,218
2016,Number,a) time series,c) researchers from other developing and emerging countries,sh,,235
2017,Number,a) time series,c) researchers from other developing and emerging countries,sh,,279
2018,Number,a) time series,c) researchers from other developing and emerging countries,sh,,326
2019,Number,a) time series,c) researchers from other developing and emerging countries,sh,,361
2006,Number,a) time series,c) researchers from other developing and emerging countries,th,,146
2007,Number,a) time series,c) researchers from other developing and emerging countries,th,,167
2008,Number,a) time series,c) researchers from other developing and emerging countries,th,,194
2009,Number,a) time series,c) researchers from other developing and emerging countries,th,,264
2010,Number,a) time series,c) researchers from other developing and emerging countries,th,,313
2011,Number,a) time series,c) researchers from other developing and emerging countries,th,,348
2012,Number,a) time series,c) researchers from other developing and emerging countries,th,,387
2013,Number,a) time series,c) researchers from other developing and emerging countries,th,,417
2014,Number,a) time series,c) researchers from other developing and emerging countries,th,,457
2015,Number,a) time series,c) researchers from other developing and emerging countries,th,,498
2016,Number,a) time series,c) researchers from other developing and emerging countries,th,,452
2017,Number,a) time series,c) researchers from other developing and emerging countries,th,,518
2018,Number,a) time series,c) researchers from other developing and emerging countries,th,,594
2019,Number,a) time series,c) researchers from other developing and emerging countries,th,,665
