Year,Units,Series,Value
2000,Kilogram per hectare,Moving five-year average shown for each middle year,108.3
2001,Kilogram per hectare,Moving five-year average shown for each middle year,107.8
2002,Kilogram per hectare,Moving five-year average shown for each middle year,105.1
2003,Kilogram per hectare,Moving five-year average shown for each middle year,102.5
2004,Kilogram per hectare,Moving five-year average shown for each middle year,103.3
2005,Kilogram per hectare,Moving five-year average shown for each middle year,102.2
2006,Kilogram per hectare,Moving five-year average shown for each middle year,101.8
2007,Kilogram per hectare,Moving five-year average shown for each middle year,99.1
2008,Kilogram per hectare,Moving five-year average shown for each middle year,96.6
2009,Kilogram per hectare,Moving five-year average shown for each middle year,96.8
2010,Kilogram per hectare,Moving five-year average shown for each middle year,94.9
2011,Kilogram per hectare,Moving five-year average shown for each middle year,93.0
2012,Kilogram per hectare,Moving five-year average shown for each middle year,93.2
2013,Kilogram per hectare,Moving five-year average shown for each middle year,95.6
2014,Kilogram per hectare,Moving five-year average shown for each middle year,94.0
2015,Kilogram per hectare,Moving five-year average shown for each middle year,93.8
2016,Kilogram per hectare,Moving five-year average shown for each middle year,92.7
2017,Kilogram per hectare,Moving five-year average shown for each middle year,91.5
2018,Kilogram per hectare,Moving five-year average shown for each middle year,87.0
2000,Kilogram per hectare,Calculated annual values,115.3
2001,Kilogram per hectare,Calculated annual values,101.7
2002,Kilogram per hectare,Calculated annual values,105.8
2003,Kilogram per hectare,Calculated annual values,105.4
2004,Kilogram per hectare,Calculated annual values,97.3
2005,Kilogram per hectare,Calculated annual values,102.4
2006,Kilogram per hectare,Calculated annual values,105.7
2007,Kilogram per hectare,Calculated annual values,100.4
2008,Kilogram per hectare,Calculated annual values,103.2
2009,Kilogram per hectare,Calculated annual values,83.7
2010,Kilogram per hectare,Calculated annual values,90.3
2011,Kilogram per hectare,Calculated annual values,106.2
2012,Kilogram per hectare,Calculated annual values,91.0
2013,Kilogram per hectare,Calculated annual values,93.6
2014,Kilogram per hectare,Calculated annual values,84.8
2015,Kilogram per hectare,Calculated annual values,102.1
2016,Kilogram per hectare,Calculated annual values,98.5
2017,Kilogram per hectare,Calculated annual values,90.0
2018,Kilogram per hectare,Calculated annual values,87.9
2019,Kilogram per hectare,Calculated annual values,78.7
2020,Kilogram per hectare,Calculated annual values,79.7
