Year,Units,Display,Age group,Region,GeoCode,Value
1995,Percentage,Time series,Adolescents (12 to 17 years),Germany,,
1996,Percentage,Time series,Adolescents (12 to 17 years),Germany,,
1997,Percentage,Time series,Adolescents (12 to 17 years),Germany,,28.1
1998,Percentage,Time series,Adolescents (12 to 17 years),Germany,,
1999,Percentage,Time series,Adolescents (12 to 17 years),Germany,,
2000,Percentage,Time series,Adolescents (12 to 17 years),Germany,,
2001,Percentage,Time series,Adolescents (12 to 17 years),Germany,,27.5
2002,Percentage,Time series,Adolescents (12 to 17 years),Germany,,
2003,Percentage,Time series,Adolescents (12 to 17 years),Germany,,22.5
2004,Percentage,Time series,Adolescents (12 to 17 years),Germany,,23.5
2005,Percentage,Time series,Adolescents (12 to 17 years),Germany,,20.0
2006,Percentage,Time series,Adolescents (12 to 17 years),Germany,,
2007,Percentage,Time series,Adolescents (12 to 17 years),Germany,,17.7
2008,Percentage,Time series,Adolescents (12 to 17 years),Germany,,15.4
2009,Percentage,Time series,Adolescents (12 to 17 years),Germany,,
2010,Percentage,Time series,Adolescents (12 to 17 years),Germany,,12.9
2011,Percentage,Time series,Adolescents (12 to 17 years),Germany,,11.7
2012,Percentage,Time series,Adolescents (12 to 17 years),Germany,,12.0
2013,Percentage,Time series,Adolescents (12 to 17 years),Germany,,
2014,Percentage,Time series,Adolescents (12 to 17 years),Germany,,9.7
2015,Percentage,Time series,Adolescents (12 to 17 years),Germany,,7.8
2016,Percentage,Time series,Adolescents (12 to 17 years),Germany,,7.4
2017,Percentage,Time series,Adolescents (12 to 17 years),Germany,,
2018,Percentage,Time series,Adolescents (12 to 17 years),Germany,,6.6
2019,Percentage,Time series,Adolescents (12 to 17 years),Germany,,5.6
2030,Percentage,Time series,Adolescents (12 to 17 years),Germany,,
1995,Percentage,Target,Adolescents (12 to 17 years),Germany,,
1996,Percentage,Target,Adolescents (12 to 17 years),Germany,,
1997,Percentage,Target,Adolescents (12 to 17 years),Germany,,
1998,Percentage,Target,Adolescents (12 to 17 years),Germany,,
1999,Percentage,Target,Adolescents (12 to 17 years),Germany,,
2000,Percentage,Target,Adolescents (12 to 17 years),Germany,,
2000,Percentage,Target,Adolescents (12 to 17 years),Germany,,
2001,Percentage,Target,Adolescents (12 to 17 years),Germany,,
2002,Percentage,Target,Adolescents (12 to 17 years),Germany,,
2003,Percentage,Target,Adolescents (12 to 17 years),Germany,,
2004,Percentage,Target,Adolescents (12 to 17 years),Germany,,
2005,Percentage,Target,Adolescents (12 to 17 years),Germany,,
2006,Percentage,Target,Adolescents (12 to 17 years),Germany,,
2007,Percentage,Target,Adolescents (12 to 17 years),Germany,,
2008,Percentage,Target,Adolescents (12 to 17 years),Germany,,
2009,Percentage,Target,Adolescents (12 to 17 years),Germany,,
2010,Percentage,Target,Adolescents (12 to 17 years),Germany,,
2011,Percentage,Target,Adolescents (12 to 17 years),Germany,,
2012,Percentage,Target,Adolescents (12 to 17 years),Germany,,
2013,Percentage,Target,Adolescents (12 to 17 years),Germany,,
2014,Percentage,Target,Adolescents (12 to 17 years),Germany,,
2015,Percentage,Target,Adolescents (12 to 17 years),Germany,,
2016,Percentage,Target,Adolescents (12 to 17 years),Germany,,
2017,Percentage,Target,Adolescents (12 to 17 years),Germany,,
2018,Percentage,Target,Adolescents (12 to 17 years),Germany,,
2019,Percentage,Target,Adolescents (12 to 17 years),Germany,,
2030,Percentage,Target,Adolescents (12 to 17 years),Germany,,7.0
1995,Percentage,Time series,Adults (15 years and older),Germany,,28.28
1996,Percentage,Time series,Adults (15 years and older),Germany,,
1997,Percentage,Time series,Adults (15 years and older),Germany,,
1998,Percentage,Time series,Adults (15 years and older),Germany,,
1999,Percentage,Time series,Adults (15 years and older),Germany,,28.3
2000,Percentage,Time series,Adults (15 years and older),Germany,,
2001,Percentage,Time series,Adults (15 years and older),Germany,,
2002,Percentage,Time series,Adults (15 years and older),Germany,,
2003,Percentage,Time series,Adults (15 years and older),Germany,,27.4
2004,Percentage,Time series,Adults (15 years and older),Germany,,
2005,Percentage,Time series,Adults (15 years and older),Germany,,27.2
2006,Percentage,Time series,Adults (15 years and older),Germany,,
2007,Percentage,Time series,Adults (15 years and older),Germany,,
2008,Percentage,Time series,Adults (15 years and older),Germany,,
2009,Percentage,Time series,Adults (15 years and older),Germany,,25.7
2010,Percentage,Time series,Adults (15 years and older),Germany,,
2011,Percentage,Time series,Adults (15 years and older),Germany,,
2012,Percentage,Time series,Adults (15 years and older),Germany,,
2013,Percentage,Time series,Adults (15 years and older),Germany,,24.5
2014,Percentage,Time series,Adults (15 years and older),Germany,,
2015,Percentage,Time series,Adults (15 years and older),Germany,,
2016,Percentage,Time series,Adults (15 years and older),Germany,,
2017,Percentage,Time series,Adults (15 years and older),Germany,,22.0
2018,Percentage,Time series,Adults (15 years and older),Germany,,
2019,Percentage,Time series,Adults (15 years and older),Germany,,
2030,Percentage,Time series,Adults (15 years and older),Germany,,
1995,Percentage,Target,Adults (15 years and older),Germany,,
1996,Percentage,Target,Adults (15 years and older),Germany,,
1997,Percentage,Target,Adults (15 years and older),Germany,,
1998,Percentage,Target,Adults (15 years and older),Germany,,
1999,Percentage,Target,Adults (15 years and older),Germany,,
2000,Percentage,Target,Adults (15 years and older),Germany,,
2000,Percentage,Target,Adults (15 years and older),Germany,,
2001,Percentage,Target,Adults (15 years and older),Germany,,
2002,Percentage,Target,Adults (15 years and older),Germany,,
2003,Percentage,Target,Adults (15 years and older),Germany,,
2004,Percentage,Target,Adults (15 years and older),Germany,,
2005,Percentage,Target,Adults (15 years and older),Germany,,
2006,Percentage,Target,Adults (15 years and older),Germany,,
2007,Percentage,Target,Adults (15 years and older),Germany,,
2008,Percentage,Target,Adults (15 years and older),Germany,,
2009,Percentage,Target,Adults (15 years and older),Germany,,
2010,Percentage,Target,Adults (15 years and older),Germany,,
2011,Percentage,Target,Adults (15 years and older),Germany,,
2012,Percentage,Target,Adults (15 years and older),Germany,,
2013,Percentage,Target,Adults (15 years and older),Germany,,
2014,Percentage,Target,Adults (15 years and older),Germany,,
2015,Percentage,Target,Adults (15 years and older),Germany,,
2016,Percentage,Target,Adults (15 years and older),Germany,,
2017,Percentage,Target,Adults (15 years and older),Germany,,
2018,Percentage,Target,Adults (15 years and older),Germany,,
2019,Percentage,Target,Adults (15 years and older),Germany,,
2030,Percentage,Target,Adults (15 years and older),Germany,,19.0
1995,Percentage,Time series,Adults (15 years and older),Baden-Wuerttemberg,code08,24.38
1996,Percentage,Time series,Adults (15 years and older),Baden-Wuerttemberg,code08,
1997,Percentage,Time series,Adults (15 years and older),Baden-Wuerttemberg,code08,
1998,Percentage,Time series,Adults (15 years and older),Baden-Wuerttemberg,code08,
1999,Percentage,Time series,Adults (15 years and older),Baden-Wuerttemberg,code08,26.13
2000,Percentage,Time series,Adults (15 years and older),Baden-Wuerttemberg,code08,
2001,Percentage,Time series,Adults (15 years and older),Baden-Wuerttemberg,code08,
2002,Percentage,Time series,Adults (15 years and older),Baden-Wuerttemberg,code08,
2003,Percentage,Time series,Adults (15 years and older),Baden-Wuerttemberg,code08,25.53
2004,Percentage,Time series,Adults (15 years and older),Baden-Wuerttemberg,code08,
2005,Percentage,Time series,Adults (15 years and older),Baden-Wuerttemberg,code08,24.5
2006,Percentage,Time series,Adults (15 years and older),Baden-Wuerttemberg,code08,
2007,Percentage,Time series,Adults (15 years and older),Baden-Wuerttemberg,code08,
2008,Percentage,Time series,Adults (15 years and older),Baden-Wuerttemberg,code08,
2009,Percentage,Time series,Adults (15 years and older),Baden-Wuerttemberg,code08,22.8
2010,Percentage,Time series,Adults (15 years and older),Baden-Wuerttemberg,code08,
2011,Percentage,Time series,Adults (15 years and older),Baden-Wuerttemberg,code08,
2012,Percentage,Time series,Adults (15 years and older),Baden-Wuerttemberg,code08,
2013,Percentage,Time series,Adults (15 years and older),Baden-Wuerttemberg,code08,22.21
2014,Percentage,Time series,Adults (15 years and older),Baden-Wuerttemberg,code08,
2015,Percentage,Time series,Adults (15 years and older),Baden-Wuerttemberg,code08,
2016,Percentage,Time series,Adults (15 years and older),Baden-Wuerttemberg,code08,
2017,Percentage,Time series,Adults (15 years and older),Baden-Wuerttemberg,code08,21.23
2018,Percentage,Time series,Adults (15 years and older),Baden-Wuerttemberg,code08,
2019,Percentage,Time series,Adults (15 years and older),Baden-Wuerttemberg,code08,
2030,Percentage,Time series,Adults (15 years and older),Baden-Wuerttemberg,code08,
1995,Percentage,Time series,Adults (15 years and older),Bavaria,code09,24.41
1996,Percentage,Time series,Adults (15 years and older),Bavaria,code09,
1997,Percentage,Time series,Adults (15 years and older),Bavaria,code09,
1998,Percentage,Time series,Adults (15 years and older),Bavaria,code09,
1999,Percentage,Time series,Adults (15 years and older),Bavaria,code09,25.99
2000,Percentage,Time series,Adults (15 years and older),Bavaria,code09,
2001,Percentage,Time series,Adults (15 years and older),Bavaria,code09,
2002,Percentage,Time series,Adults (15 years and older),Bavaria,code09,
2003,Percentage,Time series,Adults (15 years and older),Bavaria,code09,25.12
2004,Percentage,Time series,Adults (15 years and older),Bavaria,code09,
2005,Percentage,Time series,Adults (15 years and older),Bavaria,code09,24.2
2006,Percentage,Time series,Adults (15 years and older),Bavaria,code09,
2007,Percentage,Time series,Adults (15 years and older),Bavaria,code09,
2008,Percentage,Time series,Adults (15 years and older),Bavaria,code09,
2009,Percentage,Time series,Adults (15 years and older),Bavaria,code09,23.5
2010,Percentage,Time series,Adults (15 years and older),Bavaria,code09,
2011,Percentage,Time series,Adults (15 years and older),Bavaria,code09,
2012,Percentage,Time series,Adults (15 years and older),Bavaria,code09,
2013,Percentage,Time series,Adults (15 years and older),Bavaria,code09,22.15
2014,Percentage,Time series,Adults (15 years and older),Bavaria,code09,
2015,Percentage,Time series,Adults (15 years and older),Bavaria,code09,
2016,Percentage,Time series,Adults (15 years and older),Bavaria,code09,
2017,Percentage,Time series,Adults (15 years and older),Bavaria,code09,20.51
2018,Percentage,Time series,Adults (15 years and older),Bavaria,code09,
2019,Percentage,Time series,Adults (15 years and older),Bavaria,code09,
2030,Percentage,Time series,Adults (15 years and older),Bavaria,code09,
1995,Percentage,Time series,Adults (15 years and older),Berlin,code11,33.04
1996,Percentage,Time series,Adults (15 years and older),Berlin,code11,
1997,Percentage,Time series,Adults (15 years and older),Berlin,code11,
1998,Percentage,Time series,Adults (15 years and older),Berlin,code11,
1999,Percentage,Time series,Adults (15 years and older),Berlin,code11,35.5
2000,Percentage,Time series,Adults (15 years and older),Berlin,code11,
2001,Percentage,Time series,Adults (15 years and older),Berlin,code11,
2002,Percentage,Time series,Adults (15 years and older),Berlin,code11,
2003,Percentage,Time series,Adults (15 years and older),Berlin,code11,34.12
2004,Percentage,Time series,Adults (15 years and older),Berlin,code11,
2005,Percentage,Time series,Adults (15 years and older),Berlin,code11,32.7
2006,Percentage,Time series,Adults (15 years and older),Berlin,code11,
2007,Percentage,Time series,Adults (15 years and older),Berlin,code11,
2008,Percentage,Time series,Adults (15 years and older),Berlin,code11,
2009,Percentage,Time series,Adults (15 years and older),Berlin,code11,31.3
2010,Percentage,Time series,Adults (15 years and older),Berlin,code11,
2011,Percentage,Time series,Adults (15 years and older),Berlin,code11,
2012,Percentage,Time series,Adults (15 years and older),Berlin,code11,
2013,Percentage,Time series,Adults (15 years and older),Berlin,code11,28.85
2014,Percentage,Time series,Adults (15 years and older),Berlin,code11,
2015,Percentage,Time series,Adults (15 years and older),Berlin,code11,
2016,Percentage,Time series,Adults (15 years and older),Berlin,code11,
2017,Percentage,Time series,Adults (15 years and older),Berlin,code11,25.47
2018,Percentage,Time series,Adults (15 years and older),Berlin,code11,
2019,Percentage,Time series,Adults (15 years and older),Berlin,code11,
2030,Percentage,Time series,Adults (15 years and older),Berlin,code11,
1995,Percentage,Time series,Adults (15 years and older),Brandenburg,code12,28.26
1996,Percentage,Time series,Adults (15 years and older),Brandenburg,code12,
1997,Percentage,Time series,Adults (15 years and older),Brandenburg,code12,
1998,Percentage,Time series,Adults (15 years and older),Brandenburg,code12,
1999,Percentage,Time series,Adults (15 years and older),Brandenburg,code12,31.03
2000,Percentage,Time series,Adults (15 years and older),Brandenburg,code12,
2001,Percentage,Time series,Adults (15 years and older),Brandenburg,code12,
2002,Percentage,Time series,Adults (15 years and older),Brandenburg,code12,
2003,Percentage,Time series,Adults (15 years and older),Brandenburg,code12,30.35
2004,Percentage,Time series,Adults (15 years and older),Brandenburg,code12,
2005,Percentage,Time series,Adults (15 years and older),Brandenburg,code12,29.0
2006,Percentage,Time series,Adults (15 years and older),Brandenburg,code12,
2007,Percentage,Time series,Adults (15 years and older),Brandenburg,code12,
2008,Percentage,Time series,Adults (15 years and older),Brandenburg,code12,
2009,Percentage,Time series,Adults (15 years and older),Brandenburg,code12,28.0
2010,Percentage,Time series,Adults (15 years and older),Brandenburg,code12,
2011,Percentage,Time series,Adults (15 years and older),Brandenburg,code12,
2012,Percentage,Time series,Adults (15 years and older),Brandenburg,code12,
2013,Percentage,Time series,Adults (15 years and older),Brandenburg,code12,25.77
2014,Percentage,Time series,Adults (15 years and older),Brandenburg,code12,
2015,Percentage,Time series,Adults (15 years and older),Brandenburg,code12,
2016,Percentage,Time series,Adults (15 years and older),Brandenburg,code12,
2017,Percentage,Time series,Adults (15 years and older),Brandenburg,code12,24.47
2018,Percentage,Time series,Adults (15 years and older),Brandenburg,code12,
2019,Percentage,Time series,Adults (15 years and older),Brandenburg,code12,
2030,Percentage,Time series,Adults (15 years and older),Brandenburg,code12,
1995,Percentage,Time series,Adults (15 years and older),Bremen,code04,31.99
1996,Percentage,Time series,Adults (15 years and older),Bremen,code04,
1997,Percentage,Time series,Adults (15 years and older),Bremen,code04,
1998,Percentage,Time series,Adults (15 years and older),Bremen,code04,
1999,Percentage,Time series,Adults (15 years and older),Bremen,code04,33.73
2000,Percentage,Time series,Adults (15 years and older),Bremen,code04,
2001,Percentage,Time series,Adults (15 years and older),Bremen,code04,
2002,Percentage,Time series,Adults (15 years and older),Bremen,code04,
2003,Percentage,Time series,Adults (15 years and older),Bremen,code04,33.85
2004,Percentage,Time series,Adults (15 years and older),Bremen,code04,
2005,Percentage,Time series,Adults (15 years and older),Bremen,code04,30.8
2006,Percentage,Time series,Adults (15 years and older),Bremen,code04,
2007,Percentage,Time series,Adults (15 years and older),Bremen,code04,
2008,Percentage,Time series,Adults (15 years and older),Bremen,code04,
2009,Percentage,Time series,Adults (15 years and older),Bremen,code04,30.5
2010,Percentage,Time series,Adults (15 years and older),Bremen,code04,
2011,Percentage,Time series,Adults (15 years and older),Bremen,code04,
2012,Percentage,Time series,Adults (15 years and older),Bremen,code04,
2013,Percentage,Time series,Adults (15 years and older),Bremen,code04,27.77
2014,Percentage,Time series,Adults (15 years and older),Bremen,code04,
2015,Percentage,Time series,Adults (15 years and older),Bremen,code04,
2016,Percentage,Time series,Adults (15 years and older),Bremen,code04,
2017,Percentage,Time series,Adults (15 years and older),Bremen,code04,27.39
2018,Percentage,Time series,Adults (15 years and older),Bremen,code04,
2019,Percentage,Time series,Adults (15 years and older),Bremen,code04,
2030,Percentage,Time series,Adults (15 years and older),Bremen,code04,
1995,Percentage,Time series,Adults (15 years and older),Hamburg,code02,33.61
1996,Percentage,Time series,Adults (15 years and older),Hamburg,code02,
1997,Percentage,Time series,Adults (15 years and older),Hamburg,code02,
1998,Percentage,Time series,Adults (15 years and older),Hamburg,code02,
1999,Percentage,Time series,Adults (15 years and older),Hamburg,code02,32.79
2000,Percentage,Time series,Adults (15 years and older),Hamburg,code02,
2001,Percentage,Time series,Adults (15 years and older),Hamburg,code02,
2002,Percentage,Time series,Adults (15 years and older),Hamburg,code02,
2003,Percentage,Time series,Adults (15 years and older),Hamburg,code02,30.95
2004,Percentage,Time series,Adults (15 years and older),Hamburg,code02,
2005,Percentage,Time series,Adults (15 years and older),Hamburg,code02,29.8
2006,Percentage,Time series,Adults (15 years and older),Hamburg,code02,
2007,Percentage,Time series,Adults (15 years and older),Hamburg,code02,
2008,Percentage,Time series,Adults (15 years and older),Hamburg,code02,
2009,Percentage,Time series,Adults (15 years and older),Hamburg,code02,26.7
2010,Percentage,Time series,Adults (15 years and older),Hamburg,code02,
2011,Percentage,Time series,Adults (15 years and older),Hamburg,code02,
2012,Percentage,Time series,Adults (15 years and older),Hamburg,code02,
2013,Percentage,Time series,Adults (15 years and older),Hamburg,code02,25.64
2014,Percentage,Time series,Adults (15 years and older),Hamburg,code02,
2015,Percentage,Time series,Adults (15 years and older),Hamburg,code02,
2016,Percentage,Time series,Adults (15 years and older),Hamburg,code02,
2017,Percentage,Time series,Adults (15 years and older),Hamburg,code02,23.14
2018,Percentage,Time series,Adults (15 years and older),Hamburg,code02,
2019,Percentage,Time series,Adults (15 years and older),Hamburg,code02,
2030,Percentage,Time series,Adults (15 years and older),Hamburg,code02,
1995,Percentage,Time series,Adults (15 years and older),Hesse,code06,25.75
1996,Percentage,Time series,Adults (15 years and older),Hesse,code06,
1997,Percentage,Time series,Adults (15 years and older),Hesse,code06,
1998,Percentage,Time series,Adults (15 years and older),Hesse,code06,
1999,Percentage,Time series,Adults (15 years and older),Hesse,code06,28.01
2000,Percentage,Time series,Adults (15 years and older),Hesse,code06,
2001,Percentage,Time series,Adults (15 years and older),Hesse,code06,
2002,Percentage,Time series,Adults (15 years and older),Hesse,code06,
2003,Percentage,Time series,Adults (15 years and older),Hesse,code06,27.15
2004,Percentage,Time series,Adults (15 years and older),Hesse,code06,
2005,Percentage,Time series,Adults (15 years and older),Hesse,code06,25.9
2006,Percentage,Time series,Adults (15 years and older),Hesse,code06,
2007,Percentage,Time series,Adults (15 years and older),Hesse,code06,
2008,Percentage,Time series,Adults (15 years and older),Hesse,code06,
2009,Percentage,Time series,Adults (15 years and older),Hesse,code06,24.6
2010,Percentage,Time series,Adults (15 years and older),Hesse,code06,
2011,Percentage,Time series,Adults (15 years and older),Hesse,code06,
2012,Percentage,Time series,Adults (15 years and older),Hesse,code06,
2013,Percentage,Time series,Adults (15 years and older),Hesse,code06,23.37
2014,Percentage,Time series,Adults (15 years and older),Hesse,code06,
2015,Percentage,Time series,Adults (15 years and older),Hesse,code06,
2016,Percentage,Time series,Adults (15 years and older),Hesse,code06,
2017,Percentage,Time series,Adults (15 years and older),Hesse,code06,21.11
2018,Percentage,Time series,Adults (15 years and older),Hesse,code06,
2019,Percentage,Time series,Adults (15 years and older),Hesse,code06,
2030,Percentage,Time series,Adults (15 years and older),Hesse,code06,
1995,Percentage,Time series,Adults (15 years and older),Mecklenburg Western Pomerania,code13,28.61
1996,Percentage,Time series,Adults (15 years and older),Mecklenburg Western Pomerania,code13,
1997,Percentage,Time series,Adults (15 years and older),Mecklenburg Western Pomerania,code13,
1998,Percentage,Time series,Adults (15 years and older),Mecklenburg Western Pomerania,code13,
1999,Percentage,Time series,Adults (15 years and older),Mecklenburg Western Pomerania,code13,32.11
2000,Percentage,Time series,Adults (15 years and older),Mecklenburg Western Pomerania,code13,
2001,Percentage,Time series,Adults (15 years and older),Mecklenburg Western Pomerania,code13,
2002,Percentage,Time series,Adults (15 years and older),Mecklenburg Western Pomerania,code13,
2003,Percentage,Time series,Adults (15 years and older),Mecklenburg Western Pomerania,code13,30.61
2004,Percentage,Time series,Adults (15 years and older),Mecklenburg Western Pomerania,code13,
2005,Percentage,Time series,Adults (15 years and older),Mecklenburg Western Pomerania,code13,33.3
2006,Percentage,Time series,Adults (15 years and older),Mecklenburg Western Pomerania,code13,
2007,Percentage,Time series,Adults (15 years and older),Mecklenburg Western Pomerania,code13,
2008,Percentage,Time series,Adults (15 years and older),Mecklenburg Western Pomerania,code13,
2009,Percentage,Time series,Adults (15 years and older),Mecklenburg Western Pomerania,code13,30.4
2010,Percentage,Time series,Adults (15 years and older),Mecklenburg Western Pomerania,code13,
2011,Percentage,Time series,Adults (15 years and older),Mecklenburg Western Pomerania,code13,
2012,Percentage,Time series,Adults (15 years and older),Mecklenburg Western Pomerania,code13,
2013,Percentage,Time series,Adults (15 years and older),Mecklenburg Western Pomerania,code13,28.22
2014,Percentage,Time series,Adults (15 years and older),Mecklenburg Western Pomerania,code13,
2015,Percentage,Time series,Adults (15 years and older),Mecklenburg Western Pomerania,code13,
2016,Percentage,Time series,Adults (15 years and older),Mecklenburg Western Pomerania,code13,
2017,Percentage,Time series,Adults (15 years and older),Mecklenburg Western Pomerania,code13,27.66
2018,Percentage,Time series,Adults (15 years and older),Mecklenburg Western Pomerania,code13,
2019,Percentage,Time series,Adults (15 years and older),Mecklenburg Western Pomerania,code13,
2030,Percentage,Time series,Adults (15 years and older),Mecklenburg Western Pomerania,code13,
1995,Percentage,Time series,Adults (15 years and older),Lower Saxony,code03,27.1
1996,Percentage,Time series,Adults (15 years and older),Lower Saxony,code03,
1997,Percentage,Time series,Adults (15 years and older),Lower Saxony,code03,
1998,Percentage,Time series,Adults (15 years and older),Lower Saxony,code03,
1999,Percentage,Time series,Adults (15 years and older),Lower Saxony,code03,28.8
2000,Percentage,Time series,Adults (15 years and older),Lower Saxony,code03,
2001,Percentage,Time series,Adults (15 years and older),Lower Saxony,code03,
2002,Percentage,Time series,Adults (15 years and older),Lower Saxony,code03,
2003,Percentage,Time series,Adults (15 years and older),Lower Saxony,code03,28.44
2004,Percentage,Time series,Adults (15 years and older),Lower Saxony,code03,
2005,Percentage,Time series,Adults (15 years and older),Lower Saxony,code03,28.1
2006,Percentage,Time series,Adults (15 years and older),Lower Saxony,code03,
2007,Percentage,Time series,Adults (15 years and older),Lower Saxony,code03,
2008,Percentage,Time series,Adults (15 years and older),Lower Saxony,code03,
2009,Percentage,Time series,Adults (15 years and older),Lower Saxony,code03,26.1
2010,Percentage,Time series,Adults (15 years and older),Lower Saxony,code03,
2011,Percentage,Time series,Adults (15 years and older),Lower Saxony,code03,
2012,Percentage,Time series,Adults (15 years and older),Lower Saxony,code03,
2013,Percentage,Time series,Adults (15 years and older),Lower Saxony,code03,24.69
2014,Percentage,Time series,Adults (15 years and older),Lower Saxony,code03,
2015,Percentage,Time series,Adults (15 years and older),Lower Saxony,code03,
2016,Percentage,Time series,Adults (15 years and older),Lower Saxony,code03,
2017,Percentage,Time series,Adults (15 years and older),Lower Saxony,code03,22.94
2018,Percentage,Time series,Adults (15 years and older),Lower Saxony,code03,
2019,Percentage,Time series,Adults (15 years and older),Lower Saxony,code03,
2030,Percentage,Time series,Adults (15 years and older),Lower Saxony,code03,
1995,Percentage,Time series,Adults (15 years and older),North Rhine-Westphalia,code05,28.34
1996,Percentage,Time series,Adults (15 years and older),North Rhine-Westphalia,code05,
1997,Percentage,Time series,Adults (15 years and older),North Rhine-Westphalia,code05,
1998,Percentage,Time series,Adults (15 years and older),North Rhine-Westphalia,code05,
1999,Percentage,Time series,Adults (15 years and older),North Rhine-Westphalia,code05,28.47
2000,Percentage,Time series,Adults (15 years and older),North Rhine-Westphalia,code05,
2001,Percentage,Time series,Adults (15 years and older),North Rhine-Westphalia,code05,
2002,Percentage,Time series,Adults (15 years and older),North Rhine-Westphalia,code05,
2003,Percentage,Time series,Adults (15 years and older),North Rhine-Westphalia,code05,27.63
2004,Percentage,Time series,Adults (15 years and older),North Rhine-Westphalia,code05,
2005,Percentage,Time series,Adults (15 years and older),North Rhine-Westphalia,code05,29.0
2006,Percentage,Time series,Adults (15 years and older),North Rhine-Westphalia,code05,
2007,Percentage,Time series,Adults (15 years and older),North Rhine-Westphalia,code05,
2008,Percentage,Time series,Adults (15 years and older),North Rhine-Westphalia,code05,
2009,Percentage,Time series,Adults (15 years and older),North Rhine-Westphalia,code05,26.9
2010,Percentage,Time series,Adults (15 years and older),North Rhine-Westphalia,code05,
2011,Percentage,Time series,Adults (15 years and older),North Rhine-Westphalia,code05,
2012,Percentage,Time series,Adults (15 years and older),North Rhine-Westphalia,code05,
2013,Percentage,Time series,Adults (15 years and older),North Rhine-Westphalia,code05,25.92
2014,Percentage,Time series,Adults (15 years and older),North Rhine-Westphalia,code05,
2015,Percentage,Time series,Adults (15 years and older),North Rhine-Westphalia,code05,
2016,Percentage,Time series,Adults (15 years and older),North Rhine-Westphalia,code05,
2017,Percentage,Time series,Adults (15 years and older),North Rhine-Westphalia,code05,22.64
2018,Percentage,Time series,Adults (15 years and older),North Rhine-Westphalia,code05,
2019,Percentage,Time series,Adults (15 years and older),North Rhine-Westphalia,code05,
2030,Percentage,Time series,Adults (15 years and older),North Rhine-Westphalia,code05,
1995,Percentage,Time series,Adults (15 years and older),Rhineland Palatinate,code07,25.41
1996,Percentage,Time series,Adults (15 years and older),Rhineland Palatinate,code07,
1997,Percentage,Time series,Adults (15 years and older),Rhineland Palatinate,code07,
1998,Percentage,Time series,Adults (15 years and older),Rhineland Palatinate,code07,
1999,Percentage,Time series,Adults (15 years and older),Rhineland Palatinate,code07,29.02
2000,Percentage,Time series,Adults (15 years and older),Rhineland Palatinate,code07,
2001,Percentage,Time series,Adults (15 years and older),Rhineland Palatinate,code07,
2002,Percentage,Time series,Adults (15 years and older),Rhineland Palatinate,code07,
2003,Percentage,Time series,Adults (15 years and older),Rhineland Palatinate,code07,27.59
2004,Percentage,Time series,Adults (15 years and older),Rhineland Palatinate,code07,
2005,Percentage,Time series,Adults (15 years and older),Rhineland Palatinate,code07,26.0
2006,Percentage,Time series,Adults (15 years and older),Rhineland Palatinate,code07,
2007,Percentage,Time series,Adults (15 years and older),Rhineland Palatinate,code07,
2008,Percentage,Time series,Adults (15 years and older),Rhineland Palatinate,code07,
2009,Percentage,Time series,Adults (15 years and older),Rhineland Palatinate,code07,25.1
2010,Percentage,Time series,Adults (15 years and older),Rhineland Palatinate,code07,
2011,Percentage,Time series,Adults (15 years and older),Rhineland Palatinate,code07,
2012,Percentage,Time series,Adults (15 years and older),Rhineland Palatinate,code07,
2013,Percentage,Time series,Adults (15 years and older),Rhineland Palatinate,code07,23.86
2014,Percentage,Time series,Adults (15 years and older),Rhineland Palatinate,code07,
2015,Percentage,Time series,Adults (15 years and older),Rhineland Palatinate,code07,
2016,Percentage,Time series,Adults (15 years and older),Rhineland Palatinate,code07,
2017,Percentage,Time series,Adults (15 years and older),Rhineland Palatinate,code07,21.66
2018,Percentage,Time series,Adults (15 years and older),Rhineland Palatinate,code07,
2019,Percentage,Time series,Adults (15 years and older),Rhineland Palatinate,code07,
2030,Percentage,Time series,Adults (15 years and older),Rhineland Palatinate,code07,
1995,Percentage,Time series,Adults (15 years and older),Saarland,code10,27.55
1996,Percentage,Time series,Adults (15 years and older),Saarland,code10,
1997,Percentage,Time series,Adults (15 years and older),Saarland,code10,
1998,Percentage,Time series,Adults (15 years and older),Saarland,code10,
1999,Percentage,Time series,Adults (15 years and older),Saarland,code10,28.45
2000,Percentage,Time series,Adults (15 years and older),Saarland,code10,
2001,Percentage,Time series,Adults (15 years and older),Saarland,code10,
2002,Percentage,Time series,Adults (15 years and older),Saarland,code10,
2003,Percentage,Time series,Adults (15 years and older),Saarland,code10,25.19
2004,Percentage,Time series,Adults (15 years and older),Saarland,code10,
2005,Percentage,Time series,Adults (15 years and older),Saarland,code10,26.2
2006,Percentage,Time series,Adults (15 years and older),Saarland,code10,
2007,Percentage,Time series,Adults (15 years and older),Saarland,code10,
2008,Percentage,Time series,Adults (15 years and older),Saarland,code10,
2009,Percentage,Time series,Adults (15 years and older),Saarland,code10,25.3
2010,Percentage,Time series,Adults (15 years and older),Saarland,code10,
2011,Percentage,Time series,Adults (15 years and older),Saarland,code10,
2012,Percentage,Time series,Adults (15 years and older),Saarland,code10,
2013,Percentage,Time series,Adults (15 years and older),Saarland,code10,23.51
2014,Percentage,Time series,Adults (15 years and older),Saarland,code10,
2015,Percentage,Time series,Adults (15 years and older),Saarland,code10,
2016,Percentage,Time series,Adults (15 years and older),Saarland,code10,
2017,Percentage,Time series,Adults (15 years and older),Saarland,code10,20.59
2018,Percentage,Time series,Adults (15 years and older),Saarland,code10,
2019,Percentage,Time series,Adults (15 years and older),Saarland,code10,
2030,Percentage,Time series,Adults (15 years and older),Saarland,code10,
1995,Percentage,Time series,Adults (15 years and older),Saxony,code14,21.7
1996,Percentage,Time series,Adults (15 years and older),Saxony,code14,
1997,Percentage,Time series,Adults (15 years and older),Saxony,code14,
1998,Percentage,Time series,Adults (15 years and older),Saxony,code14,
1999,Percentage,Time series,Adults (15 years and older),Saxony,code14,24.45
2000,Percentage,Time series,Adults (15 years and older),Saxony,code14,
2001,Percentage,Time series,Adults (15 years and older),Saxony,code14,
2002,Percentage,Time series,Adults (15 years and older),Saxony,code14,
2003,Percentage,Time series,Adults (15 years and older),Saxony,code14,24.92
2004,Percentage,Time series,Adults (15 years and older),Saxony,code14,
2005,Percentage,Time series,Adults (15 years and older),Saxony,code14,24.4
2006,Percentage,Time series,Adults (15 years and older),Saxony,code14,
2007,Percentage,Time series,Adults (15 years and older),Saxony,code14,
2008,Percentage,Time series,Adults (15 years and older),Saxony,code14,
2009,Percentage,Time series,Adults (15 years and older),Saxony,code14,23.8
2010,Percentage,Time series,Adults (15 years and older),Saxony,code14,
2011,Percentage,Time series,Adults (15 years and older),Saxony,code14,
2012,Percentage,Time series,Adults (15 years and older),Saxony,code14,
2013,Percentage,Time series,Adults (15 years and older),Saxony,code14,22.74
2014,Percentage,Time series,Adults (15 years and older),Saxony,code14,
2015,Percentage,Time series,Adults (15 years and older),Saxony,code14,
2016,Percentage,Time series,Adults (15 years and older),Saxony,code14,
2017,Percentage,Time series,Adults (15 years and older),Saxony,code14,21.47
2018,Percentage,Time series,Adults (15 years and older),Saxony,code14,
2019,Percentage,Time series,Adults (15 years and older),Saxony,code14,
2030,Percentage,Time series,Adults (15 years and older),Saxony,code14,
1995,Percentage,Time series,Adults (15 years and older),Saxony-Anhalt,code15,27.62
1996,Percentage,Time series,Adults (15 years and older),Saxony-Anhalt,code15,
1997,Percentage,Time series,Adults (15 years and older),Saxony-Anhalt,code15,
1998,Percentage,Time series,Adults (15 years and older),Saxony-Anhalt,code15,
1999,Percentage,Time series,Adults (15 years and older),Saxony-Anhalt,code15,29.23
2000,Percentage,Time series,Adults (15 years and older),Saxony-Anhalt,code15,
2001,Percentage,Time series,Adults (15 years and older),Saxony-Anhalt,code15,
2002,Percentage,Time series,Adults (15 years and older),Saxony-Anhalt,code15,
2003,Percentage,Time series,Adults (15 years and older),Saxony-Anhalt,code15,27.23
2004,Percentage,Time series,Adults (15 years and older),Saxony-Anhalt,code15,
2005,Percentage,Time series,Adults (15 years and older),Saxony-Anhalt,code15,27.9
2006,Percentage,Time series,Adults (15 years and older),Saxony-Anhalt,code15,
2007,Percentage,Time series,Adults (15 years and older),Saxony-Anhalt,code15,
2008,Percentage,Time series,Adults (15 years and older),Saxony-Anhalt,code15,
2009,Percentage,Time series,Adults (15 years and older),Saxony-Anhalt,code15,28.9
2010,Percentage,Time series,Adults (15 years and older),Saxony-Anhalt,code15,
2011,Percentage,Time series,Adults (15 years and older),Saxony-Anhalt,code15,
2012,Percentage,Time series,Adults (15 years and older),Saxony-Anhalt,code15,
2013,Percentage,Time series,Adults (15 years and older),Saxony-Anhalt,code15,27.85
2014,Percentage,Time series,Adults (15 years and older),Saxony-Anhalt,code15,
2015,Percentage,Time series,Adults (15 years and older),Saxony-Anhalt,code15,
2016,Percentage,Time series,Adults (15 years and older),Saxony-Anhalt,code15,
2017,Percentage,Time series,Adults (15 years and older),Saxony-Anhalt,code15,24.77
2018,Percentage,Time series,Adults (15 years and older),Saxony-Anhalt,code15,
2019,Percentage,Time series,Adults (15 years and older),Saxony-Anhalt,code15,
2030,Percentage,Time series,Adults (15 years and older),Saxony-Anhalt,code15,
1995,Percentage,Time series,Adults (15 years and older),Schleswig-Holstein,code01,31.09
1996,Percentage,Time series,Adults (15 years and older),Schleswig-Holstein,code01,
1997,Percentage,Time series,Adults (15 years and older),Schleswig-Holstein,code01,
1998,Percentage,Time series,Adults (15 years and older),Schleswig-Holstein,code01,
1999,Percentage,Time series,Adults (15 years and older),Schleswig-Holstein,code01,31.74
2000,Percentage,Time series,Adults (15 years and older),Schleswig-Holstein,code01,
2001,Percentage,Time series,Adults (15 years and older),Schleswig-Holstein,code01,
2002,Percentage,Time series,Adults (15 years and older),Schleswig-Holstein,code01,
2003,Percentage,Time series,Adults (15 years and older),Schleswig-Holstein,code01,30.31
2004,Percentage,Time series,Adults (15 years and older),Schleswig-Holstein,code01,
2005,Percentage,Time series,Adults (15 years and older),Schleswig-Holstein,code01,29.5
2006,Percentage,Time series,Adults (15 years and older),Schleswig-Holstein,code01,
2007,Percentage,Time series,Adults (15 years and older),Schleswig-Holstein,code01,
2008,Percentage,Time series,Adults (15 years and older),Schleswig-Holstein,code01,
2009,Percentage,Time series,Adults (15 years and older),Schleswig-Holstein,code01,27.0
2010,Percentage,Time series,Adults (15 years and older),Schleswig-Holstein,code01,
2011,Percentage,Time series,Adults (15 years and older),Schleswig-Holstein,code01,
2012,Percentage,Time series,Adults (15 years and older),Schleswig-Holstein,code01,
2013,Percentage,Time series,Adults (15 years and older),Schleswig-Holstein,code01,25.9
2014,Percentage,Time series,Adults (15 years and older),Schleswig-Holstein,code01,
2015,Percentage,Time series,Adults (15 years and older),Schleswig-Holstein,code01,
2016,Percentage,Time series,Adults (15 years and older),Schleswig-Holstein,code01,
2017,Percentage,Time series,Adults (15 years and older),Schleswig-Holstein,code01,23.5
2018,Percentage,Time series,Adults (15 years and older),Schleswig-Holstein,code01,
2019,Percentage,Time series,Adults (15 years and older),Schleswig-Holstein,code01,
2030,Percentage,Time series,Adults (15 years and older),Schleswig-Holstein,code01,
1995,Percentage,Time series,Adults (15 years and older),Thuringia,code16,25.22
1996,Percentage,Time series,Adults (15 years and older),Thuringia,code16,
1997,Percentage,Time series,Adults (15 years and older),Thuringia,code16,
1998,Percentage,Time series,Adults (15 years and older),Thuringia,code16,
1999,Percentage,Time series,Adults (15 years and older),Thuringia,code16,26.8
2000,Percentage,Time series,Adults (15 years and older),Thuringia,code16,
2001,Percentage,Time series,Adults (15 years and older),Thuringia,code16,
2002,Percentage,Time series,Adults (15 years and older),Thuringia,code16,
2003,Percentage,Time series,Adults (15 years and older),Thuringia,code16,26.9
2004,Percentage,Time series,Adults (15 years and older),Thuringia,code16,
2005,Percentage,Time series,Adults (15 years and older),Thuringia,code16,27.2
2006,Percentage,Time series,Adults (15 years and older),Thuringia,code16,
2007,Percentage,Time series,Adults (15 years and older),Thuringia,code16,
2008,Percentage,Time series,Adults (15 years and older),Thuringia,code16,
2009,Percentage,Time series,Adults (15 years and older),Thuringia,code16,26.7
2010,Percentage,Time series,Adults (15 years and older),Thuringia,code16,
2011,Percentage,Time series,Adults (15 years and older),Thuringia,code16,
2012,Percentage,Time series,Adults (15 years and older),Thuringia,code16,
2013,Percentage,Time series,Adults (15 years and older),Thuringia,code16,26.11
2014,Percentage,Time series,Adults (15 years and older),Thuringia,code16,
2015,Percentage,Time series,Adults (15 years and older),Thuringia,code16,
2016,Percentage,Time series,Adults (15 years and older),Thuringia,code16,
2017,Percentage,Time series,Adults (15 years and older),Thuringia,code16,26.24
2018,Percentage,Time series,Adults (15 years and older),Thuringia,code16,
2019,Percentage,Time series,Adults (15 years and older),Thuringia,code16,
2030,Percentage,Time series,Adults (15 years and older),Thuringia,code16,
