Year,Units,Series,Federal state,GeoCode,Value
2006,Percentage,All-day care provision for 0 to 2-year-old children,,,5.87
2007,Percentage,All-day care provision for 0 to 2-year-old children,,,6.521
2008,Percentage,All-day care provision for 0 to 2-year-old children,,,7.313
2009,Percentage,All-day care provision for 0 to 2-year-old children,,,8.669
2010,Percentage,All-day care provision for 0 to 2-year-old children,,,10.167
2011,Percentage,All-day care provision for 0 to 2-year-old children,,,11.344
2012,Percentage,All-day care provision for 0 to 2-year-old children,,,12.745
2013,Percentage,All-day care provision for 0 to 2-year-old children,,,13.718
2014,Percentage,All-day care provision for 0 to 2-year-old children,,,15.306
2015,Percentage,All-day care provision for 0 to 2-year-old children,,,15.919
2016,Percentage,All-day care provision for 0 to 2-year-old children,,,16.158
2017,Percentage,All-day care provision for 0 to 2-year-old children,,,16.231
2018,Percentage,All-day care provision for 0 to 2-year-old children,,,16.528
2019,Percentage,All-day care provision for 0 to 2-year-old children,,,16.914
2020,Percentage,All-day care provision for 0 to 2-year-old children,,,17.096
2021,Percentage,All-day care provision for 0 to 2-year-old children,,,16.461
2022,Percentage,All-day care provision for 0 to 2-year-old children,,,16.803
2030,Percentage,All-day care provision for 0 to 2-year-old children,,,
2006,Percentage,All-day care provision for 0 to 2-year-old children,Baden-Wuerttemberg,code08,1.71
2007,Percentage,All-day care provision for 0 to 2-year-old children,Baden-Wuerttemberg,code08,2.18
2008,Percentage,All-day care provision for 0 to 2-year-old children,Baden-Wuerttemberg,code08,2.691
2009,Percentage,All-day care provision for 0 to 2-year-old children,Baden-Wuerttemberg,code08,3.375
2010,Percentage,All-day care provision for 0 to 2-year-old children,Baden-Wuerttemberg,code08,4.473
2011,Percentage,All-day care provision for 0 to 2-year-old children,Baden-Wuerttemberg,code08,5.404
2012,Percentage,All-day care provision for 0 to 2-year-old children,Baden-Wuerttemberg,code08,6.558
2013,Percentage,All-day care provision for 0 to 2-year-old children,Baden-Wuerttemberg,code08,7.285
2014,Percentage,All-day care provision for 0 to 2-year-old children,Baden-Wuerttemberg,code08,8.685
2015,Percentage,All-day care provision for 0 to 2-year-old children,Baden-Wuerttemberg,code08,9.338
2016,Percentage,All-day care provision for 0 to 2-year-old children,Baden-Wuerttemberg,code08,9.605
2017,Percentage,All-day care provision for 0 to 2-year-old children,Baden-Wuerttemberg,code08,9.597
2018,Percentage,All-day care provision for 0 to 2-year-old children,Baden-Wuerttemberg,code08,9.747
2019,Percentage,All-day care provision for 0 to 2-year-old children,Baden-Wuerttemberg,code08,9.855
2020,Percentage,All-day care provision for 0 to 2-year-old children,Baden-Wuerttemberg,code08,9.924
2021,Percentage,All-day care provision for 0 to 2-year-old children,Baden-Wuerttemberg,code08,9.479
2022,Percentage,All-day care provision for 0 to 2-year-old children,Baden-Wuerttemberg,code08,9.528
2030,Percentage,All-day care provision for 0 to 2-year-old children,,,
2006,Percentage,All-day care provision for 0 to 2-year-old children,Bavaria,code09,1.905
2007,Percentage,All-day care provision for 0 to 2-year-old children,Bavaria,code09,2.389
2008,Percentage,All-day care provision for 0 to 2-year-old children,Bavaria,code09,2.902
2009,Percentage,All-day care provision for 0 to 2-year-old children,Bavaria,code09,3.5
2010,Percentage,All-day care provision for 0 to 2-year-old children,Bavaria,code09,4.46
2011,Percentage,All-day care provision for 0 to 2-year-old children,Bavaria,code09,5.397
2012,Percentage,All-day care provision for 0 to 2-year-old children,Bavaria,code09,7.063
2013,Percentage,All-day care provision for 0 to 2-year-old children,Bavaria,code09,7.907
2014,Percentage,All-day care provision for 0 to 2-year-old children,Bavaria,code09,8.942
2015,Percentage,All-day care provision for 0 to 2-year-old children,Bavaria,code09,9.418
2016,Percentage,All-day care provision for 0 to 2-year-old children,Bavaria,code09,9.57
2017,Percentage,All-day care provision for 0 to 2-year-old children,Bavaria,code09,9.605
2018,Percentage,All-day care provision for 0 to 2-year-old children,Bavaria,code09,9.826
2019,Percentage,All-day care provision for 0 to 2-year-old children,Bavaria,code09,10.056
2020,Percentage,All-day care provision for 0 to 2-year-old children,Bavaria,code09,10.204
2021,Percentage,All-day care provision for 0 to 2-year-old children,Bavaria,code09,9.467
2022,Percentage,All-day care provision for 0 to 2-year-old children,Bavaria,code09,9.591
2030,Percentage,All-day care provision for 0 to 2-year-old children,,,
2006,Percentage,All-day care provision for 0 to 2-year-old children,Berlin,code11,19.406
2007,Percentage,All-day care provision for 0 to 2-year-old children,Berlin,code11,20.272
2008,Percentage,All-day care provision for 0 to 2-year-old children,Berlin,code11,21.029
2009,Percentage,All-day care provision for 0 to 2-year-old children,Berlin,code11,22.725
2010,Percentage,All-day care provision for 0 to 2-year-old children,Berlin,code11,23.994
2011,Percentage,All-day care provision for 0 to 2-year-old children,Berlin,code11,24.845
2012,Percentage,All-day care provision for 0 to 2-year-old children,Berlin,code11,26.106
2013,Percentage,All-day care provision for 0 to 2-year-old children,Berlin,code11,27.091
2014,Percentage,All-day care provision for 0 to 2-year-old children,Berlin,code11,28.114
2015,Percentage,All-day care provision for 0 to 2-year-old children,Berlin,code11,27.481
2016,Percentage,All-day care provision for 0 to 2-year-old children,Berlin,code11,27.753
2017,Percentage,All-day care provision for 0 to 2-year-old children,Berlin,code11,27.505
2018,Percentage,All-day care provision for 0 to 2-year-old children,Berlin,code11,28.477
2019,Percentage,All-day care provision for 0 to 2-year-old children,Berlin,code11,27.816
2020,Percentage,All-day care provision for 0 to 2-year-old children,Berlin,code11,27.695
2021,Percentage,All-day care provision for 0 to 2-year-old children,Berlin,code11,26.37
2022,Percentage,All-day care provision for 0 to 2-year-old children,Berlin,code11,26.272
2030,Percentage,All-day care provision for 0 to 2-year-old children,,,
2006,Percentage,All-day care provision for 0 to 2-year-old children,Brandenburg,code12,22.122
2007,Percentage,All-day care provision for 0 to 2-year-old children,Brandenburg,code12,23.804
2008,Percentage,All-day care provision for 0 to 2-year-old children,Brandenburg,code12,23.845
2009,Percentage,All-day care provision for 0 to 2-year-old children,Brandenburg,code12,26.648
2010,Percentage,All-day care provision for 0 to 2-year-old children,Brandenburg,code12,29.379
2011,Percentage,All-day care provision for 0 to 2-year-old children,Brandenburg,code12,30.734
2012,Percentage,All-day care provision for 0 to 2-year-old children,Brandenburg,code12,32.199
2013,Percentage,All-day care provision for 0 to 2-year-old children,Brandenburg,code12,33.038
2014,Percentage,All-day care provision for 0 to 2-year-old children,Brandenburg,code12,33.506
2015,Percentage,All-day care provision for 0 to 2-year-old children,Brandenburg,code12,33.209
2016,Percentage,All-day care provision for 0 to 2-year-old children,Brandenburg,code12,33.983
2017,Percentage,All-day care provision for 0 to 2-year-old children,Brandenburg,code12,33.462
2018,Percentage,All-day care provision for 0 to 2-year-old children,Brandenburg,code12,34.534
2019,Percentage,All-day care provision for 0 to 2-year-old children,Brandenburg,code12,35.565
2020,Percentage,All-day care provision for 0 to 2-year-old children,Brandenburg,code12,36.381
2021,Percentage,All-day care provision for 0 to 2-year-old children,Brandenburg,code12,34.531
2022,Percentage,All-day care provision for 0 to 2-year-old children,Brandenburg,code12,34.892
2030,Percentage,All-day care provision for 0 to 2-year-old children,,,
2006,Percentage,All-day care provision for 0 to 2-year-old children,Bremen,code04,2.704
2007,Percentage,All-day care provision for 0 to 2-year-old children,Bremen,code04,3.631
2008,Percentage,All-day care provision for 0 to 2-year-old children,Bremen,code04,4.605
2009,Percentage,All-day care provision for 0 to 2-year-old children,Bremen,code04,5.08
2010,Percentage,All-day care provision for 0 to 2-year-old children,Bremen,code04,6.238
2011,Percentage,All-day care provision for 0 to 2-year-old children,Bremen,code04,8.517
2012,Percentage,All-day care provision for 0 to 2-year-old children,Bremen,code04,9.842
2013,Percentage,All-day care provision for 0 to 2-year-old children,Bremen,code04,10.88
2014,Percentage,All-day care provision for 0 to 2-year-old children,Bremen,code04,13.496
2015,Percentage,All-day care provision for 0 to 2-year-old children,Bremen,code04,14.348
2016,Percentage,All-day care provision for 0 to 2-year-old children,Bremen,code04,14.371
2017,Percentage,All-day care provision for 0 to 2-year-old children,Bremen,code04,13.992
2018,Percentage,All-day care provision for 0 to 2-year-old children,Bremen,code04,14.22
2019,Percentage,All-day care provision for 0 to 2-year-old children,Bremen,code04,13.94
2020,Percentage,All-day care provision for 0 to 2-year-old children,Bremen,code04,14.467
2021,Percentage,All-day care provision for 0 to 2-year-old children,Bremen,code04,14.324
2022,Percentage,All-day care provision for 0 to 2-year-old children,Bremen,code04,14.27
2030,Percentage,All-day care provision for 0 to 2-year-old children,,,
2006,Percentage,All-day care provision for 0 to 2-year-old children,Hamburg,code02,8.872
2007,Percentage,All-day care provision for 0 to 2-year-old children,Hamburg,code02,9.861
2008,Percentage,All-day care provision for 0 to 2-year-old children,Hamburg,code02,10.449
2009,Percentage,All-day care provision for 0 to 2-year-old children,Hamburg,code02,12.318
2010,Percentage,All-day care provision for 0 to 2-year-old children,Hamburg,code02,14.594
2011,Percentage,All-day care provision for 0 to 2-year-old children,Hamburg,code02,16.836
2012,Percentage,All-day care provision for 0 to 2-year-old children,Hamburg,code02,19.008
2013,Percentage,All-day care provision for 0 to 2-year-old children,Hamburg,code02,19.907
2014,Percentage,All-day care provision for 0 to 2-year-old children,Hamburg,code02,20.444
2015,Percentage,All-day care provision for 0 to 2-year-old children,Hamburg,code02,21.455
2016,Percentage,All-day care provision for 0 to 2-year-old children,Hamburg,code02,21.733
2017,Percentage,All-day care provision for 0 to 2-year-old children,Hamburg,code02,24.046
2018,Percentage,All-day care provision for 0 to 2-year-old children,Hamburg,code02,23.434
2019,Percentage,All-day care provision for 0 to 2-year-old children,Hamburg,code02,26.234
2020,Percentage,All-day care provision for 0 to 2-year-old children,Hamburg,code02,26.414
2021,Percentage,All-day care provision for 0 to 2-year-old children,Hamburg,code02,24.99
2022,Percentage,All-day care provision for 0 to 2-year-old children,Hamburg,code02,25.835
2030,Percentage,All-day care provision for 0 to 2-year-old children,,,
2006,Percentage,All-day care provision for 0 to 2-year-old children,Hesse,code06,2.878
2007,Percentage,All-day care provision for 0 to 2-year-old children,Hesse,code06,3.909
2008,Percentage,All-day care provision for 0 to 2-year-old children,Hesse,code06,5.1
2009,Percentage,All-day care provision for 0 to 2-year-old children,Hesse,code06,6.297
2010,Percentage,All-day care provision for 0 to 2-year-old children,Hesse,code06,8.539
2011,Percentage,All-day care provision for 0 to 2-year-old children,Hesse,code06,10.005
2012,Percentage,All-day care provision for 0 to 2-year-old children,Hesse,code06,11.43
2013,Percentage,All-day care provision for 0 to 2-year-old children,Hesse,code06,12.775
2014,Percentage,All-day care provision for 0 to 2-year-old children,Hesse,code06,14.788
2015,Percentage,All-day care provision for 0 to 2-year-old children,Hesse,code06,16.068
2016,Percentage,All-day care provision for 0 to 2-year-old children,Hesse,code06,16.529
2017,Percentage,All-day care provision for 0 to 2-year-old children,Hesse,code06,16.632
2018,Percentage,All-day care provision for 0 to 2-year-old children,Hesse,code06,16.906
2019,Percentage,All-day care provision for 0 to 2-year-old children,Hesse,code06,17.521
2020,Percentage,All-day care provision for 0 to 2-year-old children,Hesse,code06,17.944
2021,Percentage,All-day care provision for 0 to 2-year-old children,Hesse,code06,17.176
2022,Percentage,All-day care provision for 0 to 2-year-old children,Hesse,code06,17.855
2030,Percentage,All-day care provision for 0 to 2-year-old children,,,
2006,Percentage,All-day care provision for 0 to 2-year-old children,Mecklenburg Western Pomerania,code13,18.132
2007,Percentage,All-day care provision for 0 to 2-year-old children,Mecklenburg Western Pomerania,code13,18.712
2008,Percentage,All-day care provision for 0 to 2-year-old children,Mecklenburg Western Pomerania,code13,19.746
2009,Percentage,All-day care provision for 0 to 2-year-old children,Mecklenburg Western Pomerania,code13,22.056
2010,Percentage,All-day care provision for 0 to 2-year-old children,Mecklenburg Western Pomerania,code13,23.97
2011,Percentage,All-day care provision for 0 to 2-year-old children,Mecklenburg Western Pomerania,code13,25.107
2012,Percentage,All-day care provision for 0 to 2-year-old children,Mecklenburg Western Pomerania,code13,27.884
2013,Percentage,All-day care provision for 0 to 2-year-old children,Mecklenburg Western Pomerania,code13,29.861
2014,Percentage,All-day care provision for 0 to 2-year-old children,Mecklenburg Western Pomerania,code13,31.527
2015,Percentage,All-day care provision for 0 to 2-year-old children,Mecklenburg Western Pomerania,code13,32.739
2016,Percentage,All-day care provision for 0 to 2-year-old children,Mecklenburg Western Pomerania,code13,33.267
2017,Percentage,All-day care provision for 0 to 2-year-old children,Mecklenburg Western Pomerania,code13,34.299
2018,Percentage,All-day care provision for 0 to 2-year-old children,Mecklenburg Western Pomerania,code13,35.628
2019,Percentage,All-day care provision for 0 to 2-year-old children,Mecklenburg Western Pomerania,code13,37.42
2020,Percentage,All-day care provision for 0 to 2-year-old children,Mecklenburg Western Pomerania,code13,39.352
2021,Percentage,All-day care provision for 0 to 2-year-old children,Mecklenburg Western Pomerania,code13,39.716
2022,Percentage,All-day care provision for 0 to 2-year-old children,Mecklenburg Western Pomerania,code13,41.48
2030,Percentage,All-day care provision for 0 to 2-year-old children,,,
2006,Percentage,All-day care provision for 0 to 2-year-old children,Lower Saxony,code03,1.274
2007,Percentage,All-day care provision for 0 to 2-year-old children,Lower Saxony,code03,1.619
2008,Percentage,All-day care provision for 0 to 2-year-old children,Lower Saxony,code03,2.104
2009,Percentage,All-day care provision for 0 to 2-year-old children,Lower Saxony,code03,2.924
2010,Percentage,All-day care provision for 0 to 2-year-old children,Lower Saxony,code03,3.772
2011,Percentage,All-day care provision for 0 to 2-year-old children,Lower Saxony,code03,4.827
2012,Percentage,All-day care provision for 0 to 2-year-old children,Lower Saxony,code03,5.923
2013,Percentage,All-day care provision for 0 to 2-year-old children,Lower Saxony,code03,7.113
2014,Percentage,All-day care provision for 0 to 2-year-old children,Lower Saxony,code03,8.687
2015,Percentage,All-day care provision for 0 to 2-year-old children,Lower Saxony,code03,9.28
2016,Percentage,All-day care provision for 0 to 2-year-old children,Lower Saxony,code03,9.999
2017,Percentage,All-day care provision for 0 to 2-year-old children,Lower Saxony,code03,10.395
2018,Percentage,All-day care provision for 0 to 2-year-old children,Lower Saxony,code03,10.938
2019,Percentage,All-day care provision for 0 to 2-year-old children,Lower Saxony,code03,11.708
2020,Percentage,All-day care provision for 0 to 2-year-old children,Lower Saxony,code03,12.106
2021,Percentage,All-day care provision for 0 to 2-year-old children,Lower Saxony,code03,11.773
2022,Percentage,All-day care provision for 0 to 2-year-old children,Lower Saxony,code03,12.336
2030,Percentage,All-day care provision for 0 to 2-year-old children,,,
2006,Percentage,All-day care provision for 0 to 2-year-old children,North Rhine-Westphalia,code05,2.37
2007,Percentage,All-day care provision for 0 to 2-year-old children,North Rhine-Westphalia,code05,2.712
2008,Percentage,All-day care provision for 0 to 2-year-old children,North Rhine-Westphalia,code05,3.58
2009,Percentage,All-day care provision for 0 to 2-year-old children,North Rhine-Westphalia,code05,4.666
2010,Percentage,All-day care provision for 0 to 2-year-old children,North Rhine-Westphalia,code05,5.52
2011,Percentage,All-day care provision for 0 to 2-year-old children,North Rhine-Westphalia,code05,6.116
2012,Percentage,All-day care provision for 0 to 2-year-old children,North Rhine-Westphalia,code05,6.91
2013,Percentage,All-day care provision for 0 to 2-year-old children,North Rhine-Westphalia,code05,7.57
2014,Percentage,All-day care provision for 0 to 2-year-old children,North Rhine-Westphalia,code05,8.992
2015,Percentage,All-day care provision for 0 to 2-year-old children,North Rhine-Westphalia,code05,9.744
2016,Percentage,All-day care provision for 0 to 2-year-old children,North Rhine-Westphalia,code05,9.822
2017,Percentage,All-day care provision for 0 to 2-year-old children,North Rhine-Westphalia,code05,9.742
2018,Percentage,All-day care provision for 0 to 2-year-old children,North Rhine-Westphalia,code05,9.944
2019,Percentage,All-day care provision for 0 to 2-year-old children,North Rhine-Westphalia,code05,10.293
2020,Percentage,All-day care provision for 0 to 2-year-old children,North Rhine-Westphalia,code05,10.578
2021,Percentage,All-day care provision for 0 to 2-year-old children,North Rhine-Westphalia,code05,10.702
2022,Percentage,All-day care provision for 0 to 2-year-old children,North Rhine-Westphalia,code05,10.818
2030,Percentage,All-day care provision for 0 to 2-year-old children,,,
2006,Percentage,All-day care provision for 0 to 2-year-old children,Rhineland Palatinate,code07,2.629
2007,Percentage,All-day care provision for 0 to 2-year-old children,Rhineland Palatinate,code07,3.225
2008,Percentage,All-day care provision for 0 to 2-year-old children,Rhineland Palatinate,code07,3.993
2009,Percentage,All-day care provision for 0 to 2-year-old children,Rhineland Palatinate,code07,5.185
2010,Percentage,All-day care provision for 0 to 2-year-old children,Rhineland Palatinate,code07,6.875
2011,Percentage,All-day care provision for 0 to 2-year-old children,Rhineland Palatinate,code07,9.211
2012,Percentage,All-day care provision for 0 to 2-year-old children,Rhineland Palatinate,code07,11.694
2013,Percentage,All-day care provision for 0 to 2-year-old children,Rhineland Palatinate,code07,12.664
2014,Percentage,All-day care provision for 0 to 2-year-old children,Rhineland Palatinate,code07,14.226
2015,Percentage,All-day care provision for 0 to 2-year-old children,Rhineland Palatinate,code07,14.859
2016,Percentage,All-day care provision for 0 to 2-year-old children,Rhineland Palatinate,code07,15.336
2017,Percentage,All-day care provision for 0 to 2-year-old children,Rhineland Palatinate,code07,15.674
2018,Percentage,All-day care provision for 0 to 2-year-old children,Rhineland Palatinate,code07,15.84
2019,Percentage,All-day care provision for 0 to 2-year-old children,Rhineland Palatinate,code07,16.171
2020,Percentage,All-day care provision for 0 to 2-year-old children,Rhineland Palatinate,code07,16.259
2021,Percentage,All-day care provision for 0 to 2-year-old children,Rhineland Palatinate,code07,15.518
2022,Percentage,All-day care provision for 0 to 2-year-old children,Rhineland Palatinate,code07,17.206
2030,Percentage,All-day care provision for 0 to 2-year-old children,,,
2006,Percentage,All-day care provision for 0 to 2-year-old children,Saarland,code10,3.769
2007,Percentage,All-day care provision for 0 to 2-year-old children,Saarland,code10,4.517
2008,Percentage,All-day care provision for 0 to 2-year-old children,Saarland,code10,5.781
2009,Percentage,All-day care provision for 0 to 2-year-old children,Saarland,code10,7.439
2010,Percentage,All-day care provision for 0 to 2-year-old children,Saarland,code10,9.48
2011,Percentage,All-day care provision for 0 to 2-year-old children,Saarland,code10,11.485
2012,Percentage,All-day care provision for 0 to 2-year-old children,Saarland,code10,13.518
2013,Percentage,All-day care provision for 0 to 2-year-old children,Saarland,code10,16.241
2014,Percentage,All-day care provision for 0 to 2-year-old children,Saarland,code10,18.705
2015,Percentage,All-day care provision for 0 to 2-year-old children,Saarland,code10,21.474
2016,Percentage,All-day care provision for 0 to 2-year-old children,Saarland,code10,21.937
2017,Percentage,All-day care provision for 0 to 2-year-old children,Saarland,code10,21.71
2018,Percentage,All-day care provision for 0 to 2-year-old children,Saarland,code10,21.935
2019,Percentage,All-day care provision for 0 to 2-year-old children,Saarland,code10,23.089
2020,Percentage,All-day care provision for 0 to 2-year-old children,Saarland,code10,23.26
2021,Percentage,All-day care provision for 0 to 2-year-old children,Saarland,code10,23.528
2022,Percentage,All-day care provision for 0 to 2-year-old children,Saarland,code10,25.536
2030,Percentage,All-day care provision for 0 to 2-year-old children,,,
2006,Percentage,All-day care provision for 0 to 2-year-old children,Saxony,code14,20.065
2007,Percentage,All-day care provision for 0 to 2-year-old children,Saxony,code14,21.184
2008,Percentage,All-day care provision for 0 to 2-year-old children,Saxony,code14,22.567
2009,Percentage,All-day care provision for 0 to 2-year-old children,Saxony,code14,25.723
2010,Percentage,All-day care provision for 0 to 2-year-old children,Saxony,code14,29.044
2011,Percentage,All-day care provision for 0 to 2-year-old children,Saxony,code14,30.311
2012,Percentage,All-day care provision for 0 to 2-year-old children,Saxony,code14,31.885
2013,Percentage,All-day care provision for 0 to 2-year-old children,Saxony,code14,32.648
2014,Percentage,All-day care provision for 0 to 2-year-old children,Saxony,code14,34.79
2015,Percentage,All-day care provision for 0 to 2-year-old children,Saxony,code14,35.788
2016,Percentage,All-day care provision for 0 to 2-year-old children,Saxony,code14,36.374
2017,Percentage,All-day care provision for 0 to 2-year-old children,Saxony,code14,36.689
2018,Percentage,All-day care provision for 0 to 2-year-old children,Saxony,code14,37.368
2019,Percentage,All-day care provision for 0 to 2-year-old children,Saxony,code14,38.65
2020,Percentage,All-day care provision for 0 to 2-year-old children,Saxony,code14,39.416
2021,Percentage,All-day care provision for 0 to 2-year-old children,Saxony,code14,38.567
2022,Percentage,All-day care provision for 0 to 2-year-old children,Saxony,code14,40.126
2030,Percentage,All-day care provision for 0 to 2-year-old children,,,
2006,Percentage,All-day care provision for 0 to 2-year-old children,Saxony-Anhalt,code15,26.363
2007,Percentage,All-day care provision for 0 to 2-year-old children,Saxony-Anhalt,code15,28.061
2008,Percentage,All-day care provision for 0 to 2-year-old children,Saxony-Anhalt,code15,28.501
2009,Percentage,All-day care provision for 0 to 2-year-old children,Saxony-Anhalt,code15,31.387
2010,Percentage,All-day care provision for 0 to 2-year-old children,Saxony-Anhalt,code15,33.677
2011,Percentage,All-day care provision for 0 to 2-year-old children,Saxony-Anhalt,code15,35.034
2012,Percentage,All-day care provision for 0 to 2-year-old children,Saxony-Anhalt,code15,36.914
2013,Percentage,All-day care provision for 0 to 2-year-old children,Saxony-Anhalt,code15,38.066
2014,Percentage,All-day care provision for 0 to 2-year-old children,Saxony-Anhalt,code15,46.033
2015,Percentage,All-day care provision for 0 to 2-year-old children,Saxony-Anhalt,code15,45.533
2016,Percentage,All-day care provision for 0 to 2-year-old children,Saxony-Anhalt,code15,45.069
2017,Percentage,All-day care provision for 0 to 2-year-old children,Saxony-Anhalt,code15,45.406
2018,Percentage,All-day care provision for 0 to 2-year-old children,Saxony-Anhalt,code15,45.65
2019,Percentage,All-day care provision for 0 to 2-year-old children,Saxony-Anhalt,code15,46.938
2020,Percentage,All-day care provision for 0 to 2-year-old children,Saxony-Anhalt,code15,47.338
2021,Percentage,All-day care provision for 0 to 2-year-old children,Saxony-Anhalt,code15,45.003
2022,Percentage,All-day care provision for 0 to 2-year-old children,Saxony-Anhalt,code15,46.851
2030,Percentage,All-day care provision for 0 to 2-year-old children,,,
2006,Percentage,All-day care provision for 0 to 2-year-old children,Schleswig-Holstein,code01,1.661
2007,Percentage,All-day care provision for 0 to 2-year-old children,Schleswig-Holstein,code01,1.936
2008,Percentage,All-day care provision for 0 to 2-year-old children,Schleswig-Holstein,code01,2.352
2009,Percentage,All-day care provision for 0 to 2-year-old children,Schleswig-Holstein,code01,3.019
2010,Percentage,All-day care provision for 0 to 2-year-old children,Schleswig-Holstein,code01,4.211
2011,Percentage,All-day care provision for 0 to 2-year-old children,Schleswig-Holstein,code01,5.795
2012,Percentage,All-day care provision for 0 to 2-year-old children,Schleswig-Holstein,code01,7.057
2013,Percentage,All-day care provision for 0 to 2-year-old children,Schleswig-Holstein,code01,8.363
2014,Percentage,All-day care provision for 0 to 2-year-old children,Schleswig-Holstein,code01,10.031
2015,Percentage,All-day care provision for 0 to 2-year-old children,Schleswig-Holstein,code01,11.613
2016,Percentage,All-day care provision for 0 to 2-year-old children,Schleswig-Holstein,code01,11.969
2017,Percentage,All-day care provision for 0 to 2-year-old children,Schleswig-Holstein,code01,12.047
2018,Percentage,All-day care provision for 0 to 2-year-old children,Schleswig-Holstein,code01,12.868
2019,Percentage,All-day care provision for 0 to 2-year-old children,Schleswig-Holstein,code01,13.221
2020,Percentage,All-day care provision for 0 to 2-year-old children,Schleswig-Holstein,code01,13.578
2021,Percentage,All-day care provision for 0 to 2-year-old children,Schleswig-Holstein,code01,14.244
2022,Percentage,All-day care provision for 0 to 2-year-old children,Schleswig-Holstein,code01,14.908
2030,Percentage,All-day care provision for 0 to 2-year-old children,,,
2006,Percentage,All-day care provision for 0 to 2-year-old children,Thuringia,code16,30.379
2007,Percentage,All-day care provision for 0 to 2-year-old children,Thuringia,code16,30.103
2008,Percentage,All-day care provision for 0 to 2-year-old children,Thuringia,code16,31.283
2009,Percentage,All-day care provision for 0 to 2-year-old children,Thuringia,code16,35.532
2010,Percentage,All-day care provision for 0 to 2-year-old children,Thuringia,code16,38.402
2011,Percentage,All-day care provision for 0 to 2-year-old children,Thuringia,code16,39.714
2012,Percentage,All-day care provision for 0 to 2-year-old children,Thuringia,code16,41.363
2013,Percentage,All-day care provision for 0 to 2-year-old children,Thuringia,code16,43.14
2014,Percentage,All-day care provision for 0 to 2-year-old children,Thuringia,code16,45.495
2015,Percentage,All-day care provision for 0 to 2-year-old children,Thuringia,code16,45.94
2016,Percentage,All-day care provision for 0 to 2-year-old children,Thuringia,code16,46.276
2017,Percentage,All-day care provision for 0 to 2-year-old children,Thuringia,code16,47.664
2018,Percentage,All-day care provision for 0 to 2-year-old children,Thuringia,code16,49.175
2019,Percentage,All-day care provision for 0 to 2-year-old children,Thuringia,code16,49.911
2020,Percentage,All-day care provision for 0 to 2-year-old children,Thuringia,code16,50.311
2021,Percentage,All-day care provision for 0 to 2-year-old children,Thuringia,code16,49.157
2022,Percentage,All-day care provision for 0 to 2-year-old children,Thuringia,code16,50.718
2030,Percentage,All-day care provision for 0 to 2-year-old children,,,
2006,Percentage,All-day care provision for 3 to 5-year-old children,Baden-Wuerttemberg,code08,6.848
2007,Percentage,All-day care provision for 3 to 5-year-old children,Baden-Wuerttemberg,code08,7.896
2008,Percentage,All-day care provision for 3 to 5-year-old children,Baden-Wuerttemberg,code08,9.177
2009,Percentage,All-day care provision for 3 to 5-year-old children,Baden-Wuerttemberg,code08,11.439
2010,Percentage,All-day care provision for 3 to 5-year-old children,Baden-Wuerttemberg,code08,12.908
2011,Percentage,All-day care provision for 3 to 5-year-old children,Baden-Wuerttemberg,code08,14.742
2012,Percentage,All-day care provision for 3 to 5-year-old children,Baden-Wuerttemberg,code08,16.046
2013,Percentage,All-day care provision for 3 to 5-year-old children,Baden-Wuerttemberg,code08,17.617
2014,Percentage,All-day care provision for 3 to 5-year-old children,Baden-Wuerttemberg,code08,19.72
2015,Percentage,All-day care provision for 3 to 5-year-old children,Baden-Wuerttemberg,code08,21.434
2016,Percentage,All-day care provision for 3 to 5-year-old children,Baden-Wuerttemberg,code08,22.671
2017,Percentage,All-day care provision for 3 to 5-year-old children,Baden-Wuerttemberg,code08,23.8
2018,Percentage,All-day care provision for 3 to 5-year-old children,Baden-Wuerttemberg,code08,24.476
2019,Percentage,All-day care provision for 3 to 5-year-old children,Baden-Wuerttemberg,code08,25.092
2020,Percentage,All-day care provision for 3 to 5-year-old children,Baden-Wuerttemberg,code08,25.235
2021,Percentage,All-day care provision for 3 to 5-year-old children,Baden-Wuerttemberg,code08,24.252
2022,Percentage,All-day care provision for 3 to 5-year-old children,Baden-Wuerttemberg,code08,24.11
2030,Percentage,All-day care provision for 3 to 5-year-old children,,,
2006,Percentage,All-day care provision for 3 to 5-year-old children,Bavaria,code09,16.792
2007,Percentage,All-day care provision for 3 to 5-year-old children,Bavaria,code09,18.874
2008,Percentage,All-day care provision for 3 to 5-year-old children,Bavaria,code09,20.072
2009,Percentage,All-day care provision for 3 to 5-year-old children,Bavaria,code09,21.406
2010,Percentage,All-day care provision for 3 to 5-year-old children,Bavaria,code09,22.823
2011,Percentage,All-day care provision for 3 to 5-year-old children,Bavaria,code09,24.885
2012,Percentage,All-day care provision for 3 to 5-year-old children,Bavaria,code09,27.148
2013,Percentage,All-day care provision for 3 to 5-year-old children,Bavaria,code09,29.381
2014,Percentage,All-day care provision for 3 to 5-year-old children,Bavaria,code09,31.885
2015,Percentage,All-day care provision for 3 to 5-year-old children,Bavaria,code09,33.944
2016,Percentage,All-day care provision for 3 to 5-year-old children,Bavaria,code09,34.636
2017,Percentage,All-day care provision for 3 to 5-year-old children,Bavaria,code09,35.093
2018,Percentage,All-day care provision for 3 to 5-year-old children,Bavaria,code09,35.547
2019,Percentage,All-day care provision for 3 to 5-year-old children,Bavaria,code09,35.973
2020,Percentage,All-day care provision for 3 to 5-year-old children,Bavaria,code09,37.303
2021,Percentage,All-day care provision for 3 to 5-year-old children,Bavaria,code09,35.628
2022,Percentage,All-day care provision for 3 to 5-year-old children,Bavaria,code09,34.893
2030,Percentage,All-day care provision for 3 to 5-year-old children,,,
2006,Percentage,All-day care provision for 3 to 5-year-old children,Berlin,code11,50.318
2007,Percentage,All-day care provision for 3 to 5-year-old children,Berlin,code11,51.886
2008,Percentage,All-day care provision for 3 to 5-year-old children,Berlin,code11,53.047
2009,Percentage,All-day care provision for 3 to 5-year-old children,Berlin,code11,54.001
2010,Percentage,All-day care provision for 3 to 5-year-old children,Berlin,code11,54.53
2011,Percentage,All-day care provision for 3 to 5-year-old children,Berlin,code11,56.394
2012,Percentage,All-day care provision for 3 to 5-year-old children,Berlin,code11,58.629
2013,Percentage,All-day care provision for 3 to 5-year-old children,Berlin,code11,60.069
2014,Percentage,All-day care provision for 3 to 5-year-old children,Berlin,code11,60.884
2015,Percentage,All-day care provision for 3 to 5-year-old children,Berlin,code11,61.124
2016,Percentage,All-day care provision for 3 to 5-year-old children,Berlin,code11,60.046
2017,Percentage,All-day care provision for 3 to 5-year-old children,Berlin,code11,59.374
2018,Percentage,All-day care provision for 3 to 5-year-old children,Berlin,code11,60.129
2019,Percentage,All-day care provision for 3 to 5-year-old children,Berlin,code11,61.008
2020,Percentage,All-day care provision for 3 to 5-year-old children,Berlin,code11,60.684
2021,Percentage,All-day care provision for 3 to 5-year-old children,Berlin,code11,58.536
2022,Percentage,All-day care provision for 3 to 5-year-old children,Berlin,code11,56.587
2030,Percentage,All-day care provision for 3 to 5-year-old children,,,
2006,Percentage,All-day care provision for 3 to 5-year-old children,Brandenburg,code12,43.825
2007,Percentage,All-day care provision for 3 to 5-year-old children,Brandenburg,code12,46.778
2008,Percentage,All-day care provision for 3 to 5-year-old children,Brandenburg,code12,49.337
2009,Percentage,All-day care provision for 3 to 5-year-old children,Brandenburg,code12,52.08
2010,Percentage,All-day care provision for 3 to 5-year-old children,Brandenburg,code12,54.288
2011,Percentage,All-day care provision for 3 to 5-year-old children,Brandenburg,code12,56.868
2012,Percentage,All-day care provision for 3 to 5-year-old children,Brandenburg,code12,58.765
2013,Percentage,All-day care provision for 3 to 5-year-old children,Brandenburg,code12,60.648
2014,Percentage,All-day care provision for 3 to 5-year-old children,Brandenburg,code12,61.277
2015,Percentage,All-day care provision for 3 to 5-year-old children,Brandenburg,code12,63.019
2016,Percentage,All-day care provision for 3 to 5-year-old children,Brandenburg,code12,62.232
2017,Percentage,All-day care provision for 3 to 5-year-old children,Brandenburg,code12,62.081
2018,Percentage,All-day care provision for 3 to 5-year-old children,Brandenburg,code12,62.525
2019,Percentage,All-day care provision for 3 to 5-year-old children,Brandenburg,code12,64.13
2020,Percentage,All-day care provision for 3 to 5-year-old children,Brandenburg,code12,65.15
2021,Percentage,All-day care provision for 3 to 5-year-old children,Brandenburg,code12,63.086
2022,Percentage,All-day care provision for 3 to 5-year-old children,Brandenburg,code12,63.108
2030,Percentage,All-day care provision for 3 to 5-year-old children,,,
2006,Percentage,All-day care provision for 3 to 5-year-old children,Bremen,code04,18.436
2007,Percentage,All-day care provision for 3 to 5-year-old children,Bremen,code04,19.126
2008,Percentage,All-day care provision for 3 to 5-year-old children,Bremen,code04,19.766
2009,Percentage,All-day care provision for 3 to 5-year-old children,Bremen,code04,21.127
2010,Percentage,All-day care provision for 3 to 5-year-old children,Bremen,code04,22.166
2011,Percentage,All-day care provision for 3 to 5-year-old children,Bremen,code04,26.194
2012,Percentage,All-day care provision for 3 to 5-year-old children,Bremen,code04,26.148
2013,Percentage,All-day care provision for 3 to 5-year-old children,Bremen,code04,29.453
2014,Percentage,All-day care provision for 3 to 5-year-old children,Bremen,code04,32.141
2015,Percentage,All-day care provision for 3 to 5-year-old children,Bremen,code04,35.691
2016,Percentage,All-day care provision for 3 to 5-year-old children,Bremen,code04,36.881
2017,Percentage,All-day care provision for 3 to 5-year-old children,Bremen,code04,37.933
2018,Percentage,All-day care provision for 3 to 5-year-old children,Bremen,code04,38.319
2019,Percentage,All-day care provision for 3 to 5-year-old children,Bremen,code04,38.338
2020,Percentage,All-day care provision for 3 to 5-year-old children,Bremen,code04,39.768
2021,Percentage,All-day care provision for 3 to 5-year-old children,Bremen,code04,41.735
2022,Percentage,All-day care provision for 3 to 5-year-old children,Bremen,code04,41.034
2030,Percentage,All-day care provision for 3 to 5-year-old children,,,
2006,Percentage,All-day care provision for 3 to 5-year-old children,Hamburg,code02,24.682
2007,Percentage,All-day care provision for 3 to 5-year-old children,Hamburg,code02,26.965
2008,Percentage,All-day care provision for 3 to 5-year-old children,Hamburg,code02,28.54
2009,Percentage,All-day care provision for 3 to 5-year-old children,Hamburg,code02,31.403
2010,Percentage,All-day care provision for 3 to 5-year-old children,Hamburg,code02,33.634
2011,Percentage,All-day care provision for 3 to 5-year-old children,Hamburg,code02,36.319
2012,Percentage,All-day care provision for 3 to 5-year-old children,Hamburg,code02,38.439
2013,Percentage,All-day care provision for 3 to 5-year-old children,Hamburg,code02,41.5
2014,Percentage,All-day care provision for 3 to 5-year-old children,Hamburg,code02,42.889
2015,Percentage,All-day care provision for 3 to 5-year-old children,Hamburg,code02,45.712
2016,Percentage,All-day care provision for 3 to 5-year-old children,Hamburg,code02,45.239
2017,Percentage,All-day care provision for 3 to 5-year-old children,Hamburg,code02,48.291
2018,Percentage,All-day care provision for 3 to 5-year-old children,Hamburg,code02,47.249
2019,Percentage,All-day care provision for 3 to 5-year-old children,Hamburg,code02,49.748
2020,Percentage,All-day care provision for 3 to 5-year-old children,Hamburg,code02,51.684
2021,Percentage,All-day care provision for 3 to 5-year-old children,Hamburg,code02,48.94
2022,Percentage,All-day care provision for 3 to 5-year-old children,Hamburg,code02,49.385
2030,Percentage,All-day care provision for 3 to 5-year-old children,,,
2006,Percentage,All-day care provision for 3 to 5-year-old children,Hesse,code06,22.117
2007,Percentage,All-day care provision for 3 to 5-year-old children,Hesse,code06,25.526
2008,Percentage,All-day care provision for 3 to 5-year-old children,Hesse,code06,29.181
2009,Percentage,All-day care provision for 3 to 5-year-old children,Hesse,code06,32.357
2010,Percentage,All-day care provision for 3 to 5-year-old children,Hesse,code06,36.29
2011,Percentage,All-day care provision for 3 to 5-year-old children,Hesse,code06,38.994
2012,Percentage,All-day care provision for 3 to 5-year-old children,Hesse,code06,41.216
2013,Percentage,All-day care provision for 3 to 5-year-old children,Hesse,code06,44.121
2014,Percentage,All-day care provision for 3 to 5-year-old children,Hesse,code06,46.692
2015,Percentage,All-day care provision for 3 to 5-year-old children,Hesse,code06,47.963
2016,Percentage,All-day care provision for 3 to 5-year-old children,Hesse,code06,49.537
2017,Percentage,All-day care provision for 3 to 5-year-old children,Hesse,code06,50.423
2018,Percentage,All-day care provision for 3 to 5-year-old children,Hesse,code06,51.234
2019,Percentage,All-day care provision for 3 to 5-year-old children,Hesse,code06,53.444
2020,Percentage,All-day care provision for 3 to 5-year-old children,Hesse,code06,54.304
2021,Percentage,All-day care provision for 3 to 5-year-old children,Hesse,code06,52.158
2022,Percentage,All-day care provision for 3 to 5-year-old children,Hesse,code06,53.198
2030,Percentage,All-day care provision for 3 to 5-year-old children,,,
2006,Percentage,All-day care provision for 3 to 5-year-old children,Mecklenburg Western Pomerania,code13,46.051
2007,Percentage,All-day care provision for 3 to 5-year-old children,Mecklenburg Western Pomerania,code13,48.475
2008,Percentage,All-day care provision for 3 to 5-year-old children,Mecklenburg Western Pomerania,code13,51.571
2009,Percentage,All-day care provision for 3 to 5-year-old children,Mecklenburg Western Pomerania,code13,54.78
2010,Percentage,All-day care provision for 3 to 5-year-old children,Mecklenburg Western Pomerania,code13,55.861
2011,Percentage,All-day care provision for 3 to 5-year-old children,Mecklenburg Western Pomerania,code13,58.006
2012,Percentage,All-day care provision for 3 to 5-year-old children,Mecklenburg Western Pomerania,code13,61.902
2013,Percentage,All-day care provision for 3 to 5-year-old children,Mecklenburg Western Pomerania,code13,64.125
2014,Percentage,All-day care provision for 3 to 5-year-old children,Mecklenburg Western Pomerania,code13,65.319
2015,Percentage,All-day care provision for 3 to 5-year-old children,Mecklenburg Western Pomerania,code13,66.519
2016,Percentage,All-day care provision for 3 to 5-year-old children,Mecklenburg Western Pomerania,code13,66.591
2017,Percentage,All-day care provision for 3 to 5-year-old children,Mecklenburg Western Pomerania,code13,67.158
2018,Percentage,All-day care provision for 3 to 5-year-old children,Mecklenburg Western Pomerania,code13,68.728
2019,Percentage,All-day care provision for 3 to 5-year-old children,Mecklenburg Western Pomerania,code13,70.79
2020,Percentage,All-day care provision for 3 to 5-year-old children,Mecklenburg Western Pomerania,code13,73.046
2021,Percentage,All-day care provision for 3 to 5-year-old children,Mecklenburg Western Pomerania,code13,72.52
2022,Percentage,All-day care provision for 3 to 5-year-old children,Mecklenburg Western Pomerania,code13,73.549
2030,Percentage,All-day care provision for 3 to 5-year-old children,,,
2006,Percentage,All-day care provision for 3 to 5-year-old children,Lower Saxony,code03,7.939
2007,Percentage,All-day care provision for 3 to 5-year-old children,Lower Saxony,code03,9.547
2008,Percentage,All-day care provision for 3 to 5-year-old children,Lower Saxony,code03,10.746
2009,Percentage,All-day care provision for 3 to 5-year-old children,Lower Saxony,code03,12.507
2010,Percentage,All-day care provision for 3 to 5-year-old children,Lower Saxony,code03,14.275
2011,Percentage,All-day care provision for 3 to 5-year-old children,Lower Saxony,code03,16.596
2012,Percentage,All-day care provision for 3 to 5-year-old children,Lower Saxony,code03,18.871
2013,Percentage,All-day care provision for 3 to 5-year-old children,Lower Saxony,code03,21.493
2014,Percentage,All-day care provision for 3 to 5-year-old children,Lower Saxony,code03,24.177
2015,Percentage,All-day care provision for 3 to 5-year-old children,Lower Saxony,code03,26.54
2016,Percentage,All-day care provision for 3 to 5-year-old children,Lower Saxony,code03,28.769
2017,Percentage,All-day care provision for 3 to 5-year-old children,Lower Saxony,code03,30.022
2018,Percentage,All-day care provision for 3 to 5-year-old children,Lower Saxony,code03,31.572
2019,Percentage,All-day care provision for 3 to 5-year-old children,Lower Saxony,code03,34.908
2020,Percentage,All-day care provision for 3 to 5-year-old children,Lower Saxony,code03,37.2
2021,Percentage,All-day care provision for 3 to 5-year-old children,Lower Saxony,code03,37.952
2022,Percentage,All-day care provision for 3 to 5-year-old children,Lower Saxony,code03,38.428
2030,Percentage,All-day care provision for 3 to 5-year-old children,,,
2006,Percentage,All-day care provision for 3 to 5-year-old children,North Rhine-Westphalia,code05,19.019
2007,Percentage,All-day care provision for 3 to 5-year-old children,North Rhine-Westphalia,code05,21.695
2008,Percentage,All-day care provision for 3 to 5-year-old children,North Rhine-Westphalia,code05,26.703
2009,Percentage,All-day care provision for 3 to 5-year-old children,North Rhine-Westphalia,code05,30.535
2010,Percentage,All-day care provision for 3 to 5-year-old children,North Rhine-Westphalia,code05,33.308
2011,Percentage,All-day care provision for 3 to 5-year-old children,North Rhine-Westphalia,code05,35.709
2012,Percentage,All-day care provision for 3 to 5-year-old children,North Rhine-Westphalia,code05,38.043
2013,Percentage,All-day care provision for 3 to 5-year-old children,North Rhine-Westphalia,code05,39.978
2014,Percentage,All-day care provision for 3 to 5-year-old children,North Rhine-Westphalia,code05,41.755
2015,Percentage,All-day care provision for 3 to 5-year-old children,North Rhine-Westphalia,code05,44.078
2016,Percentage,All-day care provision for 3 to 5-year-old children,North Rhine-Westphalia,code05,44.842
2017,Percentage,All-day care provision for 3 to 5-year-old children,North Rhine-Westphalia,code05,45.345
2018,Percentage,All-day care provision for 3 to 5-year-old children,North Rhine-Westphalia,code05,46.017
2019,Percentage,All-day care provision for 3 to 5-year-old children,North Rhine-Westphalia,code05,46.596
2020,Percentage,All-day care provision for 3 to 5-year-old children,North Rhine-Westphalia,code05,46.887
2021,Percentage,All-day care provision for 3 to 5-year-old children,North Rhine-Westphalia,code05,48.172
2022,Percentage,All-day care provision for 3 to 5-year-old children,North Rhine-Westphalia,code05,48.808
2030,Percentage,All-day care provision for 3 to 5-year-old children,,,
2006,Percentage,All-day care provision for 3 to 5-year-old children,Rhineland Palatinate,code07,18.133
2007,Percentage,All-day care provision for 3 to 5-year-old children,Rhineland Palatinate,code07,20.25
2008,Percentage,All-day care provision for 3 to 5-year-old children,Rhineland Palatinate,code07,23.341
2009,Percentage,All-day care provision for 3 to 5-year-old children,Rhineland Palatinate,code07,28.354
2010,Percentage,All-day care provision for 3 to 5-year-old children,Rhineland Palatinate,code07,33.553
2011,Percentage,All-day care provision for 3 to 5-year-old children,Rhineland Palatinate,code07,38.56
2012,Percentage,All-day care provision for 3 to 5-year-old children,Rhineland Palatinate,code07,44.597
2013,Percentage,All-day care provision for 3 to 5-year-old children,Rhineland Palatinate,code07,46.392
2014,Percentage,All-day care provision for 3 to 5-year-old children,Rhineland Palatinate,code07,47.696
2015,Percentage,All-day care provision for 3 to 5-year-old children,Rhineland Palatinate,code07,49.628
2016,Percentage,All-day care provision for 3 to 5-year-old children,Rhineland Palatinate,code07,50.778
2017,Percentage,All-day care provision for 3 to 5-year-old children,Rhineland Palatinate,code07,52.214
2018,Percentage,All-day care provision for 3 to 5-year-old children,Rhineland Palatinate,code07,52.479
2019,Percentage,All-day care provision for 3 to 5-year-old children,Rhineland Palatinate,code07,53.367
2020,Percentage,All-day care provision for 3 to 5-year-old children,Rhineland Palatinate,code07,53.236
2021,Percentage,All-day care provision for 3 to 5-year-old children,Rhineland Palatinate,code07,52.458
2022,Percentage,All-day care provision for 3 to 5-year-old children,Rhineland Palatinate,code07,53.123
2030,Percentage,All-day care provision for 3 to 5-year-old children,,,
2006,Percentage,All-day care provision for 3 to 5-year-old children,Saarland,code10,14.771
2007,Percentage,All-day care provision for 3 to 5-year-old children,Saarland,code10,16.084
2008,Percentage,All-day care provision for 3 to 5-year-old children,Saarland,code10,18.936
2009,Percentage,All-day care provision for 3 to 5-year-old children,Saarland,code10,22.593
2010,Percentage,All-day care provision for 3 to 5-year-old children,Saarland,code10,25.703
2011,Percentage,All-day care provision for 3 to 5-year-old children,Saarland,code10,29.99
2012,Percentage,All-day care provision for 3 to 5-year-old children,Saarland,code10,34.877
2013,Percentage,All-day care provision for 3 to 5-year-old children,Saarland,code10,39.235
2014,Percentage,All-day care provision for 3 to 5-year-old children,Saarland,code10,42.71
2015,Percentage,All-day care provision for 3 to 5-year-old children,Saarland,code10,46.223
2016,Percentage,All-day care provision for 3 to 5-year-old children,Saarland,code10,48.613
2017,Percentage,All-day care provision for 3 to 5-year-old children,Saarland,code10,49.329
2018,Percentage,All-day care provision for 3 to 5-year-old children,Saarland,code10,52.058
2019,Percentage,All-day care provision for 3 to 5-year-old children,Saarland,code10,54.517
2020,Percentage,All-day care provision for 3 to 5-year-old children,Saarland,code10,56.436
2021,Percentage,All-day care provision for 3 to 5-year-old children,Saarland,code10,56.043
2022,Percentage,All-day care provision for 3 to 5-year-old children,Saarland,code10,58.025
2030,Percentage,All-day care provision for 3 to 5-year-old children,,,
2006,Percentage,All-day care provision for 3 to 5-year-old children,Saxony,code14,59.522
2007,Percentage,All-day care provision for 3 to 5-year-old children,Saxony,code14,62.197
2008,Percentage,All-day care provision for 3 to 5-year-old children,Saxony,code14,65.854
2009,Percentage,All-day care provision for 3 to 5-year-old children,Saxony,code14,70.151
2010,Percentage,All-day care provision for 3 to 5-year-old children,Saxony,code14,74.79
2011,Percentage,All-day care provision for 3 to 5-year-old children,Saxony,code14,75.579
2012,Percentage,All-day care provision for 3 to 5-year-old children,Saxony,code14,76.743
2013,Percentage,All-day care provision for 3 to 5-year-old children,Saxony,code14,78.4
2014,Percentage,All-day care provision for 3 to 5-year-old children,Saxony,code14,79.607
2015,Percentage,All-day care provision for 3 to 5-year-old children,Saxony,code14,80.978
2016,Percentage,All-day care provision for 3 to 5-year-old children,Saxony,code14,80.919
2017,Percentage,All-day care provision for 3 to 5-year-old children,Saxony,code14,81.782
2018,Percentage,All-day care provision for 3 to 5-year-old children,Saxony,code14,82.144
2019,Percentage,All-day care provision for 3 to 5-year-old children,Saxony,code14,82.283
2020,Percentage,All-day care provision for 3 to 5-year-old children,Saxony,code14,82.862
2021,Percentage,All-day care provision for 3 to 5-year-old children,Saxony,code14,81.521
2022,Percentage,All-day care provision for 3 to 5-year-old children,Saxony,code14,82.434
2030,Percentage,All-day care provision for 3 to 5-year-old children,,,
2006,Percentage,All-day care provision for 3 to 5-year-old children,Saxony-Anhalt,code15,50.623
2007,Percentage,All-day care provision for 3 to 5-year-old children,Saxony-Anhalt,code15,53.072
2008,Percentage,All-day care provision for 3 to 5-year-old children,Saxony-Anhalt,code15,54.491
2009,Percentage,All-day care provision for 3 to 5-year-old children,Saxony-Anhalt,code15,56.409
2010,Percentage,All-day care provision for 3 to 5-year-old children,Saxony-Anhalt,code15,57.99
2011,Percentage,All-day care provision for 3 to 5-year-old children,Saxony-Anhalt,code15,61.194
2012,Percentage,All-day care provision for 3 to 5-year-old children,Saxony-Anhalt,code15,63.99
2013,Percentage,All-day care provision for 3 to 5-year-old children,Saxony-Anhalt,code15,65.716
2014,Percentage,All-day care provision for 3 to 5-year-old children,Saxony-Anhalt,code15,81.213
2015,Percentage,All-day care provision for 3 to 5-year-old children,Saxony-Anhalt,code15,82.911
2016,Percentage,All-day care provision for 3 to 5-year-old children,Saxony-Anhalt,code15,81.363
2017,Percentage,All-day care provision for 3 to 5-year-old children,Saxony-Anhalt,code15,80.705
2018,Percentage,All-day care provision for 3 to 5-year-old children,Saxony-Anhalt,code15,80.435
2019,Percentage,All-day care provision for 3 to 5-year-old children,Saxony-Anhalt,code15,81.379
2020,Percentage,All-day care provision for 3 to 5-year-old children,Saxony-Anhalt,code15,82.123
2021,Percentage,All-day care provision for 3 to 5-year-old children,Saxony-Anhalt,code15,81.005
2022,Percentage,All-day care provision for 3 to 5-year-old children,Saxony-Anhalt,code15,80.778
2030,Percentage,All-day care provision for 3 to 5-year-old children,,,
2006,Percentage,All-day care provision for 3 to 5-year-old children,Schleswig-Holstein,code01,10.02
2007,Percentage,All-day care provision for 3 to 5-year-old children,Schleswig-Holstein,code01,11.077
2008,Percentage,All-day care provision for 3 to 5-year-old children,Schleswig-Holstein,code01,12.629
2009,Percentage,All-day care provision for 3 to 5-year-old children,Schleswig-Holstein,code01,14.249
2010,Percentage,All-day care provision for 3 to 5-year-old children,Schleswig-Holstein,code01,16.012
2011,Percentage,All-day care provision for 3 to 5-year-old children,Schleswig-Holstein,code01,19.126
2012,Percentage,All-day care provision for 3 to 5-year-old children,Schleswig-Holstein,code01,21.536
2013,Percentage,All-day care provision for 3 to 5-year-old children,Schleswig-Holstein,code01,24.413
2014,Percentage,All-day care provision for 3 to 5-year-old children,Schleswig-Holstein,code01,26.029
2015,Percentage,All-day care provision for 3 to 5-year-old children,Schleswig-Holstein,code01,29.594
2016,Percentage,All-day care provision for 3 to 5-year-old children,Schleswig-Holstein,code01,31.443
2017,Percentage,All-day care provision for 3 to 5-year-old children,Schleswig-Holstein,code01,34.136
2018,Percentage,All-day care provision for 3 to 5-year-old children,Schleswig-Holstein,code01,34.976
2019,Percentage,All-day care provision for 3 to 5-year-old children,Schleswig-Holstein,code01,36.639
2020,Percentage,All-day care provision for 3 to 5-year-old children,Schleswig-Holstein,code01,37.211
2021,Percentage,All-day care provision for 3 to 5-year-old children,Schleswig-Holstein,code01,39.002
2022,Percentage,All-day care provision for 3 to 5-year-old children,Schleswig-Holstein,code01,40.234
2030,Percentage,All-day care provision for 3 to 5-year-old children,,,
2006,Percentage,All-day care provision for 3 to 5-year-old children,Thuringia,code16,84.011
2007,Percentage,All-day care provision for 3 to 5-year-old children,Thuringia,code16,84.493
2008,Percentage,All-day care provision for 3 to 5-year-old children,Thuringia,code16,84.87
2009,Percentage,All-day care provision for 3 to 5-year-old children,Thuringia,code16,86.081
2010,Percentage,All-day care provision for 3 to 5-year-old children,Thuringia,code16,87.102
2011,Percentage,All-day care provision for 3 to 5-year-old children,Thuringia,code16,89.432
2012,Percentage,All-day care provision for 3 to 5-year-old children,Thuringia,code16,87.637
2013,Percentage,All-day care provision for 3 to 5-year-old children,Thuringia,code16,88.39
2014,Percentage,All-day care provision for 3 to 5-year-old children,Thuringia,code16,91.42
2015,Percentage,All-day care provision for 3 to 5-year-old children,Thuringia,code16,91.446
2016,Percentage,All-day care provision for 3 to 5-year-old children,Thuringia,code16,90.814
2017,Percentage,All-day care provision for 3 to 5-year-old children,Thuringia,code16,91.803
2018,Percentage,All-day care provision for 3 to 5-year-old children,Thuringia,code16,91.814
2019,Percentage,All-day care provision for 3 to 5-year-old children,Thuringia,code16,92.255
2020,Percentage,All-day care provision for 3 to 5-year-old children,Thuringia,code16,92.187
2021,Percentage,All-day care provision for 3 to 5-year-old children,Thuringia,code16,92.152
2022,Percentage,All-day care provision for 3 to 5-year-old children,Thuringia,code16,91.617
2030,Percentage,All-day care provision for 3 to 5-year-old children,,,
