Year,Units,Zeitreihe,Gebiet,Geschlecht,Value
2010,Prozent,material deprivation,Eropäische Union,,17.8
2011,Prozent,material deprivation,Eropäische Union,,18.5
2012,Prozent,material deprivation,Eropäische Union,,19.8
2013,Prozent,material deprivation,Eropäische Union,,19.5
2014,Prozent,material deprivation,Eropäische Union,,19.7
2015,Prozent,material deprivation,Eropäische Union,,17.5
2016,Prozent,material deprivation,Eropäische Union,,16.0
2017,Prozent,material deprivation,Eropäische Union,,14.0
2018,Prozent,material deprivation,Eropäische Union,,13.1
2019,Prozent,material deprivation,Eropäische Union,,12.4
2020,Prozent,material deprivation,Eropäische Union,,12.6
2010,Prozent,material deprivation,Eropäische Union,Weiblich,18.4
2011,Prozent,material deprivation,Eropäische Union,Weiblich,19.1
2012,Prozent,material deprivation,Eropäische Union,Weiblich,20.3
2013,Prozent,material deprivation,Eropäische Union,Weiblich,20.1
2014,Prozent,material deprivation,Eropäische Union,Weiblich,20.5
2015,Prozent,material deprivation,Eropäische Union,Weiblich,18.3
2016,Prozent,material deprivation,Eropäische Union,Weiblich,16.9
2017,Prozent,material deprivation,Eropäische Union,Weiblich,14.9
2018,Prozent,material deprivation,Eropäische Union,Weiblich,13.9
2019,Prozent,material deprivation,Eropäische Union,Weiblich,13.2
2020,Prozent,material deprivation,Eropäische Union,Weiblich,13.3
2010,Prozent,material deprivation,Eropäische Union,Männlich,17.2
2011,Prozent,material deprivation,Eropäische Union,Männlich,17.8
2012,Prozent,material deprivation,Eropäische Union,Männlich,19.1
2013,Prozent,material deprivation,Eropäische Union,Männlich,18.9
2014,Prozent,material deprivation,Eropäische Union,Männlich,18.8
2015,Prozent,material deprivation,Eropäische Union,Männlich,16.5
2016,Prozent,material deprivation,Eropäische Union,Männlich,15.1
2017,Prozent,material deprivation,Eropäische Union,Männlich,13.2
2018,Prozent,material deprivation,Eropäische Union,Männlich,12.1
2019,Prozent,material deprivation,Eropäische Union,Männlich,11.5
2020,Prozent,material deprivation,Eropäische Union,Männlich,12.0
2010,Prozent,material deprivation,Deutschland,,11.1
2011,Prozent,material deprivation,Deutschland,,12.4
2012,Prozent,material deprivation,Deutschland,,11.3
2013,Prozent,material deprivation,Deutschland,,11.6
2014,Prozent,material deprivation,Deutschland,,12.3
2015,Prozent,material deprivation,Deutschland,,11.2
2016,Prozent,material deprivation,Deutschland,,9.6
2017,Prozent,material deprivation,Deutschland,,8.3
2018,Prozent,material deprivation,Deutschland,,7.6
2019,Prozent,material deprivation,Deutschland,,6.8
2020,Prozent,material deprivation,Deutschland,,9.1
2010,Prozent,material deprivation,Deutschland,Weiblich,11.5
2011,Prozent,material deprivation,Deutschland,Weiblich,13.3
2012,Prozent,material deprivation,Deutschland,Weiblich,12.2
2013,Prozent,material deprivation,Deutschland,Weiblich,12.5
2014,Prozent,material deprivation,Deutschland,Weiblich,13.3
2015,Prozent,material deprivation,Deutschland,Weiblich,12.2
2016,Prozent,material deprivation,Deutschland,Weiblich,10.5
2017,Prozent,material deprivation,Deutschland,Weiblich,9.0
2018,Prozent,material deprivation,Deutschland,Weiblich,8.2
2019,Prozent,material deprivation,Deutschland,Weiblich,7.2
2020,Prozent,material deprivation,Deutschland,Weiblich,9.3
2010,Prozent,material deprivation,Deutschland,Männlich,10.6
2011,Prozent,material deprivation,Deutschland,Männlich,11.5
2012,Prozent,material deprivation,Deutschland,Männlich,10.5
2013,Prozent,material deprivation,Deutschland,Männlich,10.7
2014,Prozent,material deprivation,Deutschland,Männlich,11.3
2015,Prozent,material deprivation,Deutschland,Männlich,10.2
2016,Prozent,material deprivation,Deutschland,Männlich,8.6
2017,Prozent,material deprivation,Deutschland,Männlich,7.6
2018,Prozent,material deprivation,Deutschland,Männlich,7.0
2019,Prozent,material deprivation,Deutschland,Männlich,6.4
2020,Prozent,material deprivation,Deutschland,Männlich,8.9
2010,Prozent,severe material deprivation,Eropäische Union,,8.4
2011,Prozent,severe material deprivation,Eropäische Union,,8.8
2012,Prozent,severe material deprivation,Eropäische Union,,9.9
2013,Prozent,severe material deprivation,Eropäische Union,,9.6
2014,Prozent,severe material deprivation,Eropäische Union,,8.9
2015,Prozent,severe material deprivation,Eropäische Union,,8.1
2016,Prozent,severe material deprivation,Eropäische Union,,7.5
2017,Prozent,severe material deprivation,Eropäische Union,,6.6
2018,Prozent,severe material deprivation,Eropäische Union,,5.9
2019,Prozent,severe material deprivation,Eropäische Union,,5.3
2020,Prozent,severe material deprivation,Eropäische Union,,5.9
2011,Prozent,severe material deprivation,Eropäische Union,Weiblich,9.1
2012,Prozent,severe material deprivation,Eropäische Union,Weiblich,10.2
2013,Prozent,severe material deprivation,Eropäische Union,Weiblich,9.8
2014,Prozent,severe material deprivation,Eropäische Union,Weiblich,9.0
2015,Prozent,severe material deprivation,Eropäische Union,Weiblich,8.2
2016,Prozent,severe material deprivation,Eropäische Union,Weiblich,7.7
2017,Prozent,severe material deprivation,Eropäische Union,Weiblich,6.8
2018,Prozent,severe material deprivation,Eropäische Union,Weiblich,6.1
2019,Prozent,severe material deprivation,Eropäische Union,Weiblich,5.6
2020,Prozent,severe material deprivation,Eropäische Union,Weiblich,5.9
2011,Prozent,severe material deprivation,Eropäische Union,Männlich,8.6
2012,Prozent,severe material deprivation,Eropäische Union,Männlich,9.7
2013,Prozent,severe material deprivation,Eropäische Union,Männlich,9.4
2014,Prozent,severe material deprivation,Eropäische Union,Männlich,8.8
2015,Prozent,severe material deprivation,Eropäische Union,Männlich,8.0
2016,Prozent,severe material deprivation,Eropäische Union,Männlich,7.3
2017,Prozent,severe material deprivation,Eropäische Union,Männlich,6.4
2018,Prozent,severe material deprivation,Eropäische Union,Männlich,5.7
2019,Prozent,severe material deprivation,Eropäische Union,Männlich,5.1
2020,Prozent,severe material deprivation,Eropäische Union,Männlich,5.8
2010,Prozent,severe material deprivation,Deutschland,,4.5
2011,Prozent,severe material deprivation,Deutschland,,5.3
2012,Prozent,severe material deprivation,Deutschland,,4.9
2013,Prozent,severe material deprivation,Deutschland,,5.4
2014,Prozent,severe material deprivation,Deutschland,,5.0
2015,Prozent,severe material deprivation,Deutschland,,4.4
2016,Prozent,severe material deprivation,Deutschland,,3.7
2017,Prozent,severe material deprivation,Deutschland,,3.4
2018,Prozent,severe material deprivation,Deutschland,,3.1
2019,Prozent,severe material deprivation,Deutschland,,2.6
2020,Prozent,severe material deprivation,Deutschland,,5.6
2011,Prozent,severe material deprivation,Deutschland,Weiblich,5.7
2012,Prozent,severe material deprivation,Deutschland,Weiblich,5.2
2013,Prozent,severe material deprivation,Deutschland,Weiblich,5.6
2014,Prozent,severe material deprivation,Deutschland,Weiblich,5.1
2015,Prozent,severe material deprivation,Deutschland,Weiblich,4.6
2016,Prozent,severe material deprivation,Deutschland,Weiblich,4.0
2017,Prozent,severe material deprivation,Deutschland,Weiblich,3.9
2018,Prozent,severe material deprivation,Deutschland,Weiblich,3.2
2019,Prozent,severe material deprivation,Deutschland,Weiblich,2.8
2020,Prozent,severe material deprivation,Deutschland,Weiblich,5.4
2011,Prozent,severe material deprivation,Deutschland,Männlich,5.0
2012,Prozent,severe material deprivation,Deutschland,Männlich,4.5
2013,Prozent,severe material deprivation,Deutschland,Männlich,5.2
2014,Prozent,severe material deprivation,Deutschland,Männlich,4.8
2015,Prozent,severe material deprivation,Deutschland,Männlich,4.2
2016,Prozent,severe material deprivation,Deutschland,Männlich,3.4
2017,Prozent,severe material deprivation,Deutschland,Männlich,2.9
2018,Prozent,severe material deprivation,Deutschland,Männlich,3.0
2019,Prozent,severe material deprivation,Deutschland,Männlich,2.4
2020,Prozent,severe material deprivation,Deutschland,Männlich,5.8
