Year,Units,Series,Geschlecht,Bundesland,GeoCode,Value
1996,Prozent,Ausländer,,,,80.35
1997,Prozent,Ausländer,,,,80.57
1998,Prozent,Ausländer,,,,80.51
1999,Prozent,Ausländer,,,,80.69
2000,Prozent,Ausländer,,,,80.1
2001,Prozent,Ausländer,,,,79.83
2002,Prozent,Ausländer,,,,80.55
2003,Prozent,Ausländer,,,,80.9
2004,Prozent,Ausländer,,,,81.91
2005,Prozent,Ausländer,,,,82.6
2006,Prozent,Ausländer,,,,83.23
2007,Prozent,Ausländer,,,,84.0
2008,Prozent,Ausländer,,,,85.0
2009,Prozent,Ausländer,,,,86.2
2010,Prozent,Ausländer,,,,87.19
2011,Prozent,Ausländer,,,,88.22
2012,Prozent,Ausländer,,,,88.61
2013,Prozent,Ausländer,,,,89.29
2014,Prozent,Ausländer,,,,88.06
2015,Prozent,Ausländer,,,,88.2
2016,Prozent,Ausländer,,,,85.83
2017,Prozent,Ausländer,,,,81.81
2018,Prozent,Ausländer,,,,81.8
2019,Prozent,Ausländer,,,,82.37
2020,Prozent,Ausländer,,,,85.35
1996,Prozent,Ausländer,Weiblich,,,84.47
1997,Prozent,Ausländer,,,,84.73
1998,Prozent,Ausländer,,,,84.53
1999,Prozent,Ausländer,,,,85.23
2000,Prozent,Ausländer,,,,84.33
2001,Prozent,Ausländer,,,,84.19
2002,Prozent,Ausländer,,,,84.42
2003,Prozent,Ausländer,,,,84.59
2004,Prozent,Ausländer,,,,85.81
2005,Prozent,Ausländer,,,,86.42
2006,Prozent,Ausländer,,,,86.53
2007,Prozent,Ausländer,,,,87.04
2008,Prozent,Ausländer,,,,87.92
2009,Prozent,Ausländer,,,,88.54
2010,Prozent,Ausländer,,,,89.47
2011,Prozent,Ausländer,,,,90.34
2012,Prozent,Ausländer,,,,90.59
2013,Prozent,Ausländer,,,,91.07
2014,Prozent,Ausländer,,,,89.41
2015,Prozent,Ausländer,,,,90.3
2016,Prozent,Ausländer,,,,89.1
2017,Prozent,Ausländer,,,,86.35
2018,Prozent,Ausländer,,,,85.57
2019,Prozent,Ausländer,,,,85.83
2020,Prozent,Ausländer,,,,88.02
1996,Prozent,Ausländer,,,,76.66
1997,Prozent,Ausländer,,,,76.83
1998,Prozent,Ausländer,,,,76.9
1999,Prozent,Ausländer,,,,77.49
2000,Prozent,Ausländer,,,,76.21
2001,Prozent,Ausländer,,,,75.63
2002,Prozent,Ausländer,,,,76.89
2003,Prozent,Ausländer,,,,77.42
2004,Prozent,Ausländer,,,,78.31
2005,Prozent,Ausländer,,,,79.14
2006,Prozent,Ausländer,,,,80.18
2007,Prozent,Ausländer,,,,81.21
2008,Prozent,Ausländer,,,,82.28
2009,Prozent,Ausländer,,,,83.85
2010,Prozent,Ausländer,,,,84.97
2011,Prozent,Ausländer,,,,86.17
2012,Prozent,Ausländer,,,,86.69
2013,Prozent,Ausländer,,,,87.56
2014,Prozent,Ausländer,,,,86.76
2015,Prozent,Ausländer,,,,86.2
2016,Prozent,Ausländer,,,,82.9
2017,Prozent,Ausländer,,,,77.98
2018,Prozent,Ausländer,,,,78.77
2019,Prozent,Ausländer,,,,79.49
2020,Prozent,Ausländer,,,,83.01
1996,Prozent,Deutsche,,,,92.28
1997,Prozent,Deutsche,,,,92.29
1998,Prozent,Deutsche,,,,92.06
1999,Prozent,Deutsche,,,,92.0
2000,Prozent,Deutsche,,,,91.69
2001,Prozent,Deutsche,,,,91.35
2002,Prozent,Deutsche,,,,91.8
2003,Prozent,Deutsche,,,,92.07
2004,Prozent,Deutsche,,,,92.58
2005,Prozent,Deutsche,,,,92.76
2006,Prozent,Deutsche,,,,93.05
2007,Prozent,Deutsche,,,,93.6
2008,Prozent,Deutsche,,,,93.8
2009,Prozent,Deutsche,,,,94.23
2010,Prozent,Deutsche,,,,94.57
2011,Prozent,Deutsche,,,,95.01
2012,Prozent,Deutsche,,,,95.1
2013,Prozent,Deutsche,,,,95.38
2014,Prozent,Deutsche,,,,95.14
2015,Prozent,Deutsche,,,,95.0
2016,Prozent,Deutsche,,,,95.08
2017,Prozent,Deutsche,,,,94.82
2018,Prozent,Deutsche,,,,94.58
2019,Prozent,Deutsche,,,,94.53
2020,Prozent,Deutsche,,,,94.91
1996,Prozent,Ausländer,,Baden-Württemberg,code08,79.95
1997,Prozent,Ausländer,,,,80.3
1998,Prozent,Ausländer,,,,81.16
1999,Prozent,Ausländer,,,,80.85
2000,Prozent,Ausländer,,,,80.12
2001,Prozent,Ausländer,,,,79.81
2002,Prozent,Ausländer,,,,80.27
2003,Prozent,Ausländer,,,,81.47
2004,Prozent,Ausländer,,,,82.46
2005,Prozent,Ausländer,,,,83.26
2006,Prozent,Ausländer,,,,83.89
2007,Prozent,Ausländer,,,,84.93
2008,Prozent,Ausländer,,,,86.3
2009,Prozent,Ausländer,,,,87.19
2010,Prozent,Ausländer,,,,88.35
2011,Prozent,Ausländer,,,,88.74
2012,Prozent,Ausländer,,,,88.04
2013,Prozent,Ausländer,,,,89.99
2014,Prozent,Ausländer,,,,89.1
2015,Prozent,Ausländer,,,,90.07
2016,Prozent,Ausländer,,,,87.8
2017,Prozent,Ausländer,,,,80.56
2018,Prozent,Ausländer,,,,81.54
2019,Prozent,Ausländer,,,,84.07
2020,Prozent,Ausländer,,,,85.49
1996,Prozent,Ausländer,,,,84.06
1997,Prozent,Ausländer,,,,84.43
1998,Prozent,Ausländer,,,,84.64
1999,Prozent,Ausländer,,,,85.0
2000,Prozent,Ausländer,,,,84.74
2001,Prozent,Ausländer,,,,84.39
2002,Prozent,Ausländer,,,,84.0
2003,Prozent,Ausländer,,,,85.58
2004,Prozent,Ausländer,,,,86.16
2005,Prozent,Ausländer,,,,87.53
2006,Prozent,Ausländer,,,,86.99
2007,Prozent,Ausländer,,,,87.57
2008,Prozent,Ausländer,,,,88.82
2009,Prozent,Ausländer,,,,89.44
2010,Prozent,Ausländer,,,,89.76
2011,Prozent,Ausländer,,,,90.6
2012,Prozent,Ausländer,,,,89.71
2013,Prozent,Ausländer,,,,91.36
2014,Prozent,Ausländer,,,,90.29
2015,Prozent,Ausländer,,,,91.5
2016,Prozent,Ausländer,,,,89.73
2017,Prozent,Ausländer,,,,85.46
2018,Prozent,Ausländer,,,,85.48
2019,Prozent,Ausländer,,,,86.96
2020,Prozent,Ausländer,,,,88.13
1996,Prozent,Ausländer,,,,76.29
1997,Prozent,Ausländer,,,,76.62
1998,Prozent,Ausländer,,,,78.0
1999,Prozent,Ausländer,,,,77.16
2000,Prozent,Ausländer,,,,75.89
2001,Prozent,Ausländer,,,,75.83
2002,Prozent,Ausländer,,,,76.86
2003,Prozent,Ausländer,,,,77.68
2004,Prozent,Ausländer,,,,79.14
2005,Prozent,Ausländer,,,,79.49
2006,Prozent,Ausländer,,,,81.14
2007,Prozent,Ausländer,,,,82.51
2008,Prozent,Ausländer,,,,84.0
2009,Prozent,Ausländer,,,,85.08
2010,Prozent,Ausländer,,,,86.91
2011,Prozent,Ausländer,,,,86.94
2012,Prozent,Ausländer,,,,86.34
2013,Prozent,Ausländer,,,,88.7
2014,Prozent,Ausländer,,,,87.97
2015,Prozent,Ausländer,,,,88.74
2016,Prozent,Ausländer,,,,86.1
2017,Prozent,Ausländer,,,,76.46
2018,Prozent,Ausländer,,,,78.2
2019,Prozent,Ausländer,,,,81.65
2020,Prozent,Ausländer,,,,83.21
1996,Prozent,Ausländer,,,,74.83
1997,Prozent,Ausländer,,,,74.75
1998,Prozent,Ausländer,,,,72.8
1999,Prozent,Ausländer,,,,74.62
2000,Prozent,Ausländer,,,,74.7
2001,Prozent,Ausländer,,,,72.1
2002,Prozent,Ausländer,,,,75.71
2003,Prozent,Ausländer,,,,77.71
2004,Prozent,Ausländer,,,,78.48
2005,Prozent,Ausländer,,,,80.0
2006,Prozent,Ausländer,,,,81.85
2007,Prozent,Ausländer,,,,83.36
2008,Prozent,Ausländer,,,,84.43
2009,Prozent,Ausländer,,,,85.36
2010,Prozent,Ausländer,,,,87.37
2011,Prozent,Ausländer,,,,89.43
2012,Prozent,Ausländer,,,,88.51
2013,Prozent,Ausländer,,,,89.12
2014,Prozent,Ausländer,,,,88.27
2015,Prozent,Ausländer,,,,86.53
2016,Prozent,Ausländer,,,,81.61
2017,Prozent,Ausländer,,,,78.97
2018,Prozent,Ausländer,,,,81.24
2019,Prozent,Ausländer,,,,82.2
2020,Prozent,Ausländer,,,,84.41
1996,Prozent,Ausländer,,,,80.1
1997,Prozent,Ausländer,,,,80.29
1998,Prozent,Ausländer,,,,76.8
1999,Prozent,Ausländer,,,,79.56
2000,Prozent,Ausländer,,,,80.18
2001,Prozent,Ausländer,,,,78.43
2002,Prozent,Ausländer,,,,80.94
2003,Prozent,Ausländer,,,,81.95
2004,Prozent,Ausländer,,,,83.27
2005,Prozent,Ausländer,,,,84.03
2006,Prozent,Ausländer,,,,85.71
2007,Prozent,Ausländer,,,,87.09
2008,Prozent,Ausländer,,,,87.6
2009,Prozent,Ausländer,,,,87.98
2010,Prozent,Ausländer,,,,89.93
2011,Prozent,Ausländer,,,,91.63
2012,Prozent,Ausländer,,,,90.88
2013,Prozent,Ausländer,,,,91.6
2014,Prozent,Ausländer,,,,90.86
2015,Prozent,Ausländer,,,,89.99
2016,Prozent,Ausländer,,,,88.58
2017,Prozent,Ausländer,,,,85.99
2018,Prozent,Ausländer,,,,85.69
2019,Prozent,Ausländer,,,,86.6
2020,Prozent,Ausländer,,,,87.37
1996,Prozent,Ausländer,,,,70.1
1997,Prozent,Ausländer,,,,69.56
1998,Prozent,Ausländer,,,,69.06
1999,Prozent,Ausländer,,,,69.97
2000,Prozent,Ausländer,,,,69.58
2001,Prozent,Ausländer,,,,66.2
2002,Prozent,Ausländer,,,,70.7
2003,Prozent,Ausländer,,,,73.84
2004,Prozent,Ausländer,,,,74.05
2005,Prozent,Ausländer,,,,76.28
2006,Prozent,Ausländer,,,,78.22
2007,Prozent,Ausländer,,,,79.91
2008,Prozent,Ausländer,,,,81.41
2009,Prozent,Ausländer,,,,82.81
2010,Prozent,Ausländer,,,,84.93
2011,Prozent,Ausländer,,,,87.3
2012,Prozent,Ausländer,,,,86.3
2013,Prozent,Ausländer,,,,86.76
2014,Prozent,Ausländer,,,,85.85
2015,Prozent,Ausländer,,,,83.54
2016,Prozent,Ausländer,,,,76.04
2017,Prozent,Ausländer,,,,73.36
2018,Prozent,Ausländer,,,,77.78
2019,Prozent,Ausländer,,,,78.45
2020,Prozent,Ausländer,,,,81.8
1996,Prozent,Ausländer,,,,73.26
1997,Prozent,Ausländer,,,,73.01
1998,Prozent,Ausländer,,,,69.4
1999,Prozent,Ausländer,,,,72.39
2000,Prozent,Ausländer,,,,74.45
2001,Prozent,Ausländer,,,,76.0
2002,Prozent,Ausländer,,,,75.94
2003,Prozent,Ausländer,,,,74.1
2004,Prozent,Ausländer,,,,77.07
2005,Prozent,Ausländer,,,,77.9
2006,Prozent,Ausländer,,,,79.25
2007,Prozent,Ausländer,,,,79.56
2008,Prozent,Ausländer,,,,80.27
2009,Prozent,Ausländer,,,,83.56
2010,Prozent,Ausländer,,,,82.95
2011,Prozent,Ausländer,,,,84.68
2012,Prozent,Ausländer,,,,87.36
2013,Prozent,Ausländer,,,,87.48
2014,Prozent,Ausländer,,,,83.53
2015,Prozent,Ausländer,,,,78.67
2016,Prozent,Ausländer,,,,81.0
2017,Prozent,Ausländer,,,,79.19
2018,Prozent,Ausländer,,,,78.29
2019,Prozent,Ausländer,,,,81.11
2020,Prozent,Ausländer,,,,92.78
1996,Prozent,Ausländer,,,,79.77
1997,Prozent,Ausländer,,,,78.27
1998,Prozent,Ausländer,,,,76.15
1999,Prozent,Ausländer,,,,78.44
2000,Prozent,Ausländer,,,,78.1
2001,Prozent,Ausländer,,,,80.95
2002,Prozent,Ausländer,,,,79.38
2003,Prozent,Ausländer,,,,79.6
2004,Prozent,Ausländer,,,,81.28
2005,Prozent,Ausländer,,,,83.0
2006,Prozent,Ausländer,,,,83.61
2007,Prozent,Ausländer,,,,82.45
2008,Prozent,Ausländer,,,,84.42
2009,Prozent,Ausländer,,,,85.77
2010,Prozent,Ausländer,,,,86.23
2011,Prozent,Ausländer,,,,87.89
2012,Prozent,Ausländer,,,,89.16
2013,Prozent,Ausländer,,,,89.56
2014,Prozent,Ausländer,,,,85.61
2015,Prozent,Ausländer,,,,82.37
2016,Prozent,Ausländer,,,,83.31
2017,Prozent,Ausländer,,,,82.39
2018,Prozent,Ausländer,,,,82.97
2019,Prozent,Ausländer,,,,85.28
2020,Prozent,Ausländer,,,,95.27
1996,Prozent,Ausländer,,,,67.53
1997,Prozent,Ausländer,,,,68.67
1998,Prozent,Ausländer,,,,63.83
1999,Prozent,Ausländer,,,,67.5
2000,Prozent,Ausländer,,,,71.11
2001,Prozent,Ausländer,,,,71.26
2002,Prozent,Ausländer,,,,72.91
2003,Prozent,Ausländer,,,,69.46
2004,Prozent,Ausländer,,,,73.35
2005,Prozent,Ausländer,,,,73.39
2006,Prozent,Ausländer,,,,75.3
2007,Prozent,Ausländer,,,,76.77
2008,Prozent,Ausländer,,,,76.54
2009,Prozent,Ausländer,,,,81.47
2010,Prozent,Ausländer,,,,79.9
2011,Prozent,Ausländer,,,,81.62
2012,Prozent,Ausländer,,,,85.49
2013,Prozent,Ausländer,,,,85.37
2014,Prozent,Ausländer,,,,81.5
2015,Prozent,Ausländer,,,,75.22
2016,Prozent,Ausländer,,,,79.05
2017,Prozent,Ausländer,,,,76.28
2018,Prozent,Ausländer,,,,74.35
2019,Prozent,Ausländer,,,,77.49
2020,Prozent,Ausländer,,,,90.6
1996,Prozent,Ausländer,,,,95.77
1997,Prozent,Ausländer,,,,92.74
1998,Prozent,Ausländer,,,,91.11
1999,Prozent,Ausländer,,,,90.96
2000,Prozent,Ausländer,,,,90.34
2001,Prozent,Ausländer,,,,92.43
2002,Prozent,Ausländer,,,,94.44
2003,Prozent,Ausländer,,,,89.97
2004,Prozent,Ausländer,,,,93.24
2005,Prozent,Ausländer,,,,86.35
2006,Prozent,Ausländer,,,,86.63
2007,Prozent,Ausländer,,,,90.48
2008,Prozent,Ausländer,,,,91.62
2009,Prozent,Ausländer,,,,94.91
2010,Prozent,Ausländer,,,,93.26
2011,Prozent,Ausländer,,,,92.94
2012,Prozent,Ausländer,,,,94.32
2013,Prozent,Ausländer,,,,93.98
2014,Prozent,Ausländer,,,,94.66
2015,Prozent,Ausländer,,,,94.51
2016,Prozent,Ausländer,,,,82.73
2017,Prozent,Ausländer,,,,82.68
2018,Prozent,Ausländer,,,,80.99
2019,Prozent,Ausländer,,,,83.94
2020,Prozent,Ausländer,,,,93.82
1996,Prozent,Ausländer,,,,100.0
1997,Prozent,Ausländer,,,,97.85
1998,Prozent,Ausländer,,,,94.26
1999,Prozent,Ausländer,,,,94.68
2000,Prozent,Ausländer,,,,92.92
2001,Prozent,Ausländer,,,,98.64
2002,Prozent,Ausländer,,,,97.67
2003,Prozent,Ausländer,,,,96.05
2004,Prozent,Ausländer,,,,96.17
2005,Prozent,Ausländer,,,,91.77
2006,Prozent,Ausländer,,,,89.94
2007,Prozent,Ausländer,,,,95.22
2008,Prozent,Ausländer,,,,95.02
2009,Prozent,Ausländer,,,,97.21
2010,Prozent,Ausländer,,,,95.79
2011,Prozent,Ausländer,,,,94.71
2012,Prozent,Ausländer,,,,98.17
2013,Prozent,Ausländer,,,,97.75
2014,Prozent,Ausländer,,,,97.33
2015,Prozent,Ausländer,,,,95.88
2016,Prozent,Ausländer,,,,90.37
2017,Prozent,Ausländer,,,,87.8
2018,Prozent,Ausländer,,,,83.66
2019,Prozent,Ausländer,,,,86.21
2020,Prozent,Ausländer,,,,92.39
1996,Prozent,Ausländer,,,,91.67
1997,Prozent,Ausländer,,,,87.21
1998,Prozent,Ausländer,,,,87.38
1999,Prozent,Ausländer,,,,87.23
2000,Prozent,Ausländer,,,,87.23
2001,Prozent,Ausländer,,,,83.65
2002,Prozent,Ausländer,,,,91.06
2003,Prozent,Ausländer,,,,83.67
2004,Prozent,Ausländer,,,,90.12
2005,Prozent,Ausländer,,,,80.89
2006,Prozent,Ausländer,,,,83.43
2007,Prozent,Ausländer,,,,84.02
2008,Prozent,Ausländer,,,,87.85
2009,Prozent,Ausländer,,,,92.26
2010,Prozent,Ausländer,,,,90.61
2011,Prozent,Ausländer,,,,91.3
2012,Prozent,Ausländer,,,,90.83
2013,Prozent,Ausländer,,,,90.06
2014,Prozent,Ausländer,,,,92.51
2015,Prozent,Ausländer,,,,93.33
2016,Prozent,Ausländer,,,,75.62
2017,Prozent,Ausländer,,,,79.52
2018,Prozent,Ausländer,,,,79.36
2019,Prozent,Ausländer,,,,82.61
2020,Prozent,Ausländer,,,,95.02
1996,Prozent,Ausländer,,,,77.57
1997,Prozent,Ausländer,,,,82.39
1998,Prozent,Ausländer,,,,82.37
1999,Prozent,Ausländer,,,,83.77
2000,Prozent,Ausländer,,,,80.04
2001,Prozent,Ausländer,,,,81.15
2002,Prozent,Ausländer,,,,85.68
2003,Prozent,Ausländer,,,,81.66
2004,Prozent,Ausländer,,,,82.22
2005,Prozent,Ausländer,,,,83.42
2006,Prozent,Ausländer,,,,85.44
2007,Prozent,Ausländer,,,,84.12
2008,Prozent,Ausländer,,,,88.37
2009,Prozent,Ausländer,,,,89.09
2010,Prozent,Ausländer,,,,90.1
2011,Prozent,Ausländer,,,,87.32
2012,Prozent,Ausländer,,,,91.16
2013,Prozent,Ausländer,,,,87.3
2014,Prozent,Ausländer,,,,90.04
2015,Prozent,Ausländer,,,,89.49
2016,Prozent,Ausländer,,,,84.6
2017,Prozent,Ausländer,,,,78.68
2018,Prozent,Ausländer,,,,79.74
2019,Prozent,Ausländer,,,,73.86
2020,Prozent,Ausländer,,,,76.39
1996,Prozent,Ausländer,,,,80.98
1997,Prozent,Ausländer,,,,86.85
1998,Prozent,Ausländer,,,,84.75
1999,Prozent,Ausländer,,,,88.36
2000,Prozent,Ausländer,,,,84.3
2001,Prozent,Ausländer,,,,86.67
2002,Prozent,Ausländer,,,,88.65
2003,Prozent,Ausländer,,,,82.75
2004,Prozent,Ausländer,,,,85.85
2005,Prozent,Ausländer,,,,88.08
2006,Prozent,Ausländer,,,,90.91
2007,Prozent,Ausländer,,,,86.8
2008,Prozent,Ausländer,,,,90.94
2009,Prozent,Ausländer,,,,91.19
2010,Prozent,Ausländer,,,,92.42
2011,Prozent,Ausländer,,,,91.43
2012,Prozent,Ausländer,,,,92.59
2013,Prozent,Ausländer,,,,89.73
2014,Prozent,Ausländer,,,,91.18
2015,Prozent,Ausländer,,,,94.41
2016,Prozent,Ausländer,,,,87.18
2017,Prozent,Ausländer,,,,82.91
2018,Prozent,Ausländer,,,,82.07
2019,Prozent,Ausländer,,,,75.29
2020,Prozent,Ausländer,,,,78.31
1996,Prozent,Ausländer,,,,74.6
1997,Prozent,Ausländer,,,,78.67
1998,Prozent,Ausländer,,,,80.18
1999,Prozent,Ausländer,,,,79.58
2000,Prozent,Ausländer,,,,76.09
2001,Prozent,Ausländer,,,,76.06
2002,Prozent,Ausländer,,,,82.52
2003,Prozent,Ausländer,,,,80.58
2004,Prozent,Ausländer,,,,78.95
2005,Prozent,Ausländer,,,,79.11
2006,Prozent,Ausländer,,,,80.18
2007,Prozent,Ausländer,,,,81.71
2008,Prozent,Ausländer,,,,85.98
2009,Prozent,Ausländer,,,,86.79
2010,Prozent,Ausländer,,,,87.82
2011,Prozent,Ausländer,,,,82.91
2012,Prozent,Ausländer,,,,89.8
2013,Prozent,Ausländer,,,,85.14
2014,Prozent,Ausländer,,,,88.89
2015,Prozent,Ausländer,,,,86.15
2016,Prozent,Ausländer,,,,82.23
2017,Prozent,Ausländer,,,,75.05
2018,Prozent,Ausländer,,,,77.95
2019,Prozent,Ausländer,,,,72.79
2020,Prozent,Ausländer,,,,74.8
1996,Prozent,Ausländer,,,,81.36
1997,Prozent,Ausländer,,,,82.77
1998,Prozent,Ausländer,,,,81.85
1999,Prozent,Ausländer,,,,79.56
2000,Prozent,Ausländer,,,,79.49
2001,Prozent,Ausländer,,,,80.28
2002,Prozent,Ausländer,,,,82.32
2003,Prozent,Ausländer,,,,81.75
2004,Prozent,Ausländer,,,,80.12
2005,Prozent,Ausländer,,,,80.14
2006,Prozent,Ausländer,,,,79.56
2007,Prozent,Ausländer,,,,81.56
2008,Prozent,Ausländer,,,,84.72
2009,Prozent,Ausländer,,,,85.14
2010,Prozent,Ausländer,,,,87.37
2011,Prozent,Ausländer,,,,87.57
2012,Prozent,Ausländer,,,,89.54
2013,Prozent,Ausländer,,,,90.48
2014,Prozent,Ausländer,,,,90.05
2015,Prozent,Ausländer,,,,89.6
2016,Prozent,Ausländer,,,,86.49
2017,Prozent,Ausländer,,,,87.61
2018,Prozent,Ausländer,,,,84.93
2019,Prozent,Ausländer,,,,86.67
2020,Prozent,Ausländer,,,,84.47
1996,Prozent,Ausländer,,,,83.79
1997,Prozent,Ausländer,,,,85.97
1998,Prozent,Ausländer,,,,85.15
1999,Prozent,Ausländer,,,,84.79
2000,Prozent,Ausländer,,,,81.87
2001,Prozent,Ausländer,,,,84.51
2002,Prozent,Ausländer,,,,85.48
2003,Prozent,Ausländer,,,,85.78
2004,Prozent,Ausländer,,,,83.84
2005,Prozent,Ausländer,,,,83.76
2006,Prozent,Ausländer,,,,81.52
2007,Prozent,Ausländer,,,,84.19
2008,Prozent,Ausländer,,,,87.27
2009,Prozent,Ausländer,,,,87.51
2010,Prozent,Ausländer,,,,90.0
2011,Prozent,Ausländer,,,,88.99
2012,Prozent,Ausländer,,,,91.59
2013,Prozent,Ausländer,,,,91.6
2014,Prozent,Ausländer,,,,92.13
2015,Prozent,Ausländer,,,,91.94
2016,Prozent,Ausländer,,,,88.29
2017,Prozent,Ausländer,,,,89.0
2018,Prozent,Ausländer,,,,87.3
2019,Prozent,Ausländer,,,,89.16
2020,Prozent,Ausländer,,,,86.95
1996,Prozent,Ausländer,,,,79.22
1997,Prozent,Ausländer,,,,79.8
1998,Prozent,Ausländer,,,,79.02
1999,Prozent,Ausländer,,,,75.0
2000,Prozent,Ausländer,,,,77.44
2001,Prozent,Ausländer,,,,76.46
2002,Prozent,Ausländer,,,,79.57
2003,Prozent,Ausländer,,,,78.06
2004,Prozent,Ausländer,,,,76.68
2005,Prozent,Ausländer,,,,76.79
2006,Prozent,Ausländer,,,,77.86
2007,Prozent,Ausländer,,,,79.04
2008,Prozent,Ausländer,,,,82.25
2009,Prozent,Ausländer,,,,82.9
2010,Prozent,Ausländer,,,,84.67
2011,Prozent,Ausländer,,,,86.17
2012,Prozent,Ausländer,,,,87.41
2013,Prozent,Ausländer,,,,89.32
2014,Prozent,Ausländer,,,,87.99
2015,Prozent,Ausländer,,,,87.09
2016,Prozent,Ausländer,,,,84.74
2017,Prozent,Ausländer,,,,86.4
2018,Prozent,Ausländer,,,,83.05
2019,Prozent,Ausländer,,,,84.68
2020,Prozent,Ausländer,,,,82.42
1996,Prozent,Ausländer,,,,79.03
1997,Prozent,Ausländer,,,,80.47
1998,Prozent,Ausländer,,,,81.97
1999,Prozent,Ausländer,,,,79.9
2000,Prozent,Ausländer,,,,78.53
2001,Prozent,Ausländer,,,,80.03
2002,Prozent,Ausländer,,,,80.9
2003,Prozent,Ausländer,,,,81.15
2004,Prozent,Ausländer,,,,81.77
2005,Prozent,Ausländer,,,,83.2
2006,Prozent,Ausländer,,,,83.91
2007,Prozent,Ausländer,,,,83.96
2008,Prozent,Ausländer,,,,87.08
2009,Prozent,Ausländer,,,,85.85
2010,Prozent,Ausländer,,,,86.96
2011,Prozent,Ausländer,,,,88.33
2012,Prozent,Ausländer,,,,89.04
2013,Prozent,Ausländer,,,,90.32
2014,Prozent,Ausländer,,,,90.72
2015,Prozent,Ausländer,,,,91.87
2016,Prozent,Ausländer,,,,89.84
2017,Prozent,Ausländer,,,,89.7
2018,Prozent,Ausländer,,,,89.73
2019,Prozent,Ausländer,,,,88.75
2020,Prozent,Ausländer,,,,90.36
1996,Prozent,Ausländer,,,,83.19
1997,Prozent,Ausländer,,,,84.17
1998,Prozent,Ausländer,,,,85.9
1999,Prozent,Ausländer,,,,83.86
2000,Prozent,Ausländer,,,,82.65
2001,Prozent,Ausländer,,,,83.58
2002,Prozent,Ausländer,,,,83.88
2003,Prozent,Ausländer,,,,84.35
2004,Prozent,Ausländer,,,,84.94
2005,Prozent,Ausländer,,,,86.68
2006,Prozent,Ausländer,,,,86.02
2007,Prozent,Ausländer,,,,86.06
2008,Prozent,Ausländer,,,,88.73
2009,Prozent,Ausländer,,,,88.37
2010,Prozent,Ausländer,,,,89.63
2011,Prozent,Ausländer,,,,89.66
2012,Prozent,Ausländer,,,,91.22
2013,Prozent,Ausländer,,,,91.64
2014,Prozent,Ausländer,,,,92.91
2015,Prozent,Ausländer,,,,93.77
2016,Prozent,Ausländer,,,,92.19
2017,Prozent,Ausländer,,,,91.22
2018,Prozent,Ausländer,,,,91.93
2019,Prozent,Ausländer,,,,91.14
2020,Prozent,Ausländer,,,,92.91
1996,Prozent,Ausländer,,,,75.41
1997,Prozent,Ausländer,,,,77.08
1998,Prozent,Ausländer,,,,78.38
1999,Prozent,Ausländer,,,,76.41
2000,Prozent,Ausländer,,,,74.88
2001,Prozent,Ausländer,,,,76.77
2002,Prozent,Ausländer,,,,78.18
2003,Prozent,Ausländer,,,,78.39
2004,Prozent,Ausländer,,,,78.95
2005,Prozent,Ausländer,,,,79.99
2006,Prozent,Ausländer,,,,81.9
2007,Prozent,Ausländer,,,,81.96
2008,Prozent,Ausländer,,,,85.43
2009,Prozent,Ausländer,,,,83.4
2010,Prozent,Ausländer,,,,84.34
2011,Prozent,Ausländer,,,,87.03
2012,Prozent,Ausländer,,,,86.94
2013,Prozent,Ausländer,,,,89.02
2014,Prozent,Ausländer,,,,88.56
2015,Prozent,Ausländer,,,,90.04
2016,Prozent,Ausländer,,,,87.62
2017,Prozent,Ausländer,,,,88.37
2018,Prozent,Ausländer,,,,87.99
2019,Prozent,Ausländer,,,,86.68
2020,Prozent,Ausländer,,,,88.1
1996,Prozent,Ausländer,,,,87.18
1997,Prozent,Ausländer,,,,85.71
1998,Prozent,Ausländer,,,,73.91
1999,Prozent,Ausländer,,,,78.69
2000,Prozent,Ausländer,,,,85.59
2001,Prozent,Ausländer,,,,73.02
2002,Prozent,Ausländer,,,,83.45
2003,Prozent,Ausländer,,,,79.45
2004,Prozent,Ausländer,,,,85.34
2005,Prozent,Ausländer,,,,78.7
2006,Prozent,Ausländer,,,,85.19
2007,Prozent,Ausländer,,,,81.53
2008,Prozent,Ausländer,,,,86.7
2009,Prozent,Ausländer,,,,85.31
2010,Prozent,Ausländer,,,,83.81
2011,Prozent,Ausländer,,,,81.94
2012,Prozent,Ausländer,,,,89.3
2013,Prozent,Ausländer,,,,83.11
2014,Prozent,Ausländer,,,,87.23
2015,Prozent,Ausländer,,,,91.76
2016,Prozent,Ausländer,,,,84.08
2017,Prozent,Ausländer,,,,80.18
2018,Prozent,Ausländer,,,,75.0
2019,Prozent,Ausländer,,,,79.18
2020,Prozent,Ausländer,,,,87.74
1996,Prozent,Ausländer,,,,100.0
1997,Prozent,Ausländer,,,,90.0
1998,Prozent,Ausländer,,,,73.68
1999,Prozent,Ausländer,,,,79.66
2000,Prozent,Ausländer,,,,91.55
2001,Prozent,Ausländer,,,,83.33
2002,Prozent,Ausländer,,,,94.59
2003,Prozent,Ausländer,,,,88.0
2004,Prozent,Ausländer,,,,91.47
2005,Prozent,Ausländer,,,,86.54
2006,Prozent,Ausländer,,,,88.61
2007,Prozent,Ausländer,,,,82.93
2008,Prozent,Ausländer,,,,92.11
2009,Prozent,Ausländer,,,,89.91
2010,Prozent,Ausländer,,,,88.24
2011,Prozent,Ausländer,,,,87.39
2012,Prozent,Ausländer,,,,90.43
2013,Prozent,Ausländer,,,,85.84
2014,Prozent,Ausländer,,,,89.83
2015,Prozent,Ausländer,,,,92.7
2016,Prozent,Ausländer,,,,90.32
2017,Prozent,Ausländer,,,,89.94
2018,Prozent,Ausländer,,,,84.69
2019,Prozent,Ausländer,,,,82.8
2020,Prozent,Ausländer,,,,91.13
1996,Prozent,Ausländer,,,,75.0
1997,Prozent,Ausländer,,,,81.82
1998,Prozent,Ausländer,,,,74.07
1999,Prozent,Ausländer,,,,77.78
2000,Prozent,Ausländer,,,,76.6
2001,Prozent,Ausländer,,,,63.64
2002,Prozent,Ausländer,,,,71.83
2003,Prozent,Ausländer,,,,70.42
2004,Prozent,Ausländer,,,,77.67
2005,Prozent,Ausländer,,,,71.43
2006,Prozent,Ausländer,,,,82.73
2007,Prozent,Ausländer,,,,80.0
2008,Prozent,Ausländer,,,,80.77
2009,Prozent,Ausländer,,,,80.39
2010,Prozent,Ausländer,,,,79.63
2011,Prozent,Ausländer,,,,76.72
2012,Prozent,Ausländer,,,,88.28
2013,Prozent,Ausländer,,,,80.19
2014,Prozent,Ausländer,,,,84.62
2015,Prozent,Ausländer,,,,90.85
2016,Prozent,Ausländer,,,,78.65
2017,Prozent,Ausländer,,,,73.33
2018,Prozent,Ausländer,,,,69.66
2019,Prozent,Ausländer,,,,76.82
2020,Prozent,Ausländer,,,,85.14
1996,Prozent,Ausländer,,,,72.75
1997,Prozent,Ausländer,,,,72.74
1998,Prozent,Ausländer,,,,74.82
1999,Prozent,Ausländer,,,,74.08
2000,Prozent,Ausländer,,,,72.35
2001,Prozent,Ausländer,,,,72.6
2002,Prozent,Ausländer,,,,73.43
2003,Prozent,Ausländer,,,,71.54
2004,Prozent,Ausländer,,,,77.64
2005,Prozent,Ausländer,,,,74.99
2006,Prozent,Ausländer,,,,75.08
2007,Prozent,Ausländer,,,,79.87
2008,Prozent,Ausländer,,,,79.99
2009,Prozent,Ausländer,,,,82.71
2010,Prozent,Ausländer,,,,83.79
2011,Prozent,Ausländer,,,,84.33
2012,Prozent,Ausländer,,,,86.37
2013,Prozent,Ausländer,,,,86.31
2014,Prozent,Ausländer,,,,87.78
2015,Prozent,Ausländer,,,,85.58
2016,Prozent,Ausländer,,,,83.71
2017,Prozent,Ausländer,,,,77.08
2018,Prozent,Ausländer,,,,77.15
2019,Prozent,Ausländer,,,,76.87
2020,Prozent,Ausländer,,,,79.55
1996,Prozent,Ausländer,,,,77.39
1997,Prozent,Ausländer,,,,77.38
1998,Prozent,Ausländer,,,,80.09
1999,Prozent,Ausländer,,,,79.91
2000,Prozent,Ausländer,,,,78.29
2001,Prozent,Ausländer,,,,78.5
2002,Prozent,Ausländer,,,,79.39
2003,Prozent,Ausländer,,,,77.11
2004,Prozent,Ausländer,,,,82.59
2005,Prozent,Ausländer,,,,80.47
2006,Prozent,Ausländer,,,,80.29
2007,Prozent,Ausländer,,,,84.13
2008,Prozent,Ausländer,,,,84.02
2009,Prozent,Ausländer,,,,86.18
2010,Prozent,Ausländer,,,,87.12
2011,Prozent,Ausländer,,,,87.83
2012,Prozent,Ausländer,,,,88.97
2013,Prozent,Ausländer,,,,87.67
2014,Prozent,Ausländer,,,,88.58
2015,Prozent,Ausländer,,,,86.47
2016,Prozent,Ausländer,,,,85.79
2017,Prozent,Ausländer,,,,81.97
2018,Prozent,Ausländer,,,,80.63
2019,Prozent,Ausländer,,,,80.46
2020,Prozent,Ausländer,,,,82.14
1996,Prozent,Ausländer,,,,68.58
1997,Prozent,Ausländer,,,,68.59
1998,Prozent,Ausländer,,,,70.57
1999,Prozent,Ausländer,,,,68.86
2000,Prozent,Ausländer,,,,67.16
2001,Prozent,Ausländer,,,,67.37
2002,Prozent,Ausländer,,,,68.05
2003,Prozent,Ausländer,,,,67.12
2004,Prozent,Ausländer,,,,73.52
2005,Prozent,Ausländer,,,,70.44
2006,Prozent,Ausländer,,,,70.37
2007,Prozent,Ausländer,,,,75.92
2008,Prozent,Ausländer,,,,76.21
2009,Prozent,Ausländer,,,,79.43
2010,Prozent,Ausländer,,,,80.65
2011,Prozent,Ausländer,,,,80.96
2012,Prozent,Ausländer,,,,83.91
2013,Prozent,Ausländer,,,,85.03
2014,Prozent,Ausländer,,,,87.04
2015,Prozent,Ausländer,,,,84.74
2016,Prozent,Ausländer,,,,81.82
2017,Prozent,Ausländer,,,,73.24
2018,Prozent,Ausländer,,,,74.52
2019,Prozent,Ausländer,,,,73.9
2020,Prozent,Ausländer,,,,77.23
1996,Prozent,Ausländer,,,,87.33
1997,Prozent,Ausländer,,,,87.02
1998,Prozent,Ausländer,,,,87.21
1999,Prozent,Ausländer,,,,87.73
2000,Prozent,Ausländer,,,,86.85
2001,Prozent,Ausländer,,,,86.36
2002,Prozent,Ausländer,,,,85.59
2003,Prozent,Ausländer,,,,86.27
2004,Prozent,Ausländer,,,,86.08
2005,Prozent,Ausländer,,,,85.94
2006,Prozent,Ausländer,,,,86.21
2007,Prozent,Ausländer,,,,85.76
2008,Prozent,Ausländer,,,,85.94
2009,Prozent,Ausländer,,,,86.86
2010,Prozent,Ausländer,,,,87.72
2011,Prozent,Ausländer,,,,88.65
2012,Prozent,Ausländer,,,,88.99
2013,Prozent,Ausländer,,,,89.76
2014,Prozent,Ausländer,,,,88.45
2015,Prozent,Ausländer,,,,88.88
2016,Prozent,Ausländer,,,,88.39
2017,Prozent,Ausländer,,,,84.61
2018,Prozent,Ausländer,,,,84.01
2019,Prozent,Ausländer,,,,84.11
2020,Prozent,Ausländer,,,,86.75
1996,Prozent,Ausländer,,,,90.22
1997,Prozent,Ausländer,,,,90.23
1998,Prozent,Ausländer,,,,90.41
1999,Prozent,Ausländer,,,,90.43
2000,Prozent,Ausländer,,,,89.66
2001,Prozent,Ausländer,,,,89.52
2002,Prozent,Ausländer,,,,88.65
2003,Prozent,Ausländer,,,,88.98
2004,Prozent,Ausländer,,,,89.16
2005,Prozent,Ausländer,,,,89.08
2006,Prozent,Ausländer,,,,88.81
2007,Prozent,Ausländer,,,,88.52
2008,Prozent,Ausländer,,,,88.56
2009,Prozent,Ausländer,,,,88.67
2010,Prozent,Ausländer,,,,89.59
2011,Prozent,Ausländer,,,,90.52
2012,Prozent,Ausländer,,,,90.64
2013,Prozent,Ausländer,,,,91.47
2014,Prozent,Ausländer,,,,90.31
2015,Prozent,Ausländer,,,,90.39
2016,Prozent,Ausländer,,,,90.27
2017,Prozent,Ausländer,,,,87.8
2018,Prozent,Ausländer,,,,86.67
2019,Prozent,Ausländer,,,,86.48
2020,Prozent,Ausländer,,,,89.09
1996,Prozent,Ausländer,,,,84.68
1997,Prozent,Ausländer,,,,84.14
1998,Prozent,Ausländer,,,,84.26
1999,Prozent,Ausländer,,,,85.2
2000,Prozent,Ausländer,,,,84.15
2001,Prozent,Ausländer,,,,83.45
2002,Prozent,Ausländer,,,,82.65
2003,Prozent,Ausländer,,,,83.72
2004,Prozent,Ausländer,,,,83.05
2005,Prozent,Ausländer,,,,83.08
2006,Prozent,Ausländer,,,,83.78
2007,Prozent,Ausländer,,,,83.14
2008,Prozent,Ausländer,,,,83.35
2009,Prozent,Ausländer,,,,85.1
2010,Prozent,Ausländer,,,,85.88
2011,Prozent,Ausländer,,,,86.86
2012,Prozent,Ausländer,,,,87.39
2013,Prozent,Ausländer,,,,88.06
2014,Prozent,Ausländer,,,,86.67
2015,Prozent,Ausländer,,,,87.44
2016,Prozent,Ausländer,,,,86.61
2017,Prozent,Ausländer,,,,81.7
2018,Prozent,Ausländer,,,,81.72
2019,Prozent,Ausländer,,,,82.02
2020,Prozent,Ausländer,,,,84.6
1996,Prozent,Ausländer,,,,78.34
1997,Prozent,Ausländer,,,,77.16
1998,Prozent,Ausländer,,,,74.8
1999,Prozent,Ausländer,,,,73.01
2000,Prozent,Ausländer,,,,74.77
2001,Prozent,Ausländer,,,,76.79
2002,Prozent,Ausländer,,,,78.12
2003,Prozent,Ausländer,,,,74.56
2004,Prozent,Ausländer,,,,78.52
2005,Prozent,Ausländer,,,,84.96
2006,Prozent,Ausländer,,,,83.22
2007,Prozent,Ausländer,,,,84.9
2008,Prozent,Ausländer,,,,84.1
2009,Prozent,Ausländer,,,,86.37
2010,Prozent,Ausländer,,,,88.19
2011,Prozent,Ausländer,,,,89.17
2012,Prozent,Ausländer,,,,89.98
2013,Prozent,Ausländer,,,,89.66
2014,Prozent,Ausländer,,,,89.03
2015,Prozent,Ausländer,,,,88.14
2016,Prozent,Ausländer,,,,85.99
2017,Prozent,Ausländer,,,,82.43
2018,Prozent,Ausländer,,,,82.13
2019,Prozent,Ausländer,,,,82.19
2020,Prozent,Ausländer,,,,85.87
1996,Prozent,Ausländer,,,,84.84
1997,Prozent,Ausländer,,,,81.93
1998,Prozent,Ausländer,,,,81.25
1999,Prozent,Ausländer,,,,79.73
2000,Prozent,Ausländer,,,,81.06
2001,Prozent,Ausländer,,,,81.8
2002,Prozent,Ausländer,,,,82.88
2003,Prozent,Ausländer,,,,75.96
2004,Prozent,Ausländer,,,,83.19
2005,Prozent,Ausländer,,,,87.27
2006,Prozent,Ausländer,,,,88.08
2007,Prozent,Ausländer,,,,88.83
2008,Prozent,Ausländer,,,,87.21
2009,Prozent,Ausländer,,,,89.78
2010,Prozent,Ausländer,,,,90.6
2011,Prozent,Ausländer,,,,91.32
2012,Prozent,Ausländer,,,,92.0
2013,Prozent,Ausländer,,,,92.19
2014,Prozent,Ausländer,,,,90.51
2015,Prozent,Ausländer,,,,90.49
2016,Prozent,Ausländer,,,,90.3
2017,Prozent,Ausländer,,,,86.9
2018,Prozent,Ausländer,,,,87.23
2019,Prozent,Ausländer,,,,86.59
2020,Prozent,Ausländer,,,,89.58
1996,Prozent,Ausländer,,,,73.15
1997,Prozent,Ausländer,,,,72.91
1998,Prozent,Ausländer,,,,69.49
1999,Prozent,Ausländer,,,,67.54
2000,Prozent,Ausländer,,,,69.43
2001,Prozent,Ausländer,,,,72.61
2002,Prozent,Ausländer,,,,73.63
2003,Prozent,Ausländer,,,,72.91
2004,Prozent,Ausländer,,,,73.95
2005,Prozent,Ausländer,,,,82.78
2006,Prozent,Ausländer,,,,78.8
2007,Prozent,Ausländer,,,,81.15
2008,Prozent,Ausländer,,,,81.15
2009,Prozent,Ausländer,,,,83.28
2010,Prozent,Ausländer,,,,85.92
2011,Prozent,Ausländer,,,,87.15
2012,Prozent,Ausländer,,,,88.08
2013,Prozent,Ausländer,,,,87.31
2014,Prozent,Ausländer,,,,87.63
2015,Prozent,Ausländer,,,,86.06
2016,Prozent,Ausländer,,,,82.16
2017,Prozent,Ausländer,,,,78.71
2018,Prozent,Ausländer,,,,78.3
2019,Prozent,Ausländer,,,,78.45
2020,Prozent,Ausländer,,,,82.71
1996,Prozent,Ausländer,,,,76.62
1997,Prozent,Ausländer,,,,82.82
1998,Prozent,Ausländer,,,,80.57
1999,Prozent,Ausländer,,,,79.21
2000,Prozent,Ausländer,,,,76.11
2001,Prozent,Ausländer,,,,80.79
2002,Prozent,Ausländer,,,,83.09
2003,Prozent,Ausländer,,,,82.31
2004,Prozent,Ausländer,,,,83.25
2005,Prozent,Ausländer,,,,84.88
2006,Prozent,Ausländer,,,,85.9
2007,Prozent,Ausländer,,,,88.1
2008,Prozent,Ausländer,,,,87.91
2009,Prozent,Ausländer,,,,89.67
2010,Prozent,Ausländer,,,,89.76
2011,Prozent,Ausländer,,,,91.0
2012,Prozent,Ausländer,,,,93.21
2013,Prozent,Ausländer,,,,91.69
2014,Prozent,Ausländer,,,,92.54
2015,Prozent,Ausländer,,,,90.84
2016,Prozent,Ausländer,,,,82.98
2017,Prozent,Ausländer,,,,84.89
2018,Prozent,Ausländer,,,,79.79
2019,Prozent,Ausländer,,,,78.45
2020,Prozent,Ausländer,,,,81.92
1996,Prozent,Ausländer,,,,76.62
1997,Prozent,Ausländer,,,,82.82
1998,Prozent,Ausländer,,,,80.57
1999,Prozent,Ausländer,,,,79.21
2000,Prozent,Ausländer,,,,76.11
2001,Prozent,Ausländer,,,,80.79
2002,Prozent,Ausländer,,,,83.09
2003,Prozent,Ausländer,,,,82.31
2004,Prozent,Ausländer,,,,83.25
2005,Prozent,Ausländer,,,,84.88
2006,Prozent,Ausländer,,,,85.9
2007,Prozent,Ausländer,,,,88.1
2008,Prozent,Ausländer,,,,87.91
2009,Prozent,Ausländer,,,,89.67
2010,Prozent,Ausländer,,,,89.76
2011,Prozent,Ausländer,,,,91.0
2012,Prozent,Ausländer,,,,93.21
2013,Prozent,Ausländer,,,,91.69
2014,Prozent,Ausländer,,,,92.54
2015,Prozent,Ausländer,,,,90.84
2016,Prozent,Ausländer,,,,82.98
2017,Prozent,Ausländer,,,,84.89
2018,Prozent,Ausländer,,,,79.79
2019,Prozent,Ausländer,,,,83.86
2020,Prozent,Ausländer,,,,82.01
1996,Prozent,Ausländer,,,,67.72
1997,Prozent,Ausländer,,,,73.36
1998,Prozent,Ausländer,,,,70.9
1999,Prozent,Ausländer,,,,70.56
2000,Prozent,Ausländer,,,,70.29
2001,Prozent,Ausländer,,,,68.13
2002,Prozent,Ausländer,,,,72.62
2003,Prozent,Ausländer,,,,78.01
2004,Prozent,Ausländer,,,,75.37
2005,Prozent,Ausländer,,,,79.06
2006,Prozent,Ausländer,,,,81.9
2007,Prozent,Ausländer,,,,80.42
2008,Prozent,Ausländer,,,,81.17
2009,Prozent,Ausländer,,,,82.93
2010,Prozent,Ausländer,,,,85.81
2011,Prozent,Ausländer,,,,87.84
2012,Prozent,Ausländer,,,,86.67
2013,Prozent,Ausländer,,,,88.59
2014,Prozent,Ausländer,,,,87.79
2015,Prozent,Ausländer,,,,85.16
2016,Prozent,Ausländer,,,,66.92
2017,Prozent,Ausländer,,,,68.35
2018,Prozent,Ausländer,,,,71.94
2019,Prozent,Ausländer,,,,73.84
2020,Prozent,Ausländer,,,,81.83
1996,Prozent,Ausländer,,,,63.87
1997,Prozent,Ausländer,,,,69.06
1998,Prozent,Ausländer,,,,68.83
1999,Prozent,Ausländer,,,,73.29
2000,Prozent,Ausländer,,,,80.17
2001,Prozent,Ausländer,,,,75.35
2002,Prozent,Ausländer,,,,68.18
2003,Prozent,Ausländer,,,,77.86
2004,Prozent,Ausländer,,,,80.12
2005,Prozent,Ausländer,,,,80.69
2006,Prozent,Ausländer,,,,81.16
2007,Prozent,Ausländer,,,,79.42
2008,Prozent,Ausländer,,,,83.77
2009,Prozent,Ausländer,,,,88.1
2010,Prozent,Ausländer,,,,84.83
2011,Prozent,Ausländer,,,,88.31
2012,Prozent,Ausländer,,,,89.42
2013,Prozent,Ausländer,,,,84.83
2014,Prozent,Ausländer,,,,84.62
2015,Prozent,Ausländer,,,,85.25
2016,Prozent,Ausländer,,,,84.6
2017,Prozent,Ausländer,,,,81.78
2018,Prozent,Ausländer,,,,77.35
2019,Prozent,Ausländer,,,,79.09
2020,Prozent,Ausländer,,,,83.25
1996,Prozent,Ausländer,,,,75.51
1997,Prozent,Ausländer,,,,72.5
1998,Prozent,Ausländer,,,,73.91
1999,Prozent,Ausländer,,,,74.22
2000,Prozent,Ausländer,,,,87.67
2001,Prozent,Ausländer,,,,85.0
2002,Prozent,Ausländer,,,,72.63
2003,Prozent,Ausländer,,,,84.92
2004,Prozent,Ausländer,,,,86.83
2005,Prozent,Ausländer,,,,84.7
2006,Prozent,Ausländer,,,,89.27
2007,Prozent,Ausländer,,,,85.71
2008,Prozent,Ausländer,,,,90.41
2009,Prozent,Ausländer,,,,91.34
2010,Prozent,Ausländer,,,,89.84
2011,Prozent,Ausländer,,,,90.57
2012,Prozent,Ausländer,,,,91.75
2013,Prozent,Ausländer,,,,87.88
2014,Prozent,Ausländer,,,,87.29
2015,Prozent,Ausländer,,,,88.4
2016,Prozent,Ausländer,,,,87.58
2017,Prozent,Ausländer,,,,86.26
2018,Prozent,Ausländer,,,,83.9
2019,Prozent,Ausländer,,,,82.65
2020,Prozent,Ausländer,,,,87.54
1996,Prozent,Ausländer,,,,55.71
1997,Prozent,Ausländer,,,,64.41
1998,Prozent,Ausländer,,,,64.71
1999,Prozent,Ausländer,,,,72.48
2000,Prozent,Ausländer,,,,73.0
2001,Prozent,Ausländer,,,,66.81
2002,Prozent,Ausländer,,,,63.59
2003,Prozent,Ausländer,,,,71.53
2004,Prozent,Ausländer,,,,73.33
2005,Prozent,Ausländer,,,,76.87
2006,Prozent,Ausländer,,,,74.27
2007,Prozent,Ausländer,,,,73.2
2008,Prozent,Ausländer,,,,77.03
2009,Prozent,Ausländer,,,,84.75
2010,Prozent,Ausländer,,,,80.04
2011,Prozent,Ausländer,,,,86.18
2012,Prozent,Ausländer,,,,87.23
2013,Prozent,Ausländer,,,,81.98
2014,Prozent,Ausländer,,,,82.21
2015,Prozent,Ausländer,,,,82.4
2016,Prozent,Ausländer,,,,82.03
2017,Prozent,Ausländer,,,,78.08
2018,Prozent,Ausländer,,,,72.51
2019,Prozent,Ausländer,,,,76.35
2020,Prozent,Ausländer,,,,79.62
1996,Prozent,Ausländer,,,,70.49
1997,Prozent,Ausländer,,,,60.66
1998,Prozent,Ausländer,,,,63.95
1999,Prozent,Ausländer,,,,72.0
2000,Prozent,Ausländer,,,,70.95
2001,Prozent,Ausländer,,,,72.11
2002,Prozent,Ausländer,,,,64.62
2003,Prozent,Ausländer,,,,64.41
2004,Prozent,Ausländer,,,,64.42
2005,Prozent,Ausländer,,,,71.0
2006,Prozent,Ausländer,,,,75.86
2007,Prozent,Ausländer,,,,78.54
2008,Prozent,Ausländer,,,,82.66
2009,Prozent,Ausländer,,,,82.19
2010,Prozent,Ausländer,,,,81.15
2011,Prozent,Ausländer,,,,81.01
2012,Prozent,Ausländer,,,,83.49
2013,Prozent,Ausländer,,,,87.11
2014,Prozent,Ausländer,,,,81.02
2015,Prozent,Ausländer,,,,75.1
2016,Prozent,Ausländer,,,,66.01
2017,Prozent,Ausländer,,,,60.0
2018,Prozent,Ausländer,,,,61.79
2019,Prozent,Ausländer,,,,70.63
2020,Prozent,Ausländer,,,,75.26
1996,Prozent,Ausländer,,,,81.82
1997,Prozent,Ausländer,,,,67.92
1998,Prozent,Ausländer,,,,74.6
1999,Prozent,Ausländer,,,,80.33
2000,Prozent,Ausländer,,,,86.15
2001,Prozent,Ausländer,,,,87.93
2002,Prozent,Ausländer,,,,85.45
2003,Prozent,Ausländer,,,,78.48
2004,Prozent,Ausländer,,,,74.44
2005,Prozent,Ausländer,,,,73.64
2006,Prozent,Ausländer,,,,86.36
2007,Prozent,Ausländer,,,,88.3
2008,Prozent,Ausländer,,,,82.88
2009,Prozent,Ausländer,,,,87.37
2010,Prozent,Ausländer,,,,79.31
2011,Prozent,Ausländer,,,,81.3
2012,Prozent,Ausländer,,,,87.07
2013,Prozent,Ausländer,,,,91.45
2014,Prozent,Ausländer,,,,85.04
2015,Prozent,Ausländer,,,,79.28
2016,Prozent,Ausländer,,,,73.95
2017,Prozent,Ausländer,,,,69.38
2018,Prozent,Ausländer,,,,66.22
2019,Prozent,Ausländer,,,,76.42
2020,Prozent,Ausländer,,,,80.65
1996,Prozent,Ausländer,,,,64.1
1997,Prozent,Ausländer,,,,55.07
1998,Prozent,Ausländer,,,,55.95
1999,Prozent,Ausländer,,,,64.06
2000,Prozent,Ausländer,,,,59.04
2001,Prozent,Ausländer,,,,61.8
2002,Prozent,Ausländer,,,,49.33
2003,Prozent,Ausländer,,,,53.06
2004,Prozent,Ausländer,,,,56.78
2005,Prozent,Ausländer,,,,67.78
2006,Prozent,Ausländer,,,,65.12
2007,Prozent,Ausländer,,,,71.94
2008,Prozent,Ausländer,,,,82.5
2009,Prozent,Ausländer,,,,78.95
2010,Prozent,Ausländer,,,,83.48
2011,Prozent,Ausländer,,,,80.74
2012,Prozent,Ausländer,,,,79.17
2013,Prozent,Ausländer,,,,83.45
2014,Prozent,Ausländer,,,,77.55
2015,Prozent,Ausländer,,,,71.64
2016,Prozent,Ausländer,,,,60.87
2017,Prozent,Ausländer,,,,54.55
2018,Prozent,Ausländer,,,,58.7
2019,Prozent,Ausländer,,,,67.35
2020,Prozent,Ausländer,,,,71.86
1996,Prozent,Ausländer,,,,77.28
1997,Prozent,Ausländer,,,,74.52
1998,Prozent,Ausländer,,,,75.78
1999,Prozent,Ausländer,,,,77.95
2000,Prozent,Ausländer,,,,78.52
2001,Prozent,Ausländer,,,,78.51
2002,Prozent,Ausländer,,,,81.61
2003,Prozent,Ausländer,,,,83.67
2004,Prozent,Ausländer,,,,81.14
2005,Prozent,Ausländer,,,,82.07
2006,Prozent,Ausländer,,,,81.42
2007,Prozent,Ausländer,,,,83.91
2008,Prozent,Ausländer,,,,84.7
2009,Prozent,Ausländer,,,,87.31
2010,Prozent,Ausländer,,,,87.62
2011,Prozent,Ausländer,,,,88.24
2012,Prozent,Ausländer,,,,88.62
2013,Prozent,Ausländer,,,,86.08
2014,Prozent,Ausländer,,,,87.06
2015,Prozent,Ausländer,,,,86.96
2016,Prozent,Ausländer,,,,82.76
2017,Prozent,Ausländer,,,,80.18
2018,Prozent,Ausländer,,,,77.72
2019,Prozent,Ausländer,,,,74.3
2020,Prozent,Ausländer,,,,77.66
1996,Prozent,Ausländer,,,,80.42
1997,Prozent,Ausländer,,,,82.32
1998,Prozent,Ausländer,,,,79.56
1999,Prozent,Ausländer,,,,82.85
2000,Prozent,Ausländer,,,,83.39
2001,Prozent,Ausländer,,,,83.01
2002,Prozent,Ausländer,,,,84.64
2003,Prozent,Ausländer,,,,88.53
2004,Prozent,Ausländer,,,,86.53
2005,Prozent,Ausländer,,,,84.99
2006,Prozent,Ausländer,,,,86.12
2007,Prozent,Ausländer,,,,85.86
2008,Prozent,Ausländer,,,,87.81
2009,Prozent,Ausländer,,,,89.13
2010,Prozent,Ausländer,,,,91.01
2011,Prozent,Ausländer,,,,92.25
2012,Prozent,Ausländer,,,,92.15
2013,Prozent,Ausländer,,,,87.44
2014,Prozent,Ausländer,,,,89.32
2015,Prozent,Ausländer,,,,90.54
2016,Prozent,Ausländer,,,,87.28
2017,Prozent,Ausländer,,,,86.3
2018,Prozent,Ausländer,,,,82.42
2019,Prozent,Ausländer,,,,79.72
2020,Prozent,Ausländer,,,,80.84
1996,Prozent,Ausländer,,,,74.55
1997,Prozent,Ausländer,,,,67.89
1998,Prozent,Ausländer,,,,72.31
1999,Prozent,Ausländer,,,,73.23
2000,Prozent,Ausländer,,,,74.08
2001,Prozent,Ausländer,,,,74.53
2002,Prozent,Ausländer,,,,78.74
2003,Prozent,Ausländer,,,,78.8
2004,Prozent,Ausländer,,,,76.08
2005,Prozent,Ausländer,,,,79.25
2006,Prozent,Ausländer,,,,77.0
2007,Prozent,Ausländer,,,,82.01
2008,Prozent,Ausländer,,,,81.79
2009,Prozent,Ausländer,,,,85.65
2010,Prozent,Ausländer,,,,84.34
2011,Prozent,Ausländer,,,,84.37
2012,Prozent,Ausländer,,,,85.16
2013,Prozent,Ausländer,,,,84.87
2014,Prozent,Ausländer,,,,84.87
2015,Prozent,Ausländer,,,,83.6
2016,Prozent,Ausländer,,,,78.9
2017,Prozent,Ausländer,,,,75.37
2018,Prozent,Ausländer,,,,73.88
2019,Prozent,Ausländer,,,,69.8
2020,Prozent,Ausländer,,,,75.0
1996,Prozent,Ausländer,,,,62.12
1997,Prozent,Ausländer,,,,60.53
1998,Prozent,Ausländer,,,,61.46
1999,Prozent,Ausländer,,,,55.88
2000,Prozent,Ausländer,,,,61.54
2001,Prozent,Ausländer,,,,61.6
2002,Prozent,Ausländer,,,,74.38
2003,Prozent,Ausländer,,,,82.58
2004,Prozent,Ausländer,,,,84.51
2005,Prozent,Ausländer,,,,82.42
2006,Prozent,Ausländer,,,,81.62
2007,Prozent,Ausländer,,,,85.63
2008,Prozent,Ausländer,,,,84.62
2009,Prozent,Ausländer,,,,89.64
2010,Prozent,Ausländer,,,,89.96
2011,Prozent,Ausländer,,,,89.41
2012,Prozent,Ausländer,,,,90.78
2013,Prozent,Ausländer,,,,84.87
2014,Prozent,Ausländer,,,,86.71
2015,Prozent,Ausländer,,,,81.79
2016,Prozent,Ausländer,,,,77.27
2017,Prozent,Ausländer,,,,53.2
2018,Prozent,Ausländer,,,,61.77
2019,Prozent,Ausländer,,,,67.12
2020,Prozent,Ausländer,,,,72.72
1996,Prozent,Ausländer,,,,56.52
1997,Prozent,Ausländer,,,,58.33
1998,Prozent,Ausländer,,,,74.36
1999,Prozent,Ausländer,,,,62.79
2000,Prozent,Ausländer,,,,69.35
2001,Prozent,Ausländer,,,,63.08
2002,Prozent,Ausländer,,,,79.03
2003,Prozent,Ausländer,,,,81.16
2004,Prozent,Ausländer,,,,86.11
2005,Prozent,Ausländer,,,,87.8
2006,Prozent,Ausländer,,,,85.71
2007,Prozent,Ausländer,,,,89.74
2008,Prozent,Ausländer,,,,91.55
2009,Prozent,Ausländer,,,,93.7
2010,Prozent,Ausländer,,,,92.86
2011,Prozent,Ausländer,,,,93.28
2012,Prozent,Ausländer,,,,91.59
2013,Prozent,Ausländer,,,,87.94
2014,Prozent,Ausländer,,,,89.51
2015,Prozent,Ausländer,,,,83.69
2016,Prozent,Ausländer,,,,85.44
2017,Prozent,Ausländer,,,,67.41
2018,Prozent,Ausländer,,,,67.9
2019,Prozent,Ausländer,,,,76.38
2020,Prozent,Ausländer,,,,74.76
1996,Prozent,Ausländer,,,,65.12
1997,Prozent,Ausländer,,,,62.5
1998,Prozent,Ausländer,,,,52.63
1999,Prozent,Ausländer,,,,50.85
2000,Prozent,Ausländer,,,,56.38
2001,Prozent,Ausländer,,,,60.0
2002,Prozent,Ausländer,,,,69.49
2003,Prozent,Ausländer,,,,83.72
2004,Prozent,Ausländer,,,,82.86
2005,Prozent,Ausländer,,,,78.0
2006,Prozent,Ausländer,,,,78.7
2007,Prozent,Ausländer,,,,81.71
2008,Prozent,Ausländer,,,,78.82
2009,Prozent,Ausländer,,,,85.48
2010,Prozent,Ausländer,,,,87.22
2011,Prozent,Ausländer,,,,85.47
2012,Prozent,Ausländer,,,,90.0
2013,Prozent,Ausländer,,,,81.54
2014,Prozent,Ausländer,,,,83.06
2015,Prozent,Ausländer,,,,79.86
2016,Prozent,Ausländer,,,,70.7
2017,Prozent,Ausländer,,,,44.95
2018,Prozent,Ausländer,,,,58.77
2019,Prozent,Ausländer,,,,60.95
2020,Prozent,Ausländer,,,,71.03
1996,Prozent,Deutsche,,,,93.7
1997,Prozent,Deutsche,,,,94.02
1998,Prozent,Deutsche,,,,93.98
1999,Prozent,Deutsche,,,,93.9
2000,Prozent,Deutsche,,,,93.71
2001,Prozent,Deutsche,,,,93.67
2002,Prozent,Deutsche,,,,93.82
2003,Prozent,Deutsche,,,,94.31
2004,Prozent,Deutsche,,,,94.35
2005,Prozent,Deutsche,,,,94.67
2006,Prozent,Deutsche,,,,95.09
2007,Prozent,Deutsche,,,,95.47
2008,Prozent,Deutsche,,,,95.7
2009,Prozent,Deutsche,,,,95.63
2010,Prozent,Deutsche,,,,95.83
2011,Prozent,Deutsche,,,,96.03
2012,Prozent,Deutsche,,,,96.56
2013,Prozent,Deutsche,,,,96.23
2014,Prozent,Deutsche,,,,95.89
2015,Prozent,Deutsche,,,,95.9
2016,Prozent,Deutsche,,,,95.7
2017,Prozent,Deutsche,,,,94.81
2018,Prozent,Deutsche,,,,94.91
2019,Prozent,Deutsche,,,,95.19
2020,Prozent,Deutsche,,,,95.64
1996,Prozent,Deutsche,,,,93.08
1997,Prozent,Deutsche,,,,92.65
1998,Prozent,Deutsche,,,,92.3
1999,Prozent,Deutsche,,,,92.56
2000,Prozent,Deutsche,,,,92.1
2001,Prozent,Deutsche,,,,91.4
2002,Prozent,Deutsche,,,,91.83
2003,Prozent,Deutsche,,,,92.47
2004,Prozent,Deutsche,,,,92.62
2005,Prozent,Deutsche,,,,93.19
2006,Prozent,Deutsche,,,,93.58
2007,Prozent,Deutsche,,,,93.99
2008,Prozent,Deutsche,,,,94.55
2009,Prozent,Deutsche,,,,94.93
2010,Prozent,Deutsche,,,,95.19
2011,Prozent,Deutsche,,,,96.41
2012,Prozent,Deutsche,,,,95.97
2013,Prozent,Deutsche,,,,96.24
2014,Prozent,Deutsche,,,,96.41
2015,Prozent,Deutsche,,,,96.31
2016,Prozent,Deutsche,,,,96.39
2017,Prozent,Deutsche,,,,96.12
2018,Prozent,Deutsche,,,,95.94
2019,Prozent,Deutsche,,,,95.98
2020,Prozent,Deutsche,,,,96.24
1996,Prozent,Deutsche,,,,90.79
1997,Prozent,Deutsche,,,,90.26
1998,Prozent,Deutsche,,,,89.48
1999,Prozent,Deutsche,,,,89.49
2000,Prozent,Deutsche,,,,89.63
2001,Prozent,Deutsche,,,,91.06
2002,Prozent,Deutsche,,,,91.08
2003,Prozent,Deutsche,,,,91.17
2004,Prozent,Deutsche,,,,91.64
2005,Prozent,Deutsche,,,,92.64
2006,Prozent,Deutsche,,,,92.56
2007,Prozent,Deutsche,,,,92.37
2008,Prozent,Deutsche,,,,92.6
2009,Prozent,Deutsche,,,,92.58
2010,Prozent,Deutsche,,,,92.5
2011,Prozent,Deutsche,,,,92.72
2012,Prozent,Deutsche,,,,94.27
2013,Prozent,Deutsche,,,,93.9
2014,Prozent,Deutsche,,,,93.12
2015,Prozent,Deutsche,,,,91.97
2016,Prozent,Deutsche,,,,93.45
2017,Prozent,Deutsche,,,,92.49
2018,Prozent,Deutsche,,,,92.12
2019,Prozent,Deutsche,,,,92.88
2020,Prozent,Deutsche,,,,93.45
1996,Prozent,Deutsche,,,,90.52
1997,Prozent,Deutsche,,,,91.5
1998,Prozent,Deutsche,,,,91.25
1999,Prozent,Deutsche,,,,91.4
2000,Prozent,Deutsche,,,,91.14
2001,Prozent,Deutsche,,,,91.08
2002,Prozent,Deutsche,,,,91.1
2003,Prozent,Deutsche,,,,91.64
2004,Prozent,Deutsche,,,,91.15
2005,Prozent,Deutsche,,,,90.42
2006,Prozent,Deutsche,,,,89.87
2007,Prozent,Deutsche,,,,90.17
2008,Prozent,Deutsche,,,,90.45
2009,Prozent,Deutsche,,,,91.73
2010,Prozent,Deutsche,,,,91.84
2011,Prozent,Deutsche,,,,91.42
2012,Prozent,Deutsche,,,,92.89
2013,Prozent,Deutsche,,,,92.01
2014,Prozent,Deutsche,,,,91.92
2015,Prozent,Deutsche,,,,92.5
2016,Prozent,Deutsche,,,,92.94
2017,Prozent,Deutsche,,,,92.94
2018,Prozent,Deutsche,,,,92.94
2019,Prozent,Deutsche,,,,92.97
2020,Prozent,Deutsche,,,,95.98
1996,Prozent,Deutsche,,,,91.77
1997,Prozent,Deutsche,,,,92.69
1998,Prozent,Deutsche,,,,90.58
1999,Prozent,Deutsche,,,,92.52
2000,Prozent,Deutsche,,,,92.65
2001,Prozent,Deutsche,,,,91.81
2002,Prozent,Deutsche,,,,92.35
2003,Prozent,Deutsche,,,,92.36
2004,Prozent,Deutsche,,,,91.28
2005,Prozent,Deutsche,,,,92.39
2006,Prozent,Deutsche,,,,93.89
2007,Prozent,Deutsche,,,,93.74
2008,Prozent,Deutsche,,,,94.24
2009,Prozent,Deutsche,,,,94.98
2010,Prozent,Deutsche,,,,96.03
2011,Prozent,Deutsche,,,,95.05
2012,Prozent,Deutsche,,,,95.94
2013,Prozent,Deutsche,,,,95.18
2014,Prozent,Deutsche,,,,94.83
2015,Prozent,Deutsche,,,,94.92
2016,Prozent,Deutsche,,,,95.1
2017,Prozent,Deutsche,,,,94.03
2018,Prozent,Deutsche,,,,94.49
2019,Prozent,Deutsche,,,,93.79
2020,Prozent,Deutsche,,,,94.64
1996,Prozent,Deutsche,,,,90.7
1997,Prozent,Deutsche,,,,90.09
1998,Prozent,Deutsche,,,,90.6
1999,Prozent,Deutsche,,,,90.5
2000,Prozent,Deutsche,,,,89.44
2001,Prozent,Deutsche,,,,89.1
2002,Prozent,Deutsche,,,,89.75
2003,Prozent,Deutsche,,,,90.03
2004,Prozent,Deutsche,,,,90.61
2005,Prozent,Deutsche,,,,90.41
2006,Prozent,Deutsche,,,,90.56
2007,Prozent,Deutsche,,,,91.5
2008,Prozent,Deutsche,,,,93.38
2009,Prozent,Deutsche,,,,93.61
2010,Prozent,Deutsche,,,,95.2
2011,Prozent,Deutsche,,,,93.98
2012,Prozent,Deutsche,,,,94.06
2013,Prozent,Deutsche,,,,95.79
2014,Prozent,Deutsche,,,,95.97
2015,Prozent,Deutsche,,,,95.37
2016,Prozent,Deutsche,,,,95.29
2017,Prozent,Deutsche,,,,95.81
2018,Prozent,Deutsche,,,,95.02
2019,Prozent,Deutsche,,,,95.13
2020,Prozent,Deutsche,,,,94.66
1996,Prozent,Deutsche,,,,93.07
1997,Prozent,Deutsche,,,,93.22
1998,Prozent,Deutsche,,,,93.33
1999,Prozent,Deutsche,,,,92.64
2000,Prozent,Deutsche,,,,91.81
2001,Prozent,Deutsche,,,,92.14
2002,Prozent,Deutsche,,,,92.87
2003,Prozent,Deutsche,,,,92.41
2004,Prozent,Deutsche,,,,93.0
2005,Prozent,Deutsche,,,,93.35
2006,Prozent,Deutsche,,,,93.52
2007,Prozent,Deutsche,,,,93.52
2008,Prozent,Deutsche,,,,94.54
2009,Prozent,Deutsche,,,,94.81
2010,Prozent,Deutsche,,,,95.4
2011,Prozent,Deutsche,,,,95.85
2012,Prozent,Deutsche,,,,95.81
2013,Prozent,Deutsche,,,,96.67
2014,Prozent,Deutsche,,,,96.38
2015,Prozent,Deutsche,,,,96.54
2016,Prozent,Deutsche,,,,95.82
2017,Prozent,Deutsche,,,,95.91
2018,Prozent,Deutsche,,,,95.93
2019,Prozent,Deutsche,,,,95.81
2020,Prozent,Deutsche,,,,96.46
1996,Prozent,Deutsche,,,,90.62
1997,Prozent,Deutsche,,,,90.79
1998,Prozent,Deutsche,,,,90.35
1999,Prozent,Deutsche,,,,89.63
2000,Prozent,Deutsche,,,,89.14
2001,Prozent,Deutsche,,,,86.42
2002,Prozent,Deutsche,,,,89.37
2003,Prozent,Deutsche,,,,89.76
2004,Prozent,Deutsche,,,,90.28
2005,Prozent,Deutsche,,,,89.35
2006,Prozent,Deutsche,,,,88.66
2007,Prozent,Deutsche,,,,89.67
2008,Prozent,Deutsche,,,,90.27
2009,Prozent,Deutsche,,,,87.91
2010,Prozent,Deutsche,,,,86.84
2011,Prozent,Deutsche,,,,86.02
2012,Prozent,Deutsche,,,,87.75
2013,Prozent,Deutsche,,,,89.18
2014,Prozent,Deutsche,,,,91.4
2015,Prozent,Deutsche,,,,91.67
2016,Prozent,Deutsche,,,,90.83
2017,Prozent,Deutsche,,,,91.54
2018,Prozent,Deutsche,,,,91.92
2019,Prozent,Deutsche,,,,91.41
2020,Prozent,Deutsche,,,,93.07
1996,Prozent,Deutsche,,,,91.2
1997,Prozent,Deutsche,,,,91.11
1998,Prozent,Deutsche,,,,91.38
1999,Prozent,Deutsche,,,,91.82
2000,Prozent,Deutsche,,,,91.1
2001,Prozent,Deutsche,,,,91.08
2002,Prozent,Deutsche,,,,91.39
2003,Prozent,Deutsche,,,,90.69
2004,Prozent,Deutsche,,,,93.42
2005,Prozent,Deutsche,,,,92.14
2006,Prozent,Deutsche,,,,92.64
2007,Prozent,Deutsche,,,,93.31
2008,Prozent,Deutsche,,,,93.43
2009,Prozent,Deutsche,,,,94.32
2010,Prozent,Deutsche,,,,94.74
2011,Prozent,Deutsche,,,,95.61
2012,Prozent,Deutsche,,,,95.04
2013,Prozent,Deutsche,,,,95.44
2014,Prozent,Deutsche,,,,95.62
2015,Prozent,Deutsche,,,,95.59
2016,Prozent,Deutsche,,,,95.65
2017,Prozent,Deutsche,,,,95.41
2018,Prozent,Deutsche,,,,95.1
2019,Prozent,Deutsche,,,,94.69
2020,Prozent,Deutsche,,,,93.39
1996,Prozent,Deutsche,,,,95.31
1997,Prozent,Deutsche,,,,95.04
1998,Prozent,Deutsche,,,,95.08
1999,Prozent,Deutsche,,,,95.06
2000,Prozent,Deutsche,,,,94.92
2001,Prozent,Deutsche,,,,94.1
2002,Prozent,Deutsche,,,,93.98
2003,Prozent,Deutsche,,,,94.06
2004,Prozent,Deutsche,,,,94.04
2005,Prozent,Deutsche,,,,94.13
2006,Prozent,Deutsche,,,,94.42
2007,Prozent,Deutsche,,,,94.55
2008,Prozent,Deutsche,,,,94.6
2009,Prozent,Deutsche,,,,94.8
2010,Prozent,Deutsche,,,,95.35
2011,Prozent,Deutsche,,,,95.42
2012,Prozent,Deutsche,,,,95.7
2013,Prozent,Deutsche,,,,96.27
2014,Prozent,Deutsche,,,,95.21
2015,Prozent,Deutsche,,,,95.39
2016,Prozent,Deutsche,,,,95.42
2017,Prozent,Deutsche,,,,95.41
2018,Prozent,Deutsche,,,,94.97
2019,Prozent,Deutsche,,,,94.96
2020,Prozent,Deutsche,,,,95.41
1996,Prozent,Deutsche,,,,91.36
1997,Prozent,Deutsche,,,,91.48
1998,Prozent,Deutsche,,,,91.43
1999,Prozent,Deutsche,,,,91.92
2000,Prozent,Deutsche,,,,91.37
2001,Prozent,Deutsche,,,,91.59
2002,Prozent,Deutsche,,,,91.82
2003,Prozent,Deutsche,,,,92.17
2004,Prozent,Deutsche,,,,93.05
2005,Prozent,Deutsche,,,,93.13
2006,Prozent,Deutsche,,,,93.2
2007,Prozent,Deutsche,,,,93.24
2008,Prozent,Deutsche,,,,93.66
2009,Prozent,Deutsche,,,,93.95
2010,Prozent,Deutsche,,,,94.78
2011,Prozent,Deutsche,,,,94.87
2012,Prozent,Deutsche,,,,95.08
2013,Prozent,Deutsche,,,,95.16
2014,Prozent,Deutsche,,,,95.06
2015,Prozent,Deutsche,,,,94.41
2016,Prozent,Deutsche,,,,94.82
2017,Prozent,Deutsche,,,,94.35
2018,Prozent,Deutsche,,,,94.34
2019,Prozent,Deutsche,,,,93.72
2020,Prozent,Deutsche,,,,94.18
1996,Prozent,Deutsche,,,,90.74
1997,Prozent,Deutsche,,,,90.55
1998,Prozent,Deutsche,,,,90.53
1999,Prozent,Deutsche,,,,89.85
2000,Prozent,Deutsche,,,,90.76
2001,Prozent,Deutsche,,,,89.77
2002,Prozent,Deutsche,,,,91.81
2003,Prozent,Deutsche,,,,91.8
2004,Prozent,Deutsche,,,,92.17
2005,Prozent,Deutsche,,,,92.44
2006,Prozent,Deutsche,,,,92.87
2007,Prozent,Deutsche,,,,93.54
2008,Prozent,Deutsche,,,,93.99
2009,Prozent,Deutsche,,,,95.33
2010,Prozent,Deutsche,,,,94.97
2011,Prozent,Deutsche,,,,95.53
2012,Prozent,Deutsche,,,,95.14
2013,Prozent,Deutsche,,,,95.42
2014,Prozent,Deutsche,,,,95.47
2015,Prozent,Deutsche,,,,96.07
2016,Prozent,Deutsche,,,,95.1
2017,Prozent,Deutsche,,,,95.4
2018,Prozent,Deutsche,,,,95.19
2019,Prozent,Deutsche,,,,94.71
2020,Prozent,Deutsche,,,,95.44
1996,Prozent,Deutsche,,,,90.27
1997,Prozent,Deutsche,,,,90.57
1998,Prozent,Deutsche,,,,89.65
1999,Prozent,Deutsche,,,,88.2
2000,Prozent,Deutsche,,,,87.98
2001,Prozent,Deutsche,,,,89.03
2002,Prozent,Deutsche,,,,90.08
2003,Prozent,Deutsche,,,,90.2
2004,Prozent,Deutsche,,,,90.72
2005,Prozent,Deutsche,,,,91.03
2006,Prozent,Deutsche,,,,91.49
2007,Prozent,Deutsche,,,,91.77
2008,Prozent,Deutsche,,,,91.7
2009,Prozent,Deutsche,,,,91.5
2010,Prozent,Deutsche,,,,90.56
2011,Prozent,Deutsche,,,,90.26
2012,Prozent,Deutsche,,,,90.4
2013,Prozent,Deutsche,,,,90.25
2014,Prozent,Deutsche,,,,91.88
2015,Prozent,Deutsche,,,,92.14
2016,Prozent,Deutsche,,,,92.07
2017,Prozent,Deutsche,,,,92.49
2018,Prozent,Deutsche,,,,92.44
2019,Prozent,Deutsche,,,,92.48
2020,Prozent,Deutsche,,,,93.0
1996,Prozent,Deutsche,,,,89.37
1997,Prozent,Deutsche,,,,90.02
1998,Prozent,Deutsche,,,,89.07
1999,Prozent,Deutsche,,,,88.53
2000,Prozent,Deutsche,,,,87.72
2001,Prozent,Deutsche,,,,82.11
2002,Prozent,Deutsche,,,,85.88
2003,Prozent,Deutsche,,,,85.96
2004,Prozent,Deutsche,,,,86.33
2005,Prozent,Deutsche,,,,88.34
2006,Prozent,Deutsche,,,,89.35
2007,Prozent,Deutsche,,,,92.34
2008,Prozent,Deutsche,,,,89.57
2009,Prozent,Deutsche,,,,89.72
2010,Prozent,Deutsche,,,,88.42
2011,Prozent,Deutsche,,,,88.25
2012,Prozent,Deutsche,,,,88.91
2013,Prozent,Deutsche,,,,89.91
2014,Prozent,Deutsche,,,,90.46
2015,Prozent,Deutsche,,,,89.93
2016,Prozent,Deutsche,,,,91.01
2017,Prozent,Deutsche,,,,90.81
2018,Prozent,Deutsche,,,,89.91
2019,Prozent,Deutsche,,,,89.97
2020,Prozent,Deutsche,,,,90.91
1996,Prozent,Deutsche,,,,90.97
1997,Prozent,Deutsche,,,,90.53
1998,Prozent,Deutsche,,,,89.87
1999,Prozent,Deutsche,,,,90.27
2000,Prozent,Deutsche,,,,90.32
2001,Prozent,Deutsche,,,,89.71
2002,Prozent,Deutsche,,,,89.69
2003,Prozent,Deutsche,,,,90.57
2004,Prozent,Deutsche,,,,90.64
2005,Prozent,Deutsche,,,,90.67
2006,Prozent,Deutsche,,,,90.84
2007,Prozent,Deutsche,,,,91.79
2008,Prozent,Deutsche,,,,91.88
2009,Prozent,Deutsche,,,,93.54
2010,Prozent,Deutsche,,,,93.46
2011,Prozent,Deutsche,,,,93.11
2012,Prozent,Deutsche,,,,92.98
2013,Prozent,Deutsche,,,,92.82
2014,Prozent,Deutsche,,,,92.58
2015,Prozent,Deutsche,,,,92.85
2016,Prozent,Deutsche,,,,93.88
2017,Prozent,Deutsche,,,,93.08
2018,Prozent,Deutsche,,,,92.46
2019,Prozent,Deutsche,,,,91.85
2020,Prozent,Deutsche,,,,92.73
1996,Prozent,Deutsche,,,,87.72
1997,Prozent,Deutsche,,,,87.76
1998,Prozent,Deutsche,,,,86.96
1999,Prozent,Deutsche,,,,87.04
2000,Prozent,Deutsche,,,,87.47
2001,Prozent,Deutsche,,,,87.66
2002,Prozent,Deutsche,,,,88.35
2003,Prozent,Deutsche,,,,90.74
2004,Prozent,Deutsche,,,,91.25
2005,Prozent,Deutsche,,,,92.13
2006,Prozent,Deutsche,,,,91.96
2007,Prozent,Deutsche,,,,93.08
2008,Prozent,Deutsche,,,,93.23
2009,Prozent,Deutsche,,,,92.92
2010,Prozent,Deutsche,,,,91.59
2011,Prozent,Deutsche,,,,91.41
2012,Prozent,Deutsche,,,,92.52
2013,Prozent,Deutsche,,,,92.22
2014,Prozent,Deutsche,,,,93.09
2015,Prozent,Deutsche,,,,92.96
2016,Prozent,Deutsche,,,,92.92
2017,Prozent,Deutsche,,,,92.97
2018,Prozent,Deutsche,,,,92.2
2019,Prozent,Deutsche,,,,92.41
2020,Prozent,Deutsche,,,,93.65
1996,Prozent,Deutsche,,,,94.568
1997,Prozent,Deutsche,,,,94.616
1998,Prozent,Deutsche,,,,94.417
1999,Prozent,Deutsche,,,,93.714
2000,Prozent,Deutsche,,,,94.12
2001,Prozent,Deutsche,,,,93.691
2002,Prozent,Deutsche,,,,94.029
2003,Prozent,Deutsche,,,,94.201
2004,Prozent,Deutsche,,,,94.631
2005,Prozent,Deutsche,,,,94.676
2006,Prozent,Deutsche,,,,94.813
2007,Prozent,Deutsche,,,,95.182
2008,Prozent,Deutsche,,,,95.134
2009,Prozent,Deutsche,,,,95.484
2010,Prozent,Deutsche,,,,95.752
2011,Prozent,Deutsche,,,,96.017
2012,Prozent,Deutsche,,,,96.09
2013,Prozent,Deutsche,,,,96.298
2014,Prozent,Deutsche,,,,96.171
2015,Prozent,Deutsche,,,,96.096
2016,Prozent,Deutsche,,,,96.119
2017,Prozent,Deutsche,,,,95.874
2018,Prozent,Deutsche,,,,95.756
2019,Prozent,Deutsche,,,,95.812
2020,Prozent,Deutsche,,,,96.025
1996,Prozent,Deutsche,,,,90.182
1997,Prozent,Deutsche,,,,90.144
1998,Prozent,Deutsche,,,,89.892
1999,Prozent,Deutsche,,,,89.099
2000,Prozent,Deutsche,,,,89.348
2001,Prozent,Deutsche,,,,97.083
2002,Prozent,Deutsche,,,,89.603
2003,Prozent,Deutsche,,,,90.019
2004,Prozent,Deutsche,,,,90.584
2005,Prozent,Deutsche,,,,90.899
2006,Prozent,Deutsche,,,,91.349
2007,Prozent,Deutsche,,,,91.97
2008,Prozent,Deutsche,,,,92.371
2009,Prozent,Deutsche,,,,92.989
2010,Prozent,Deutsche,,,,93.422
2011,Prozent,Deutsche,,,,94.009
2012,Prozent,Deutsche,,,,94.136
2013,Prozent,Deutsche,,,,94.475
2014,Prozent,Deutsche,,,,94.14
2015,Prozent,Deutsche,,,,93.996
2016,Prozent,Deutsche,,,,94.071
2017,Prozent,Deutsche,,,,93.797
2018,Prozent,Deutsche,,,,93.464
2019,Prozent,Deutsche,,,,93.296
2020,Prozent,Deutsche,,,,93.842
1996,Prozentpunkte,Differenz,,,,11.931
1997,Prozentpunkte,Differenz,,,,11.711
1998,Prozentpunkte,Differenz,,,,11.554
1999,Prozentpunkte,Differenz,,,,11.315
2000,Prozentpunkte,Differenz,,,,11.589
2001,Prozentpunkte,Differenz,,,,11.52
2002,Prozentpunkte,Differenz,,,,11.241
2003,Prozentpunkte,Differenz,,,,11.174
2004,Prozentpunkte,Differenz,,,,10.669
2005,Prozentpunkte,Differenz,,,,10.161
2006,Prozentpunkte,Differenz,,,,9.82
2007,Prozentpunkte,Differenz,,,,9.6
2008,Prozentpunkte,Differenz,,,,8.8
2009,Prozentpunkte,Differenz,,,,8.027
2010,Prozentpunkte,Differenz,,,,7.38
2011,Prozentpunkte,Differenz,,,,6.784
2012,Prozentpunkte,Differenz,,,,6.488
2013,Prozentpunkte,Differenz,,,,6.09
2014,Prozentpunkte,Differenz,,,,7.079
2015,Prozentpunkte,Differenz,,,,6.8
2016,Prozentpunkte,Differenz,,,,9.246
2017,Prozentpunkte,Differenz,,,,13.012
2018,Prozentpunkte,Differenz,,,,12.785
2019,Prozentpunkte,Differenz,,,,12.155
2020,Prozentpunkte,Differenz,,,,9.56
1996,Prozentpunkte,Differenz,,,,10.098
1997,Prozentpunkte,Differenz,,,,9.882
1998,Prozentpunkte,Differenz,,,,9.887
1999,Prozentpunkte,Differenz,,,,8.479
2000,Prozentpunkte,Differenz,,,,9.793
2001,Prozentpunkte,Differenz,,,,9.501
2002,Prozentpunkte,Differenz,,,,9.613
2003,Prozentpunkte,Differenz,,,,9.61
2004,Prozentpunkte,Differenz,,,,8.818
2005,Prozentpunkte,Differenz,,,,8.252
2006,Prozentpunkte,Differenz,,,,8.283
2007,Prozentpunkte,Differenz,,,,8.147
2008,Prozentpunkte,Differenz,,,,7.21
2009,Prozentpunkte,Differenz,,,,6.94
2010,Prozentpunkte,Differenz,,,,6.286
2011,Prozentpunkte,Differenz,,,,5.674
2012,Prozentpunkte,Differenz,,,,5.499
2013,Prozentpunkte,Differenz,,,,5.226
2014,Prozentpunkte,Differenz,,,,6.765
2015,Prozentpunkte,Differenz,,,,5.796
2016,Prozentpunkte,Differenz,,,,7.019
2017,Prozentpunkte,Differenz,,,,9.519
2018,Prozentpunkte,Differenz,,,,10.183
2019,Prozentpunkte,Differenz,,,,9.982
2020,Prozentpunkte,Differenz,,,,8.004
1996,Prozentpunkte,Differenz,,,,13.521
1997,Prozentpunkte,Differenz,,,,13.314
1998,Prozentpunkte,Differenz,,,,12.993
1999,Prozentpunkte,Differenz,,,,11.614
2000,Prozentpunkte,Differenz,,,,13.134
2001,Prozentpunkte,Differenz,,,,21.451
2002,Prozentpunkte,Differenz,,,,12.717
2003,Prozentpunkte,Differenz,,,,12.596
2004,Prozentpunkte,Differenz,,,,12.278
2005,Prozentpunkte,Differenz,,,,11.758
2006,Prozentpunkte,Differenz,,,,11.17
2007,Prozentpunkte,Differenz,,,,10.756
2008,Prozentpunkte,Differenz,,,,10.093
2009,Prozentpunkte,Differenz,,,,9.135
2010,Prozentpunkte,Differenz,,,,8.456
2011,Prozentpunkte,Differenz,,,,7.834
2012,Prozentpunkte,Differenz,,,,7.45
2013,Prozentpunkte,Differenz,,,,6.913
2014,Prozentpunkte,Differenz,,,,7.381
2015,Prozentpunkte,Differenz,,,,7.796
2016,Prozentpunkte,Differenz,,,,11.171
2017,Prozentpunkte,Differenz,,,,15.816
2018,Prozentpunkte,Differenz,,,,14.699
2019,Prozentpunkte,Differenz,,,,13.801
2020,Prozentpunkte,Differenz,,,,10.833
1996,Prozentpunkte,Differenz,,,,13.751
1997,Prozentpunkte,Differenz,,,,13.714
1998,Prozentpunkte,Differenz,,,,12.828
1999,Prozentpunkte,Differenz,,,,13.053
2000,Prozentpunkte,Differenz,,,,13.597
2001,Prozentpunkte,Differenz,,,,13.855
2002,Prozentpunkte,Differenz,,,,13.549
2003,Prozentpunkte,Differenz,,,,12.836
2004,Prozentpunkte,Differenz,,,,11.884
2005,Prozentpunkte,Differenz,,,,11.407
2006,Prozentpunkte,Differenz,,,,11.202
2007,Prozentpunkte,Differenz,,,,10.542
2008,Prozentpunkte,Differenz,,,,9.4
2009,Prozentpunkte,Differenz,,,,8.444
2010,Prozentpunkte,Differenz,,,,7.479
2011,Prozentpunkte,Differenz,,,,7.293
2012,Prozentpunkte,Differenz,,,,8.527
2013,Prozentpunkte,Differenz,,,,6.241
2014,Prozentpunkte,Differenz,,,,6.786
2015,Prozentpunkte,Differenz,,,,5.836
2016,Prozentpunkte,Differenz,,,,7.906
2017,Prozentpunkte,Differenz,,,,14.251
2018,Prozentpunkte,Differenz,,,,13.363
2019,Prozentpunkte,Differenz,,,,11.114
2020,Prozentpunkte,Differenz,,,,10.15
1996,Prozentpunkte,Differenz,,,,18.251
1997,Prozentpunkte,Differenz,,,,17.898
1998,Prozentpunkte,Differenz,,,,19.497
1999,Prozentpunkte,Differenz,,,,17.943
2000,Prozentpunkte,Differenz,,,,17.4
2001,Prozentpunkte,Differenz,,,,19.309
2002,Prozentpunkte,Differenz,,,,16.118
2003,Prozentpunkte,Differenz,,,,14.759
2004,Prozentpunkte,Differenz,,,,14.141
2005,Prozentpunkte,Differenz,,,,13.189
2006,Prozentpunkte,Differenz,,,,11.725
2007,Prozentpunkte,Differenz,,,,10.631
2008,Prozentpunkte,Differenz,,,,10.123
2009,Prozentpunkte,Differenz,,,,9.575
2010,Prozentpunkte,Differenz,,,,7.813
2011,Prozentpunkte,Differenz,,,,6.977
2012,Prozentpunkte,Differenz,,,,7.461
2013,Prozentpunkte,Differenz,,,,7.123
2014,Prozentpunkte,Differenz,,,,8.135
2015,Prozentpunkte,Differenz,,,,9.776
2016,Prozentpunkte,Differenz,,,,14.776
2017,Prozentpunkte,Differenz,,,,17.154
2018,Prozentpunkte,Differenz,,,,14.699
2019,Prozentpunkte,Differenz,,,,13.771
2020,Prozentpunkte,Differenz,,,,11.83
1996,Prozentpunkte,Differenz,,,,17.538
1997,Prozentpunkte,Differenz,,,,17.251
1998,Prozentpunkte,Differenz,,,,20.074
1999,Prozentpunkte,Differenz,,,,17.105
2000,Prozentpunkte,Differenz,,,,15.18
2001,Prozentpunkte,Differenz,,,,15.057
2002,Prozentpunkte,Differenz,,,,15.137
2003,Prozentpunkte,Differenz,,,,17.065
2004,Prozentpunkte,Differenz,,,,14.574
2005,Prozentpunkte,Differenz,,,,14.744
2006,Prozentpunkte,Differenz,,,,13.305
2007,Prozentpunkte,Differenz,,,,12.809
2008,Prozentpunkte,Differenz,,,,12.325
2009,Prozentpunkte,Differenz,,,,9.022
2010,Prozentpunkte,Differenz,,,,9.548
2011,Prozentpunkte,Differenz,,,,8.044
2012,Prozentpunkte,Differenz,,,,6.912
2013,Prozentpunkte,Differenz,,,,6.423
2014,Prozentpunkte,Differenz,,,,9.59
2015,Prozentpunkte,Differenz,,,,13.305
2016,Prozentpunkte,Differenz,,,,12.441
2017,Prozentpunkte,Differenz,,,,13.299
2018,Prozentpunkte,Differenz,,,,13.831
2019,Prozentpunkte,Differenz,,,,11.774
2020,Prozentpunkte,Differenz,,,,0.67
1996,Prozentpunkte,Differenz,,,,-5.257
1997,Prozentpunkte,Differenz,,,,-1.239
1998,Prozentpunkte,Differenz,,,,0.137
1999,Prozentpunkte,Differenz,,,,0.442
2000,Prozentpunkte,Differenz,,,,0.805
2001,Prozentpunkte,Differenz,,,,-1.347
2002,Prozentpunkte,Differenz,,,,-3.344
2003,Prozentpunkte,Differenz,,,,1.669
2004,Prozentpunkte,Differenz,,,,-2.093
2005,Prozentpunkte,Differenz,,,,4.071
2006,Prozentpunkte,Differenz,,,,3.24
2007,Prozentpunkte,Differenz,,,,-0.31
2008,Prozentpunkte,Differenz,,,,-1.177
2009,Prozentpunkte,Differenz,,,,-3.18
2010,Prozentpunkte,Differenz,,,,-1.419
2011,Prozentpunkte,Differenz,,,,-1.514
2012,Prozentpunkte,Differenz,,,,-1.438
2013,Prozentpunkte,Differenz,,,,-1.968
2014,Prozentpunkte,Differenz,,,,-2.742
2015,Prozentpunkte,Differenz,,,,-2.013
2016,Prozentpunkte,Differenz,,,,10.206
2017,Prozentpunkte,Differenz,,,,10.255
2018,Prozentpunkte,Differenz,,,,11.949
2019,Prozentpunkte,Differenz,,,,9.031
2020,Prozentpunkte,Differenz,,,,2.163
1996,Prozentpunkte,Differenz,,,,14.199
1997,Prozentpunkte,Differenz,,,,10.304
1998,Prozentpunkte,Differenz,,,,8.209
1999,Prozentpunkte,Differenz,,,,8.753
2000,Prozentpunkte,Differenz,,,,12.605
2001,Prozentpunkte,Differenz,,,,10.66
2002,Prozentpunkte,Differenz,,,,6.667
2003,Prozentpunkte,Differenz,,,,10.706
2004,Prozentpunkte,Differenz,,,,9.062
2005,Prozentpunkte,Differenz,,,,8.97
2006,Prozentpunkte,Differenz,,,,8.457
2007,Prozentpunkte,Differenz,,,,9.617
2008,Prozentpunkte,Differenz,,,,5.874
2009,Prozentpunkte,Differenz,,,,5.888
2010,Prozentpunkte,Differenz,,,,5.926
2011,Prozentpunkte,Differenz,,,,7.735
2012,Prozentpunkte,Differenz,,,,4.781
2013,Prozentpunkte,Differenz,,,,7.883
2014,Prozentpunkte,Differenz,,,,4.784
2015,Prozentpunkte,Differenz,,,,5.433
2016,Prozentpunkte,Differenz,,,,10.497
2017,Prozentpunkte,Differenz,,,,15.354
2018,Prozentpunkte,Differenz,,,,14.751
2019,Prozentpunkte,Differenz,,,,19.933
2020,Prozentpunkte,Differenz,,,,18.253
1996,Prozentpunkte,Differenz,,,,9.338
1997,Prozentpunkte,Differenz,,,,7.324
1998,Prozentpunkte,Differenz,,,,8.755
1999,Prozentpunkte,Differenz,,,,10.941
2000,Prozentpunkte,Differenz,,,,9.956
2001,Prozentpunkte,Differenz,,,,8.815
2002,Prozentpunkte,Differenz,,,,7.434
2003,Prozentpunkte,Differenz,,,,8.283
2004,Prozentpunkte,Differenz,,,,10.49
2005,Prozentpunkte,Differenz,,,,10.266
2006,Prozentpunkte,Differenz,,,,11.001
2007,Prozentpunkte,Differenz,,,,9.939
2008,Prozentpunkte,Differenz,,,,8.656
2009,Prozentpunkte,Differenz,,,,8.476
2010,Prozentpunkte,Differenz,,,,7.829
2011,Prozentpunkte,Differenz,,,,6.412
2012,Prozentpunkte,Differenz,,,,4.522
2013,Prozentpunkte,Differenz,,,,5.312
2014,Prozentpunkte,Differenz,,,,5.928
2015,Prozentpunkte,Differenz,,,,5.77
2016,Prozentpunkte,Differenz,,,,8.793
2017,Prozentpunkte,Differenz,,,,8.204
2018,Prozentpunkte,Differenz,,,,10.096
2019,Prozentpunkte,Differenz,,,,8.46
2020,Prozentpunkte,Differenz,,,,10.189
1996,Prozentpunkte,Differenz,,,,14.049
1997,Prozentpunkte,Differenz,,,,12.757
1998,Prozentpunkte,Differenz,,,,11.356
1999,Prozentpunkte,Differenz,,,,12.739
2000,Prozentpunkte,Differenz,,,,13.283
2001,Prozentpunkte,Differenz,,,,12.115
2002,Prozentpunkte,Differenz,,,,11.969
2003,Prozentpunkte,Differenz,,,,11.269
2004,Prozentpunkte,Differenz,,,,11.23
2005,Prozentpunkte,Differenz,,,,10.149
2006,Prozentpunkte,Differenz,,,,9.619
2007,Prozentpunkte,Differenz,,,,9.568
2008,Prozentpunkte,Differenz,,,,7.461
2009,Prozentpunkte,Differenz,,,,8.958
2010,Prozentpunkte,Differenz,,,,8.438
2011,Prozentpunkte,Differenz,,,,7.521
2012,Prozentpunkte,Differenz,,,,6.766
2013,Prozentpunkte,Differenz,,,,6.356
2014,Prozentpunkte,Differenz,,,,5.657
2015,Prozentpunkte,Differenz,,,,4.675
2016,Prozentpunkte,Differenz,,,,5.982
2017,Prozentpunkte,Differenz,,,,6.216
2018,Prozentpunkte,Differenz,,,,6.204
2019,Prozentpunkte,Differenz,,,,7.068
2020,Prozentpunkte,Differenz,,,,6.106
1996,Prozentpunkte,Differenz,,,,3.441
1997,Prozentpunkte,Differenz,,,,5.076
1998,Prozentpunkte,Differenz,,,,16.435
1999,Prozentpunkte,Differenz,,,,10.937
2000,Prozentpunkte,Differenz,,,,3.551
2001,Prozentpunkte,Differenz,,,,13.406
2002,Prozentpunkte,Differenz,,,,5.918
2003,Prozentpunkte,Differenz,,,,10.313
2004,Prozentpunkte,Differenz,,,,4.936
2005,Prozentpunkte,Differenz,,,,10.642
2006,Prozentpunkte,Differenz,,,,3.476
2007,Prozentpunkte,Differenz,,,,8.146
2008,Prozentpunkte,Differenz,,,,3.57
2009,Prozentpunkte,Differenz,,,,2.602
2010,Prozentpunkte,Differenz,,,,3.031
2011,Prozentpunkte,Differenz,,,,4.085
2012,Prozentpunkte,Differenz,,,,-1.551
2013,Prozentpunkte,Differenz,,,,6.076
2014,Prozentpunkte,Differenz,,,,4.165
2015,Prozentpunkte,Differenz,,,,-0.084
2016,Prozentpunkte,Differenz,,,,6.742
2017,Prozentpunkte,Differenz,,,,11.358
2018,Prozentpunkte,Differenz,,,,16.916
2019,Prozentpunkte,Differenz,,,,12.229
2020,Prozentpunkte,Differenz,,,,5.333
1996,Prozentpunkte,Differenz,,,,18.452
1997,Prozentpunkte,Differenz,,,,18.366
1998,Prozentpunkte,Differenz,,,,16.558
1999,Prozentpunkte,Differenz,,,,17.738
2000,Prozentpunkte,Differenz,,,,18.745
2001,Prozentpunkte,Differenz,,,,18.482
2002,Prozentpunkte,Differenz,,,,17.955
2003,Prozentpunkte,Differenz,,,,19.158
2004,Prozentpunkte,Differenz,,,,15.779
2005,Prozentpunkte,Differenz,,,,17.143
2006,Prozentpunkte,Differenz,,,,17.56
2007,Prozentpunkte,Differenz,,,,13.441
2008,Prozentpunkte,Differenz,,,,13.433
2009,Prozentpunkte,Differenz,,,,11.618
2010,Prozentpunkte,Differenz,,,,10.955
2011,Prozentpunkte,Differenz,,,,11.278
2012,Prozentpunkte,Differenz,,,,8.676
2013,Prozentpunkte,Differenz,,,,9.137
2014,Prozentpunkte,Differenz,,,,7.844
2015,Prozentpunkte,Differenz,,,,10.012
2016,Prozentpunkte,Differenz,,,,11.942
2017,Prozentpunkte,Differenz,,,,18.331
2018,Prozentpunkte,Differenz,,,,17.955
2019,Prozentpunkte,Differenz,,,,17.819
2020,Prozentpunkte,Differenz,,,,13.845
1996,Prozentpunkte,Differenz,,,,7.976
1997,Prozentpunkte,Differenz,,,,8.011
1998,Prozentpunkte,Differenz,,,,7.867
1999,Prozentpunkte,Differenz,,,,7.331
2000,Prozentpunkte,Differenz,,,,8.064
2001,Prozentpunkte,Differenz,,,,7.738
2002,Prozentpunkte,Differenz,,,,8.387
2003,Prozentpunkte,Differenz,,,,7.795
2004,Prozentpunkte,Differenz,,,,7.967
2005,Prozentpunkte,Differenz,,,,8.194
2006,Prozentpunkte,Differenz,,,,8.205
2007,Prozentpunkte,Differenz,,,,8.789
2008,Prozentpunkte,Differenz,,,,8.668
2009,Prozentpunkte,Differenz,,,,7.94
2010,Prozentpunkte,Differenz,,,,7.632
2011,Prozentpunkte,Differenz,,,,6.764
2012,Prozentpunkte,Differenz,,,,6.706
2013,Prozentpunkte,Differenz,,,,6.511
2014,Prozentpunkte,Differenz,,,,6.759
2015,Prozentpunkte,Differenz,,,,6.505
2016,Prozentpunkte,Differenz,,,,7.036
2017,Prozentpunkte,Differenz,,,,10.801
2018,Prozentpunkte,Differenz,,,,10.959
2019,Prozentpunkte,Differenz,,,,10.852
2020,Prozentpunkte,Differenz,,,,8.658
1996,Prozentpunkte,Differenz,,,,13.025
1997,Prozentpunkte,Differenz,,,,14.327
1998,Prozentpunkte,Differenz,,,,16.632
1999,Prozentpunkte,Differenz,,,,18.909
2000,Prozentpunkte,Differenz,,,,16.601
2001,Prozentpunkte,Differenz,,,,14.799
2002,Prozentpunkte,Differenz,,,,13.707
2003,Prozentpunkte,Differenz,,,,17.614
2004,Prozentpunkte,Differenz,,,,14.533
2005,Prozentpunkte,Differenz,,,,8.176
2006,Prozentpunkte,Differenz,,,,9.974
2007,Prozentpunkte,Differenz,,,,8.339
2008,Prozentpunkte,Differenz,,,,9.564
2009,Prozentpunkte,Differenz,,,,7.579
2010,Prozentpunkte,Differenz,,,,6.586
2011,Prozentpunkte,Differenz,,,,5.705
2012,Prozentpunkte,Differenz,,,,5.102
2013,Prozentpunkte,Differenz,,,,5.499
2014,Prozentpunkte,Differenz,,,,6.026
2015,Prozentpunkte,Differenz,,,,6.273
2016,Prozentpunkte,Differenz,,,,8.836
2017,Prozentpunkte,Differenz,,,,11.919
2018,Prozentpunkte,Differenz,,,,12.209
2019,Prozentpunkte,Differenz,,,,11.532
2020,Prozentpunkte,Differenz,,,,8.309
1996,Prozentpunkte,Differenz,,,,14.123
1997,Prozentpunkte,Differenz,,,,7.734
1998,Prozentpunkte,Differenz,,,,9.959
1999,Prozentpunkte,Differenz,,,,10.641
2000,Prozentpunkte,Differenz,,,,14.646
2001,Prozentpunkte,Differenz,,,,8.984
2002,Prozentpunkte,Differenz,,,,8.71
2003,Prozentpunkte,Differenz,,,,9.495
2004,Prozentpunkte,Differenz,,,,8.915
2005,Prozentpunkte,Differenz,,,,7.563
2006,Prozentpunkte,Differenz,,,,6.965
2007,Prozentpunkte,Differenz,,,,5.443
2008,Prozentpunkte,Differenz,,,,6.083
2009,Prozentpunkte,Differenz,,,,5.658
2010,Prozentpunkte,Differenz,,,,5.211
2011,Prozentpunkte,Differenz,,,,4.532
2012,Prozentpunkte,Differenz,,,,1.933
2013,Prozentpunkte,Differenz,,,,3.729
2014,Prozentpunkte,Differenz,,,,2.928
2015,Prozentpunkte,Differenz,,,,5.239
2016,Prozentpunkte,Differenz,,,,12.112
2017,Prozentpunkte,Differenz,,,,10.515
2018,Prozentpunkte,Differenz,,,,15.399
2019,Prozentpunkte,Differenz,,,,16.252
2020,Prozentpunkte,Differenz,,,,13.518
1996,Prozentpunkte,Differenz,,,,26.402
1997,Prozentpunkte,Differenz,,,,21.506
1998,Prozentpunkte,Differenz,,,,20.82
1999,Prozentpunkte,Differenz,,,,14.91
2000,Prozentpunkte,Differenz,,,,7.81
2001,Prozentpunkte,Differenz,,,,13.68
2002,Prozentpunkte,Differenz,,,,21.897
2003,Prozentpunkte,Differenz,,,,12.342
2004,Prozentpunkte,Differenz,,,,10.6
2005,Prozentpunkte,Differenz,,,,10.34
2006,Prozentpunkte,Differenz,,,,10.327
2007,Prozentpunkte,Differenz,,,,12.355
2008,Prozentpunkte,Differenz,,,,7.926
2009,Prozentpunkte,Differenz,,,,3.402
2010,Prozentpunkte,Differenz,,,,5.729
2011,Prozentpunkte,Differenz,,,,1.954
2012,Prozentpunkte,Differenz,,,,0.985
2013,Prozentpunkte,Differenz,,,,5.427
2014,Prozentpunkte,Differenz,,,,7.26
2015,Prozentpunkte,Differenz,,,,6.897
2016,Prozentpunkte,Differenz,,,,7.472
2017,Prozentpunkte,Differenz,,,,10.711
2018,Prozentpunkte,Differenz,,,,15.09
2019,Prozentpunkte,Differenz,,,,13.395
2020,Prozentpunkte,Differenz,,,,9.757
1996,Prozentpunkte,Differenz,,,,18.883
1997,Prozentpunkte,Differenz,,,,29.366
1998,Prozentpunkte,Differenz,,,,25.121
1999,Prozentpunkte,Differenz,,,,16.529
2000,Prozentpunkte,Differenz,,,,16.777
2001,Prozentpunkte,Differenz,,,,10.0
2002,Prozentpunkte,Differenz,,,,21.261
2003,Prozentpunkte,Differenz,,,,21.552
2004,Prozentpunkte,Differenz,,,,21.911
2005,Prozentpunkte,Differenz,,,,17.342
2006,Prozentpunkte,Differenz,,,,13.486
2007,Prozentpunkte,Differenz,,,,13.801
2008,Prozentpunkte,Differenz,,,,6.914
2009,Prozentpunkte,Differenz,,,,7.535
2010,Prozentpunkte,Differenz,,,,7.263
2011,Prozentpunkte,Differenz,,,,7.238
2012,Prozentpunkte,Differenz,,,,5.42
2013,Prozentpunkte,Differenz,,,,2.806
2014,Prozentpunkte,Differenz,,,,9.436
2015,Prozentpunkte,Differenz,,,,14.828
2016,Prozentpunkte,Differenz,,,,24.999
2017,Prozentpunkte,Differenz,,,,30.811
2018,Prozentpunkte,Differenz,,,,28.118
2019,Prozentpunkte,Differenz,,,,19.338
2020,Prozentpunkte,Differenz,,,,15.65
1996,Prozentpunkte,Differenz,,,,13.686
1997,Prozentpunkte,Differenz,,,,16.005
1998,Prozentpunkte,Differenz,,,,14.083
1999,Prozentpunkte,Differenz,,,,12.32
2000,Prozentpunkte,Differenz,,,,11.801
2001,Prozentpunkte,Differenz,,,,11.198
2002,Prozentpunkte,Differenz,,,,8.078
2003,Prozentpunkte,Differenz,,,,6.901
2004,Prozentpunkte,Differenz,,,,9.506
2005,Prozentpunkte,Differenz,,,,8.601
2006,Prozentpunkte,Differenz,,,,9.414
2007,Prozentpunkte,Differenz,,,,7.882
2008,Prozentpunkte,Differenz,,,,7.183
2009,Prozentpunkte,Differenz,,,,6.225
2010,Prozentpunkte,Differenz,,,,5.84
2011,Prozentpunkte,Differenz,,,,4.874
2012,Prozentpunkte,Differenz,,,,4.362
2013,Prozentpunkte,Differenz,,,,6.738
2014,Prozentpunkte,Differenz,,,,5.516
2015,Prozentpunkte,Differenz,,,,5.89
2016,Prozentpunkte,Differenz,,,,11.126
2017,Prozentpunkte,Differenz,,,,12.897
2018,Prozentpunkte,Differenz,,,,14.734
2019,Prozentpunkte,Differenz,,,,17.552
2020,Prozentpunkte,Differenz,,,,15.07
1996,Prozentpunkte,Differenz,,,,25.6
1997,Prozentpunkte,Differenz,,,,27.237
1998,Prozentpunkte,Differenz,,,,25.497
1999,Prozentpunkte,Differenz,,,,31.154
2000,Prozentpunkte,Differenz,,,,25.93
2001,Prozentpunkte,Differenz,,,,26.058
2002,Prozentpunkte,Differenz,,,,13.967
2003,Prozentpunkte,Differenz,,,,8.16
2004,Prozentpunkte,Differenz,,,,6.747
2005,Prozentpunkte,Differenz,,,,9.713
2006,Prozentpunkte,Differenz,,,,10.339
2007,Prozentpunkte,Differenz,,,,7.454
2008,Prozentpunkte,Differenz,,,,8.616
2009,Prozentpunkte,Differenz,,,,3.278
2010,Prozentpunkte,Differenz,,,,1.628
2011,Prozentpunkte,Differenz,,,,2.001
2012,Prozentpunkte,Differenz,,,,1.734
2013,Prozentpunkte,Differenz,,,,7.35
2014,Prozentpunkte,Differenz,,,,6.38
2015,Prozentpunkte,Differenz,,,,11.178
2016,Prozentpunkte,Differenz,,,,15.648
2017,Prozentpunkte,Differenz,,,,39.774
2018,Prozentpunkte,Differenz,,,,30.428
2019,Prozentpunkte,Differenz,,,,25.288
2020,Prozentpunkte,Differenz,,,,20.928
