Year,Zeitreihe,Region,Value
2007,Gini-Koeffizient des verfügbaren Äquivalenzeinkommens vor Sozialleistungen,Deutschland,0.373
2008,Gini-Koeffizient des verfügbaren Äquivalenzeinkommens vor Sozialleistungen,Deutschland,0.367
2009,Gini-Koeffizient des verfügbaren Äquivalenzeinkommens vor Sozialleistungen,Deutschland,0.355
2010,Gini-Koeffizient des verfügbaren Äquivalenzeinkommens vor Sozialleistungen,Deutschland,0.359
2011,Gini-Koeffizient des verfügbaren Äquivalenzeinkommens vor Sozialleistungen,Deutschland,0.358
2012,Gini-Koeffizient des verfügbaren Äquivalenzeinkommens vor Sozialleistungen,Deutschland,0.345
2013,Gini-Koeffizient des verfügbaren Äquivalenzeinkommens vor Sozialleistungen,Deutschland,0.362
2014,Gini-Koeffizient des verfügbaren Äquivalenzeinkommens vor Sozialleistungen,Deutschland,0.371
2015,Gini-Koeffizient des verfügbaren Äquivalenzeinkommens vor Sozialleistungen,Deutschland,0.363
2016,Gini-Koeffizient des verfügbaren Äquivalenzeinkommens vor Sozialleistungen,Deutschland,0.359
2017,Gini-Koeffizient des verfügbaren Äquivalenzeinkommens vor Sozialleistungen,Deutschland,0.35
2018,Gini-Koeffizient des verfügbaren Äquivalenzeinkommens vor Sozialleistungen,Deutschland,0.366
2019,Gini-Koeffizient des verfügbaren Äquivalenzeinkommens vor Sozialleistungen,Deutschland,0.352
2007,Gini-Koeffizient des verfügbaren Äquivalenzeinkommens vor Sozialleistungen,EU-28,0.361
2008,Gini-Koeffizient des verfügbaren Äquivalenzeinkommens vor Sozialleistungen,EU-28,0.361
2009,Gini-Koeffizient des verfügbaren Äquivalenzeinkommens vor Sozialleistungen,EU-28,0.36
2010,Gini-Koeffizient des verfügbaren Äquivalenzeinkommens vor Sozialleistungen,EU-28,0.363
2011,Gini-Koeffizient des verfügbaren Äquivalenzeinkommens vor Sozialleistungen,EU-28,0.367
2012,Gini-Koeffizient des verfügbaren Äquivalenzeinkommens vor Sozialleistungen,EU-28,0.36
2013,Gini-Koeffizient des verfügbaren Äquivalenzeinkommens vor Sozialleistungen,EU-28,0.363
2014,Gini-Koeffizient des verfügbaren Äquivalenzeinkommens vor Sozialleistungen,EU-28,0.366
2015,Gini-Koeffizient des verfügbaren Äquivalenzeinkommens vor Sozialleistungen,EU-28,0.365
2016,Gini-Koeffizient des verfügbaren Äquivalenzeinkommens vor Sozialleistungen,EU-28,0.362
2017,Gini-Koeffizient des verfügbaren Äquivalenzeinkommens vor Sozialleistungen,EU-28,0.359
2018,Gini-Koeffizient des verfügbaren Äquivalenzeinkommens vor Sozialleistungen,EU-28,0.359
2019,Gini-Koeffizient des verfügbaren Äquivalenzeinkommens vor Sozialleistungen,EU-28,0.355
2007,Gini-Koeffizient des verfügbaren Äquivalenzeinkommens,Deutschland,0.304
2008,Gini-Koeffizient des verfügbaren Äquivalenzeinkommens,Deutschland,0.302
2009,Gini-Koeffizient des verfügbaren Äquivalenzeinkommens,Deutschland,0.291
2010,Gini-Koeffizient des verfügbaren Äquivalenzeinkommens,Deutschland,0.293
2011,Gini-Koeffizient des verfügbaren Äquivalenzeinkommens,Deutschland,0.29
2012,Gini-Koeffizient des verfügbaren Äquivalenzeinkommens,Deutschland,0.283
2013,Gini-Koeffizient des verfügbaren Äquivalenzeinkommens,Deutschland,0.297
2014,Gini-Koeffizient des verfügbaren Äquivalenzeinkommens,Deutschland,0.307
2015,Gini-Koeffizient des verfügbaren Äquivalenzeinkommens,Deutschland,0.301
2016,Gini-Koeffizient des verfügbaren Äquivalenzeinkommens,Deutschland,0.295
2017,Gini-Koeffizient des verfügbaren Äquivalenzeinkommens,Deutschland,0.291
2018,Gini-Koeffizient des verfügbaren Äquivalenzeinkommens,Deutschland,0.311
2019,Gini-Koeffizient des verfügbaren Äquivalenzeinkommens,Deutschland,0.297
2007,Gini-Koeffizient des verfügbaren Äquivalenzeinkommens,EU-28,0.306
2008,Gini-Koeffizient des verfügbaren Äquivalenzeinkommens,EU-28,0.31
2009,Gini-Koeffizient des verfügbaren Äquivalenzeinkommens,EU-28,0.306
2010,Gini-Koeffizient des verfügbaren Äquivalenzeinkommens,EU-28,0.305
2011,Gini-Koeffizient des verfügbaren Äquivalenzeinkommens,EU-28,0.308
2012,Gini-Koeffizient des verfügbaren Äquivalenzeinkommens,EU-28,0.305
2013,Gini-Koeffizient des verfügbaren Äquivalenzeinkommens,EU-28,0.305
2014,Gini-Koeffizient des verfügbaren Äquivalenzeinkommens,EU-28,0.31
2015,Gini-Koeffizient des verfügbaren Äquivalenzeinkommens,EU-28,0.31
2016,Gini-Koeffizient des verfügbaren Äquivalenzeinkommens,EU-28,0.308
2017,Gini-Koeffizient des verfügbaren Äquivalenzeinkommens,EU-28,0.306
2018,Gini-Koeffizient des verfügbaren Äquivalenzeinkommens,EU-28,0.308
2019,Gini-Koeffizient des verfügbaren Äquivalenzeinkommens,EU-28,0.307
2008,Gini-Koeffizient des Markteinkommens,Deutschland,0.494
2009,Gini-Koeffizient des Markteinkommens,Deutschland,0.493
2010,Gini-Koeffizient des Markteinkommens,Deutschland,0.492
2011,Gini-Koeffizient des Markteinkommens,Deutschland,0.505
2012,Gini-Koeffizient des Markteinkommens,Deutschland,0.501
2013,Gini-Koeffizient des Markteinkommens,Deutschland,0.508
2014,Gini-Koeffizient des Markteinkommens,Deutschland,0.5
2015,Gini-Koeffizient des Markteinkommens,Deutschland,0.504
2016,Gini-Koeffizient des Markteinkommens,Deutschland,0.505
2017,Gini-Koeffizient des Markteinkommens,Deutschland,0.5
2010,Gini-Koeffizient des Vermögens,Deutschland,0.758
2014,Gini-Koeffizient des Vermögens,Deutschland,0.762
2017,Gini-Koeffizient des Vermögens,Deutschland,0.739
2010,Gini-Koeffizient des Vermögens,Eurozone,0.68
2014,Gini-Koeffizient des Vermögens,Eurozone,0.685
2017,Gini-Koeffizient des Vermögens,Eurozone,0.695
