Year,Units,Verstädterungsgrad,Bundesland,GeoCode,Value
2004,m² pro Einwohner/-in und Jahr,,,,-5.1
2005,m² pro Einwohner/-in und Jahr,,,,-5.0
2006,m² pro Einwohner/-in und Jahr,,,,-4.8
2007,m² pro Einwohner/-in und Jahr,,,,-4.7
2008,m² pro Einwohner/-in und Jahr,,,,-4.6
2009,m² pro Einwohner/-in und Jahr,,,,-4.3
2010,m² pro Einwohner/-in und Jahr,,,,-4.0
2011,m² pro Einwohner/-in und Jahr,,,,-4.2
2012,m² pro Einwohner/-in und Jahr,,,,-3.8
2013,m² pro Einwohner/-in und Jahr,,,,-3.6
2014,m² pro Einwohner/-in und Jahr,,,,-3.7
2015,m² pro Einwohner/-in und Jahr,,,,-2.9
2017,m² pro Einwohner/-in und Jahr,,,,-2.8
2018,m² pro Einwohner/-in und Jahr,,,,-2.8
2019,m² pro Einwohner/-in und Jahr,,,,-2.8
2020,m² pro Einwohner/-in und Jahr,,,,-2.8
2016,m² pro Einwohner/-in und Jahr,,,,
2004,m² pro Einwohner/-in und Jahr,Nicht-ländliche Gebiete,,,-1.8
2005,m² pro Einwohner/-in und Jahr,Nicht-ländliche Gebiete,,,-1.8
2006,m² pro Einwohner/-in und Jahr,Nicht-ländliche Gebiete,,,-1.7
2007,m² pro Einwohner/-in und Jahr,Nicht-ländliche Gebiete,,,-1.7
2008,m² pro Einwohner/-in und Jahr,Nicht-ländliche Gebiete,,,-1.7
2009,m² pro Einwohner/-in und Jahr,Nicht-ländliche Gebiete,,,-1.5
2010,m² pro Einwohner/-in und Jahr,Nicht-ländliche Gebiete,,,-1.5
2011,m² pro Einwohner/-in und Jahr,Nicht-ländliche Gebiete,,,-1.4
2012,m² pro Einwohner/-in und Jahr,Nicht-ländliche Gebiete,,,-1.2
2013,m² pro Einwohner/-in und Jahr,Nicht-ländliche Gebiete,,,-1.2
2014,m² pro Einwohner/-in und Jahr,Nicht-ländliche Gebiete,,,-1.1
2015,m² pro Einwohner/-in und Jahr,Nicht-ländliche Gebiete,,,-1.0
2017,m² pro Einwohner/-in und Jahr,Nicht-ländliche Gebiete,,,-0.6
2018,m² pro Einwohner/-in und Jahr,Nicht-ländliche Gebiete,,,-0.6
2019,m² pro Einwohner/-in und Jahr,Nicht-ländliche Gebiete,,,-0.5
2020,m² pro Einwohner/-in und Jahr,Nicht-ländliche Gebiete,,,-0.7
2016,m² pro Einwohner/-in und Jahr,Nicht-ländliche Gebiete,,,
2004,m² pro Einwohner/-in und Jahr,Ländliche Gebiete,,,-7.4
2005,m² pro Einwohner/-in und Jahr,Ländliche Gebiete,,,-7.3
2006,m² pro Einwohner/-in und Jahr,Ländliche Gebiete,,,-7.1
2007,m² pro Einwohner/-in und Jahr,Ländliche Gebiete,,,-6.9
2008,m² pro Einwohner/-in und Jahr,Ländliche Gebiete,,,-6.7
2009,m² pro Einwohner/-in und Jahr,Ländliche Gebiete,,,-6.4
2010,m² pro Einwohner/-in und Jahr,Ländliche Gebiete,,,-5.9
2011,m² pro Einwohner/-in und Jahr,Ländliche Gebiete,,,-6.3
2012,m² pro Einwohner/-in und Jahr,Ländliche Gebiete,,,-5.7
2013,m² pro Einwohner/-in und Jahr,Ländliche Gebiete,,,-5.5
2014,m² pro Einwohner/-in und Jahr,Ländliche Gebiete,,,-5.7
2015,m² pro Einwohner/-in und Jahr,Ländliche Gebiete,,,-4.3
2017,m² pro Einwohner/-in und Jahr,Ländliche Gebiete,,,-4.4
2018,m² pro Einwohner/-in und Jahr,Ländliche Gebiete,,,-4.5
2019,m² pro Einwohner/-in und Jahr,Ländliche Gebiete,,,-4.5
2020,m² pro Einwohner/-in und Jahr,Ländliche Gebiete,,,-4.5
2016,m² pro Einwohner/-in und Jahr,Ländliche Gebiete,,,
2004,m² pro Einwohner/-in und Jahr,,Baden-Württemberg,code08,-3.6
2005,m² pro Einwohner/-in und Jahr,,Baden-Württemberg,code08,-3.3
2006,m² pro Einwohner/-in und Jahr,,Baden-Württemberg,code08,-3.2
2007,m² pro Einwohner/-in und Jahr,,Baden-Württemberg,code08,-3.2
2008,m² pro Einwohner/-in und Jahr,,Baden-Württemberg,code08,-3.1
2009,m² pro Einwohner/-in und Jahr,,Baden-Württemberg,code08,-3.0
2010,m² pro Einwohner/-in und Jahr,,Baden-Württemberg,code08,-2.7
2011,m² pro Einwohner/-in und Jahr,,Baden-Württemberg,code08,-2.4
2012,m² pro Einwohner/-in und Jahr,,Baden-Württemberg,code08,-2.3
2013,m² pro Einwohner/-in und Jahr,,Baden-Württemberg,code08,-2.1
2014,m² pro Einwohner/-in und Jahr,,Baden-Württemberg,code08,-2.0
2015,m² pro Einwohner/-in und Jahr,,Baden-Württemberg,code08,-1.9
2017,m² pro Einwohner/-in und Jahr,,Baden-Württemberg,code08,-1.9
2018,m² pro Einwohner/-in und Jahr,,Baden-Württemberg,code08,-1.8
2019,m² pro Einwohner/-in und Jahr,,Baden-Württemberg,code08,-1.8
2020,m² pro Einwohner/-in und Jahr,,Baden-Württemberg,code08,-1.9
2016,m² pro Einwohner/-in und Jahr,,Baden-Württemberg,code08,
2004,m² pro Einwohner/-in und Jahr,Nicht-ländliche Gebiete,Baden-Württemberg,code08,
2005,m² pro Einwohner/-in und Jahr,Nicht-ländliche Gebiete,Baden-Württemberg,code08,
2006,m² pro Einwohner/-in und Jahr,Nicht-ländliche Gebiete,Baden-Württemberg,code08,
2007,m² pro Einwohner/-in und Jahr,Nicht-ländliche Gebiete,Baden-Württemberg,code08,
2008,m² pro Einwohner/-in und Jahr,Nicht-ländliche Gebiete,Baden-Württemberg,code08,
2009,m² pro Einwohner/-in und Jahr,Nicht-ländliche Gebiete,Baden-Württemberg,code08,-1.1
2010,m² pro Einwohner/-in und Jahr,Nicht-ländliche Gebiete,Baden-Württemberg,code08,-1.2
2011,m² pro Einwohner/-in und Jahr,Nicht-ländliche Gebiete,Baden-Württemberg,code08,-1.2
2012,m² pro Einwohner/-in und Jahr,Nicht-ländliche Gebiete,Baden-Württemberg,code08,-1.1
2013,m² pro Einwohner/-in und Jahr,Nicht-ländliche Gebiete,Baden-Württemberg,code08,-1.0
2014,m² pro Einwohner/-in und Jahr,Nicht-ländliche Gebiete,Baden-Württemberg,code08,-0.9
2015,m² pro Einwohner/-in und Jahr,Nicht-ländliche Gebiete,Baden-Württemberg,code08,-0.9
2017,m² pro Einwohner/-in und Jahr,Nicht-ländliche Gebiete,Baden-Württemberg,code08,-0.9
2018,m² pro Einwohner/-in und Jahr,Nicht-ländliche Gebiete,Baden-Württemberg,code08,-0.8
2019,m² pro Einwohner/-in und Jahr,Nicht-ländliche Gebiete,Baden-Württemberg,code08,-0.7
2020,m² pro Einwohner/-in und Jahr,Nicht-ländliche Gebiete,Baden-Württemberg,code08,-0.7
2016,m² pro Einwohner/-in und Jahr,Nicht-ländliche Gebiete,Baden-Württemberg,code08,
2004,m² pro Einwohner/-in und Jahr,Ländliche Gebiete,Baden-Württemberg,code08,
2005,m² pro Einwohner/-in und Jahr,Ländliche Gebiete,Baden-Württemberg,code08,
2006,m² pro Einwohner/-in und Jahr,Ländliche Gebiete,Baden-Württemberg,code08,
2007,m² pro Einwohner/-in und Jahr,Ländliche Gebiete,Baden-Württemberg,code08,
2008,m² pro Einwohner/-in und Jahr,Ländliche Gebiete,Baden-Württemberg,code08,
2009,m² pro Einwohner/-in und Jahr,Ländliche Gebiete,Baden-Württemberg,code08,-3.2
2010,m² pro Einwohner/-in und Jahr,Ländliche Gebiete,Baden-Württemberg,code08,-3.1
2011,m² pro Einwohner/-in und Jahr,Ländliche Gebiete,Baden-Württemberg,code08,-3.0
2012,m² pro Einwohner/-in und Jahr,Ländliche Gebiete,Baden-Württemberg,code08,-3.1
2013,m² pro Einwohner/-in und Jahr,Ländliche Gebiete,Baden-Württemberg,code08,-2.9
2014,m² pro Einwohner/-in und Jahr,Ländliche Gebiete,Baden-Württemberg,code08,-2.8
2015,m² pro Einwohner/-in und Jahr,Ländliche Gebiete,Baden-Württemberg,code08,-2.6
2017,m² pro Einwohner/-in und Jahr,Ländliche Gebiete,Baden-Württemberg,code08,-2.6
2018,m² pro Einwohner/-in und Jahr,Ländliche Gebiete,Baden-Württemberg,code08,-2.5
2019,m² pro Einwohner/-in und Jahr,Ländliche Gebiete,Baden-Württemberg,code08,-2.5
2020,m² pro Einwohner/-in und Jahr,Ländliche Gebiete,Baden-Württemberg,code08,-2.6
2016,m² pro Einwohner/-in und Jahr,Ländliche Gebiete,Baden-Württemberg,code08,
2004,m² pro Einwohner/-in und Jahr,,Bayern,code09,-5.3
2005,m² pro Einwohner/-in und Jahr,,Bayern,code09,-4.9
2006,m² pro Einwohner/-in und Jahr,,Bayern,code09,-5.0
2007,m² pro Einwohner/-in und Jahr,,Bayern,code09,-5.0
2008,m² pro Einwohner/-in und Jahr,,Bayern,code09,-5.0
2009,m² pro Einwohner/-in und Jahr,,Bayern,code09,-5.1
2010,m² pro Einwohner/-in und Jahr,,Bayern,code09,-5.1
2011,m² pro Einwohner/-in und Jahr,,Bayern,code09,-8.5
2012,m² pro Einwohner/-in und Jahr,,Bayern,code09,-8.2
2013,m² pro Einwohner/-in und Jahr,,Bayern,code09,-7.9
2014,m² pro Einwohner/-in und Jahr,,Bayern,code09,-7.1
2015,m² pro Einwohner/-in und Jahr,,Bayern,code09,-3.5
2017,m² pro Einwohner/-in und Jahr,,Bayern,code09,-3.2
2018,m² pro Einwohner/-in und Jahr,,Bayern,code09,-3.1
2019,m² pro Einwohner/-in und Jahr,,Bayern,code09,-2.9
2020,m² pro Einwohner/-in und Jahr,,Bayern,code09,-3.1
2016,m² pro Einwohner/-in und Jahr,,Bayern,code09,
2004,m² pro Einwohner/-in und Jahr,Nicht-ländliche Gebiete,Bayern,code09,
2005,m² pro Einwohner/-in und Jahr,Nicht-ländliche Gebiete,Bayern,code09,
2006,m² pro Einwohner/-in und Jahr,Nicht-ländliche Gebiete,Bayern,code09,
2007,m² pro Einwohner/-in und Jahr,Nicht-ländliche Gebiete,Bayern,code09,
2008,m² pro Einwohner/-in und Jahr,Nicht-ländliche Gebiete,Bayern,code09,
2009,m² pro Einwohner/-in und Jahr,Nicht-ländliche Gebiete,Bayern,code09,-1.5
2010,m² pro Einwohner/-in und Jahr,Nicht-ländliche Gebiete,Bayern,code09,-1.7
2011,m² pro Einwohner/-in und Jahr,Nicht-ländliche Gebiete,Bayern,code09,-2.0
2012,m² pro Einwohner/-in und Jahr,Nicht-ländliche Gebiete,Bayern,code09,-1.7
2013,m² pro Einwohner/-in und Jahr,Nicht-ländliche Gebiete,Bayern,code09,-1.5
2014,m² pro Einwohner/-in und Jahr,Nicht-ländliche Gebiete,Bayern,code09,-1.3
2015,m² pro Einwohner/-in und Jahr,Nicht-ländliche Gebiete,Bayern,code09,-0.8
2017,m² pro Einwohner/-in und Jahr,Nicht-ländliche Gebiete,Bayern,code09,-1.1
2018,m² pro Einwohner/-in und Jahr,Nicht-ländliche Gebiete,Bayern,code09,-1.1
2019,m² pro Einwohner/-in und Jahr,Nicht-ländliche Gebiete,Bayern,code09,-1.0
2020,m² pro Einwohner/-in und Jahr,Nicht-ländliche Gebiete,Bayern,code09,-0.8
2016,m² pro Einwohner/-in und Jahr,Nicht-ländliche Gebiete,Bayern,code09,
2004,m² pro Einwohner/-in und Jahr,Ländliche Gebiete,Bayern,code09,
2005,m² pro Einwohner/-in und Jahr,Ländliche Gebiete,Bayern,code09,
2006,m² pro Einwohner/-in und Jahr,Ländliche Gebiete,Bayern,code09,
2007,m² pro Einwohner/-in und Jahr,Ländliche Gebiete,Bayern,code09,
2008,m² pro Einwohner/-in und Jahr,Ländliche Gebiete,Bayern,code09,
2009,m² pro Einwohner/-in und Jahr,Ländliche Gebiete,Bayern,code09,-6.0
2010,m² pro Einwohner/-in und Jahr,Ländliche Gebiete,Bayern,code09,-6.8
2011,m² pro Einwohner/-in und Jahr,Ländliche Gebiete,Bayern,code09,-12.6
2012,m² pro Einwohner/-in und Jahr,Ländliche Gebiete,Bayern,code09,-10.6
2013,m² pro Einwohner/-in und Jahr,Ländliche Gebiete,Bayern,code09,-10.2
2014,m² pro Einwohner/-in und Jahr,Ländliche Gebiete,Bayern,code09,-9.3
2015,m² pro Einwohner/-in und Jahr,Ländliche Gebiete,Bayern,code09,-4.5
2017,m² pro Einwohner/-in und Jahr,Ländliche Gebiete,Bayern,code09,-4.0
2018,m² pro Einwohner/-in und Jahr,Ländliche Gebiete,Bayern,code09,-3.9
2019,m² pro Einwohner/-in und Jahr,Ländliche Gebiete,Bayern,code09,-3.7
2020,m² pro Einwohner/-in und Jahr,Ländliche Gebiete,Bayern,code09,-4.0
2016,m² pro Einwohner/-in und Jahr,Ländliche Gebiete,Bayern,code09,
2004,m² pro Einwohner/-in und Jahr,,Berlin,code11,-0.3
2005,m² pro Einwohner/-in und Jahr,,Berlin,code11,-0.3
2006,m² pro Einwohner/-in und Jahr,,Berlin,code11,-0.2
2007,m² pro Einwohner/-in und Jahr,,Berlin,code11,-0.3
2008,m² pro Einwohner/-in und Jahr,,Berlin,code11,-0.3
2009,m² pro Einwohner/-in und Jahr,,Berlin,code11,-0.4
2010,m² pro Einwohner/-in und Jahr,,Berlin,code11,-0.4
2011,m² pro Einwohner/-in und Jahr,,Berlin,code11,-0.3
2012,m² pro Einwohner/-in und Jahr,,Berlin,code11,-0.1
2013,m² pro Einwohner/-in und Jahr,,Berlin,code11,0.0
2014,m² pro Einwohner/-in und Jahr,,Berlin,code11,0.1
2015,m² pro Einwohner/-in und Jahr,,Berlin,code11,0.1
2017,m² pro Einwohner/-in und Jahr,,Berlin,code11,-0.2
2018,m² pro Einwohner/-in und Jahr,,Berlin,code11,-0.2
2019,m² pro Einwohner/-in und Jahr,,Berlin,code11,-0.2
2020,m² pro Einwohner/-in und Jahr,,Berlin,code11,-0.1
2016,m² pro Einwohner/-in und Jahr,,Berlin,code11,
2004,m² pro Einwohner/-in und Jahr,Nicht-ländliche Gebiete,Berlin,code11,
2005,m² pro Einwohner/-in und Jahr,Nicht-ländliche Gebiete,Berlin,code11,
2006,m² pro Einwohner/-in und Jahr,Nicht-ländliche Gebiete,Berlin,code11,
2007,m² pro Einwohner/-in und Jahr,Nicht-ländliche Gebiete,Berlin,code11,
2008,m² pro Einwohner/-in und Jahr,Nicht-ländliche Gebiete,Berlin,code11,
2009,m² pro Einwohner/-in und Jahr,Nicht-ländliche Gebiete,Berlin,code11,
2010,m² pro Einwohner/-in und Jahr,Nicht-ländliche Gebiete,Berlin,code11,
2011,m² pro Einwohner/-in und Jahr,Nicht-ländliche Gebiete,Berlin,code11,
2012,m² pro Einwohner/-in und Jahr,Nicht-ländliche Gebiete,Berlin,code11,
2013,m² pro Einwohner/-in und Jahr,Nicht-ländliche Gebiete,Berlin,code11,
2014,m² pro Einwohner/-in und Jahr,Nicht-ländliche Gebiete,Berlin,code11,
2015,m² pro Einwohner/-in und Jahr,Nicht-ländliche Gebiete,Berlin,code11,
2017,m² pro Einwohner/-in und Jahr,Nicht-ländliche Gebiete,Berlin,code11,
2018,m² pro Einwohner/-in und Jahr,Nicht-ländliche Gebiete,Berlin,code11,
2019,m² pro Einwohner/-in und Jahr,Nicht-ländliche Gebiete,Berlin,code11,
2020,m² pro Einwohner/-in und Jahr,Nicht-ländliche Gebiete,Berlin,code11,
2016,m² pro Einwohner/-in und Jahr,Nicht-ländliche Gebiete,Berlin,code11,
2004,m² pro Einwohner/-in und Jahr,Ländliche Gebiete,Berlin,code11,
2005,m² pro Einwohner/-in und Jahr,Ländliche Gebiete,Berlin,code11,
2006,m² pro Einwohner/-in und Jahr,Ländliche Gebiete,Berlin,code11,
2007,m² pro Einwohner/-in und Jahr,Ländliche Gebiete,Berlin,code11,
2008,m² pro Einwohner/-in und Jahr,Ländliche Gebiete,Berlin,code11,
2009,m² pro Einwohner/-in und Jahr,Ländliche Gebiete,Berlin,code11,
2010,m² pro Einwohner/-in und Jahr,Ländliche Gebiete,Berlin,code11,
2011,m² pro Einwohner/-in und Jahr,Ländliche Gebiete,Berlin,code11,
2012,m² pro Einwohner/-in und Jahr,Ländliche Gebiete,Berlin,code11,
2013,m² pro Einwohner/-in und Jahr,Ländliche Gebiete,Berlin,code11,
2014,m² pro Einwohner/-in und Jahr,Ländliche Gebiete,Berlin,code11,
2015,m² pro Einwohner/-in und Jahr,Ländliche Gebiete,Berlin,code11,
2017,m² pro Einwohner/-in und Jahr,Ländliche Gebiete,Berlin,code11,
2018,m² pro Einwohner/-in und Jahr,Ländliche Gebiete,Berlin,code11,
2019,m² pro Einwohner/-in und Jahr,Ländliche Gebiete,Berlin,code11,
2020,m² pro Einwohner/-in und Jahr,Ländliche Gebiete,Berlin,code11,
2016,m² pro Einwohner/-in und Jahr,Ländliche Gebiete,Berlin,code11,
2004,m² pro Einwohner/-in und Jahr,,Brandenburg,code12,-11.6
2005,m² pro Einwohner/-in und Jahr,,Brandenburg,code12,-12.3
2006,m² pro Einwohner/-in und Jahr,,Brandenburg,code12,-12.4
2007,m² pro Einwohner/-in und Jahr,,Brandenburg,code12,-11.9
2008,m² pro Einwohner/-in und Jahr,,Brandenburg,code12,-13.6
2009,m² pro Einwohner/-in und Jahr,,Brandenburg,code12,-12.2
2010,m² pro Einwohner/-in und Jahr,,Brandenburg,code12,-10.8
2011,m² pro Einwohner/-in und Jahr,,Brandenburg,code12,-9.6
2012,m² pro Einwohner/-in und Jahr,,Brandenburg,code12,-6.7
2013,m² pro Einwohner/-in und Jahr,,Brandenburg,code12,-8.4
2014,m² pro Einwohner/-in und Jahr,,Brandenburg,code12,-7.9
2015,m² pro Einwohner/-in und Jahr,,Brandenburg,code12,-7.3
2017,m² pro Einwohner/-in und Jahr,,Brandenburg,code12,-3.1
2018,m² pro Einwohner/-in und Jahr,,Brandenburg,code12,-2.5
2019,m² pro Einwohner/-in und Jahr,,Brandenburg,code12,-2.0
2020,m² pro Einwohner/-in und Jahr,,Brandenburg,code12,-3.8
2016,m² pro Einwohner/-in und Jahr,,Brandenburg,code12,
2004,m² pro Einwohner/-in und Jahr,Nicht-ländliche Gebiete,Brandenburg,code12,
2005,m² pro Einwohner/-in und Jahr,Nicht-ländliche Gebiete,Brandenburg,code12,
2006,m² pro Einwohner/-in und Jahr,Nicht-ländliche Gebiete,Brandenburg,code12,
2007,m² pro Einwohner/-in und Jahr,Nicht-ländliche Gebiete,Brandenburg,code12,
2008,m² pro Einwohner/-in und Jahr,Nicht-ländliche Gebiete,Brandenburg,code12,
2009,m² pro Einwohner/-in und Jahr,Nicht-ländliche Gebiete,Brandenburg,code12,1.4
2010,m² pro Einwohner/-in und Jahr,Nicht-ländliche Gebiete,Brandenburg,code12,0.2
2011,m² pro Einwohner/-in und Jahr,Nicht-ländliche Gebiete,Brandenburg,code12,0.0
2012,m² pro Einwohner/-in und Jahr,Nicht-ländliche Gebiete,Brandenburg,code12,-0.8
2013,m² pro Einwohner/-in und Jahr,Nicht-ländliche Gebiete,Brandenburg,code12,-1.4
2014,m² pro Einwohner/-in und Jahr,Nicht-ländliche Gebiete,Brandenburg,code12,-1.4
2015,m² pro Einwohner/-in und Jahr,Nicht-ländliche Gebiete,Brandenburg,code12,-1.5
2017,m² pro Einwohner/-in und Jahr,Nicht-ländliche Gebiete,Brandenburg,code12,-1.1
2018,m² pro Einwohner/-in und Jahr,Nicht-ländliche Gebiete,Brandenburg,code12,-1.2
2019,m² pro Einwohner/-in und Jahr,Nicht-ländliche Gebiete,Brandenburg,code12,-1.1
2020,m² pro Einwohner/-in und Jahr,Nicht-ländliche Gebiete,Brandenburg,code12,-1.1
2016,m² pro Einwohner/-in und Jahr,Nicht-ländliche Gebiete,Brandenburg,code12,
2004,m² pro Einwohner/-in und Jahr,Ländliche Gebiete,Brandenburg,code12,
2005,m² pro Einwohner/-in und Jahr,Ländliche Gebiete,Brandenburg,code12,
2006,m² pro Einwohner/-in und Jahr,Ländliche Gebiete,Brandenburg,code12,
2007,m² pro Einwohner/-in und Jahr,Ländliche Gebiete,Brandenburg,code12,
2008,m² pro Einwohner/-in und Jahr,Ländliche Gebiete,Brandenburg,code12,
2009,m² pro Einwohner/-in und Jahr,Ländliche Gebiete,Brandenburg,code12,-10.5
2010,m² pro Einwohner/-in und Jahr,Ländliche Gebiete,Brandenburg,code12,-9.0
2011,m² pro Einwohner/-in und Jahr,Ländliche Gebiete,Brandenburg,code12,-7.7
2012,m² pro Einwohner/-in und Jahr,Ländliche Gebiete,Brandenburg,code12,-7.1
2013,m² pro Einwohner/-in und Jahr,Ländliche Gebiete,Brandenburg,code12,-9.0
2014,m² pro Einwohner/-in und Jahr,Ländliche Gebiete,Brandenburg,code12,-8.3
2015,m² pro Einwohner/-in und Jahr,Ländliche Gebiete,Brandenburg,code12,-7.7
2017,m² pro Einwohner/-in und Jahr,Ländliche Gebiete,Brandenburg,code12,-3.2
2018,m² pro Einwohner/-in und Jahr,Ländliche Gebiete,Brandenburg,code12,-2.7
2019,m² pro Einwohner/-in und Jahr,Ländliche Gebiete,Brandenburg,code12,-2.1
2020,m² pro Einwohner/-in und Jahr,Ländliche Gebiete,Brandenburg,code12,-4.0
2016,m² pro Einwohner/-in und Jahr,Ländliche Gebiete,Brandenburg,code12,
2004,m² pro Einwohner/-in und Jahr,,Bremen,code04,-0.8
2005,m² pro Einwohner/-in und Jahr,,Bremen,code04,-0.8
2006,m² pro Einwohner/-in und Jahr,,Bremen,code04,-0.8
2007,m² pro Einwohner/-in und Jahr,,Bremen,code04,-1.1
2008,m² pro Einwohner/-in und Jahr,,Bremen,code04,-1.1
2009,m² pro Einwohner/-in und Jahr,,Bremen,code04,-0.8
2010,m² pro Einwohner/-in und Jahr,,Bremen,code04,-1.1
2011,m² pro Einwohner/-in und Jahr,,Bremen,code04,-0.8
2012,m² pro Einwohner/-in und Jahr,,Bremen,code04,-1.5
2013,m² pro Einwohner/-in und Jahr,,Bremen,code04,-1.5
2014,m² pro Einwohner/-in und Jahr,,Bremen,code04,-1.5
2015,m² pro Einwohner/-in und Jahr,,Bremen,code04,-1.1
2017,m² pro Einwohner/-in und Jahr,,Bremen,code04,-0.8
2018,m² pro Einwohner/-in und Jahr,,Bremen,code04,-0.3
2019,m² pro Einwohner/-in und Jahr,,Bremen,code04,-0.4
2020,m² pro Einwohner/-in und Jahr,,Bremen,code04,-0.2
2016,m² pro Einwohner/-in und Jahr,,Bremen,code04,
2004,m² pro Einwohner/-in und Jahr,Nicht-ländliche Gebiete,Bremen,code04,
2005,m² pro Einwohner/-in und Jahr,Nicht-ländliche Gebiete,Bremen,code04,
2006,m² pro Einwohner/-in und Jahr,Nicht-ländliche Gebiete,Bremen,code04,
2007,m² pro Einwohner/-in und Jahr,Nicht-ländliche Gebiete,Bremen,code04,
2008,m² pro Einwohner/-in und Jahr,Nicht-ländliche Gebiete,Bremen,code04,
2009,m² pro Einwohner/-in und Jahr,Nicht-ländliche Gebiete,Bremen,code04,
2010,m² pro Einwohner/-in und Jahr,Nicht-ländliche Gebiete,Bremen,code04,
2011,m² pro Einwohner/-in und Jahr,Nicht-ländliche Gebiete,Bremen,code04,
2012,m² pro Einwohner/-in und Jahr,Nicht-ländliche Gebiete,Bremen,code04,
2013,m² pro Einwohner/-in und Jahr,Nicht-ländliche Gebiete,Bremen,code04,
2014,m² pro Einwohner/-in und Jahr,Nicht-ländliche Gebiete,Bremen,code04,
2015,m² pro Einwohner/-in und Jahr,Nicht-ländliche Gebiete,Bremen,code04,
2017,m² pro Einwohner/-in und Jahr,Nicht-ländliche Gebiete,Bremen,code04,
2018,m² pro Einwohner/-in und Jahr,Nicht-ländliche Gebiete,Bremen,code04,
2019,m² pro Einwohner/-in und Jahr,Nicht-ländliche Gebiete,Bremen,code04,
2020,m² pro Einwohner/-in und Jahr,Nicht-ländliche Gebiete,Bremen,code04,
2016,m² pro Einwohner/-in und Jahr,Nicht-ländliche Gebiete,Bremen,code04,
2004,m² pro Einwohner/-in und Jahr,Ländliche Gebiete,Bremen,code04,
2005,m² pro Einwohner/-in und Jahr,Ländliche Gebiete,Bremen,code04,
2006,m² pro Einwohner/-in und Jahr,Ländliche Gebiete,Bremen,code04,
2007,m² pro Einwohner/-in und Jahr,Ländliche Gebiete,Bremen,code04,
2008,m² pro Einwohner/-in und Jahr,Ländliche Gebiete,Bremen,code04,
2009,m² pro Einwohner/-in und Jahr,Ländliche Gebiete,Bremen,code04,
2010,m² pro Einwohner/-in und Jahr,Ländliche Gebiete,Bremen,code04,
2011,m² pro Einwohner/-in und Jahr,Ländliche Gebiete,Bremen,code04,
2012,m² pro Einwohner/-in und Jahr,Ländliche Gebiete,Bremen,code04,
2013,m² pro Einwohner/-in und Jahr,Ländliche Gebiete,Bremen,code04,
2014,m² pro Einwohner/-in und Jahr,Ländliche Gebiete,Bremen,code04,
2015,m² pro Einwohner/-in und Jahr,Ländliche Gebiete,Bremen,code04,
2017,m² pro Einwohner/-in und Jahr,Ländliche Gebiete,Bremen,code04,
2018,m² pro Einwohner/-in und Jahr,Ländliche Gebiete,Bremen,code04,
2019,m² pro Einwohner/-in und Jahr,Ländliche Gebiete,Bremen,code04,
2020,m² pro Einwohner/-in und Jahr,Ländliche Gebiete,Bremen,code04,
2016,m² pro Einwohner/-in und Jahr,Ländliche Gebiete,Bremen,code04,
2004,m² pro Einwohner/-in und Jahr,,Hamburg,code02,-1.6
2005,m² pro Einwohner/-in und Jahr,,Hamburg,code02,-2.2
2006,m² pro Einwohner/-in und Jahr,,Hamburg,code02,-1.9
2007,m² pro Einwohner/-in und Jahr,,Hamburg,code02,-1.6
2008,m² pro Einwohner/-in und Jahr,,Hamburg,code02,-1.0
2009,m² pro Einwohner/-in und Jahr,,Hamburg,code02,-0.6
2010,m² pro Einwohner/-in und Jahr,,Hamburg,code02,-0.4
2011,m² pro Einwohner/-in und Jahr,,Hamburg,code02,-0.3
2012,m² pro Einwohner/-in und Jahr,,Hamburg,code02,-0.4
2013,m² pro Einwohner/-in und Jahr,,Hamburg,code02,-0.6
2014,m² pro Einwohner/-in und Jahr,,Hamburg,code02,0.0
2015,m² pro Einwohner/-in und Jahr,,Hamburg,code02,0.4
2017,m² pro Einwohner/-in und Jahr,,Hamburg,code02,1.2
2018,m² pro Einwohner/-in und Jahr,,Hamburg,code02,0.8
2019,m² pro Einwohner/-in und Jahr,,Hamburg,code02,0.4
2020,m² pro Einwohner/-in und Jahr,,Hamburg,code02,0.0
2016,m² pro Einwohner/-in und Jahr,,Hamburg,code02,
2004,m² pro Einwohner/-in und Jahr,Nicht-ländliche Gebiete,Hamburg,code02,
2005,m² pro Einwohner/-in und Jahr,Nicht-ländliche Gebiete,Hamburg,code02,
2006,m² pro Einwohner/-in und Jahr,Nicht-ländliche Gebiete,Hamburg,code02,
2007,m² pro Einwohner/-in und Jahr,Nicht-ländliche Gebiete,Hamburg,code02,
2008,m² pro Einwohner/-in und Jahr,Nicht-ländliche Gebiete,Hamburg,code02,
2009,m² pro Einwohner/-in und Jahr,Nicht-ländliche Gebiete,Hamburg,code02,
2010,m² pro Einwohner/-in und Jahr,Nicht-ländliche Gebiete,Hamburg,code02,
2011,m² pro Einwohner/-in und Jahr,Nicht-ländliche Gebiete,Hamburg,code02,
2012,m² pro Einwohner/-in und Jahr,Nicht-ländliche Gebiete,Hamburg,code02,
2013,m² pro Einwohner/-in und Jahr,Nicht-ländliche Gebiete,Hamburg,code02,
2014,m² pro Einwohner/-in und Jahr,Nicht-ländliche Gebiete,Hamburg,code02,
2015,m² pro Einwohner/-in und Jahr,Nicht-ländliche Gebiete,Hamburg,code02,
2017,m² pro Einwohner/-in und Jahr,Nicht-ländliche Gebiete,Hamburg,code02,
2018,m² pro Einwohner/-in und Jahr,Nicht-ländliche Gebiete,Hamburg,code02,
2019,m² pro Einwohner/-in und Jahr,Nicht-ländliche Gebiete,Hamburg,code02,
2020,m² pro Einwohner/-in und Jahr,Nicht-ländliche Gebiete,Hamburg,code02,
2016,m² pro Einwohner/-in und Jahr,Nicht-ländliche Gebiete,Hamburg,code02,
2004,m² pro Einwohner/-in und Jahr,Ländliche Gebiete,Hamburg,code02,
2005,m² pro Einwohner/-in und Jahr,Ländliche Gebiete,Hamburg,code02,
2006,m² pro Einwohner/-in und Jahr,Ländliche Gebiete,Hamburg,code02,
2007,m² pro Einwohner/-in und Jahr,Ländliche Gebiete,Hamburg,code02,
2008,m² pro Einwohner/-in und Jahr,Ländliche Gebiete,Hamburg,code02,
2009,m² pro Einwohner/-in und Jahr,Ländliche Gebiete,Hamburg,code02,
2010,m² pro Einwohner/-in und Jahr,Ländliche Gebiete,Hamburg,code02,
2011,m² pro Einwohner/-in und Jahr,Ländliche Gebiete,Hamburg,code02,
2012,m² pro Einwohner/-in und Jahr,Ländliche Gebiete,Hamburg,code02,
2013,m² pro Einwohner/-in und Jahr,Ländliche Gebiete,Hamburg,code02,
2014,m² pro Einwohner/-in und Jahr,Ländliche Gebiete,Hamburg,code02,
2015,m² pro Einwohner/-in und Jahr,Ländliche Gebiete,Hamburg,code02,
2017,m² pro Einwohner/-in und Jahr,Ländliche Gebiete,Hamburg,code02,
2018,m² pro Einwohner/-in und Jahr,Ländliche Gebiete,Hamburg,code02,
2019,m² pro Einwohner/-in und Jahr,Ländliche Gebiete,Hamburg,code02,
2020,m² pro Einwohner/-in und Jahr,Ländliche Gebiete,Hamburg,code02,
2016,m² pro Einwohner/-in und Jahr,Ländliche Gebiete,Hamburg,code02,
2004,m² pro Einwohner/-in und Jahr,,Hessen,code06,-2.4
2005,m² pro Einwohner/-in und Jahr,,Hessen,code06,-2.5
2006,m² pro Einwohner/-in und Jahr,,Hessen,code06,-2.3
2007,m² pro Einwohner/-in und Jahr,,Hessen,code06,-2.3
2008,m² pro Einwohner/-in und Jahr,,Hessen,code06,-2.1
2009,m² pro Einwohner/-in und Jahr,,Hessen,code06,-2.1
2010,m² pro Einwohner/-in und Jahr,,Hessen,code06,-2.2
2011,m² pro Einwohner/-in und Jahr,,Hessen,code06,-1.7
2012,m² pro Einwohner/-in und Jahr,,Hessen,code06,-1.9
2013,m² pro Einwohner/-in und Jahr,,Hessen,code06,-1.7
2014,m² pro Einwohner/-in und Jahr,,Hessen,code06,-1.6
2015,m² pro Einwohner/-in und Jahr,,Hessen,code06,-1.8
2017,m² pro Einwohner/-in und Jahr,,Hessen,code06,-2.2
2018,m² pro Einwohner/-in und Jahr,,Hessen,code06,-2.1
2019,m² pro Einwohner/-in und Jahr,,Hessen,code06,-2.1
2020,m² pro Einwohner/-in und Jahr,,Hessen,code06,-1.5
2016,m² pro Einwohner/-in und Jahr,,Hessen,code06,
2004,m² pro Einwohner/-in und Jahr,Nicht-ländliche Gebiete,Hessen,code06,
2005,m² pro Einwohner/-in und Jahr,Nicht-ländliche Gebiete,Hessen,code06,
2006,m² pro Einwohner/-in und Jahr,Nicht-ländliche Gebiete,Hessen,code06,
2007,m² pro Einwohner/-in und Jahr,Nicht-ländliche Gebiete,Hessen,code06,
2008,m² pro Einwohner/-in und Jahr,Nicht-ländliche Gebiete,Hessen,code06,
2009,m² pro Einwohner/-in und Jahr,Nicht-ländliche Gebiete,Hessen,code06,-0.6
2010,m² pro Einwohner/-in und Jahr,Nicht-ländliche Gebiete,Hessen,code06,-0.9
2011,m² pro Einwohner/-in und Jahr,Nicht-ländliche Gebiete,Hessen,code06,-0.9
2012,m² pro Einwohner/-in und Jahr,Nicht-ländliche Gebiete,Hessen,code06,-1.1
2013,m² pro Einwohner/-in und Jahr,Nicht-ländliche Gebiete,Hessen,code06,-1.1
2014,m² pro Einwohner/-in und Jahr,Nicht-ländliche Gebiete,Hessen,code06,-1.3
2015,m² pro Einwohner/-in und Jahr,Nicht-ländliche Gebiete,Hessen,code06,-1.3
2017,m² pro Einwohner/-in und Jahr,Nicht-ländliche Gebiete,Hessen,code06,-1.4
2018,m² pro Einwohner/-in und Jahr,Nicht-ländliche Gebiete,Hessen,code06,-1.0
2019,m² pro Einwohner/-in und Jahr,Nicht-ländliche Gebiete,Hessen,code06,-0.8
2020,m² pro Einwohner/-in und Jahr,Nicht-ländliche Gebiete,Hessen,code06,-0.5
2016,m² pro Einwohner/-in und Jahr,Nicht-ländliche Gebiete,Hessen,code06,
2004,m² pro Einwohner/-in und Jahr,Ländliche Gebiete,Hessen,code06,
2005,m² pro Einwohner/-in und Jahr,Ländliche Gebiete,Hessen,code06,
2006,m² pro Einwohner/-in und Jahr,Ländliche Gebiete,Hessen,code06,
2007,m² pro Einwohner/-in und Jahr,Ländliche Gebiete,Hessen,code06,
2008,m² pro Einwohner/-in und Jahr,Ländliche Gebiete,Hessen,code06,
2009,m² pro Einwohner/-in und Jahr,Ländliche Gebiete,Hessen,code06,-3.2
2010,m² pro Einwohner/-in und Jahr,Ländliche Gebiete,Hessen,code06,-3.1
2011,m² pro Einwohner/-in und Jahr,Ländliche Gebiete,Hessen,code06,-2.3
2012,m² pro Einwohner/-in und Jahr,Ländliche Gebiete,Hessen,code06,-2.4
2013,m² pro Einwohner/-in und Jahr,Ländliche Gebiete,Hessen,code06,-2.1
2014,m² pro Einwohner/-in und Jahr,Ländliche Gebiete,Hessen,code06,-1.9
2015,m² pro Einwohner/-in und Jahr,Ländliche Gebiete,Hessen,code06,-2.2
2017,m² pro Einwohner/-in und Jahr,Ländliche Gebiete,Hessen,code06,-2.8
2018,m² pro Einwohner/-in und Jahr,Ländliche Gebiete,Hessen,code06,-2.8
2019,m² pro Einwohner/-in und Jahr,Ländliche Gebiete,Hessen,code06,-2.9
2020,m² pro Einwohner/-in und Jahr,Ländliche Gebiete,Hessen,code06,-2.3
2016,m² pro Einwohner/-in und Jahr,Ländliche Gebiete,Hessen,code06,
2004,m² pro Einwohner/-in und Jahr,,Mecklenburg-Vorpommern,code13,-18.4
2005,m² pro Einwohner/-in und Jahr,,Mecklenburg-Vorpommern,code13,-18.1
2006,m² pro Einwohner/-in und Jahr,,Mecklenburg-Vorpommern,code13,-16.5
2007,m² pro Einwohner/-in und Jahr,,Mecklenburg-Vorpommern,code13,-15.3
2008,m² pro Einwohner/-in und Jahr,,Mecklenburg-Vorpommern,code13,-16.9
2009,m² pro Einwohner/-in und Jahr,,Mecklenburg-Vorpommern,code13,-17.7
2010,m² pro Einwohner/-in und Jahr,,Mecklenburg-Vorpommern,code13,-17.6
2011,m² pro Einwohner/-in und Jahr,,Mecklenburg-Vorpommern,code13,-15.6
2012,m² pro Einwohner/-in und Jahr,,Mecklenburg-Vorpommern,code13,-11.5
2013,m² pro Einwohner/-in und Jahr,,Mecklenburg-Vorpommern,code13,-8.5
2014,m² pro Einwohner/-in und Jahr,,Mecklenburg-Vorpommern,code13,-8.1
2015,m² pro Einwohner/-in und Jahr,,Mecklenburg-Vorpommern,code13,-7.0
2017,m² pro Einwohner/-in und Jahr,,Mecklenburg-Vorpommern,code13,-9.7
2018,m² pro Einwohner/-in und Jahr,,Mecklenburg-Vorpommern,code13,-6.3
2019,m² pro Einwohner/-in und Jahr,,Mecklenburg-Vorpommern,code13,-5.6
2020,m² pro Einwohner/-in und Jahr,,Mecklenburg-Vorpommern,code13,3.9
2016,m² pro Einwohner/-in und Jahr,,Mecklenburg-Vorpommern,code13,
2004,m² pro Einwohner/-in und Jahr,Nicht-ländliche Gebiete,Mecklenburg-Vorpommern,code13,
2005,m² pro Einwohner/-in und Jahr,Nicht-ländliche Gebiete,Mecklenburg-Vorpommern,code13,
2006,m² pro Einwohner/-in und Jahr,Nicht-ländliche Gebiete,Mecklenburg-Vorpommern,code13,
2007,m² pro Einwohner/-in und Jahr,Nicht-ländliche Gebiete,Mecklenburg-Vorpommern,code13,
2008,m² pro Einwohner/-in und Jahr,Nicht-ländliche Gebiete,Mecklenburg-Vorpommern,code13,
2009,m² pro Einwohner/-in und Jahr,Nicht-ländliche Gebiete,Mecklenburg-Vorpommern,code13,-0.1
2010,m² pro Einwohner/-in und Jahr,Nicht-ländliche Gebiete,Mecklenburg-Vorpommern,code13,-1.7
2011,m² pro Einwohner/-in und Jahr,Nicht-ländliche Gebiete,Mecklenburg-Vorpommern,code13,-1.3
2012,m² pro Einwohner/-in und Jahr,Nicht-ländliche Gebiete,Mecklenburg-Vorpommern,code13,-1.3
2013,m² pro Einwohner/-in und Jahr,Nicht-ländliche Gebiete,Mecklenburg-Vorpommern,code13,-1.5
2014,m² pro Einwohner/-in und Jahr,Nicht-ländliche Gebiete,Mecklenburg-Vorpommern,code13,-0.9
2015,m² pro Einwohner/-in und Jahr,Nicht-ländliche Gebiete,Mecklenburg-Vorpommern,code13,-3.0
2017,m² pro Einwohner/-in und Jahr,Nicht-ländliche Gebiete,Mecklenburg-Vorpommern,code13,-2.9
2018,m² pro Einwohner/-in und Jahr,Nicht-ländliche Gebiete,Mecklenburg-Vorpommern,code13,-2.7
2019,m² pro Einwohner/-in und Jahr,Nicht-ländliche Gebiete,Mecklenburg-Vorpommern,code13,-0.4
2020,m² pro Einwohner/-in und Jahr,Nicht-ländliche Gebiete,Mecklenburg-Vorpommern,code13,0.7
2016,m² pro Einwohner/-in und Jahr,Nicht-ländliche Gebiete,Mecklenburg-Vorpommern,code13,
2004,m² pro Einwohner/-in und Jahr,Ländliche Gebiete,Mecklenburg-Vorpommern,code13,
2005,m² pro Einwohner/-in und Jahr,Ländliche Gebiete,Mecklenburg-Vorpommern,code13,
2006,m² pro Einwohner/-in und Jahr,Ländliche Gebiete,Mecklenburg-Vorpommern,code13,
2007,m² pro Einwohner/-in und Jahr,Ländliche Gebiete,Mecklenburg-Vorpommern,code13,
2008,m² pro Einwohner/-in und Jahr,Ländliche Gebiete,Mecklenburg-Vorpommern,code13,
2009,m² pro Einwohner/-in und Jahr,Ländliche Gebiete,Mecklenburg-Vorpommern,code13,-19.3
2010,m² pro Einwohner/-in und Jahr,Ländliche Gebiete,Mecklenburg-Vorpommern,code13,-18.4
2011,m² pro Einwohner/-in und Jahr,Ländliche Gebiete,Mecklenburg-Vorpommern,code13,-14.6
2012,m² pro Einwohner/-in und Jahr,Ländliche Gebiete,Mecklenburg-Vorpommern,code13,-12.9
2013,m² pro Einwohner/-in und Jahr,Ländliche Gebiete,Mecklenburg-Vorpommern,code13,-9.5
2014,m² pro Einwohner/-in und Jahr,Ländliche Gebiete,Mecklenburg-Vorpommern,code13,-6.3
2015,m² pro Einwohner/-in und Jahr,Ländliche Gebiete,Mecklenburg-Vorpommern,code13,-7.6
2017,m² pro Einwohner/-in und Jahr,Ländliche Gebiete,Mecklenburg-Vorpommern,code13,-10.6
2018,m² pro Einwohner/-in und Jahr,Ländliche Gebiete,Mecklenburg-Vorpommern,code13,-9.7
2019,m² pro Einwohner/-in und Jahr,Ländliche Gebiete,Mecklenburg-Vorpommern,code13,-6.4
2020,m² pro Einwohner/-in und Jahr,Ländliche Gebiete,Mecklenburg-Vorpommern,code13,4.4
2016,m² pro Einwohner/-in und Jahr,Ländliche Gebiete,Mecklenburg-Vorpommern,code13,
2004,m² pro Einwohner/-in und Jahr,,Niedersachsen,code03,-6.6
2005,m² pro Einwohner/-in und Jahr,,Niedersachsen,code03,-6.5
2006,m² pro Einwohner/-in und Jahr,,Niedersachsen,code03,-6.4
2007,m² pro Einwohner/-in und Jahr,,Niedersachsen,code03,-6.1
2008,m² pro Einwohner/-in und Jahr,,Niedersachsen,code03,-5.3
2009,m² pro Einwohner/-in und Jahr,,Niedersachsen,code03,-4.7
2010,m² pro Einwohner/-in und Jahr,,Niedersachsen,code03,-4.4
2011,m² pro Einwohner/-in und Jahr,,Niedersachsen,code03,-4.9
2012,m² pro Einwohner/-in und Jahr,,Niedersachsen,code03,-4.8
2013,m² pro Einwohner/-in und Jahr,,Niedersachsen,code03,-4.9
2014,m² pro Einwohner/-in und Jahr,,Niedersachsen,code03,-5.2
2015,m² pro Einwohner/-in und Jahr,,Niedersachsen,code03,-4.5
2017,m² pro Einwohner/-in und Jahr,,Niedersachsen,code03,-3.1
2018,m² pro Einwohner/-in und Jahr,,Niedersachsen,code03,-2.7
2019,m² pro Einwohner/-in und Jahr,,Niedersachsen,code03,-2.3
2020,m² pro Einwohner/-in und Jahr,,Niedersachsen,code03,-3.0
2016,m² pro Einwohner/-in und Jahr,,Niedersachsen,code03,
2004,m² pro Einwohner/-in und Jahr,Nicht-ländliche Gebiete,Niedersachsen,code03,
2005,m² pro Einwohner/-in und Jahr,Nicht-ländliche Gebiete,Niedersachsen,code03,
2006,m² pro Einwohner/-in und Jahr,Nicht-ländliche Gebiete,Niedersachsen,code03,
2007,m² pro Einwohner/-in und Jahr,Nicht-ländliche Gebiete,Niedersachsen,code03,
2008,m² pro Einwohner/-in und Jahr,Nicht-ländliche Gebiete,Niedersachsen,code03,
2009,m² pro Einwohner/-in und Jahr,Nicht-ländliche Gebiete,Niedersachsen,code03,-1.2
2010,m² pro Einwohner/-in und Jahr,Nicht-ländliche Gebiete,Niedersachsen,code03,-1.6
2011,m² pro Einwohner/-in und Jahr,Nicht-ländliche Gebiete,Niedersachsen,code03,-2.4
2012,m² pro Einwohner/-in und Jahr,Nicht-ländliche Gebiete,Niedersachsen,code03,-2.1
2013,m² pro Einwohner/-in und Jahr,Nicht-ländliche Gebiete,Niedersachsen,code03,-2.1
2014,m² pro Einwohner/-in und Jahr,Nicht-ländliche Gebiete,Niedersachsen,code03,-1.8
2015,m² pro Einwohner/-in und Jahr,Nicht-ländliche Gebiete,Niedersachsen,code03,-1.1
2017,m² pro Einwohner/-in und Jahr,Nicht-ländliche Gebiete,Niedersachsen,code03,-0.2
2018,m² pro Einwohner/-in und Jahr,Nicht-ländliche Gebiete,Niedersachsen,code03,-0.4
2019,m² pro Einwohner/-in und Jahr,Nicht-ländliche Gebiete,Niedersachsen,code03,-0.5
2020,m² pro Einwohner/-in und Jahr,Nicht-ländliche Gebiete,Niedersachsen,code03,-0.9
2016,m² pro Einwohner/-in und Jahr,Nicht-ländliche Gebiete,Niedersachsen,code03,
2004,m² pro Einwohner/-in und Jahr,Ländliche Gebiete,Niedersachsen,code03,
2005,m² pro Einwohner/-in und Jahr,Ländliche Gebiete,Niedersachsen,code03,
2006,m² pro Einwohner/-in und Jahr,Ländliche Gebiete,Niedersachsen,code03,
2007,m² pro Einwohner/-in und Jahr,Ländliche Gebiete,Niedersachsen,code03,
2008,m² pro Einwohner/-in und Jahr,Ländliche Gebiete,Niedersachsen,code03,
2009,m² pro Einwohner/-in und Jahr,Ländliche Gebiete,Niedersachsen,code03,-4.8
2010,m² pro Einwohner/-in und Jahr,Ländliche Gebiete,Niedersachsen,code03,-4.5
2011,m² pro Einwohner/-in und Jahr,Ländliche Gebiete,Niedersachsen,code03,-5.6
2012,m² pro Einwohner/-in und Jahr,Ländliche Gebiete,Niedersachsen,code03,-5.6
2013,m² pro Einwohner/-in und Jahr,Ländliche Gebiete,Niedersachsen,code03,-5.7
2014,m² pro Einwohner/-in und Jahr,Ländliche Gebiete,Niedersachsen,code03,-6.2
2015,m² pro Einwohner/-in und Jahr,Ländliche Gebiete,Niedersachsen,code03,-5.6
2017,m² pro Einwohner/-in und Jahr,Ländliche Gebiete,Niedersachsen,code03,-4.0
2018,m² pro Einwohner/-in und Jahr,Ländliche Gebiete,Niedersachsen,code03,-3.5
2019,m² pro Einwohner/-in und Jahr,Ländliche Gebiete,Niedersachsen,code03,-2.9
2020,m² pro Einwohner/-in und Jahr,Ländliche Gebiete,Niedersachsen,code03,-3.6
2016,m² pro Einwohner/-in und Jahr,Ländliche Gebiete,Niedersachsen,code03,
2004,m² pro Einwohner/-in und Jahr,,Nordrhein-Westfalen,code05,-3.1
2005,m² pro Einwohner/-in und Jahr,,Nordrhein-Westfalen,code05,-2.9
2006,m² pro Einwohner/-in und Jahr,,Nordrhein-Westfalen,code05,-2.9
2007,m² pro Einwohner/-in und Jahr,,Nordrhein-Westfalen,code05,-3.1
2008,m² pro Einwohner/-in und Jahr,,Nordrhein-Westfalen,code05,-2.9
2009,m² pro Einwohner/-in und Jahr,,Nordrhein-Westfalen,code05,-2.7
2010,m² pro Einwohner/-in und Jahr,,Nordrhein-Westfalen,code05,-2.5
2011,m² pro Einwohner/-in und Jahr,,Nordrhein-Westfalen,code05,-2.3
2012,m² pro Einwohner/-in und Jahr,,Nordrhein-Westfalen,code05,-2.1
2013,m² pro Einwohner/-in und Jahr,,Nordrhein-Westfalen,code05,-2.1
2014,m² pro Einwohner/-in und Jahr,,Nordrhein-Westfalen,code05,-2.0
2015,m² pro Einwohner/-in und Jahr,,Nordrhein-Westfalen,code05,-2.0
2017,m² pro Einwohner/-in und Jahr,,Nordrhein-Westfalen,code05,-0.9
2018,m² pro Einwohner/-in und Jahr,,Nordrhein-Westfalen,code05,-0.6
2019,m² pro Einwohner/-in und Jahr,,Nordrhein-Westfalen,code05,-0.6
2020,m² pro Einwohner/-in und Jahr,,Nordrhein-Westfalen,code05,-1.3
2016,m² pro Einwohner/-in und Jahr,,Nordrhein-Westfalen,code05,
2004,m² pro Einwohner/-in und Jahr,Nicht-ländliche Gebiete,Nordrhein-Westfalen,code05,
2005,m² pro Einwohner/-in und Jahr,Nicht-ländliche Gebiete,Nordrhein-Westfalen,code05,
2006,m² pro Einwohner/-in und Jahr,Nicht-ländliche Gebiete,Nordrhein-Westfalen,code05,
2007,m² pro Einwohner/-in und Jahr,Nicht-ländliche Gebiete,Nordrhein-Westfalen,code05,
2008,m² pro Einwohner/-in und Jahr,Nicht-ländliche Gebiete,Nordrhein-Westfalen,code05,
2009,m² pro Einwohner/-in und Jahr,Nicht-ländliche Gebiete,Nordrhein-Westfalen,code05,-1.3
2010,m² pro Einwohner/-in und Jahr,Nicht-ländliche Gebiete,Nordrhein-Westfalen,code05,-1.3
2011,m² pro Einwohner/-in und Jahr,Nicht-ländliche Gebiete,Nordrhein-Westfalen,code05,-1.2
2012,m² pro Einwohner/-in und Jahr,Nicht-ländliche Gebiete,Nordrhein-Westfalen,code05,-1.2
2013,m² pro Einwohner/-in und Jahr,Nicht-ländliche Gebiete,Nordrhein-Westfalen,code05,-1.2
2014,m² pro Einwohner/-in und Jahr,Nicht-ländliche Gebiete,Nordrhein-Westfalen,code05,-1.1
2015,m² pro Einwohner/-in und Jahr,Nicht-ländliche Gebiete,Nordrhein-Westfalen,code05,-1.2
2017,m² pro Einwohner/-in und Jahr,Nicht-ländliche Gebiete,Nordrhein-Westfalen,code05,-0.3
2018,m² pro Einwohner/-in und Jahr,Nicht-ländliche Gebiete,Nordrhein-Westfalen,code05,-0.1
2019,m² pro Einwohner/-in und Jahr,Nicht-ländliche Gebiete,Nordrhein-Westfalen,code05,0.1
2020,m² pro Einwohner/-in und Jahr,Nicht-ländliche Gebiete,Nordrhein-Westfalen,code05,-0.3
2016,m² pro Einwohner/-in und Jahr,Nicht-ländliche Gebiete,Nordrhein-Westfalen,code05,
2004,m² pro Einwohner/-in und Jahr,Ländliche Gebiete,Nordrhein-Westfalen,code05,
2005,m² pro Einwohner/-in und Jahr,Ländliche Gebiete,Nordrhein-Westfalen,code05,
2006,m² pro Einwohner/-in und Jahr,Ländliche Gebiete,Nordrhein-Westfalen,code05,
2007,m² pro Einwohner/-in und Jahr,Ländliche Gebiete,Nordrhein-Westfalen,code05,
2008,m² pro Einwohner/-in und Jahr,Ländliche Gebiete,Nordrhein-Westfalen,code05,
2009,m² pro Einwohner/-in und Jahr,Ländliche Gebiete,Nordrhein-Westfalen,code05,-3.2
2010,m² pro Einwohner/-in und Jahr,Ländliche Gebiete,Nordrhein-Westfalen,code05,-4.1
2011,m² pro Einwohner/-in und Jahr,Ländliche Gebiete,Nordrhein-Westfalen,code05,-4.2
2012,m² pro Einwohner/-in und Jahr,Ländliche Gebiete,Nordrhein-Westfalen,code05,-4.4
2013,m² pro Einwohner/-in und Jahr,Ländliche Gebiete,Nordrhein-Westfalen,code05,-4.4
2014,m² pro Einwohner/-in und Jahr,Ländliche Gebiete,Nordrhein-Westfalen,code05,-4.0
2015,m² pro Einwohner/-in und Jahr,Ländliche Gebiete,Nordrhein-Westfalen,code05,-3.7
2017,m² pro Einwohner/-in und Jahr,Ländliche Gebiete,Nordrhein-Westfalen,code05,-2.1
2018,m² pro Einwohner/-in und Jahr,Ländliche Gebiete,Nordrhein-Westfalen,code05,-2.0
2019,m² pro Einwohner/-in und Jahr,Ländliche Gebiete,Nordrhein-Westfalen,code05,-2.3
2020,m² pro Einwohner/-in und Jahr,Ländliche Gebiete,Nordrhein-Westfalen,code05,-3.6
2016,m² pro Einwohner/-in und Jahr,Ländliche Gebiete,Nordrhein-Westfalen,code05,
2004,m² pro Einwohner/-in und Jahr,,Rheinland-Pfalz,code07,-5.2
2005,m² pro Einwohner/-in und Jahr,,Rheinland-Pfalz,code07,-5.8
2006,m² pro Einwohner/-in und Jahr,,Rheinland-Pfalz,code07,-5.9
2007,m² pro Einwohner/-in und Jahr,,Rheinland-Pfalz,code07,-6.0
2008,m² pro Einwohner/-in und Jahr,,Rheinland-Pfalz,code07,-4.8
2009,m² pro Einwohner/-in und Jahr,,Rheinland-Pfalz,code07,-3.2
2010,m² pro Einwohner/-in und Jahr,,Rheinland-Pfalz,code07,-2.0
2011,m² pro Einwohner/-in und Jahr,,Rheinland-Pfalz,code07,-1.2
2012,m² pro Einwohner/-in und Jahr,,Rheinland-Pfalz,code07,-0.8
2013,m² pro Einwohner/-in und Jahr,,Rheinland-Pfalz,code07,-1.0
2014,m² pro Einwohner/-in und Jahr,,Rheinland-Pfalz,code07,-1.1
2015,m² pro Einwohner/-in und Jahr,,Rheinland-Pfalz,code07,-0.6
2017,m² pro Einwohner/-in und Jahr,,Rheinland-Pfalz,code07,-0.4
2018,m² pro Einwohner/-in und Jahr,,Rheinland-Pfalz,code07,-0.5
2019,m² pro Einwohner/-in und Jahr,,Rheinland-Pfalz,code07,-1.3
2020,m² pro Einwohner/-in und Jahr,,Rheinland-Pfalz,code07,-1.8
2016,m² pro Einwohner/-in und Jahr,,Rheinland-Pfalz,code07,
2004,m² pro Einwohner/-in und Jahr,Nicht-ländliche Gebiete,Rheinland-Pfalz,code07,
2005,m² pro Einwohner/-in und Jahr,Nicht-ländliche Gebiete,Rheinland-Pfalz,code07,
2006,m² pro Einwohner/-in und Jahr,Nicht-ländliche Gebiete,Rheinland-Pfalz,code07,
2007,m² pro Einwohner/-in und Jahr,Nicht-ländliche Gebiete,Rheinland-Pfalz,code07,
2008,m² pro Einwohner/-in und Jahr,Nicht-ländliche Gebiete,Rheinland-Pfalz,code07,
2009,m² pro Einwohner/-in und Jahr,Nicht-ländliche Gebiete,Rheinland-Pfalz,code07,-0.3
2010,m² pro Einwohner/-in und Jahr,Nicht-ländliche Gebiete,Rheinland-Pfalz,code07,-0.7
2011,m² pro Einwohner/-in und Jahr,Nicht-ländliche Gebiete,Rheinland-Pfalz,code07,-1.0
2012,m² pro Einwohner/-in und Jahr,Nicht-ländliche Gebiete,Rheinland-Pfalz,code07,-1.0
2013,m² pro Einwohner/-in und Jahr,Nicht-ländliche Gebiete,Rheinland-Pfalz,code07,-1.1
2014,m² pro Einwohner/-in und Jahr,Nicht-ländliche Gebiete,Rheinland-Pfalz,code07,-0.9
2015,m² pro Einwohner/-in und Jahr,Nicht-ländliche Gebiete,Rheinland-Pfalz,code07,-0.3
2017,m² pro Einwohner/-in und Jahr,Nicht-ländliche Gebiete,Rheinland-Pfalz,code07,-0.3
2018,m² pro Einwohner/-in und Jahr,Nicht-ländliche Gebiete,Rheinland-Pfalz,code07,-0.2
2019,m² pro Einwohner/-in und Jahr,Nicht-ländliche Gebiete,Rheinland-Pfalz,code07,-0.2
2020,m² pro Einwohner/-in und Jahr,Nicht-ländliche Gebiete,Rheinland-Pfalz,code07,-0.1
2016,m² pro Einwohner/-in und Jahr,Nicht-ländliche Gebiete,Rheinland-Pfalz,code07,
2004,m² pro Einwohner/-in und Jahr,Ländliche Gebiete,Rheinland-Pfalz,code07,
2005,m² pro Einwohner/-in und Jahr,Ländliche Gebiete,Rheinland-Pfalz,code07,
2006,m² pro Einwohner/-in und Jahr,Ländliche Gebiete,Rheinland-Pfalz,code07,
2007,m² pro Einwohner/-in und Jahr,Ländliche Gebiete,Rheinland-Pfalz,code07,
2008,m² pro Einwohner/-in und Jahr,Ländliche Gebiete,Rheinland-Pfalz,code07,
2009,m² pro Einwohner/-in und Jahr,Ländliche Gebiete,Rheinland-Pfalz,code07,-0.7
2010,m² pro Einwohner/-in und Jahr,Ländliche Gebiete,Rheinland-Pfalz,code07,-0.5
2011,m² pro Einwohner/-in und Jahr,Ländliche Gebiete,Rheinland-Pfalz,code07,-0.6
2012,m² pro Einwohner/-in und Jahr,Ländliche Gebiete,Rheinland-Pfalz,code07,-0.8
2013,m² pro Einwohner/-in und Jahr,Ländliche Gebiete,Rheinland-Pfalz,code07,-1.0
2014,m² pro Einwohner/-in und Jahr,Ländliche Gebiete,Rheinland-Pfalz,code07,-1.1
2015,m² pro Einwohner/-in und Jahr,Ländliche Gebiete,Rheinland-Pfalz,code07,-0.6
2017,m² pro Einwohner/-in und Jahr,Ländliche Gebiete,Rheinland-Pfalz,code07,-0.3
2018,m² pro Einwohner/-in und Jahr,Ländliche Gebiete,Rheinland-Pfalz,code07,-0.6
2019,m² pro Einwohner/-in und Jahr,Ländliche Gebiete,Rheinland-Pfalz,code07,-1.5
2020,m² pro Einwohner/-in und Jahr,Ländliche Gebiete,Rheinland-Pfalz,code07,-2.3
2016,m² pro Einwohner/-in und Jahr,Ländliche Gebiete,Rheinland-Pfalz,code07,
2004,m² pro Einwohner/-in und Jahr,,Saarland,code10,-2.6
2005,m² pro Einwohner/-in und Jahr,,Saarland,code10,-2.4
2006,m² pro Einwohner/-in und Jahr,,Saarland,code10,-2.4
2007,m² pro Einwohner/-in und Jahr,,Saarland,code10,-2.6
2008,m² pro Einwohner/-in und Jahr,,Saarland,code10,-1.9
2009,m² pro Einwohner/-in und Jahr,,Saarland,code10,-2.2
2010,m² pro Einwohner/-in und Jahr,,Saarland,code10,-2.7
2011,m² pro Einwohner/-in und Jahr,,Saarland,code10,-2.5
2012,m² pro Einwohner/-in und Jahr,,Saarland,code10,-2.5
2013,m² pro Einwohner/-in und Jahr,,Saarland,code10,-2.0
2014,m² pro Einwohner/-in und Jahr,,Saarland,code10,-1.3
2015,m² pro Einwohner/-in und Jahr,,Saarland,code10,-1.3
2017,m² pro Einwohner/-in und Jahr,,Saarland,code10,-3.2
2018,m² pro Einwohner/-in und Jahr,,Saarland,code10,-3.1
2019,m² pro Einwohner/-in und Jahr,,Saarland,code10,-3.1
2020,m² pro Einwohner/-in und Jahr,,Saarland,code10,-0.6
2016,m² pro Einwohner/-in und Jahr,,Saarland,code10,
2004,m² pro Einwohner/-in und Jahr,Nicht-ländliche Gebiete,Saarland,code10,
2005,m² pro Einwohner/-in und Jahr,Nicht-ländliche Gebiete,Saarland,code10,
2006,m² pro Einwohner/-in und Jahr,Nicht-ländliche Gebiete,Saarland,code10,
2007,m² pro Einwohner/-in und Jahr,Nicht-ländliche Gebiete,Saarland,code10,
2008,m² pro Einwohner/-in und Jahr,Nicht-ländliche Gebiete,Saarland,code10,
2009,m² pro Einwohner/-in und Jahr,Nicht-ländliche Gebiete,Saarland,code10,-0.6
2010,m² pro Einwohner/-in und Jahr,Nicht-ländliche Gebiete,Saarland,code10,-0.6
2011,m² pro Einwohner/-in und Jahr,Nicht-ländliche Gebiete,Saarland,code10,-0.5
2012,m² pro Einwohner/-in und Jahr,Nicht-ländliche Gebiete,Saarland,code10,-0.5
2013,m² pro Einwohner/-in und Jahr,Nicht-ländliche Gebiete,Saarland,code10,-0.4
2014,m² pro Einwohner/-in und Jahr,Nicht-ländliche Gebiete,Saarland,code10,-0.3
2015,m² pro Einwohner/-in und Jahr,Nicht-ländliche Gebiete,Saarland,code10,-0.2
2017,m² pro Einwohner/-in und Jahr,Nicht-ländliche Gebiete,Saarland,code10,-0.4
2018,m² pro Einwohner/-in und Jahr,Nicht-ländliche Gebiete,Saarland,code10,-0.4
2019,m² pro Einwohner/-in und Jahr,Nicht-ländliche Gebiete,Saarland,code10,-0.4
2020,m² pro Einwohner/-in und Jahr,Nicht-ländliche Gebiete,Saarland,code10,-0.1
2016,m² pro Einwohner/-in und Jahr,Nicht-ländliche Gebiete,Saarland,code10,
2004,m² pro Einwohner/-in und Jahr,Ländliche Gebiete,Saarland,code10,
2005,m² pro Einwohner/-in und Jahr,Ländliche Gebiete,Saarland,code10,
2006,m² pro Einwohner/-in und Jahr,Ländliche Gebiete,Saarland,code10,
2007,m² pro Einwohner/-in und Jahr,Ländliche Gebiete,Saarland,code10,
2008,m² pro Einwohner/-in und Jahr,Ländliche Gebiete,Saarland,code10,
2009,m² pro Einwohner/-in und Jahr,Ländliche Gebiete,Saarland,code10,-3.9
2010,m² pro Einwohner/-in und Jahr,Ländliche Gebiete,Saarland,code10,-4.5
2011,m² pro Einwohner/-in und Jahr,Ländliche Gebiete,Saarland,code10,-3.8
2012,m² pro Einwohner/-in und Jahr,Ländliche Gebiete,Saarland,code10,-3.3
2013,m² pro Einwohner/-in und Jahr,Ländliche Gebiete,Saarland,code10,-2.7
2014,m² pro Einwohner/-in und Jahr,Ländliche Gebiete,Saarland,code10,-2.0
2015,m² pro Einwohner/-in und Jahr,Ländliche Gebiete,Saarland,code10,-1.5
2017,m² pro Einwohner/-in und Jahr,Ländliche Gebiete,Saarland,code10,-4.8
2018,m² pro Einwohner/-in und Jahr,Ländliche Gebiete,Saarland,code10,-4.4
2019,m² pro Einwohner/-in und Jahr,Ländliche Gebiete,Saarland,code10,-4.6
2020,m² pro Einwohner/-in und Jahr,Ländliche Gebiete,Saarland,code10,-0.8
2016,m² pro Einwohner/-in und Jahr,Ländliche Gebiete,Saarland,code10,
2004,m² pro Einwohner/-in und Jahr,,Sachsen,code14,-4.3
2005,m² pro Einwohner/-in und Jahr,,Sachsen,code14,-3.3
2006,m² pro Einwohner/-in und Jahr,,Sachsen,code14,-3.1
2007,m² pro Einwohner/-in und Jahr,,Sachsen,code14,-4.7
2008,m² pro Einwohner/-in und Jahr,,Sachsen,code14,-5.6
2009,m² pro Einwohner/-in und Jahr,,Sachsen,code14,-7.1
2010,m² pro Einwohner/-in und Jahr,,Sachsen,code14,-7.6
2011,m² pro Einwohner/-in und Jahr,,Sachsen,code14,-6.6
2012,m² pro Einwohner/-in und Jahr,,Sachsen,code14,-6.3
2013,m² pro Einwohner/-in und Jahr,,Sachsen,code14,-4.8
2014,m² pro Einwohner/-in und Jahr,,Sachsen,code14,-8.7
2015,m² pro Einwohner/-in und Jahr,,Sachsen,code14,-6.5
2017,m² pro Einwohner/-in und Jahr,,Sachsen,code14,-6.5
2018,m² pro Einwohner/-in und Jahr,,Sachsen,code14,-2.0
2019,m² pro Einwohner/-in und Jahr,,Sachsen,code14,-4.0
2020,m² pro Einwohner/-in und Jahr,,Sachsen,code14,-4.6
2016,m² pro Einwohner/-in und Jahr,,Sachsen,code14,
2004,m² pro Einwohner/-in und Jahr,Nicht-ländliche Gebiete,Sachsen,code14,
2005,m² pro Einwohner/-in und Jahr,Nicht-ländliche Gebiete,Sachsen,code14,
2006,m² pro Einwohner/-in und Jahr,Nicht-ländliche Gebiete,Sachsen,code14,
2007,m² pro Einwohner/-in und Jahr,Nicht-ländliche Gebiete,Sachsen,code14,
2008,m² pro Einwohner/-in und Jahr,Nicht-ländliche Gebiete,Sachsen,code14,
2009,m² pro Einwohner/-in und Jahr,Nicht-ländliche Gebiete,Sachsen,code14,-5.5
2010,m² pro Einwohner/-in und Jahr,Nicht-ländliche Gebiete,Sachsen,code14,-5.7
2011,m² pro Einwohner/-in und Jahr,Nicht-ländliche Gebiete,Sachsen,code14,-5.3
2012,m² pro Einwohner/-in und Jahr,Nicht-ländliche Gebiete,Sachsen,code14,-4.6
2013,m² pro Einwohner/-in und Jahr,Nicht-ländliche Gebiete,Sachsen,code14,-3.6
2014,m² pro Einwohner/-in und Jahr,Nicht-ländliche Gebiete,Sachsen,code14,-2.5
2015,m² pro Einwohner/-in und Jahr,Nicht-ländliche Gebiete,Sachsen,code14,-2.3
2017,m² pro Einwohner/-in und Jahr,Nicht-ländliche Gebiete,Sachsen,code14,-1.9
2018,m² pro Einwohner/-in und Jahr,Nicht-ländliche Gebiete,Sachsen,code14,-1.9
2019,m² pro Einwohner/-in und Jahr,Nicht-ländliche Gebiete,Sachsen,code14,-1.7
2020,m² pro Einwohner/-in und Jahr,Nicht-ländliche Gebiete,Sachsen,code14,-1.8
2016,m² pro Einwohner/-in und Jahr,Nicht-ländliche Gebiete,Sachsen,code14,
2004,m² pro Einwohner/-in und Jahr,Ländliche Gebiete,Sachsen,code14,
2005,m² pro Einwohner/-in und Jahr,Ländliche Gebiete,Sachsen,code14,
2006,m² pro Einwohner/-in und Jahr,Ländliche Gebiete,Sachsen,code14,
2007,m² pro Einwohner/-in und Jahr,Ländliche Gebiete,Sachsen,code14,
2008,m² pro Einwohner/-in und Jahr,Ländliche Gebiete,Sachsen,code14,
2009,m² pro Einwohner/-in und Jahr,Ländliche Gebiete,Sachsen,code14,-10.3
2010,m² pro Einwohner/-in und Jahr,Ländliche Gebiete,Sachsen,code14,-8.2
2011,m² pro Einwohner/-in und Jahr,Ländliche Gebiete,Sachsen,code14,-7.4
2012,m² pro Einwohner/-in und Jahr,Ländliche Gebiete,Sachsen,code14,-7.2
2013,m² pro Einwohner/-in und Jahr,Ländliche Gebiete,Sachsen,code14,-5.3
2014,m² pro Einwohner/-in und Jahr,Ländliche Gebiete,Sachsen,code14,-11.7
2015,m² pro Einwohner/-in und Jahr,Ländliche Gebiete,Sachsen,code14,-8.6
2017,m² pro Einwohner/-in und Jahr,Ländliche Gebiete,Sachsen,code14,-8.7
2018,m² pro Einwohner/-in und Jahr,Ländliche Gebiete,Sachsen,code14,-2.1
2019,m² pro Einwohner/-in und Jahr,Ländliche Gebiete,Sachsen,code14,-5.1
2020,m² pro Einwohner/-in und Jahr,Ländliche Gebiete,Sachsen,code14,-6.1
2016,m² pro Einwohner/-in und Jahr,Ländliche Gebiete,Sachsen,code14,
2004,m² pro Einwohner/-in und Jahr,,Sachsen-Anhalt,code15,-18.5
2005,m² pro Einwohner/-in und Jahr,,Sachsen-Anhalt,code15,-23.8
2006,m² pro Einwohner/-in und Jahr,,Sachsen-Anhalt,code15,-26.6
2007,m² pro Einwohner/-in und Jahr,,Sachsen-Anhalt,code15,-23.7
2008,m² pro Einwohner/-in und Jahr,,Sachsen-Anhalt,code15,-14.9
2009,m² pro Einwohner/-in und Jahr,,Sachsen-Anhalt,code15,-5.9
2010,m² pro Einwohner/-in und Jahr,,Sachsen-Anhalt,code15,-0.8
2011,m² pro Einwohner/-in und Jahr,,Sachsen-Anhalt,code15,-0.3
2012,m² pro Einwohner/-in und Jahr,,Sachsen-Anhalt,code15,0.9
2013,m² pro Einwohner/-in und Jahr,,Sachsen-Anhalt,code15,1.0
2014,m² pro Einwohner/-in und Jahr,,Sachsen-Anhalt,code15,-0.3
2015,m² pro Einwohner/-in und Jahr,,Sachsen-Anhalt,code15,-0.8
2017,m² pro Einwohner/-in und Jahr,,Sachsen-Anhalt,code15,-1.8
2018,m² pro Einwohner/-in und Jahr,,Sachsen-Anhalt,code15,-1.1
2019,m² pro Einwohner/-in und Jahr,,Sachsen-Anhalt,code15,-1.6
2020,m² pro Einwohner/-in und Jahr,,Sachsen-Anhalt,code15,-1.2
2016,m² pro Einwohner/-in und Jahr,,Sachsen-Anhalt,code15,
2004,m² pro Einwohner/-in und Jahr,Nicht-ländliche Gebiete,Sachsen-Anhalt,code15,
2005,m² pro Einwohner/-in und Jahr,Nicht-ländliche Gebiete,Sachsen-Anhalt,code15,
2006,m² pro Einwohner/-in und Jahr,Nicht-ländliche Gebiete,Sachsen-Anhalt,code15,
2007,m² pro Einwohner/-in und Jahr,Nicht-ländliche Gebiete,Sachsen-Anhalt,code15,
2008,m² pro Einwohner/-in und Jahr,Nicht-ländliche Gebiete,Sachsen-Anhalt,code15,
2009,m² pro Einwohner/-in und Jahr,Nicht-ländliche Gebiete,Sachsen-Anhalt,code15,1.9
2010,m² pro Einwohner/-in und Jahr,Nicht-ländliche Gebiete,Sachsen-Anhalt,code15,1.2
2011,m² pro Einwohner/-in und Jahr,Nicht-ländliche Gebiete,Sachsen-Anhalt,code15,0.9
2012,m² pro Einwohner/-in und Jahr,Nicht-ländliche Gebiete,Sachsen-Anhalt,code15,0.9
2013,m² pro Einwohner/-in und Jahr,Nicht-ländliche Gebiete,Sachsen-Anhalt,code15,0.3
2014,m² pro Einwohner/-in und Jahr,Nicht-ländliche Gebiete,Sachsen-Anhalt,code15,0.7
2015,m² pro Einwohner/-in und Jahr,Nicht-ländliche Gebiete,Sachsen-Anhalt,code15,0.6
2017,m² pro Einwohner/-in und Jahr,Nicht-ländliche Gebiete,Sachsen-Anhalt,code15,0.5
2018,m² pro Einwohner/-in und Jahr,Nicht-ländliche Gebiete,Sachsen-Anhalt,code15,-0.3
2019,m² pro Einwohner/-in und Jahr,Nicht-ländliche Gebiete,Sachsen-Anhalt,code15,-1.4
2020,m² pro Einwohner/-in und Jahr,Nicht-ländliche Gebiete,Sachsen-Anhalt,code15,-1.5
2016,m² pro Einwohner/-in und Jahr,Nicht-ländliche Gebiete,Sachsen-Anhalt,code15,
2004,m² pro Einwohner/-in und Jahr,Ländliche Gebiete,Sachsen-Anhalt,code15,
2005,m² pro Einwohner/-in und Jahr,Ländliche Gebiete,Sachsen-Anhalt,code15,
2006,m² pro Einwohner/-in und Jahr,Ländliche Gebiete,Sachsen-Anhalt,code15,
2007,m² pro Einwohner/-in und Jahr,Ländliche Gebiete,Sachsen-Anhalt,code15,
2008,m² pro Einwohner/-in und Jahr,Ländliche Gebiete,Sachsen-Anhalt,code15,
2009,m² pro Einwohner/-in und Jahr,Ländliche Gebiete,Sachsen-Anhalt,code15,-1.2
2010,m² pro Einwohner/-in und Jahr,Ländliche Gebiete,Sachsen-Anhalt,code15,0.9
2011,m² pro Einwohner/-in und Jahr,Ländliche Gebiete,Sachsen-Anhalt,code15,1.0
2012,m² pro Einwohner/-in und Jahr,Ländliche Gebiete,Sachsen-Anhalt,code15,0.9
2013,m² pro Einwohner/-in und Jahr,Ländliche Gebiete,Sachsen-Anhalt,code15,1.1
2014,m² pro Einwohner/-in und Jahr,Ländliche Gebiete,Sachsen-Anhalt,code15,-0.7
2015,m² pro Einwohner/-in und Jahr,Ländliche Gebiete,Sachsen-Anhalt,code15,-1.2
2017,m² pro Einwohner/-in und Jahr,Ländliche Gebiete,Sachsen-Anhalt,code15,-2.5
2018,m² pro Einwohner/-in und Jahr,Ländliche Gebiete,Sachsen-Anhalt,code15,-1.3
2019,m² pro Einwohner/-in und Jahr,Ländliche Gebiete,Sachsen-Anhalt,code15,-1.6
2020,m² pro Einwohner/-in und Jahr,Ländliche Gebiete,Sachsen-Anhalt,code15,-1.1
2016,m² pro Einwohner/-in und Jahr,Ländliche Gebiete,Sachsen-Anhalt,code15,
2004,m² pro Einwohner/-in und Jahr,,Schleswig-Holstein,code01,-11.0
2005,m² pro Einwohner/-in und Jahr,,Schleswig-Holstein,code01,-9.6
2006,m² pro Einwohner/-in und Jahr,,Schleswig-Holstein,code01,-9.0
2007,m² pro Einwohner/-in und Jahr,,Schleswig-Holstein,code01,-8.6
2008,m² pro Einwohner/-in und Jahr,,Schleswig-Holstein,code01,-6.9
2009,m² pro Einwohner/-in und Jahr,,Schleswig-Holstein,code01,-6.6
2010,m² pro Einwohner/-in und Jahr,,Schleswig-Holstein,code01,-5.5
2011,m² pro Einwohner/-in und Jahr,,Schleswig-Holstein,code01,-4.6
2012,m² pro Einwohner/-in und Jahr,,Schleswig-Holstein,code01,-4.3
2013,m² pro Einwohner/-in und Jahr,,Schleswig-Holstein,code01,-4.1
2014,m² pro Einwohner/-in und Jahr,,Schleswig-Holstein,code01,-4.1
2015,m² pro Einwohner/-in und Jahr,,Schleswig-Holstein,code01,-3.4
2017,m² pro Einwohner/-in und Jahr,,Schleswig-Holstein,code01,-3.2
2018,m² pro Einwohner/-in und Jahr,,Schleswig-Holstein,code01,-3.2
2019,m² pro Einwohner/-in und Jahr,,Schleswig-Holstein,code01,-2.9
2020,m² pro Einwohner/-in und Jahr,,Schleswig-Holstein,code01,-4.4
2016,m² pro Einwohner/-in und Jahr,,Schleswig-Holstein,code01,
2004,m² pro Einwohner/-in und Jahr,Nicht-ländliche Gebiete,Schleswig-Holstein,code01,
2005,m² pro Einwohner/-in und Jahr,Nicht-ländliche Gebiete,Schleswig-Holstein,code01,
2006,m² pro Einwohner/-in und Jahr,Nicht-ländliche Gebiete,Schleswig-Holstein,code01,
2007,m² pro Einwohner/-in und Jahr,Nicht-ländliche Gebiete,Schleswig-Holstein,code01,
2008,m² pro Einwohner/-in und Jahr,Nicht-ländliche Gebiete,Schleswig-Holstein,code01,
2009,m² pro Einwohner/-in und Jahr,Nicht-ländliche Gebiete,Schleswig-Holstein,code01,-1.1
2010,m² pro Einwohner/-in und Jahr,Nicht-ländliche Gebiete,Schleswig-Holstein,code01,-1.0
2011,m² pro Einwohner/-in und Jahr,Nicht-ländliche Gebiete,Schleswig-Holstein,code01,-1.0
2012,m² pro Einwohner/-in und Jahr,Nicht-ländliche Gebiete,Schleswig-Holstein,code01,-1.0
2013,m² pro Einwohner/-in und Jahr,Nicht-ländliche Gebiete,Schleswig-Holstein,code01,-1.1
2014,m² pro Einwohner/-in und Jahr,Nicht-ländliche Gebiete,Schleswig-Holstein,code01,-1.1
2015,m² pro Einwohner/-in und Jahr,Nicht-ländliche Gebiete,Schleswig-Holstein,code01,-1.1
2017,m² pro Einwohner/-in und Jahr,Nicht-ländliche Gebiete,Schleswig-Holstein,code01,-1.1
2018,m² pro Einwohner/-in und Jahr,Nicht-ländliche Gebiete,Schleswig-Holstein,code01,-1.2
2019,m² pro Einwohner/-in und Jahr,Nicht-ländliche Gebiete,Schleswig-Holstein,code01,-1.2
2020,m² pro Einwohner/-in und Jahr,Nicht-ländliche Gebiete,Schleswig-Holstein,code01,-2.8
2016,m² pro Einwohner/-in und Jahr,Nicht-ländliche Gebiete,Schleswig-Holstein,code01,
2004,m² pro Einwohner/-in und Jahr,Ländliche Gebiete,Schleswig-Holstein,code01,
2005,m² pro Einwohner/-in und Jahr,Ländliche Gebiete,Schleswig-Holstein,code01,
2006,m² pro Einwohner/-in und Jahr,Ländliche Gebiete,Schleswig-Holstein,code01,
2007,m² pro Einwohner/-in und Jahr,Ländliche Gebiete,Schleswig-Holstein,code01,
2008,m² pro Einwohner/-in und Jahr,Ländliche Gebiete,Schleswig-Holstein,code01,
2009,m² pro Einwohner/-in und Jahr,Ländliche Gebiete,Schleswig-Holstein,code01,-5.5
2010,m² pro Einwohner/-in und Jahr,Ländliche Gebiete,Schleswig-Holstein,code01,-5.2
2011,m² pro Einwohner/-in und Jahr,Ländliche Gebiete,Schleswig-Holstein,code01,-6.2
2012,m² pro Einwohner/-in und Jahr,Ländliche Gebiete,Schleswig-Holstein,code01,-5.6
2013,m² pro Einwohner/-in und Jahr,Ländliche Gebiete,Schleswig-Holstein,code01,-5.3
2014,m² pro Einwohner/-in und Jahr,Ländliche Gebiete,Schleswig-Holstein,code01,-5.2
2015,m² pro Einwohner/-in und Jahr,Ländliche Gebiete,Schleswig-Holstein,code01,-4.3
2017,m² pro Einwohner/-in und Jahr,Ländliche Gebiete,Schleswig-Holstein,code01,-4.0
2018,m² pro Einwohner/-in und Jahr,Ländliche Gebiete,Schleswig-Holstein,code01,-4.0
2019,m² pro Einwohner/-in und Jahr,Ländliche Gebiete,Schleswig-Holstein,code01,-3.5
2020,m² pro Einwohner/-in und Jahr,Ländliche Gebiete,Schleswig-Holstein,code01,-5.0
2016,m² pro Einwohner/-in und Jahr,Ländliche Gebiete,Schleswig-Holstein,code01,
2004,m² pro Einwohner/-in und Jahr,,Thüringen,code16,-3.3
2005,m² pro Einwohner/-in und Jahr,,Thüringen,code16,-3.1
2006,m² pro Einwohner/-in und Jahr,,Thüringen,code16,-2.1
2007,m² pro Einwohner/-in und Jahr,,Thüringen,code16,-2.5
2008,m² pro Einwohner/-in und Jahr,,Thüringen,code16,-3.0
2009,m² pro Einwohner/-in und Jahr,,Thüringen,code16,-3.5
2010,m² pro Einwohner/-in und Jahr,,Thüringen,code16,-4.4
2011,m² pro Einwohner/-in und Jahr,,Thüringen,code16,-5.7
2012,m² pro Einwohner/-in und Jahr,,Thüringen,code16,-6.9
2013,m² pro Einwohner/-in und Jahr,,Thüringen,code16,-7.0
2014,m² pro Einwohner/-in und Jahr,,Thüringen,code16,-9.0
2015,m² pro Einwohner/-in und Jahr,,Thüringen,code16,-7.9
2017,m² pro Einwohner/-in und Jahr,,Thüringen,code16,-21.3
2018,m² pro Einwohner/-in und Jahr,,Thüringen,code16,-37.0
2019,m² pro Einwohner/-in und Jahr,,Thüringen,code16,-36.8
2020,m² pro Einwohner/-in und Jahr,,Thüringen,code16,-33.5
2016,m² pro Einwohner/-in und Jahr,,Thüringen,code16,
2004,m² pro Einwohner/-in und Jahr,Nicht-ländliche Gebiete,Thüringen,code16,
2005,m² pro Einwohner/-in und Jahr,Nicht-ländliche Gebiete,Thüringen,code16,
2006,m² pro Einwohner/-in und Jahr,Nicht-ländliche Gebiete,Thüringen,code16,
2007,m² pro Einwohner/-in und Jahr,Nicht-ländliche Gebiete,Thüringen,code16,
2008,m² pro Einwohner/-in und Jahr,Nicht-ländliche Gebiete,Thüringen,code16,
2009,m² pro Einwohner/-in und Jahr,Nicht-ländliche Gebiete,Thüringen,code16,-2.1
2010,m² pro Einwohner/-in und Jahr,Nicht-ländliche Gebiete,Thüringen,code16,-1.8
2011,m² pro Einwohner/-in und Jahr,Nicht-ländliche Gebiete,Thüringen,code16,-2.7
2012,m² pro Einwohner/-in und Jahr,Nicht-ländliche Gebiete,Thüringen,code16,-3.9
2013,m² pro Einwohner/-in und Jahr,Nicht-ländliche Gebiete,Thüringen,code16,-4.2
2014,m² pro Einwohner/-in und Jahr,Nicht-ländliche Gebiete,Thüringen,code16,-5.2
2015,m² pro Einwohner/-in und Jahr,Nicht-ländliche Gebiete,Thüringen,code16,-4.4
2017,m² pro Einwohner/-in und Jahr,Nicht-ländliche Gebiete,Thüringen,code16,-12.2
2018,m² pro Einwohner/-in und Jahr,Nicht-ländliche Gebiete,Thüringen,code16,-15.3
2019,m² pro Einwohner/-in und Jahr,Nicht-ländliche Gebiete,Thüringen,code16,-15.0
2020,m² pro Einwohner/-in und Jahr,Nicht-ländliche Gebiete,Thüringen,code16,-13.8
2016,m² pro Einwohner/-in und Jahr,Nicht-ländliche Gebiete,Thüringen,code16,
2004,m² pro Einwohner/-in und Jahr,Ländliche Gebiete,Thüringen,code16,
2005,m² pro Einwohner/-in und Jahr,Ländliche Gebiete,Thüringen,code16,
2006,m² pro Einwohner/-in und Jahr,Ländliche Gebiete,Thüringen,code16,
2007,m² pro Einwohner/-in und Jahr,Ländliche Gebiete,Thüringen,code16,
2008,m² pro Einwohner/-in und Jahr,Ländliche Gebiete,Thüringen,code16,
2009,m² pro Einwohner/-in und Jahr,Ländliche Gebiete,Thüringen,code16,-4.7
2010,m² pro Einwohner/-in und Jahr,Ländliche Gebiete,Thüringen,code16,-5.7
2011,m² pro Einwohner/-in und Jahr,Ländliche Gebiete,Thüringen,code16,-6.9
2012,m² pro Einwohner/-in und Jahr,Ländliche Gebiete,Thüringen,code16,-7.5
2013,m² pro Einwohner/-in und Jahr,Ländliche Gebiete,Thüringen,code16,-7.4
2014,m² pro Einwohner/-in und Jahr,Ländliche Gebiete,Thüringen,code16,-9.6
2015,m² pro Einwohner/-in und Jahr,Ländliche Gebiete,Thüringen,code16,-8.5
2017,m² pro Einwohner/-in und Jahr,Ländliche Gebiete,Thüringen,code16,-22.9
2018,m² pro Einwohner/-in und Jahr,Ländliche Gebiete,Thüringen,code16,-40.9
2019,m² pro Einwohner/-in und Jahr,Ländliche Gebiete,Thüringen,code16,-40.7
2020,m² pro Einwohner/-in und Jahr,Ländliche Gebiete,Thüringen,code16,-37.0
2016,m² pro Einwohner/-in und Jahr,Ländliche Gebiete,Thüringen,code16,
