Year,Units,Series,Art der Fläche,Bundesland,GeoCode,Value
1996,Hektar pro Tag,Berechnete jährliche Werte,,,,119.576
1997,Hektar pro Tag,Berechnete jährliche Werte,,,,124.252
1998,Hektar pro Tag,Berechnete jährliche Werte,,,,130.622
1999,Hektar pro Tag,Berechnete jährliche Werte,,,,130.655
2000,Hektar pro Tag,Berechnete jährliche Werte,,,,131.098
2001,Hektar pro Tag,Berechnete jährliche Werte,,,,121.096
2002,Hektar pro Tag,Berechnete jährliche Werte,,,,109.315
2003,Hektar pro Tag,Berechnete jährliche Werte,,,,98.904
2004,Hektar pro Tag,Berechnete jährliche Werte,,,,131.148
2005,Hektar pro Tag,Berechnete jährliche Werte,,,,117.534
2006,Hektar pro Tag,Berechnete jährliche Werte,,,,105.753
2007,Hektar pro Tag,Berechnete jährliche Werte,,,,96.712
2008,Hektar pro Tag,Berechnete jährliche Werte,,,,95.082
2009,Hektar pro Tag,Berechnete jährliche Werte,,,,78.082
2010,Hektar pro Tag,Berechnete jährliche Werte,,,,76.712
2011,Hektar pro Tag,Berechnete jährliche Werte,,,,73.624
2012,Hektar pro Tag,Berechnete jährliche Werte,,,,69.349
2013,Hektar pro Tag,Berechnete jährliche Werte,,,,70.591
2014,Hektar pro Tag,Berechnete jährliche Werte,,,,63.273
2015,Hektar pro Tag,Berechnete jährliche Werte,,,,61.012
2016,Hektar pro Tag,Berechnete jährliche Werte,,,,51.278
2017,Hektar pro Tag,Berechnete jährliche Werte,,,,55.205
2018,Hektar pro Tag,Berechnete jährliche Werte,,,,57.997
2019,Hektar pro Tag,Berechnete jährliche Werte,,,,45.0
2020,Hektar pro Tag,Berechnete jährliche Werte,,,,58.0
2030,Hektar pro Tag,Berechnete jährliche Werte,,,,
1996,Hektar pro Tag,Berechnete jährliche Werte,Verkehrsfläche,,,23.614
1997,Hektar pro Tag,Berechnete jährliche Werte,Verkehrsfläche,,,20.642
1998,Hektar pro Tag,Berechnete jährliche Werte,Verkehrsfläche,,,23.302
1999,Hektar pro Tag,Berechnete jährliche Werte,Verkehrsfläche,,,23.308
2000,Hektar pro Tag,Berechnete jährliche Werte,Verkehrsfläche,,,23.642
2001,Hektar pro Tag,Berechnete jährliche Werte,Verkehrsfläche,,,23.0
2002,Hektar pro Tag,Berechnete jährliche Werte,Verkehrsfläche,,,22.466
2003,Hektar pro Tag,Berechnete jährliche Werte,Verkehrsfläche,,,20.274
2004,Hektar pro Tag,Berechnete jährliche Werte,Verkehrsfläche,,,24.59
2005,Hektar pro Tag,Berechnete jährliche Werte,Verkehrsfläche,,,25.205
2006,Hektar pro Tag,Berechnete jährliche Werte,Verkehrsfläche,,,24.11
2007,Hektar pro Tag,Berechnete jährliche Werte,Verkehrsfläche,,,24.384
2008,Hektar pro Tag,Berechnete jährliche Werte,Verkehrsfläche,,,21.492
2009,Hektar pro Tag,Berechnete jährliche Werte,Verkehrsfläche,,,18.082
2010,Hektar pro Tag,Berechnete jährliche Werte,Verkehrsfläche,,,20.548
2011,Hektar pro Tag,Berechnete jährliche Werte,Verkehrsfläche,,,16.95
2012,Hektar pro Tag,Berechnete jährliche Werte,Verkehrsfläche,,,10.858
2013,Hektar pro Tag,Berechnete jährliche Werte,Verkehrsfläche,,,18.52
2014,Hektar pro Tag,Berechnete jährliche Werte,Verkehrsfläche,,,23.437
2015,Hektar pro Tag,Berechnete jährliche Werte,Verkehrsfläche,,,9.768
2016,Hektar pro Tag,Berechnete jährliche Werte,Verkehrsfläche,,,
2017,Hektar pro Tag,Berechnete jährliche Werte,Verkehrsfläche,,,8.482
2018,Hektar pro Tag,Berechnete jährliche Werte,Verkehrsfläche,,,15.953
2019,Hektar pro Tag,Berechnete jährliche Werte,Verkehrsfläche,,,2.0
2020,Hektar pro Tag,Berechnete jährliche Werte,Verkehrsfläche,,,6.0
2030,Hektar pro Tag,Berechnete jährliche Werte,,,,
1996,Hektar pro Tag,Berechnete jährliche Werte,Siedlungsfläche (bebaut),,,87.201
1997,Hektar pro Tag,Berechnete jährliche Werte,Siedlungsfläche (bebaut),,,83.405
1998,Hektar pro Tag,Berechnete jährliche Werte,Siedlungsfläche (bebaut),,,86.759
1999,Hektar pro Tag,Berechnete jährliche Werte,Siedlungsfläche (bebaut),,,86.781
2000,Hektar pro Tag,Berechnete jährliche Werte,Siedlungsfläche (bebaut),,,86.926
2001,Hektar pro Tag,Berechnete jährliche Werte,Siedlungsfläche (bebaut),,,69.863
2002,Hektar pro Tag,Berechnete jährliche Werte,Siedlungsfläche (bebaut),,,65.753
2003,Hektar pro Tag,Berechnete jährliche Werte,Siedlungsfläche (bebaut),,,44.932
2004,Hektar pro Tag,Berechnete jährliche Werte,Siedlungsfläche (bebaut),,,60.109
2005,Hektar pro Tag,Berechnete jährliche Werte,Siedlungsfläche (bebaut),,,34.616
2006,Hektar pro Tag,Berechnete jährliche Werte,Siedlungsfläche (bebaut),,,29.589
2007,Hektar pro Tag,Berechnete jährliche Werte,Siedlungsfläche (bebaut),,,39.726
2008,Hektar pro Tag,Berechnete jährliche Werte,Siedlungsfläche (bebaut),,,34.973
2009,Hektar pro Tag,Berechnete jährliche Werte,Siedlungsfläche (bebaut),,,27.945
2010,Hektar pro Tag,Berechnete jährliche Werte,Siedlungsfläche (bebaut),,,33.151
2011,Hektar pro Tag,Berechnete jährliche Werte,Siedlungsfläche (bebaut),,,29.61
2012,Hektar pro Tag,Berechnete jährliche Werte,Siedlungsfläche (bebaut),,,40.004
2013,Hektar pro Tag,Berechnete jährliche Werte,Siedlungsfläche (bebaut),,,29.005
2014,Hektar pro Tag,Berechnete jährliche Werte,Siedlungsfläche (bebaut),,,21.91
2015,Hektar pro Tag,Berechnete jährliche Werte,Siedlungsfläche (bebaut),,,39.63
2016,Hektar pro Tag,Berechnete jährliche Werte,Siedlungsfläche (bebaut),,,
2017,Hektar pro Tag,Berechnete jährliche Werte,Siedlungsfläche (bebaut),,,31.801
2018,Hektar pro Tag,Berechnete jährliche Werte,Siedlungsfläche (bebaut),,,32.036
2019,Hektar pro Tag,Berechnete jährliche Werte,Siedlungsfläche (bebaut),,,33.0
2020,Hektar pro Tag,Berechnete jährliche Werte,Siedlungsfläche (bebaut),,,40.0
2030,Hektar pro Tag,Berechnete jährliche Werte,,,,
1996,Hektar pro Tag,Berechnete jährliche Werte,"Erholungsfläche, Friedhof",,,8.693
1997,Hektar pro Tag,Berechnete jährliche Werte,"Erholungsfläche, Friedhof",,,20.204
1998,Hektar pro Tag,Berechnete jährliche Werte,"Erholungsfläche, Friedhof",,,20.561
1999,Hektar pro Tag,Berechnete jährliche Werte,"Erholungsfläche, Friedhof",,,20.566
2000,Hektar pro Tag,Berechnete jährliche Werte,"Erholungsfläche, Friedhof",,,20.803
2001,Hektar pro Tag,Berechnete jährliche Werte,"Erholungsfläche, Friedhof",,,29.0
2002,Hektar pro Tag,Berechnete jährliche Werte,"Erholungsfläche, Friedhof",,,21.096
2003,Hektar pro Tag,Berechnete jährliche Werte,"Erholungsfläche, Friedhof",,,34.0
2004,Hektar pro Tag,Berechnete jährliche Werte,"Erholungsfläche, Friedhof",,,45.721
2005,Hektar pro Tag,Berechnete jährliche Werte,"Erholungsfläche, Friedhof",,,56.986
2006,Hektar pro Tag,Berechnete jährliche Werte,"Erholungsfläche, Friedhof",,,51.781
2007,Hektar pro Tag,Berechnete jährliche Werte,"Erholungsfläche, Friedhof",,,32.603
2008,Hektar pro Tag,Berechnete jährliche Werte,"Erholungsfläche, Friedhof",,,38.617
2009,Hektar pro Tag,Berechnete jährliche Werte,"Erholungsfläche, Friedhof",,,32.055
2010,Hektar pro Tag,Berechnete jährliche Werte,"Erholungsfläche, Friedhof",,,23.288
2011,Hektar pro Tag,Berechnete jährliche Werte,"Erholungsfläche, Friedhof",,,27.064
2012,Hektar pro Tag,Berechnete jährliche Werte,"Erholungsfläche, Friedhof",,,18.487
2013,Hektar pro Tag,Berechnete jährliche Werte,"Erholungsfläche, Friedhof",,,23.065
2014,Hektar pro Tag,Berechnete jährliche Werte,"Erholungsfläche, Friedhof",,,17.927
2015,Hektar pro Tag,Berechnete jährliche Werte,"Erholungsfläche, Friedhof",,,11.614
2016,Hektar pro Tag,Berechnete jährliche Werte,"Erholungsfläche, Friedhof",,,
2017,Hektar pro Tag,Berechnete jährliche Werte,"Erholungsfläche, Friedhof",,,14.925
2018,Hektar pro Tag,Berechnete jährliche Werte,"Erholungsfläche, Friedhof",,,10.008
2019,Hektar pro Tag,Berechnete jährliche Werte,"Erholungsfläche, Friedhof",,,10.0
2020,Hektar pro Tag,Berechnete jährliche Werte,"Erholungsfläche, Friedhof",,,12.0
2030,Hektar pro Tag,Berechnete jährliche Werte,,,,
1996,Hektar pro Tag,Gleitender Vierjahresdurchschnitt,,,,
1997,Hektar pro Tag,Gleitender Vierjahresdurchschnitt,,,,
1998,Hektar pro Tag,Gleitender Vierjahresdurchschnitt,,,,
1999,Hektar pro Tag,Gleitender Vierjahresdurchschnitt,,,,126.276
2000,Hektar pro Tag,Gleitender Vierjahresdurchschnitt,,,,129.157
2001,Hektar pro Tag,Gleitender Vierjahresdurchschnitt,,,,128.368
2002,Hektar pro Tag,Gleitender Vierjahresdurchschnitt,,,,123.041
2003,Hektar pro Tag,Gleitender Vierjahresdurchschnitt,,,,115.103
2004,Hektar pro Tag,Gleitender Vierjahresdurchschnitt,,,,115.116
2005,Hektar pro Tag,Gleitender Vierjahresdurchschnitt,,,,114.225
2006,Hektar pro Tag,Gleitender Vierjahresdurchschnitt,,,,113.335
2007,Hektar pro Tag,Gleitender Vierjahresdurchschnitt,,,,112.787
2008,Hektar pro Tag,Gleitender Vierjahresdurchschnitt,,,,103.77
2009,Hektar pro Tag,Gleitender Vierjahresdurchschnitt,,,,93.907
2010,Hektar pro Tag,Gleitender Vierjahresdurchschnitt,,,,86.647
2011,Hektar pro Tag,Gleitender Vierjahresdurchschnitt,,,,80.875
2012,Hektar pro Tag,Gleitender Vierjahresdurchschnitt,,,,74.442
2013,Hektar pro Tag,Gleitender Vierjahresdurchschnitt,,,,72.569
2014,Hektar pro Tag,Gleitender Vierjahresdurchschnitt,,,,69.209
2015,Hektar pro Tag,Gleitender Vierjahresdurchschnitt,,,,66.056
2016,Hektar pro Tag,Gleitender Vierjahresdurchschnitt,,,,61.539
2017,Hektar pro Tag,Gleitender Vierjahresdurchschnitt,,,,57.692
2018,Hektar pro Tag,Gleitender Vierjahresdurchschnitt,,,,56.373
2019,Hektar pro Tag,Gleitender Vierjahresdurchschnitt,,,,52.37
2020,Hektar pro Tag,Gleitender Vierjahresdurchschnitt,,,,54.051
2030,Hektar pro Tag,Gleitender Vierjahresdurchschnitt,,,,
1996,Hektar pro Tag,Gleitender Vierjahresdurchschnitt,Verkehrsfläche,,,
1997,Hektar pro Tag,Gleitender Vierjahresdurchschnitt,Verkehrsfläche,,,
1998,Hektar pro Tag,Gleitender Vierjahresdurchschnitt,Verkehrsfläche,,,
1999,Hektar pro Tag,Gleitender Vierjahresdurchschnitt,Verkehrsfläche,,,22.717
2000,Hektar pro Tag,Gleitender Vierjahresdurchschnitt,Verkehrsfläche,,,22.724
2001,Hektar pro Tag,Gleitender Vierjahresdurchschnitt,Verkehrsfläche,,,23.313
2002,Hektar pro Tag,Gleitender Vierjahresdurchschnitt,Verkehrsfläche,,,23.104
2003,Hektar pro Tag,Gleitender Vierjahresdurchschnitt,Verkehrsfläche,,,22.346
2004,Hektar pro Tag,Gleitender Vierjahresdurchschnitt,Verkehrsfläche,,,22.583
2005,Hektar pro Tag,Gleitender Vierjahresdurchschnitt,Verkehrsfläche,,,23.134
2006,Hektar pro Tag,Gleitender Vierjahresdurchschnitt,Verkehrsfläche,,,23.545
2007,Hektar pro Tag,Gleitender Vierjahresdurchschnitt,Verkehrsfläche,,,24.572
2008,Hektar pro Tag,Gleitender Vierjahresdurchschnitt,Verkehrsfläche,,,23.798
2009,Hektar pro Tag,Gleitender Vierjahresdurchschnitt,Verkehrsfläche,,,22.017
2010,Hektar pro Tag,Gleitender Vierjahresdurchschnitt,Verkehrsfläche,,,21.127
2011,Hektar pro Tag,Gleitender Vierjahresdurchschnitt,Verkehrsfläche,,,19.268
2012,Hektar pro Tag,Gleitender Vierjahresdurchschnitt,Verkehrsfläche,,,16.61
2013,Hektar pro Tag,Gleitender Vierjahresdurchschnitt,Verkehrsfläche,,,16.719
2014,Hektar pro Tag,Gleitender Vierjahresdurchschnitt,Verkehrsfläche,,,17.441
2015,Hektar pro Tag,Gleitender Vierjahresdurchschnitt,Verkehrsfläche,,,15.646
2016,Hektar pro Tag,Gleitender Vierjahresdurchschnitt,Verkehrsfläche,,,
2017,Hektar pro Tag,Gleitender Vierjahresdurchschnitt,Verkehrsfläche,,,
2018,Hektar pro Tag,Gleitender Vierjahresdurchschnitt,Verkehrsfläche,,,
2019,Hektar pro Tag,Gleitender Vierjahresdurchschnitt,Verkehrsfläche,,,
2020,Hektar pro Tag,Gleitender Vierjahresdurchschnitt,Verkehrsfläche,,,8.109
2030,Hektar pro Tag,Gleitender Vierjahresdurchschnitt,,,,
1996,Hektar pro Tag,Gleitender Vierjahresdurchschnitt,Siedlungsfläche (bebaut),,,
1997,Hektar pro Tag,Gleitender Vierjahresdurchschnitt,Siedlungsfläche (bebaut),,,
1998,Hektar pro Tag,Gleitender Vierjahresdurchschnitt,Siedlungsfläche (bebaut),,,
1999,Hektar pro Tag,Gleitender Vierjahresdurchschnitt,Siedlungsfläche (bebaut),,,86.037
2000,Hektar pro Tag,Gleitender Vierjahresdurchschnitt,Siedlungsfläche (bebaut),,,85.968
2001,Hektar pro Tag,Gleitender Vierjahresdurchschnitt,Siedlungsfläche (bebaut),,,82.582
2002,Hektar pro Tag,Gleitender Vierjahresdurchschnitt,Siedlungsfläche (bebaut),,,77.331
2003,Hektar pro Tag,Gleitender Vierjahresdurchschnitt,Siedlungsfläche (bebaut),,,66.869
2004,Hektar pro Tag,Gleitender Vierjahresdurchschnitt,Siedlungsfläche (bebaut),,,60.164
2005,Hektar pro Tag,Gleitender Vierjahresdurchschnitt,Siedlungsfläche (bebaut),,,51.353
2006,Hektar pro Tag,Gleitender Vierjahresdurchschnitt,Siedlungsfläche (bebaut),,,42.312
2007,Hektar pro Tag,Gleitender Vierjahresdurchschnitt,Siedlungsfläche (bebaut),,,41.01
2008,Hektar pro Tag,Gleitender Vierjahresdurchschnitt,Siedlungsfläche (bebaut),,,34.726
2009,Hektar pro Tag,Gleitender Vierjahresdurchschnitt,Siedlungsfläche (bebaut),,,33.058
2010,Hektar pro Tag,Gleitender Vierjahresdurchschnitt,Siedlungsfläche (bebaut),,,33.949
2011,Hektar pro Tag,Gleitender Vierjahresdurchschnitt,Siedlungsfläche (bebaut),,,31.42
2012,Hektar pro Tag,Gleitender Vierjahresdurchschnitt,Siedlungsfläche (bebaut),,,32.678
2013,Hektar pro Tag,Gleitender Vierjahresdurchschnitt,Siedlungsfläche (bebaut),,,32.943
2014,Hektar pro Tag,Gleitender Vierjahresdurchschnitt,Siedlungsfläche (bebaut),,,30.132
2015,Hektar pro Tag,Gleitender Vierjahresdurchschnitt,Siedlungsfläche (bebaut),,,32.637
2016,Hektar pro Tag,Gleitender Vierjahresdurchschnitt,Siedlungsfläche (bebaut),,,
2017,Hektar pro Tag,Gleitender Vierjahresdurchschnitt,Siedlungsfläche (bebaut),,,
2018,Hektar pro Tag,Gleitender Vierjahresdurchschnitt,Siedlungsfläche (bebaut),,,
2019,Hektar pro Tag,Gleitender Vierjahresdurchschnitt,Siedlungsfläche (bebaut),,,
2020,Hektar pro Tag,Gleitender Vierjahresdurchschnitt,Siedlungsfläche (bebaut),,,34.209
2030,Hektar pro Tag,Gleitender Vierjahresdurchschnitt,,,,
1996,Hektar pro Tag,Gleitender Vierjahresdurchschnitt,"Erholungsfläche, Friedhof",,,
1997,Hektar pro Tag,Gleitender Vierjahresdurchschnitt,"Erholungsfläche, Friedhof",,,
1998,Hektar pro Tag,Gleitender Vierjahresdurchschnitt,"Erholungsfläche, Friedhof",,,
1999,Hektar pro Tag,Gleitender Vierjahresdurchschnitt,"Erholungsfläche, Friedhof",,,17.506
2000,Hektar pro Tag,Gleitender Vierjahresdurchschnitt,"Erholungsfläche, Friedhof",,,20.534
2001,Hektar pro Tag,Gleitender Vierjahresdurchschnitt,"Erholungsfläche, Friedhof",,,22.733
2002,Hektar pro Tag,Gleitender Vierjahresdurchschnitt,"Erholungsfläche, Friedhof",,,22.866
2003,Hektar pro Tag,Gleitender Vierjahresdurchschnitt,"Erholungsfläche, Friedhof",,,26.225
2004,Hektar pro Tag,Gleitender Vierjahresdurchschnitt,"Erholungsfläche, Friedhof",,,32.454
2005,Hektar pro Tag,Gleitender Vierjahresdurchschnitt,"Erholungsfläche, Friedhof",,,39.451
2006,Hektar pro Tag,Gleitender Vierjahresdurchschnitt,"Erholungsfläche, Friedhof",,,47.122
2007,Hektar pro Tag,Gleitender Vierjahresdurchschnitt,"Erholungsfläche, Friedhof",,,46.773
2008,Hektar pro Tag,Gleitender Vierjahresdurchschnitt,"Erholungsfläche, Friedhof",,,44.997
2009,Hektar pro Tag,Gleitender Vierjahresdurchschnitt,"Erholungsfläche, Friedhof",,,38.764
2010,Hektar pro Tag,Gleitender Vierjahresdurchschnitt,"Erholungsfläche, Friedhof",,,31.641
2011,Hektar pro Tag,Gleitender Vierjahresdurchschnitt,"Erholungsfläche, Friedhof",,,30.256
2012,Hektar pro Tag,Gleitender Vierjahresdurchschnitt,"Erholungsfläche, Friedhof",,,25.224
2013,Hektar pro Tag,Gleitender Vierjahresdurchschnitt,"Erholungsfläche, Friedhof",,,22.976
2014,Hektar pro Tag,Gleitender Vierjahresdurchschnitt,"Erholungsfläche, Friedhof",,,21.636
2015,Hektar pro Tag,Gleitender Vierjahresdurchschnitt,"Erholungsfläche, Friedhof",,,17.773
2016,Hektar pro Tag,Gleitender Vierjahresdurchschnitt,"Erholungsfläche, Friedhof",,,
2017,Hektar pro Tag,Gleitender Vierjahresdurchschnitt,"Erholungsfläche, Friedhof",,,
2018,Hektar pro Tag,Gleitender Vierjahresdurchschnitt,"Erholungsfläche, Friedhof",,,
2019,Hektar pro Tag,Gleitender Vierjahresdurchschnitt,"Erholungsfläche, Friedhof",,,
2020,Hektar pro Tag,Gleitender Vierjahresdurchschnitt,"Erholungsfläche, Friedhof",,,11.733
2030,Hektar pro Tag,Gleitender Vierjahresdurchschnitt,,,,
1996,Hektar pro Tag,Gleitender Vierjahresdurchschnitt,,Baden-Württemberg,code08,10.2
1997,Hektar pro Tag,Gleitender Vierjahresdurchschnitt,,Baden-Württemberg,code08,
1998,Hektar pro Tag,Gleitender Vierjahresdurchschnitt,,Baden-Württemberg,code08,
1999,Hektar pro Tag,Gleitender Vierjahresdurchschnitt,,Baden-Württemberg,code08,
2000,Hektar pro Tag,Gleitender Vierjahresdurchschnitt,,Baden-Württemberg,code08,12.0
2001,Hektar pro Tag,Gleitender Vierjahresdurchschnitt,,Baden-Württemberg,code08,
2002,Hektar pro Tag,Gleitender Vierjahresdurchschnitt,,Baden-Württemberg,code08,
2003,Hektar pro Tag,Gleitender Vierjahresdurchschnitt,,Baden-Württemberg,code08,
2004,Hektar pro Tag,Gleitender Vierjahresdurchschnitt,,Baden-Württemberg,code08,10.4
2005,Hektar pro Tag,Gleitender Vierjahresdurchschnitt,,Baden-Württemberg,code08,9.6
2006,Hektar pro Tag,Gleitender Vierjahresdurchschnitt,,Baden-Württemberg,code08,9.3
2007,Hektar pro Tag,Gleitender Vierjahresdurchschnitt,,Baden-Württemberg,code08,9.3
2008,Hektar pro Tag,Gleitender Vierjahresdurchschnitt,,Baden-Württemberg,code08,9.2
2009,Hektar pro Tag,Gleitender Vierjahresdurchschnitt,,Baden-Württemberg,code08,8.7
2010,Hektar pro Tag,Gleitender Vierjahresdurchschnitt,,Baden-Württemberg,code08,8.1
2011,Hektar pro Tag,Gleitender Vierjahresdurchschnitt,,Baden-Württemberg,code08,7.1
2012,Hektar pro Tag,Gleitender Vierjahresdurchschnitt,,Baden-Württemberg,code08,6.7
2013,Hektar pro Tag,Gleitender Vierjahresdurchschnitt,,Baden-Württemberg,code08,6.2
2014,Hektar pro Tag,Gleitender Vierjahresdurchschnitt,,Baden-Württemberg,code08,5.9
2015,Hektar pro Tag,Gleitender Vierjahresdurchschnitt,,Baden-Württemberg,code08,5.6
2016,Hektar pro Tag,Gleitender Vierjahresdurchschnitt,,Baden-Württemberg,code08,
2017,Hektar pro Tag,Gleitender Vierjahresdurchschnitt,,Baden-Württemberg,code08,
2018,Hektar pro Tag,Gleitender Vierjahresdurchschnitt,,Baden-Württemberg,code08,
2019,Hektar pro Tag,Gleitender Vierjahresdurchschnitt,,Baden-Württemberg,code08,5.2
2020,Hektar pro Tag,Gleitender Vierjahresdurchschnitt,,Baden-Württemberg,code08,5.6
2030,Hektar pro Tag,Gleitender Vierjahresdurchschnitt,,,,
1996,Hektar pro Tag,Gleitender Vierjahresdurchschnitt,,Bayern,code09,27.4
1997,Hektar pro Tag,Gleitender Vierjahresdurchschnitt,,Bayern,code09,
1998,Hektar pro Tag,Gleitender Vierjahresdurchschnitt,,Bayern,code09,
1999,Hektar pro Tag,Gleitender Vierjahresdurchschnitt,,Bayern,code09,
2000,Hektar pro Tag,Gleitender Vierjahresdurchschnitt,,Bayern,code09,28.4
2001,Hektar pro Tag,Gleitender Vierjahresdurchschnitt,,Bayern,code09,
2002,Hektar pro Tag,Gleitender Vierjahresdurchschnitt,,Bayern,code09,
2003,Hektar pro Tag,Gleitender Vierjahresdurchschnitt,,Bayern,code09,
2004,Hektar pro Tag,Gleitender Vierjahresdurchschnitt,,Bayern,code09,18.0
2005,Hektar pro Tag,Gleitender Vierjahresdurchschnitt,,Bayern,code09,16.5
2006,Hektar pro Tag,Gleitender Vierjahresdurchschnitt,,Bayern,code09,17.2
2007,Hektar pro Tag,Gleitender Vierjahresdurchschnitt,,Bayern,code09,16.9
2008,Hektar pro Tag,Gleitender Vierjahresdurchschnitt,,Bayern,code09,17.2
2009,Hektar pro Tag,Gleitender Vierjahresdurchschnitt,,Bayern,code09,17.4
2010,Hektar pro Tag,Gleitender Vierjahresdurchschnitt,,Bayern,code09,17.4
2011,Hektar pro Tag,Gleitender Vierjahresdurchschnitt,,Bayern,code09,17.9
2012,Hektar pro Tag,Gleitender Vierjahresdurchschnitt,,Bayern,code09,18.0
2013,Hektar pro Tag,Gleitender Vierjahresdurchschnitt,,Bayern,code09,18.5
2014,Hektar pro Tag,Gleitender Vierjahresdurchschnitt,,Bayern,code09,
2015,Hektar pro Tag,Gleitender Vierjahresdurchschnitt,,Bayern,code09,12.1
2016,Hektar pro Tag,Gleitender Vierjahresdurchschnitt,,Bayern,code09,
2017,Hektar pro Tag,Gleitender Vierjahresdurchschnitt,,Bayern,code09,
2018,Hektar pro Tag,Gleitender Vierjahresdurchschnitt,,Bayern,code09,11.1
2019,Hektar pro Tag,Gleitender Vierjahresdurchschnitt,,Bayern,code09,10.6
2020,Hektar pro Tag,Gleitender Vierjahresdurchschnitt,,Bayern,code09,11.0
2030,Hektar pro Tag,Gleitender Vierjahresdurchschnitt,,,,
1996,Hektar pro Tag,Gleitender Vierjahresdurchschnitt,,Berlin,code11,-0.7
1997,Hektar pro Tag,Gleitender Vierjahresdurchschnitt,,Berlin,code11,
1998,Hektar pro Tag,Gleitender Vierjahresdurchschnitt,,Berlin,code11,
1999,Hektar pro Tag,Gleitender Vierjahresdurchschnitt,,Berlin,code11,
2000,Hektar pro Tag,Gleitender Vierjahresdurchschnitt,,Berlin,code11,1.4
2001,Hektar pro Tag,Gleitender Vierjahresdurchschnitt,,Berlin,code11,
2002,Hektar pro Tag,Gleitender Vierjahresdurchschnitt,,Berlin,code11,
2003,Hektar pro Tag,Gleitender Vierjahresdurchschnitt,,Berlin,code11,
2004,Hektar pro Tag,Gleitender Vierjahresdurchschnitt,,Berlin,code11,0.3
2005,Hektar pro Tag,Gleitender Vierjahresdurchschnitt,,Berlin,code11,0.3
2006,Hektar pro Tag,Gleitender Vierjahresdurchschnitt,,Berlin,code11,0.2
2007,Hektar pro Tag,Gleitender Vierjahresdurchschnitt,,Berlin,code11,0.3
2008,Hektar pro Tag,Gleitender Vierjahresdurchschnitt,,Berlin,code11,0.3
2009,Hektar pro Tag,Gleitender Vierjahresdurchschnitt,,Berlin,code11,0.3
2010,Hektar pro Tag,Gleitender Vierjahresdurchschnitt,,Berlin,code11,0.4
2011,Hektar pro Tag,Gleitender Vierjahresdurchschnitt,,Berlin,code11,0.3
2012,Hektar pro Tag,Gleitender Vierjahresdurchschnitt,,Berlin,code11,0.1
2013,Hektar pro Tag,Gleitender Vierjahresdurchschnitt,,Berlin,code11,0.0
2014,Hektar pro Tag,Gleitender Vierjahresdurchschnitt,,Berlin,code11,0.0
2015,Hektar pro Tag,Gleitender Vierjahresdurchschnitt,,Berlin,code11,-0.1
2016,Hektar pro Tag,Gleitender Vierjahresdurchschnitt,,Berlin,code11,0.1
2017,Hektar pro Tag,Gleitender Vierjahresdurchschnitt,,Berlin,code11,0.1
2018,Hektar pro Tag,Gleitender Vierjahresdurchschnitt,,Berlin,code11,0.2
2019,Hektar pro Tag,Gleitender Vierjahresdurchschnitt,,Berlin,code11,0.2
2020,Hektar pro Tag,Gleitender Vierjahresdurchschnitt,,Berlin,code11,0.1
2030,Hektar pro Tag,Gleitender Vierjahresdurchschnitt,,,,
1996,Hektar pro Tag,Gleitender Vierjahresdurchschnitt,,Brandenburg,code12,6.9
1997,Hektar pro Tag,Gleitender Vierjahresdurchschnitt,,Brandenburg,code12,
1998,Hektar pro Tag,Gleitender Vierjahresdurchschnitt,,Brandenburg,code12,
1999,Hektar pro Tag,Gleitender Vierjahresdurchschnitt,,Brandenburg,code12,
2000,Hektar pro Tag,Gleitender Vierjahresdurchschnitt,,Brandenburg,code12,9.3
2001,Hektar pro Tag,Gleitender Vierjahresdurchschnitt,,Brandenburg,code12,
2002,Hektar pro Tag,Gleitender Vierjahresdurchschnitt,,Brandenburg,code12,
2003,Hektar pro Tag,Gleitender Vierjahresdurchschnitt,,Brandenburg,code12,
2004,Hektar pro Tag,Gleitender Vierjahresdurchschnitt,,Brandenburg,code12,8.2
2005,Hektar pro Tag,Gleitender Vierjahresdurchschnitt,,Brandenburg,code12,8.6
2006,Hektar pro Tag,Gleitender Vierjahresdurchschnitt,,Brandenburg,code12,8.7
2007,Hektar pro Tag,Gleitender Vierjahresdurchschnitt,,Brandenburg,code12,8.3
2008,Hektar pro Tag,Gleitender Vierjahresdurchschnitt,,Brandenburg,code12,9.5
2009,Hektar pro Tag,Gleitender Vierjahresdurchschnitt,,Brandenburg,code12,8.4
2010,Hektar pro Tag,Gleitender Vierjahresdurchschnitt,,Brandenburg,code12,7.5
2011,Hektar pro Tag,Gleitender Vierjahresdurchschnitt,,Brandenburg,code12,6.6
2012,Hektar pro Tag,Gleitender Vierjahresdurchschnitt,,Brandenburg,code12,4.6
2013,Hektar pro Tag,Gleitender Vierjahresdurchschnitt,,Brandenburg,code12,5.7
2014,Hektar pro Tag,Gleitender Vierjahresdurchschnitt,,Brandenburg,code12,5.2
2015,Hektar pro Tag,Gleitender Vierjahresdurchschnitt,,Brandenburg,code12,4.9
2016,Hektar pro Tag,Gleitender Vierjahresdurchschnitt,,Brandenburg,code12,4.7
2017,Hektar pro Tag,Gleitender Vierjahresdurchschnitt,,Brandenburg,code12,2.1
2018,Hektar pro Tag,Gleitender Vierjahresdurchschnitt,,Brandenburg,code12,1.7
2019,Hektar pro Tag,Gleitender Vierjahresdurchschnitt,,Brandenburg,code12,1.4
2020,Hektar pro Tag,Gleitender Vierjahresdurchschnitt,,Brandenburg,code12,2.6
2030,Hektar pro Tag,Gleitender Vierjahresdurchschnitt,,,,
1996,Hektar pro Tag,Gleitender Vierjahresdurchschnitt,,Bremen,code04,0.1
1997,Hektar pro Tag,Gleitender Vierjahresdurchschnitt,,Bremen,code04,
1998,Hektar pro Tag,Gleitender Vierjahresdurchschnitt,,Bremen,code04,
1999,Hektar pro Tag,Gleitender Vierjahresdurchschnitt,,Bremen,code04,
2000,Hektar pro Tag,Gleitender Vierjahresdurchschnitt,,Bremen,code04,0.5
2001,Hektar pro Tag,Gleitender Vierjahresdurchschnitt,,Bremen,code04,
2002,Hektar pro Tag,Gleitender Vierjahresdurchschnitt,,Bremen,code04,
2003,Hektar pro Tag,Gleitender Vierjahresdurchschnitt,,Bremen,code04,
2004,Hektar pro Tag,Gleitender Vierjahresdurchschnitt,,Bremen,code04,0.2
2005,Hektar pro Tag,Gleitender Vierjahresdurchschnitt,,Bremen,code04,0.1
2006,Hektar pro Tag,Gleitender Vierjahresdurchschnitt,,Bremen,code04,0.1
2007,Hektar pro Tag,Gleitender Vierjahresdurchschnitt,,Bremen,code04,0.2
2008,Hektar pro Tag,Gleitender Vierjahresdurchschnitt,,Bremen,code04,0.2
2009,Hektar pro Tag,Gleitender Vierjahresdurchschnitt,,Bremen,code04,0.2
2010,Hektar pro Tag,Gleitender Vierjahresdurchschnitt,,Bremen,code04,0.2
2011,Hektar pro Tag,Gleitender Vierjahresdurchschnitt,,Bremen,code04,0.2
2012,Hektar pro Tag,Gleitender Vierjahresdurchschnitt,,Bremen,code04,0.3
2013,Hektar pro Tag,Gleitender Vierjahresdurchschnitt,,Bremen,code04,0.3
2014,Hektar pro Tag,Gleitender Vierjahresdurchschnitt,,Bremen,code04,0.2
2015,Hektar pro Tag,Gleitender Vierjahresdurchschnitt,,Bremen,code04,0.2
2016,Hektar pro Tag,Gleitender Vierjahresdurchschnitt,,Bremen,code04,0.1
2017,Hektar pro Tag,Gleitender Vierjahresdurchschnitt,,Bremen,code04,0.1
2018,Hektar pro Tag,Gleitender Vierjahresdurchschnitt,,Bremen,code04,0.1
2019,Hektar pro Tag,Gleitender Vierjahresdurchschnitt,,Bremen,code04,0.1
2020,Hektar pro Tag,Gleitender Vierjahresdurchschnitt,,Bremen,code04,0.0
2030,Hektar pro Tag,Gleitender Vierjahresdurchschnitt,,,,
1996,Hektar pro Tag,Gleitender Vierjahresdurchschnitt,,Hamburg,code02,0.4
1997,Hektar pro Tag,Gleitender Vierjahresdurchschnitt,,Hamburg,code02,
1998,Hektar pro Tag,Gleitender Vierjahresdurchschnitt,,Hamburg,code02,
1999,Hektar pro Tag,Gleitender Vierjahresdurchschnitt,,Hamburg,code02,
2000,Hektar pro Tag,Gleitender Vierjahresdurchschnitt,,Hamburg,code02,0.2
2001,Hektar pro Tag,Gleitender Vierjahresdurchschnitt,,Hamburg,code02,
2002,Hektar pro Tag,Gleitender Vierjahresdurchschnitt,,Hamburg,code02,
2003,Hektar pro Tag,Gleitender Vierjahresdurchschnitt,,Hamburg,code02,
2004,Hektar pro Tag,Gleitender Vierjahresdurchschnitt,,Hamburg,code02,0.8
2005,Hektar pro Tag,Gleitender Vierjahresdurchschnitt,,Hamburg,code02,1.0
2006,Hektar pro Tag,Gleitender Vierjahresdurchschnitt,,Hamburg,code02,0.9
2007,Hektar pro Tag,Gleitender Vierjahresdurchschnitt,,Hamburg,code02,0.8
2008,Hektar pro Tag,Gleitender Vierjahresdurchschnitt,,Hamburg,code02,0.5
2009,Hektar pro Tag,Gleitender Vierjahresdurchschnitt,,Hamburg,code02,0.3
2010,Hektar pro Tag,Gleitender Vierjahresdurchschnitt,,Hamburg,code02,0.2
2011,Hektar pro Tag,Gleitender Vierjahresdurchschnitt,,Hamburg,code02,0.1
2012,Hektar pro Tag,Gleitender Vierjahresdurchschnitt,,Hamburg,code02,0.2
2013,Hektar pro Tag,Gleitender Vierjahresdurchschnitt,,Hamburg,code02,0.2
2014,Hektar pro Tag,Gleitender Vierjahresdurchschnitt,,Hamburg,code02,0.0
2015,Hektar pro Tag,Gleitender Vierjahresdurchschnitt,,Hamburg,code02,-0.2
2016,Hektar pro Tag,Gleitender Vierjahresdurchschnitt,,Hamburg,code02,-0.5
2017,Hektar pro Tag,Gleitender Vierjahresdurchschnitt,,Hamburg,code02,-0.6
2018,Hektar pro Tag,Gleitender Vierjahresdurchschnitt,,Hamburg,code02,-0.4
2019,Hektar pro Tag,Gleitender Vierjahresdurchschnitt,,Hamburg,code02,-0.2
2020,Hektar pro Tag,Gleitender Vierjahresdurchschnitt,,Hamburg,code02,0.0
2030,Hektar pro Tag,Gleitender Vierjahresdurchschnitt,,,,
1996,Hektar pro Tag,Gleitender Vierjahresdurchschnitt,,Hessen,code06,4.5
1997,Hektar pro Tag,Gleitender Vierjahresdurchschnitt,,Hessen,code06,
1998,Hektar pro Tag,Gleitender Vierjahresdurchschnitt,,Hessen,code06,
1999,Hektar pro Tag,Gleitender Vierjahresdurchschnitt,,Hessen,code06,
2000,Hektar pro Tag,Gleitender Vierjahresdurchschnitt,,Hessen,code06,4.9
2001,Hektar pro Tag,Gleitender Vierjahresdurchschnitt,,Hessen,code06,
2002,Hektar pro Tag,Gleitender Vierjahresdurchschnitt,,Hessen,code06,
2003,Hektar pro Tag,Gleitender Vierjahresdurchschnitt,,Hessen,code06,
2004,Hektar pro Tag,Gleitender Vierjahresdurchschnitt,,Hessen,code06,3.9
2005,Hektar pro Tag,Gleitender Vierjahresdurchschnitt,,Hessen,code06,4.2
2006,Hektar pro Tag,Gleitender Vierjahresdurchschnitt,,Hessen,code06,3.8
2007,Hektar pro Tag,Gleitender Vierjahresdurchschnitt,,Hessen,code06,3.9
2008,Hektar pro Tag,Gleitender Vierjahresdurchschnitt,,Hessen,code06,3.6
2009,Hektar pro Tag,Gleitender Vierjahresdurchschnitt,,Hessen,code06,3.6
2010,Hektar pro Tag,Gleitender Vierjahresdurchschnitt,,Hessen,code06,3.6
2011,Hektar pro Tag,Gleitender Vierjahresdurchschnitt,,Hessen,code06,2.9
2012,Hektar pro Tag,Gleitender Vierjahresdurchschnitt,,Hessen,code06,3.1
2013,Hektar pro Tag,Gleitender Vierjahresdurchschnitt,,Hessen,code06,2.7
2014,Hektar pro Tag,Gleitender Vierjahresdurchschnitt,,Hessen,code06,2.7
2015,Hektar pro Tag,Gleitender Vierjahresdurchschnitt,,Hessen,code06,3.0
2016,Hektar pro Tag,Gleitender Vierjahresdurchschnitt,,Hessen,code06,
2017,Hektar pro Tag,Gleitender Vierjahresdurchschnitt,,Hessen,code06,
2018,Hektar pro Tag,Gleitender Vierjahresdurchschnitt,,Hessen,code06,
2019,Hektar pro Tag,Gleitender Vierjahresdurchschnitt,,Hessen,code06,
2020,Hektar pro Tag,Gleitender Vierjahresdurchschnitt,,Hessen,code06,
2030,Hektar pro Tag,Gleitender Vierjahresdurchschnitt,,,,
1996,Hektar pro Tag,Gleitender Vierjahresdurchschnitt,,Mecklenburg-Vorpommern,code13,6.0
1997,Hektar pro Tag,Gleitender Vierjahresdurchschnitt,,Mecklenburg-Vorpommern,code13,
1998,Hektar pro Tag,Gleitender Vierjahresdurchschnitt,,Mecklenburg-Vorpommern,code13,
1999,Hektar pro Tag,Gleitender Vierjahresdurchschnitt,,Mecklenburg-Vorpommern,code13,
2000,Hektar pro Tag,Gleitender Vierjahresdurchschnitt,,Mecklenburg-Vorpommern,code13,7.6
2001,Hektar pro Tag,Gleitender Vierjahresdurchschnitt,,Mecklenburg-Vorpommern,code13,
2002,Hektar pro Tag,Gleitender Vierjahresdurchschnitt,,Mecklenburg-Vorpommern,code13,
2003,Hektar pro Tag,Gleitender Vierjahresdurchschnitt,,Mecklenburg-Vorpommern,code13,
2004,Hektar pro Tag,Gleitender Vierjahresdurchschnitt,,Mecklenburg-Vorpommern,code13,8.7
2005,Hektar pro Tag,Gleitender Vierjahresdurchschnitt,,Mecklenburg-Vorpommern,code13,8.6
2006,Hektar pro Tag,Gleitender Vierjahresdurchschnitt,,Mecklenburg-Vorpommern,code13,7.7
2007,Hektar pro Tag,Gleitender Vierjahresdurchschnitt,,Mecklenburg-Vorpommern,code13,7.2
2008,Hektar pro Tag,Gleitender Vierjahresdurchschnitt,,Mecklenburg-Vorpommern,code13,7.8
2009,Hektar pro Tag,Gleitender Vierjahresdurchschnitt,,Mecklenburg-Vorpommern,code13,8.1
2010,Hektar pro Tag,Gleitender Vierjahresdurchschnitt,,Mecklenburg-Vorpommern,code13,8.0
2011,Hektar pro Tag,Gleitender Vierjahresdurchschnitt,,Mecklenburg-Vorpommern,code13,7.0
2012,Hektar pro Tag,Gleitender Vierjahresdurchschnitt,,Mecklenburg-Vorpommern,code13,5.1
2013,Hektar pro Tag,Gleitender Vierjahresdurchschnitt,,Mecklenburg-Vorpommern,code13,3.8
2014,Hektar pro Tag,Gleitender Vierjahresdurchschnitt,,Mecklenburg-Vorpommern,code13,2.5
2015,Hektar pro Tag,Gleitender Vierjahresdurchschnitt,,Mecklenburg-Vorpommern,code13,3.1
2016,Hektar pro Tag,Gleitender Vierjahresdurchschnitt,,Mecklenburg-Vorpommern,code13,6.8
2017,Hektar pro Tag,Gleitender Vierjahresdurchschnitt,,Mecklenburg-Vorpommern,code13,4.2
2018,Hektar pro Tag,Gleitender Vierjahresdurchschnitt,,Mecklenburg-Vorpommern,code13,3.9
2019,Hektar pro Tag,Gleitender Vierjahresdurchschnitt,,Mecklenburg-Vorpommern,code13,2.5
2020,Hektar pro Tag,Gleitender Vierjahresdurchschnitt,,Mecklenburg-Vorpommern,code13,-1.7
2030,Hektar pro Tag,Gleitender Vierjahresdurchschnitt,,,,
1996,Hektar pro Tag,Gleitender Vierjahresdurchschnitt,,Niedersachsen,code03,15.9
1997,Hektar pro Tag,Gleitender Vierjahresdurchschnitt,,Niedersachsen,code03,
1998,Hektar pro Tag,Gleitender Vierjahresdurchschnitt,,Niedersachsen,code03,
1999,Hektar pro Tag,Gleitender Vierjahresdurchschnitt,,Niedersachsen,code03,
2000,Hektar pro Tag,Gleitender Vierjahresdurchschnitt,,Niedersachsen,code03,16.4
2001,Hektar pro Tag,Gleitender Vierjahresdurchschnitt,,Niedersachsen,code03,
2002,Hektar pro Tag,Gleitender Vierjahresdurchschnitt,,Niedersachsen,code03,
2003,Hektar pro Tag,Gleitender Vierjahresdurchschnitt,,Niedersachsen,code03,
2004,Hektar pro Tag,Gleitender Vierjahresdurchschnitt,,Niedersachsen,code03,14.4
2005,Hektar pro Tag,Gleitender Vierjahresdurchschnitt,,Niedersachsen,code03,14.2
2006,Hektar pro Tag,Gleitender Vierjahresdurchschnitt,,Niedersachsen,code03,14.1
2007,Hektar pro Tag,Gleitender Vierjahresdurchschnitt,,Niedersachsen,code03,13.5
2008,Hektar pro Tag,Gleitender Vierjahresdurchschnitt,,Niedersachsen,code03,11.6
2009,Hektar pro Tag,Gleitender Vierjahresdurchschnitt,,Niedersachsen,code03,10.3
2010,Hektar pro Tag,Gleitender Vierjahresdurchschnitt,,Niedersachsen,code03,9.4
2011,Hektar pro Tag,Gleitender Vierjahresdurchschnitt,,Niedersachsen,code03,10.6
2012,Hektar pro Tag,Gleitender Vierjahresdurchschnitt,,Niedersachsen,code03,10.3
2013,Hektar pro Tag,Gleitender Vierjahresdurchschnitt,,Niedersachsen,code03,10.5
2014,Hektar pro Tag,Gleitender Vierjahresdurchschnitt,,Niedersachsen,code03,11.1
2015,Hektar pro Tag,Gleitender Vierjahresdurchschnitt,,Niedersachsen,code03,9.7
2016,Hektar pro Tag,Gleitender Vierjahresdurchschnitt,,Niedersachsen,code03,7.5
2017,Hektar pro Tag,Gleitender Vierjahresdurchschnitt,,Niedersachsen,code03,6.8
2018,Hektar pro Tag,Gleitender Vierjahresdurchschnitt,,Niedersachsen,code03,6.0
2019,Hektar pro Tag,Gleitender Vierjahresdurchschnitt,,Niedersachsen,code03,5.1
2020,Hektar pro Tag,Gleitender Vierjahresdurchschnitt,,Niedersachsen,code03,6.6
2030,Hektar pro Tag,Gleitender Vierjahresdurchschnitt,,,,
1996,Hektar pro Tag,Gleitender Vierjahresdurchschnitt,,Nordrhein-Westfalen,code05,15.8
1997,Hektar pro Tag,Gleitender Vierjahresdurchschnitt,,Nordrhein-Westfalen,code05,
1998,Hektar pro Tag,Gleitender Vierjahresdurchschnitt,,Nordrhein-Westfalen,code05,
1999,Hektar pro Tag,Gleitender Vierjahresdurchschnitt,,Nordrhein-Westfalen,code05,
2000,Hektar pro Tag,Gleitender Vierjahresdurchschnitt,,Nordrhein-Westfalen,code05,16.5
2001,Hektar pro Tag,Gleitender Vierjahresdurchschnitt,,Nordrhein-Westfalen,code05,
2002,Hektar pro Tag,Gleitender Vierjahresdurchschnitt,,Nordrhein-Westfalen,code05,
2003,Hektar pro Tag,Gleitender Vierjahresdurchschnitt,,Nordrhein-Westfalen,code05,
2004,Hektar pro Tag,Gleitender Vierjahresdurchschnitt,,Nordrhein-Westfalen,code05,15.2
2005,Hektar pro Tag,Gleitender Vierjahresdurchschnitt,,Nordrhein-Westfalen,code05,14.5
2006,Hektar pro Tag,Gleitender Vierjahresdurchschnitt,,Nordrhein-Westfalen,code05,14.1
2007,Hektar pro Tag,Gleitender Vierjahresdurchschnitt,,Nordrhein-Westfalen,code05,15.4
2008,Hektar pro Tag,Gleitender Vierjahresdurchschnitt,,Nordrhein-Westfalen,code05,14.2
2009,Hektar pro Tag,Gleitender Vierjahresdurchschnitt,,Nordrhein-Westfalen,code05,13.2
2010,Hektar pro Tag,Gleitender Vierjahresdurchschnitt,,Nordrhein-Westfalen,code05,12.5
2011,Hektar pro Tag,Gleitender Vierjahresdurchschnitt,,Nordrhein-Westfalen,code05,11.4
2012,Hektar pro Tag,Gleitender Vierjahresdurchschnitt,,Nordrhein-Westfalen,code05,10.3
2013,Hektar pro Tag,Gleitender Vierjahresdurchschnitt,,Nordrhein-Westfalen,code05,10.3
2014,Hektar pro Tag,Gleitender Vierjahresdurchschnitt,,Nordrhein-Westfalen,code05,9.7
2015,Hektar pro Tag,Gleitender Vierjahresdurchschnitt,,Nordrhein-Westfalen,code05,9.5
2016,Hektar pro Tag,Gleitender Vierjahresdurchschnitt,,Nordrhein-Westfalen,code05,
2017,Hektar pro Tag,Gleitender Vierjahresdurchschnitt,,Nordrhein-Westfalen,code05,
2018,Hektar pro Tag,Gleitender Vierjahresdurchschnitt,,Nordrhein-Westfalen,code05,
2019,Hektar pro Tag,Gleitender Vierjahresdurchschnitt,,Nordrhein-Westfalen,code05,
2020,Hektar pro Tag,Gleitender Vierjahresdurchschnitt,,Nordrhein-Westfalen,code05,
2030,Hektar pro Tag,Gleitender Vierjahresdurchschnitt,,,,
1996,Hektar pro Tag,Gleitender Vierjahresdurchschnitt,,Rheinland-Pfalz,code07,5.0
1997,Hektar pro Tag,Gleitender Vierjahresdurchschnitt,,Rheinland-Pfalz,code07,
1998,Hektar pro Tag,Gleitender Vierjahresdurchschnitt,,Rheinland-Pfalz,code07,
1999,Hektar pro Tag,Gleitender Vierjahresdurchschnitt,,Rheinland-Pfalz,code07,
2000,Hektar pro Tag,Gleitender Vierjahresdurchschnitt,,Rheinland-Pfalz,code07,5.4
2001,Hektar pro Tag,Gleitender Vierjahresdurchschnitt,,Rheinland-Pfalz,code07,
2002,Hektar pro Tag,Gleitender Vierjahresdurchschnitt,,Rheinland-Pfalz,code07,
2003,Hektar pro Tag,Gleitender Vierjahresdurchschnitt,,Rheinland-Pfalz,code07,
2004,Hektar pro Tag,Gleitender Vierjahresdurchschnitt,,Rheinland-Pfalz,code07,5.8
2005,Hektar pro Tag,Gleitender Vierjahresdurchschnitt,,Rheinland-Pfalz,code07,6.5
2006,Hektar pro Tag,Gleitender Vierjahresdurchschnitt,,Rheinland-Pfalz,code07,6.6
2007,Hektar pro Tag,Gleitender Vierjahresdurchschnitt,,Rheinland-Pfalz,code07,6.6
2008,Hektar pro Tag,Gleitender Vierjahresdurchschnitt,,Rheinland-Pfalz,code07,5.4
2009,Hektar pro Tag,Gleitender Vierjahresdurchschnitt,,Rheinland-Pfalz,code07,3.5
2010,Hektar pro Tag,Gleitender Vierjahresdurchschnitt,,Rheinland-Pfalz,code07,2.3
2011,Hektar pro Tag,Gleitender Vierjahresdurchschnitt,,Rheinland-Pfalz,code07,1.4
2012,Hektar pro Tag,Gleitender Vierjahresdurchschnitt,,Rheinland-Pfalz,code07,0.9
2013,Hektar pro Tag,Gleitender Vierjahresdurchschnitt,,Rheinland-Pfalz,code07,1.1
2014,Hektar pro Tag,Gleitender Vierjahresdurchschnitt,,Rheinland-Pfalz,code07,1.1
2015,Hektar pro Tag,Gleitender Vierjahresdurchschnitt,,Rheinland-Pfalz,code07,0.6
2016,Hektar pro Tag,Gleitender Vierjahresdurchschnitt,,Rheinland-Pfalz,code07,0.8
2017,Hektar pro Tag,Gleitender Vierjahresdurchschnitt,,Rheinland-Pfalz,code07,0.4
2018,Hektar pro Tag,Gleitender Vierjahresdurchschnitt,,Rheinland-Pfalz,code07,0.6
2019,Hektar pro Tag,Gleitender Vierjahresdurchschnitt,,Rheinland-Pfalz,code07,1.4
2020,Hektar pro Tag,Gleitender Vierjahresdurchschnitt,,Rheinland-Pfalz,code07,2.0
2030,Hektar pro Tag,Gleitender Vierjahresdurchschnitt,,,,
1996,Hektar pro Tag,Gleitender Vierjahresdurchschnitt,,Saarland,code10,0.6
1997,Hektar pro Tag,Gleitender Vierjahresdurchschnitt,,Saarland,code10,
1998,Hektar pro Tag,Gleitender Vierjahresdurchschnitt,,Saarland,code10,
1999,Hektar pro Tag,Gleitender Vierjahresdurchschnitt,,Saarland,code10,
2000,Hektar pro Tag,Gleitender Vierjahresdurchschnitt,,Saarland,code10,0.7
2001,Hektar pro Tag,Gleitender Vierjahresdurchschnitt,,Saarland,code10,
2002,Hektar pro Tag,Gleitender Vierjahresdurchschnitt,,Saarland,code10,
2003,Hektar pro Tag,Gleitender Vierjahresdurchschnitt,,Saarland,code10,
2004,Hektar pro Tag,Gleitender Vierjahresdurchschnitt,,Saarland,code10,0.7
2005,Hektar pro Tag,Gleitender Vierjahresdurchschnitt,,Saarland,code10,0.7
2006,Hektar pro Tag,Gleitender Vierjahresdurchschnitt,,Saarland,code10,0.7
2007,Hektar pro Tag,Gleitender Vierjahresdurchschnitt,,Saarland,code10,0.8
2008,Hektar pro Tag,Gleitender Vierjahresdurchschnitt,,Saarland,code10,0.6
2009,Hektar pro Tag,Gleitender Vierjahresdurchschnitt,,Saarland,code10,0.6
2010,Hektar pro Tag,Gleitender Vierjahresdurchschnitt,,Saarland,code10,0.7
2011,Hektar pro Tag,Gleitender Vierjahresdurchschnitt,,Saarland,code10,0.7
2012,Hektar pro Tag,Gleitender Vierjahresdurchschnitt,,Saarland,code10,0.6
2013,Hektar pro Tag,Gleitender Vierjahresdurchschnitt,,Saarland,code10,0.5
2014,Hektar pro Tag,Gleitender Vierjahresdurchschnitt,,Saarland,code10,0.4
2015,Hektar pro Tag,Gleitender Vierjahresdurchschnitt,,Saarland,code10,0.3
2016,Hektar pro Tag,Gleitender Vierjahresdurchschnitt,,Saarland,code10,0.9
2017,Hektar pro Tag,Gleitender Vierjahresdurchschnitt,,Saarland,code10,0.9
2018,Hektar pro Tag,Gleitender Vierjahresdurchschnitt,,Saarland,code10,0.8
2019,Hektar pro Tag,Gleitender Vierjahresdurchschnitt,,Saarland,code10,0.9
2020,Hektar pro Tag,Gleitender Vierjahresdurchschnitt,,Saarland,code10,0.2
2030,Hektar pro Tag,Gleitender Vierjahresdurchschnitt,,,,
1996,Hektar pro Tag,Gleitender Vierjahresdurchschnitt,,Sachsen,code14,8.8
1997,Hektar pro Tag,Gleitender Vierjahresdurchschnitt,,Sachsen,code14,
1998,Hektar pro Tag,Gleitender Vierjahresdurchschnitt,,Sachsen,code14,
1999,Hektar pro Tag,Gleitender Vierjahresdurchschnitt,,Sachsen,code14,
2000,Hektar pro Tag,Gleitender Vierjahresdurchschnitt,,Sachsen,code14,8.2
2001,Hektar pro Tag,Gleitender Vierjahresdurchschnitt,,Sachsen,code14,
2002,Hektar pro Tag,Gleitender Vierjahresdurchschnitt,,Sachsen,code14,
2003,Hektar pro Tag,Gleitender Vierjahresdurchschnitt,,Sachsen,code14,
2004,Hektar pro Tag,Gleitender Vierjahresdurchschnitt,,Sachsen,code14,5.2
2005,Hektar pro Tag,Gleitender Vierjahresdurchschnitt,,Sachsen,code14,3.9
2006,Hektar pro Tag,Gleitender Vierjahresdurchschnitt,,Sachsen,code14,3.6
2007,Hektar pro Tag,Gleitender Vierjahresdurchschnitt,,Sachsen,code14,5.4
2008,Hektar pro Tag,Gleitender Vierjahresdurchschnitt,,Sachsen,code14,6.4
2009,Hektar pro Tag,Gleitender Vierjahresdurchschnitt,,Sachsen,code14,8.2
2010,Hektar pro Tag,Gleitender Vierjahresdurchschnitt,,Sachsen,code14,8.8
2011,Hektar pro Tag,Gleitender Vierjahresdurchschnitt,,Sachsen,code14,7.5
2012,Hektar pro Tag,Gleitender Vierjahresdurchschnitt,,Sachsen,code14,7.2
2013,Hektar pro Tag,Gleitender Vierjahresdurchschnitt,,Sachsen,code14,5.4
2014,Hektar pro Tag,Gleitender Vierjahresdurchschnitt,,Sachsen,code14,
2015,Hektar pro Tag,Gleitender Vierjahresdurchschnitt,,Sachsen,code14,
2016,Hektar pro Tag,Gleitender Vierjahresdurchschnitt,,Sachsen,code14,
2017,Hektar pro Tag,Gleitender Vierjahresdurchschnitt,,Sachsen,code14,
2018,Hektar pro Tag,Gleitender Vierjahresdurchschnitt,,Sachsen,code14,
2019,Hektar pro Tag,Gleitender Vierjahresdurchschnitt,,Sachsen,code14,
2020,Hektar pro Tag,Gleitender Vierjahresdurchschnitt,,Sachsen,code14,5.2
2030,Hektar pro Tag,Gleitender Vierjahresdurchschnitt,,,,
1996,Hektar pro Tag,Gleitender Vierjahresdurchschnitt,,Sachsen-Anhalt,code15,9.2
1997,Hektar pro Tag,Gleitender Vierjahresdurchschnitt,,Sachsen-Anhalt,code15,
1998,Hektar pro Tag,Gleitender Vierjahresdurchschnitt,,Sachsen-Anhalt,code15,
1999,Hektar pro Tag,Gleitender Vierjahresdurchschnitt,,Sachsen-Anhalt,code15,
2000,Hektar pro Tag,Gleitender Vierjahresdurchschnitt,,Sachsen-Anhalt,code15,9.9
2001,Hektar pro Tag,Gleitender Vierjahresdurchschnitt,,Sachsen-Anhalt,code15,
2002,Hektar pro Tag,Gleitender Vierjahresdurchschnitt,,Sachsen-Anhalt,code15,
2003,Hektar pro Tag,Gleitender Vierjahresdurchschnitt,,Sachsen-Anhalt,code15,
2004,Hektar pro Tag,Gleitender Vierjahresdurchschnitt,,Sachsen-Anhalt,code15,12.8
2005,Hektar pro Tag,Gleitender Vierjahresdurchschnitt,,Sachsen-Anhalt,code15,16.2
2006,Hektar pro Tag,Gleitender Vierjahresdurchschnitt,,Sachsen-Anhalt,code15,18.1
2007,Hektar pro Tag,Gleitender Vierjahresdurchschnitt,,Sachsen-Anhalt,code15,16.1
2008,Hektar pro Tag,Gleitender Vierjahresdurchschnitt,,Sachsen-Anhalt,code15,10.0
2009,Hektar pro Tag,Gleitender Vierjahresdurchschnitt,,Sachsen-Anhalt,code15,3.9
2010,Hektar pro Tag,Gleitender Vierjahresdurchschnitt,,Sachsen-Anhalt,code15,0.5
2011,Hektar pro Tag,Gleitender Vierjahresdurchschnitt,,Sachsen-Anhalt,code15,0.2
2012,Hektar pro Tag,Gleitender Vierjahresdurchschnitt,,Sachsen-Anhalt,code15,-0.6
2013,Hektar pro Tag,Gleitender Vierjahresdurchschnitt,,Sachsen-Anhalt,code15,-0.6
2014,Hektar pro Tag,Gleitender Vierjahresdurchschnitt,,Sachsen-Anhalt,code15,0.2
2015,Hektar pro Tag,Gleitender Vierjahresdurchschnitt,,Sachsen-Anhalt,code15,0.5
2016,Hektar pro Tag,Gleitender Vierjahresdurchschnitt,,Sachsen-Anhalt,code15,1.0
2017,Hektar pro Tag,Gleitender Vierjahresdurchschnitt,,Sachsen-Anhalt,code15,1.1
2018,Hektar pro Tag,Gleitender Vierjahresdurchschnitt,,Sachsen-Anhalt,code15,0.7
2019,Hektar pro Tag,Gleitender Vierjahresdurchschnitt,,Sachsen-Anhalt,code15,1.0
2020,Hektar pro Tag,Gleitender Vierjahresdurchschnitt,,Sachsen-Anhalt,code15,0.7
2030,Hektar pro Tag,Gleitender Vierjahresdurchschnitt,,,,
1996,Hektar pro Tag,Gleitender Vierjahresdurchschnitt,,Schleswig-Holstein,code01,3.3
1997,Hektar pro Tag,Gleitender Vierjahresdurchschnitt,,Schleswig-Holstein,code01,
1998,Hektar pro Tag,Gleitender Vierjahresdurchschnitt,,Schleswig-Holstein,code01,
1999,Hektar pro Tag,Gleitender Vierjahresdurchschnitt,,Schleswig-Holstein,code01,
2000,Hektar pro Tag,Gleitender Vierjahresdurchschnitt,,Schleswig-Holstein,code01,4.1
2001,Hektar pro Tag,Gleitender Vierjahresdurchschnitt,,Schleswig-Holstein,code01,
2002,Hektar pro Tag,Gleitender Vierjahresdurchschnitt,,Schleswig-Holstein,code01,
2003,Hektar pro Tag,Gleitender Vierjahresdurchschnitt,,Schleswig-Holstein,code01,
2004,Hektar pro Tag,Gleitender Vierjahresdurchschnitt,,Schleswig-Holstein,code01,8.4
2005,Hektar pro Tag,Gleitender Vierjahresdurchschnitt,,Schleswig-Holstein,code01,
2006,Hektar pro Tag,Gleitender Vierjahresdurchschnitt,,Schleswig-Holstein,code01,
2007,Hektar pro Tag,Gleitender Vierjahresdurchschnitt,,Schleswig-Holstein,code01,
2008,Hektar pro Tag,Gleitender Vierjahresdurchschnitt,,Schleswig-Holstein,code01,5.4
2009,Hektar pro Tag,Gleitender Vierjahresdurchschnitt,,Schleswig-Holstein,code01,5.1
2010,Hektar pro Tag,Gleitender Vierjahresdurchschnitt,,Schleswig-Holstein,code01,4.2
2011,Hektar pro Tag,Gleitender Vierjahresdurchschnitt,,Schleswig-Holstein,code01,3.6
2012,Hektar pro Tag,Gleitender Vierjahresdurchschnitt,,Schleswig-Holstein,code01,3.4
2013,Hektar pro Tag,Gleitender Vierjahresdurchschnitt,,Schleswig-Holstein,code01,3.2
2014,Hektar pro Tag,Gleitender Vierjahresdurchschnitt,,Schleswig-Holstein,code01,3.2
2015,Hektar pro Tag,Gleitender Vierjahresdurchschnitt,,Schleswig-Holstein,code01,2.7
2016,Hektar pro Tag,Gleitender Vierjahresdurchschnitt,,Schleswig-Holstein,code01,2.3
2017,Hektar pro Tag,Gleitender Vierjahresdurchschnitt,,Schleswig-Holstein,code01,2.5
2018,Hektar pro Tag,Gleitender Vierjahresdurchschnitt,,Schleswig-Holstein,code01,2.6
2019,Hektar pro Tag,Gleitender Vierjahresdurchschnitt,,Schleswig-Holstein,code01,2.3
2020,Hektar pro Tag,Gleitender Vierjahresdurchschnitt,,Schleswig-Holstein,code01,3.5
2030,Hektar pro Tag,Gleitender Vierjahresdurchschnitt,,,,
1996,Hektar pro Tag,Gleitender Vierjahresdurchschnitt,,Thüringen,code16,6.1
1997,Hektar pro Tag,Gleitender Vierjahresdurchschnitt,,Thüringen,code16,
1998,Hektar pro Tag,Gleitender Vierjahresdurchschnitt,,Thüringen,code16,
1999,Hektar pro Tag,Gleitender Vierjahresdurchschnitt,,Thüringen,code16,
2000,Hektar pro Tag,Gleitender Vierjahresdurchschnitt,,Thüringen,code16,3.6
2001,Hektar pro Tag,Gleitender Vierjahresdurchschnitt,,Thüringen,code16,
2002,Hektar pro Tag,Gleitender Vierjahresdurchschnitt,,Thüringen,code16,
2003,Hektar pro Tag,Gleitender Vierjahresdurchschnitt,,Thüringen,code16,
2004,Hektar pro Tag,Gleitender Vierjahresdurchschnitt,,Thüringen,code16,2.2
2005,Hektar pro Tag,Gleitender Vierjahresdurchschnitt,,Thüringen,code16,2.0
2006,Hektar pro Tag,Gleitender Vierjahresdurchschnitt,,Thüringen,code16,1.4
2007,Hektar pro Tag,Gleitender Vierjahresdurchschnitt,,Thüringen,code16,1.6
2008,Hektar pro Tag,Gleitender Vierjahresdurchschnitt,,Thüringen,code16,1.9
2009,Hektar pro Tag,Gleitender Vierjahresdurchschnitt,,Thüringen,code16,2.2
2010,Hektar pro Tag,Gleitender Vierjahresdurchschnitt,,Thüringen,code16,2.7
2011,Hektar pro Tag,Gleitender Vierjahresdurchschnitt,,Thüringen,code16,3.5
2012,Hektar pro Tag,Gleitender Vierjahresdurchschnitt,,Thüringen,code16,4.2
2013,Hektar pro Tag,Gleitender Vierjahresdurchschnitt,,Thüringen,code16,4.2
2014,Hektar pro Tag,Gleitender Vierjahresdurchschnitt,,Thüringen,code16,5.3
2015,Hektar pro Tag,Gleitender Vierjahresdurchschnitt,,Thüringen,code16,4.7
2016,Hektar pro Tag,Gleitender Vierjahresdurchschnitt,,Thüringen,code16,5.5
2017,Hektar pro Tag,Gleitender Vierjahresdurchschnitt,,Thüringen,code16,
2018,Hektar pro Tag,Gleitender Vierjahresdurchschnitt,,Thüringen,code16,
2019,Hektar pro Tag,Gleitender Vierjahresdurchschnitt,,Thüringen,code16,
2020,Hektar pro Tag,Gleitender Vierjahresdurchschnitt,,Thüringen,code16,
2030,Hektar pro Tag,Gleitender Vierjahresdurchschnitt,,,,
1996,Hektar pro Tag,Berechnete jährliche Werte,,Baden-Württemberg,code08,10.2
1997,Hektar pro Tag,Berechnete jährliche Werte,,Baden-Württemberg,code08,12.0
1998,Hektar pro Tag,Berechnete jährliche Werte,,Baden-Württemberg,code08,12.0
1999,Hektar pro Tag,Berechnete jährliche Werte,,Baden-Württemberg,code08,12.0
2000,Hektar pro Tag,Berechnete jährliche Werte,,Baden-Württemberg,code08,12.0
2001,Hektar pro Tag,Berechnete jährliche Werte,,Baden-Württemberg,code08,11.8
2002,Hektar pro Tag,Berechnete jährliche Werte,,Baden-Württemberg,code08,10.6
2003,Hektar pro Tag,Berechnete jährliche Werte,,Baden-Württemberg,code08,10.3
2004,Hektar pro Tag,Berechnete jährliche Werte,,Baden-Württemberg,code08,8.7
2005,Hektar pro Tag,Berechnete jährliche Werte,,Baden-Württemberg,code08,8.8
2006,Hektar pro Tag,Berechnete jährliche Werte,,Baden-Württemberg,code08,9.4
2007,Hektar pro Tag,Berechnete jährliche Werte,,Baden-Württemberg,code08,10.3
2008,Hektar pro Tag,Berechnete jährliche Werte,,Baden-Württemberg,code08,8.2
2009,Hektar pro Tag,Berechnete jährliche Werte,,Baden-Württemberg,code08,7.0
2010,Hektar pro Tag,Berechnete jährliche Werte,,Baden-Württemberg,code08,6.7
2011,Hektar pro Tag,Berechnete jährliche Werte,,Baden-Württemberg,code08,6.3
2012,Hektar pro Tag,Berechnete jährliche Werte,,Baden-Württemberg,code08,6.7
2013,Hektar pro Tag,Berechnete jährliche Werte,,Baden-Württemberg,code08,5.3
2014,Hektar pro Tag,Berechnete jährliche Werte,,Baden-Württemberg,code08,5.2
2015,Hektar pro Tag,Berechnete jährliche Werte,,Baden-Württemberg,code08,5.2
2016,Hektar pro Tag,Berechnete jährliche Werte,,Baden-Württemberg,code08,3.5
2017,Hektar pro Tag,Berechnete jährliche Werte,,Baden-Württemberg,code08,7.9
2018,Hektar pro Tag,Berechnete jährliche Werte,,Baden-Württemberg,code08,4.5
2019,Hektar pro Tag,Berechnete jährliche Werte,,Baden-Württemberg,code08,4.8
2020,Hektar pro Tag,Berechnete jährliche Werte,,Baden-Württemberg,code08,5.4
2030,Hektar pro Tag,Berechnete jährliche Werte,,,,
1996,Hektar pro Tag,Berechnete jährliche Werte,,Bayern,code09,27.4
1997,Hektar pro Tag,Berechnete jährliche Werte,,Bayern,code09,28.4
1998,Hektar pro Tag,Berechnete jährliche Werte,,Bayern,code09,28.4
1999,Hektar pro Tag,Berechnete jährliche Werte,,Bayern,code09,28.4
2000,Hektar pro Tag,Berechnete jährliche Werte,,Bayern,code09,28.4
2001,Hektar pro Tag,Berechnete jährliche Werte,,Bayern,code09,21.6
2002,Hektar pro Tag,Berechnete jährliche Werte,,Bayern,code09,18.0
2003,Hektar pro Tag,Berechnete jährliche Werte,,Bayern,code09,17.2
2004,Hektar pro Tag,Berechnete jährliche Werte,,Bayern,code09,15.2
2005,Hektar pro Tag,Berechnete jährliche Werte,,Bayern,code09,15.8
2006,Hektar pro Tag,Berechnete jährliche Werte,,Bayern,code09,20.6
2007,Hektar pro Tag,Berechnete jährliche Werte,,Bayern,code09,16.1
2008,Hektar pro Tag,Berechnete jährliche Werte,,Bayern,code09,16.4
2009,Hektar pro Tag,Berechnete jährliche Werte,,Bayern,code09,16.4
2010,Hektar pro Tag,Berechnete jährliche Werte,,Bayern,code09,20.8
2011,Hektar pro Tag,Berechnete jährliche Werte,,Bayern,code09,
2012,Hektar pro Tag,Berechnete jährliche Werte,,Bayern,code09,12.0
2013,Hektar pro Tag,Berechnete jährliche Werte,,Bayern,code09,12.6
2014,Hektar pro Tag,Berechnete jährliche Werte,,Bayern,code09,
2015,Hektar pro Tag,Berechnete jährliche Werte,,Bayern,code09,12.8
2016,Hektar pro Tag,Berechnete jährliche Werte,,Bayern,code09,9.8
2017,Hektar pro Tag,Berechnete jährliche Werte,,Bayern,code09,11.7
2018,Hektar pro Tag,Berechnete jährliche Werte,,Bayern,code09,10.0
2019,Hektar pro Tag,Berechnete jährliche Werte,,Bayern,code09,10.8
2020,Hektar pro Tag,Berechnete jährliche Werte,,Bayern,code09,11.6
2030,Hektar pro Tag,Berechnete jährliche Werte,,,,
1996,Hektar pro Tag,Berechnete jährliche Werte,,Berlin,code11,-0.7
1997,Hektar pro Tag,Berechnete jährliche Werte,,Berlin,code11,1.4
1998,Hektar pro Tag,Berechnete jährliche Werte,,Berlin,code11,1.4
1999,Hektar pro Tag,Berechnete jährliche Werte,,Berlin,code11,1.4
2000,Hektar pro Tag,Berechnete jährliche Werte,,Berlin,code11,1.4
2001,Hektar pro Tag,Berechnete jährliche Werte,,Berlin,code11,0.5
2002,Hektar pro Tag,Berechnete jährliche Werte,,Berlin,code11,0.4
2003,Hektar pro Tag,Berechnete jährliche Werte,,Berlin,code11,0.1
2004,Hektar pro Tag,Berechnete jährliche Werte,,Berlin,code11,0.2
2005,Hektar pro Tag,Berechnete jährliche Werte,,Berlin,code11,0.4
2006,Hektar pro Tag,Berechnete jährliche Werte,,Berlin,code11,0.1
2007,Hektar pro Tag,Berechnete jährliche Werte,,Berlin,code11,0.5
2008,Hektar pro Tag,Berechnete jährliche Werte,,Berlin,code11,0.1
2009,Hektar pro Tag,Berechnete jährliche Werte,,Berlin,code11,0.6
2010,Hektar pro Tag,Berechnete jährliche Werte,,Berlin,code11,0.3
2011,Hektar pro Tag,Berechnete jährliche Werte,,Berlin,code11,0.2
2012,Hektar pro Tag,Berechnete jährliche Werte,,Berlin,code11,-0.6
2013,Hektar pro Tag,Berechnete jährliche Werte,,Berlin,code11,0.3
2014,Hektar pro Tag,Berechnete jährliche Werte,,Berlin,code11,0.0
2015,Hektar pro Tag,Berechnete jährliche Werte,,Berlin,code11,0.0
2016,Hektar pro Tag,Berechnete jährliche Werte,,Berlin,code11,0.2
2017,Hektar pro Tag,Berechnete jährliche Werte,,Berlin,code11,0.3
2018,Hektar pro Tag,Berechnete jährliche Werte,,Berlin,code11,0.1
2019,Hektar pro Tag,Berechnete jährliche Werte,,Berlin,code11,0.1
2020,Hektar pro Tag,Berechnete jährliche Werte,,Berlin,code11,0.0
2030,Hektar pro Tag,Berechnete jährliche Werte,,,,
1996,Hektar pro Tag,Berechnete jährliche Werte,,Brandenburg,code12,6.9
1997,Hektar pro Tag,Berechnete jährliche Werte,,Brandenburg,code12,9.3
1998,Hektar pro Tag,Berechnete jährliche Werte,,Brandenburg,code12,9.3
1999,Hektar pro Tag,Berechnete jährliche Werte,,Brandenburg,code12,9.3
2000,Hektar pro Tag,Berechnete jährliche Werte,,Brandenburg,code12,9.3
2001,Hektar pro Tag,Berechnete jährliche Werte,,Brandenburg,code12,9.3
2002,Hektar pro Tag,Berechnete jährliche Werte,,Brandenburg,code12,8.0
2003,Hektar pro Tag,Berechnete jährliche Werte,,Brandenburg,code12,8.3
2004,Hektar pro Tag,Berechnete jährliche Werte,,Brandenburg,code12,7.0
2005,Hektar pro Tag,Berechnete jährliche Werte,,Brandenburg,code12,11.2
2006,Hektar pro Tag,Berechnete jährliche Werte,,Brandenburg,code12,8.4
2007,Hektar pro Tag,Berechnete jährliche Werte,,Brandenburg,code12,6.8
2008,Hektar pro Tag,Berechnete jährliche Werte,,Brandenburg,code12,11.5
2009,Hektar pro Tag,Berechnete jährliche Werte,,Brandenburg,code12,6.7
2010,Hektar pro Tag,Berechnete jährliche Werte,,Brandenburg,code12,4.8
2011,Hektar pro Tag,Berechnete jährliche Werte,,Brandenburg,code12,3.2
2012,Hektar pro Tag,Berechnete jährliche Werte,,Brandenburg,code12,3.6
2013,Hektar pro Tag,Berechnete jährliche Werte,,Brandenburg,code12,11.2
2014,Hektar pro Tag,Berechnete jährliche Werte,,Brandenburg,code12,2.9
2015,Hektar pro Tag,Berechnete jährliche Werte,,Brandenburg,code12,1.9
2016,Hektar pro Tag,Berechnete jährliche Werte,,Brandenburg,code12,2.9
2017,Hektar pro Tag,Berechnete jährliche Werte,,Brandenburg,code12,0.6
2018,Hektar pro Tag,Berechnete jährliche Werte,,Brandenburg,code12,1.6
2019,Hektar pro Tag,Berechnete jährliche Werte,,Brandenburg,code12,0.5
2020,Hektar pro Tag,Berechnete jährliche Werte,,Brandenburg,code12,7.7
2030,Hektar pro Tag,Berechnete jährliche Werte,,,,
1996,Hektar pro Tag,Berechnete jährliche Werte,,Bremen,code04,0.1
1997,Hektar pro Tag,Berechnete jährliche Werte,,Bremen,code04,0.5
1998,Hektar pro Tag,Berechnete jährliche Werte,,Bremen,code04,0.5
1999,Hektar pro Tag,Berechnete jährliche Werte,,Bremen,code04,0.5
2000,Hektar pro Tag,Berechnete jährliche Werte,,Bremen,code04,0.5
2001,Hektar pro Tag,Berechnete jährliche Werte,,Bremen,code04,0.3
2002,Hektar pro Tag,Berechnete jährliche Werte,,Bremen,code04,0.1
2003,Hektar pro Tag,Berechnete jährliche Werte,,Bremen,code04,0.1
2004,Hektar pro Tag,Berechnete jährliche Werte,,Bremen,code04,0.2
2005,Hektar pro Tag,Berechnete jährliche Werte,,Bremen,code04,0.1
2006,Hektar pro Tag,Berechnete jährliche Werte,,Bremen,code04,0.1
2007,Hektar pro Tag,Berechnete jährliche Werte,,Bremen,code04,0.4
2008,Hektar pro Tag,Berechnete jährliche Werte,,Bremen,code04,0.2
2009,Hektar pro Tag,Berechnete jährliche Werte,,Bremen,code04,0.0
2010,Hektar pro Tag,Berechnete jährliche Werte,,Bremen,code04,0.2
2011,Hektar pro Tag,Berechnete jährliche Werte,,Bremen,code04,0.2
2012,Hektar pro Tag,Berechnete jährliche Werte,,Bremen,code04,0.6
2013,Hektar pro Tag,Berechnete jährliche Werte,,Bremen,code04,0.0
2014,Hektar pro Tag,Berechnete jährliche Werte,,Bremen,code04,0.1
2015,Hektar pro Tag,Berechnete jährliche Werte,,Bremen,code04,0.0
2016,Hektar pro Tag,Berechnete jährliche Werte,,Bremen,code04,0.3
2017,Hektar pro Tag,Berechnete jährliche Werte,,Bremen,code04,0.1
2018,Hektar pro Tag,Berechnete jährliche Werte,,Bremen,code04,-0.1
2019,Hektar pro Tag,Berechnete jährliche Werte,,Bremen,code04,0.0
2020,Hektar pro Tag,Berechnete jährliche Werte,,Bremen,code04,0.1
2030,Hektar pro Tag,Berechnete jährliche Werte,,,,
1996,Hektar pro Tag,Berechnete jährliche Werte,,Hamburg,code02,0.4
1997,Hektar pro Tag,Berechnete jährliche Werte,,Hamburg,code02,0.2
1998,Hektar pro Tag,Berechnete jährliche Werte,,Hamburg,code02,0.2
1999,Hektar pro Tag,Berechnete jährliche Werte,,Hamburg,code02,0.2
2000,Hektar pro Tag,Berechnete jährliche Werte,,Hamburg,code02,0.2
2001,Hektar pro Tag,Berechnete jährliche Werte,,Hamburg,code02,0.1
2002,Hektar pro Tag,Berechnete jährliche Werte,,Hamburg,code02,1.0
2003,Hektar pro Tag,Berechnete jährliche Werte,,Hamburg,code02,0.8
2004,Hektar pro Tag,Berechnete jährliche Werte,,Hamburg,code02,1.2
2005,Hektar pro Tag,Berechnete jährliche Werte,,Hamburg,code02,1.0
2006,Hektar pro Tag,Berechnete jährliche Werte,,Hamburg,code02,0.8
2007,Hektar pro Tag,Berechnete jährliche Werte,,Hamburg,code02,0.1
2008,Hektar pro Tag,Berechnete jährliche Werte,,Hamburg,code02,0.1
2009,Hektar pro Tag,Berechnete jährliche Werte,,Hamburg,code02,0.2
2010,Hektar pro Tag,Berechnete jährliche Werte,,Hamburg,code02,0.2
2011,Hektar pro Tag,Berechnete jährliche Werte,,Hamburg,code02,0.0
2012,Hektar pro Tag,Berechnete jährliche Werte,,Hamburg,code02,0.2
2013,Hektar pro Tag,Berechnete jährliche Werte,,Hamburg,code02,0.4
2014,Hektar pro Tag,Berechnete jährliche Werte,,Hamburg,code02,-0.6
2015,Hektar pro Tag,Berechnete jährliche Werte,,Hamburg,code02,-0.9
2016,Hektar pro Tag,Berechnete jährliche Werte,,Hamburg,code02,-0.9
2017,Hektar pro Tag,Berechnete jährliche Werte,,Hamburg,code02,0.1
2018,Hektar pro Tag,Berechnete jährliche Werte,,Hamburg,code02,-0.1
2019,Hektar pro Tag,Berechnete jährliche Werte,,Hamburg,code02,-0.1
2020,Hektar pro Tag,Berechnete jährliche Werte,,Hamburg,code02,0.0
2030,Hektar pro Tag,Berechnete jährliche Werte,,,,
1996,Hektar pro Tag,Berechnete jährliche Werte,,Hessen,code06,4.5
1997,Hektar pro Tag,Berechnete jährliche Werte,,Hessen,code06,4.9
1998,Hektar pro Tag,Berechnete jährliche Werte,,Hessen,code06,4.9
1999,Hektar pro Tag,Berechnete jährliche Werte,,Hessen,code06,4.9
2000,Hektar pro Tag,Berechnete jährliche Werte,,Hessen,code06,4.9
2001,Hektar pro Tag,Berechnete jährliche Werte,,Hessen,code06,2.7
2002,Hektar pro Tag,Berechnete jährliche Werte,,Hessen,code06,4.8
2003,Hektar pro Tag,Berechnete jährliche Werte,,Hessen,code06,4.1
2004,Hektar pro Tag,Berechnete jährliche Werte,,Hessen,code06,4.2
2005,Hektar pro Tag,Berechnete jährliche Werte,,Hessen,code06,3.7
2006,Hektar pro Tag,Berechnete jährliche Werte,,Hessen,code06,3.3
2007,Hektar pro Tag,Berechnete jährliche Werte,,Hessen,code06,4.2
2008,Hektar pro Tag,Berechnete jährliche Werte,,Hessen,code06,3.2
2009,Hektar pro Tag,Berechnete jährliche Werte,,Hessen,code06,3.6
2010,Hektar pro Tag,Berechnete jährliche Werte,,Hessen,code06,3.6
2011,Hektar pro Tag,Berechnete jährliche Werte,,Hessen,code06,1.4
2012,Hektar pro Tag,Berechnete jährliche Werte,,Hessen,code06,3.7
2013,Hektar pro Tag,Berechnete jährliche Werte,,Hessen,code06,2.2
2014,Hektar pro Tag,Berechnete jährliche Werte,,Hessen,code06,3.6
2015,Hektar pro Tag,Berechnete jährliche Werte,,Hessen,code06,2.5
2016,Hektar pro Tag,Berechnete jährliche Werte,,Hessen,code06,
2017,Hektar pro Tag,Berechnete jährliche Werte,,Hessen,code06,3.7
2018,Hektar pro Tag,Berechnete jährliche Werte,,Hessen,code06,2.8
2019,Hektar pro Tag,Berechnete jährliche Werte,,Hessen,code06,2.5
2020,Hektar pro Tag,Berechnete jährliche Werte,,Hessen,code06,1.5
2030,Hektar pro Tag,Berechnete jährliche Werte,,,,
1996,Hektar pro Tag,Berechnete jährliche Werte,,Mecklenburg-Vorpommern,code13,5.3
1997,Hektar pro Tag,Berechnete jährliche Werte,,Mecklenburg-Vorpommern,code13,7.6
1998,Hektar pro Tag,Berechnete jährliche Werte,,Mecklenburg-Vorpommern,code13,7.6
1999,Hektar pro Tag,Berechnete jährliche Werte,,Mecklenburg-Vorpommern,code13,7.6
2000,Hektar pro Tag,Berechnete jährliche Werte,,Mecklenburg-Vorpommern,code13,7.6
2001,Hektar pro Tag,Berechnete jährliche Werte,,Mecklenburg-Vorpommern,code13,7.3
2002,Hektar pro Tag,Berechnete jährliche Werte,,Mecklenburg-Vorpommern,code13,10.9
2003,Hektar pro Tag,Berechnete jährliche Werte,,Mecklenburg-Vorpommern,code13,8.8
2004,Hektar pro Tag,Berechnete jährliche Werte,,Mecklenburg-Vorpommern,code13,7.9
2005,Hektar pro Tag,Berechnete jährliche Werte,,Mecklenburg-Vorpommern,code13,6.7
2006,Hektar pro Tag,Berechnete jährliche Werte,,Mecklenburg-Vorpommern,code13,7.3
2007,Hektar pro Tag,Berechnete jährliche Werte,,Mecklenburg-Vorpommern,code13,6.7
2008,Hektar pro Tag,Berechnete jährliche Werte,,Mecklenburg-Vorpommern,code13,10.7
2009,Hektar pro Tag,Berechnete jährliche Werte,,Mecklenburg-Vorpommern,code13,7.7
2010,Hektar pro Tag,Berechnete jährliche Werte,,Mecklenburg-Vorpommern,code13,7.1
2011,Hektar pro Tag,Berechnete jährliche Werte,,Mecklenburg-Vorpommern,code13,2.7
2012,Hektar pro Tag,Berechnete jährliche Werte,,Mecklenburg-Vorpommern,code13,3.1
2013,Hektar pro Tag,Berechnete jährliche Werte,,Mecklenburg-Vorpommern,code13,2.1
2014,Hektar pro Tag,Berechnete jährliche Werte,,Mecklenburg-Vorpommern,code13,2.0
2015,Hektar pro Tag,Berechnete jährliche Werte,,Mecklenburg-Vorpommern,code13,5.1
2016,Hektar pro Tag,Berechnete jährliche Werte,,Mecklenburg-Vorpommern,code13,17.7
2017,Hektar pro Tag,Berechnete jährliche Werte,,Mecklenburg-Vorpommern,code13,-7.9
2018,Hektar pro Tag,Berechnete jährliche Werte,,Mecklenburg-Vorpommern,code13,0.5
2019,Hektar pro Tag,Berechnete jährliche Werte,,Mecklenburg-Vorpommern,code13,-0.5
2020,Hektar pro Tag,Berechnete jährliche Werte,,Mecklenburg-Vorpommern,code13,1.0
2030,Hektar pro Tag,Berechnete jährliche Werte,,,,
1996,Hektar pro Tag,Berechnete jährliche Werte,,Niedersachsen,code03,16.6
1997,Hektar pro Tag,Berechnete jährliche Werte,,Niedersachsen,code03,16.4
1998,Hektar pro Tag,Berechnete jährliche Werte,,Niedersachsen,code03,16.4
1999,Hektar pro Tag,Berechnete jährliche Werte,,Niedersachsen,code03,16.4
2000,Hektar pro Tag,Berechnete jährliche Werte,,Niedersachsen,code03,16.4
2001,Hektar pro Tag,Berechnete jährliche Werte,,Niedersachsen,code03,14.9
2002,Hektar pro Tag,Berechnete jährliche Werte,,Niedersachsen,code03,11.8
2003,Hektar pro Tag,Berechnete jährliche Werte,,Niedersachsen,code03,12.6
2004,Hektar pro Tag,Berechnete jährliche Werte,,Niedersachsen,code03,18.3
2005,Hektar pro Tag,Berechnete jährliche Werte,,Niedersachsen,code03,14.0
2006,Hektar pro Tag,Berechnete jährliche Werte,,Niedersachsen,code03,11.5
2007,Hektar pro Tag,Berechnete jährliche Werte,,Niedersachsen,code03,10.0
2008,Hektar pro Tag,Berechnete jährliche Werte,,Niedersachsen,code03,11.0
2009,Hektar pro Tag,Berechnete jährliche Werte,,Niedersachsen,code03,8.6
2010,Hektar pro Tag,Berechnete jährliche Werte,,Niedersachsen,code03,8.0
2011,Hektar pro Tag,Berechnete jährliche Werte,,Niedersachsen,code03,14.8
2012,Hektar pro Tag,Berechnete jährliche Werte,,Niedersachsen,code03,9.8
2013,Hektar pro Tag,Berechnete jährliche Werte,,Niedersachsen,code03,9.2
2014,Hektar pro Tag,Berechnete jährliche Werte,,Niedersachsen,code03,10.3
2015,Hektar pro Tag,Berechnete jährliche Werte,,Niedersachsen,code03,9.5
2016,Hektar pro Tag,Berechnete jährliche Werte,,Niedersachsen,code03,0.8
2017,Hektar pro Tag,Berechnete jährliche Werte,,Niedersachsen,code03,6.5
2018,Hektar pro Tag,Berechnete jährliche Werte,,Niedersachsen,code03,7.1
2019,Hektar pro Tag,Berechnete jährliche Werte,,Niedersachsen,code03,5.8
2020,Hektar pro Tag,Berechnete jährliche Werte,,Niedersachsen,code03,6.8
2030,Hektar pro Tag,Berechnete jährliche Werte,,,,
1996,Hektar pro Tag,Berechnete jährliche Werte,,Nordrhein-Westfalen,code05,15.8
1997,Hektar pro Tag,Berechnete jährliche Werte,,Nordrhein-Westfalen,code05,16.5
1998,Hektar pro Tag,Berechnete jährliche Werte,,Nordrhein-Westfalen,code05,16.5
1999,Hektar pro Tag,Berechnete jährliche Werte,,Nordrhein-Westfalen,code05,16.5
2000,Hektar pro Tag,Berechnete jährliche Werte,,Nordrhein-Westfalen,code05,16.5
2001,Hektar pro Tag,Berechnete jährliche Werte,,Nordrhein-Westfalen,code05,16.3
2002,Hektar pro Tag,Berechnete jährliche Werte,,Nordrhein-Westfalen,code05,16.0
2003,Hektar pro Tag,Berechnete jährliche Werte,,Nordrhein-Westfalen,code05,8.9
2004,Hektar pro Tag,Berechnete jährliche Werte,,Nordrhein-Westfalen,code05,19.7
2005,Hektar pro Tag,Berechnete jährliche Werte,,Nordrhein-Westfalen,code05,13.3
2006,Hektar pro Tag,Berechnete jährliche Werte,,Nordrhein-Westfalen,code05,14.4
2007,Hektar pro Tag,Berechnete jährliche Werte,,Nordrhein-Westfalen,code05,14.1
2008,Hektar pro Tag,Berechnete jährliche Werte,,Nordrhein-Westfalen,code05,15.0
2009,Hektar pro Tag,Berechnete jährliche Werte,,Nordrhein-Westfalen,code05,9.2
2010,Hektar pro Tag,Berechnete jährliche Werte,,Nordrhein-Westfalen,code05,11.5
2011,Hektar pro Tag,Berechnete jährliche Werte,,Nordrhein-Westfalen,code05,10.0
2012,Hektar pro Tag,Berechnete jährliche Werte,,Nordrhein-Westfalen,code05,10.4
2013,Hektar pro Tag,Berechnete jährliche Werte,,Nordrhein-Westfalen,code05,9.3
2014,Hektar pro Tag,Berechnete jährliche Werte,,Nordrhein-Westfalen,code05,9.0
2015,Hektar pro Tag,Berechnete jährliche Werte,,Nordrhein-Westfalen,code05,9.3
2016,Hektar pro Tag,Berechnete jährliche Werte,,Nordrhein-Westfalen,code05,
2017,Hektar pro Tag,Berechnete jährliche Werte,,Nordrhein-Westfalen,code05,6.3
2018,Hektar pro Tag,Berechnete jährliche Werte,,Nordrhein-Westfalen,code05,5.2
2019,Hektar pro Tag,Berechnete jährliche Werte,,Nordrhein-Westfalen,code05,8.1
2020,Hektar pro Tag,Berechnete jährliche Werte,,Nordrhein-Westfalen,code05,5.7
2030,Hektar pro Tag,Berechnete jährliche Werte,,,,
1996,Hektar pro Tag,Berechnete jährliche Werte,,Rheinland-Pfalz,code07,5.0
1997,Hektar pro Tag,Berechnete jährliche Werte,,Rheinland-Pfalz,code07,5.4
1998,Hektar pro Tag,Berechnete jährliche Werte,,Rheinland-Pfalz,code07,5.4
1999,Hektar pro Tag,Berechnete jährliche Werte,,Rheinland-Pfalz,code07,5.4
2000,Hektar pro Tag,Berechnete jährliche Werte,,Rheinland-Pfalz,code07,5.4
2001,Hektar pro Tag,Berechnete jährliche Werte,,Rheinland-Pfalz,code07,5.4
2002,Hektar pro Tag,Berechnete jährliche Werte,,Rheinland-Pfalz,code07,5.0
2003,Hektar pro Tag,Berechnete jährliche Werte,,Rheinland-Pfalz,code07,4.4
2004,Hektar pro Tag,Berechnete jährliche Werte,,Rheinland-Pfalz,code07,8.3
2005,Hektar pro Tag,Berechnete jährliche Werte,,Rheinland-Pfalz,code07,8.1
2006,Hektar pro Tag,Berechnete jährliche Werte,,Rheinland-Pfalz,code07,5.4
2007,Hektar pro Tag,Berechnete jährliche Werte,,Rheinland-Pfalz,code07,4.7
2008,Hektar pro Tag,Berechnete jährliche Werte,,Rheinland-Pfalz,code07,3.2
2009,Hektar pro Tag,Berechnete jährliche Werte,,Rheinland-Pfalz,code07,0.6
2010,Hektar pro Tag,Berechnete jährliche Werte,,Rheinland-Pfalz,code07,0.5
2011,Hektar pro Tag,Berechnete jährliche Werte,,Rheinland-Pfalz,code07,1.0
2012,Hektar pro Tag,Berechnete jährliche Werte,,Rheinland-Pfalz,code07,1.5
2013,Hektar pro Tag,Berechnete jährliche Werte,,Rheinland-Pfalz,code07,1.4
2014,Hektar pro Tag,Berechnete jährliche Werte,,Rheinland-Pfalz,code07,0.6
2015,Hektar pro Tag,Berechnete jährliche Werte,,Rheinland-Pfalz,code07,-1.0
2016,Hektar pro Tag,Berechnete jährliche Werte,,Rheinland-Pfalz,code07,2.2
2017,Hektar pro Tag,Berechnete jährliche Werte,,Rheinland-Pfalz,code07,-0.4
2018,Hektar pro Tag,Berechnete jährliche Werte,,Rheinland-Pfalz,code07,1.5
2019,Hektar pro Tag,Berechnete jährliche Werte,,Rheinland-Pfalz,code07,2.4
2020,Hektar pro Tag,Berechnete jährliche Werte,,Rheinland-Pfalz,code07,4.8
2030,Hektar pro Tag,Berechnete jährliche Werte,,,,
1996,Hektar pro Tag,Berechnete jährliche Werte,,Saarland,code10,0.6
1997,Hektar pro Tag,Berechnete jährliche Werte,,Saarland,code10,0.7
1998,Hektar pro Tag,Berechnete jährliche Werte,,Saarland,code10,0.7
1999,Hektar pro Tag,Berechnete jährliche Werte,,Saarland,code10,0.7
2000,Hektar pro Tag,Berechnete jährliche Werte,,Saarland,code10,0.7
2001,Hektar pro Tag,Berechnete jährliche Werte,,Saarland,code10,0.8
2002,Hektar pro Tag,Berechnete jährliche Werte,,Saarland,code10,0.5
2003,Hektar pro Tag,Berechnete jährliche Werte,,Saarland,code10,0.4
2004,Hektar pro Tag,Berechnete jährliche Werte,,Saarland,code10,1.3
2005,Hektar pro Tag,Berechnete jährliche Werte,,Saarland,code10,0.6
2006,Hektar pro Tag,Berechnete jährliche Werte,,Saarland,code10,0.5
2007,Hektar pro Tag,Berechnete jährliche Werte,,Saarland,code10,0.6
2008,Hektar pro Tag,Berechnete jährliche Werte,,Saarland,code10,0.5
2009,Hektar pro Tag,Berechnete jährliche Werte,,Saarland,code10,0.8
2010,Hektar pro Tag,Berechnete jährliche Werte,,Saarland,code10,1.0
2011,Hektar pro Tag,Berechnete jährliche Werte,,Saarland,code10,0.5
2012,Hektar pro Tag,Berechnete jährliche Werte,,Saarland,code10,0.3
2013,Hektar pro Tag,Berechnete jährliche Werte,,Saarland,code10,0.3
2014,Hektar pro Tag,Berechnete jährliche Werte,,Saarland,code10,0.4
2015,Hektar pro Tag,Berechnete jährliche Werte,,Saarland,code10,0.1
2016,Hektar pro Tag,Berechnete jährliche Werte,,Saarland,code10,3.0
2017,Hektar pro Tag,Berechnete jährliche Werte,,Saarland,code10,0.2
2018,Hektar pro Tag,Berechnete jährliche Werte,,Saarland,code10,0.2
2019,Hektar pro Tag,Berechnete jährliche Werte,,Saarland,code10,0.2
2020,Hektar pro Tag,Berechnete jährliche Werte,,Saarland,code10,0.2
2030,Hektar pro Tag,Berechnete jährliche Werte,,,,
1996,Hektar pro Tag,Berechnete jährliche Werte,,Sachsen,code14,8.8
1997,Hektar pro Tag,Berechnete jährliche Werte,,Sachsen,code14,8.2
1998,Hektar pro Tag,Berechnete jährliche Werte,,Sachsen,code14,8.2
1999,Hektar pro Tag,Berechnete jährliche Werte,,Sachsen,code14,8.2
2000,Hektar pro Tag,Berechnete jährliche Werte,,Sachsen,code14,8.2
2001,Hektar pro Tag,Berechnete jährliche Werte,,Sachsen,code14,8.1
2002,Hektar pro Tag,Berechnete jährliche Werte,,Sachsen,code14,5.8
2003,Hektar pro Tag,Berechnete jährliche Werte,,Sachsen,code14,4.0
2004,Hektar pro Tag,Berechnete jährliche Werte,,Sachsen,code14,2.8
2005,Hektar pro Tag,Berechnete jährliche Werte,,Sachsen,code14,3.0
2006,Hektar pro Tag,Berechnete jährliche Werte,,Sachsen,code14,4.5
2007,Hektar pro Tag,Berechnete jährliche Werte,,Sachsen,code14,11.2
2008,Hektar pro Tag,Berechnete jährliche Werte,,Sachsen,code14,6.9
2009,Hektar pro Tag,Berechnete jährliche Werte,,Sachsen,code14,10.1
2010,Hektar pro Tag,Berechnete jährliche Werte,,Sachsen,code14,6.9
2011,Hektar pro Tag,Berechnete jährliche Werte,,Sachsen,code14,6.0
2012,Hektar pro Tag,Berechnete jährliche Werte,,Sachsen,code14,5.7
2013,Hektar pro Tag,Berechnete jährliche Werte,,Sachsen,code14,2.9
2014,Hektar pro Tag,Berechnete jährliche Werte,,Sachsen,code14,
2015,Hektar pro Tag,Berechnete jährliche Werte,,Sachsen,code14,
2016,Hektar pro Tag,Berechnete jährliche Werte,,Sachsen,code14,3.1
2017,Hektar pro Tag,Berechnete jährliche Werte,,Sachsen,code14,5.0
2018,Hektar pro Tag,Berechnete jährliche Werte,,Sachsen,code14,4.5
2019,Hektar pro Tag,Berechnete jährliche Werte,,Sachsen,code14,5.1
2020,Hektar pro Tag,Berechnete jährliche Werte,,Sachsen,code14,6.1
2030,Hektar pro Tag,Berechnete jährliche Werte,,,,
1996,Hektar pro Tag,Berechnete jährliche Werte,,Sachsen-Anhalt,code15,9.2
1997,Hektar pro Tag,Berechnete jährliche Werte,,Sachsen-Anhalt,code15,9.9
1998,Hektar pro Tag,Berechnete jährliche Werte,,Sachsen-Anhalt,code15,9.9
1999,Hektar pro Tag,Berechnete jährliche Werte,,Sachsen-Anhalt,code15,9.9
2000,Hektar pro Tag,Berechnete jährliche Werte,,Sachsen-Anhalt,code15,9.9
2001,Hektar pro Tag,Berechnete jährliche Werte,,Sachsen-Anhalt,code15,11.2
2002,Hektar pro Tag,Berechnete jährliche Werte,,Sachsen-Anhalt,code15,4.4
2003,Hektar pro Tag,Berechnete jährliche Werte,,Sachsen-Anhalt,code15,8.8
2004,Hektar pro Tag,Berechnete jährliche Werte,,Sachsen-Anhalt,code15,26.7
2005,Hektar pro Tag,Berechnete jährliche Werte,,Sachsen-Anhalt,code15,25.0
2006,Hektar pro Tag,Berechnete jährliche Werte,,Sachsen-Anhalt,code15,11.7
2007,Hektar pro Tag,Berechnete jährliche Werte,,Sachsen-Anhalt,code15,0.8
2008,Hektar pro Tag,Berechnete jährliche Werte,,Sachsen-Anhalt,code15,2.5
2009,Hektar pro Tag,Berechnete jährliche Werte,,Sachsen-Anhalt,code15,0.4
2010,Hektar pro Tag,Berechnete jährliche Werte,,Sachsen-Anhalt,code15,-1.6
2011,Hektar pro Tag,Berechnete jährliche Werte,,Sachsen-Anhalt,code15,-0.6
2012,Hektar pro Tag,Berechnete jährliche Werte,,Sachsen-Anhalt,code15,-0.4
2013,Hektar pro Tag,Berechnete jährliche Werte,,Sachsen-Anhalt,code15,0.2
2014,Hektar pro Tag,Berechnete jährliche Werte,,Sachsen-Anhalt,code15,1.8
2015,Hektar pro Tag,Berechnete jährliche Werte,,Sachsen-Anhalt,code15,0.5
2016,Hektar pro Tag,Berechnete jährliche Werte,,Sachsen-Anhalt,code15,1.7
2017,Hektar pro Tag,Berechnete jährliche Werte,,Sachsen-Anhalt,code15,0.6
2018,Hektar pro Tag,Berechnete jährliche Werte,,Sachsen-Anhalt,code15,-0.1
2019,Hektar pro Tag,Berechnete jährliche Werte,,Sachsen-Anhalt,code15,1.7
2020,Hektar pro Tag,Berechnete jährliche Werte,,Sachsen-Anhalt,code15,0.6
2030,Hektar pro Tag,Berechnete jährliche Werte,,,,
1996,Hektar pro Tag,Berechnete jährliche Werte,,Schleswig-Holstein,code01,3.3
1997,Hektar pro Tag,Berechnete jährliche Werte,,Schleswig-Holstein,code01,4.1
1998,Hektar pro Tag,Berechnete jährliche Werte,,Schleswig-Holstein,code01,4.1
1999,Hektar pro Tag,Berechnete jährliche Werte,,Schleswig-Holstein,code01,4.1
2000,Hektar pro Tag,Berechnete jährliche Werte,,Schleswig-Holstein,code01,4.1
2001,Hektar pro Tag,Berechnete jährliche Werte,,Schleswig-Holstein,code01,
2002,Hektar pro Tag,Berechnete jährliche Werte,,Schleswig-Holstein,code01,
2003,Hektar pro Tag,Berechnete jährliche Werte,,Schleswig-Holstein,code01,
2004,Hektar pro Tag,Berechnete jährliche Werte,,Schleswig-Holstein,code01,
2005,Hektar pro Tag,Berechnete jährliche Werte,,Schleswig-Holstein,code01,4.5
2006,Hektar pro Tag,Berechnete jährliche Werte,,Schleswig-Holstein,code01,6.5
2007,Hektar pro Tag,Berechnete jährliche Werte,,Schleswig-Holstein,code01,7.4
2008,Hektar pro Tag,Berechnete jährliche Werte,,Schleswig-Holstein,code01,3.1
2009,Hektar pro Tag,Berechnete jährliche Werte,,Schleswig-Holstein,code01,3.3
2010,Hektar pro Tag,Berechnete jährliche Werte,,Schleswig-Holstein,code01,3.0
2011,Hektar pro Tag,Berechnete jährliche Werte,,Schleswig-Holstein,code01,4.8
2012,Hektar pro Tag,Berechnete jährliche Werte,,Schleswig-Holstein,code01,2.3
2013,Hektar pro Tag,Berechnete jährliche Werte,,Schleswig-Holstein,code01,2.7
2014,Hektar pro Tag,Berechnete jährliche Werte,,Schleswig-Holstein,code01,2.9
2015,Hektar pro Tag,Berechnete jährliche Werte,,Schleswig-Holstein,code01,2.8
2016,Hektar pro Tag,Berechnete jährliche Werte,,Schleswig-Holstein,code01,0.9
2017,Hektar pro Tag,Berechnete jährliche Werte,,Schleswig-Holstein,code01,3.4
2018,Hektar pro Tag,Berechnete jährliche Werte,,Schleswig-Holstein,code01,3.2
2019,Hektar pro Tag,Berechnete jährliche Werte,,Schleswig-Holstein,code01,1.8
2020,Hektar pro Tag,Berechnete jährliche Werte,,Schleswig-Holstein,code01,5.8
2030,Hektar pro Tag,Berechnete jährliche Werte,,,,
1996,Hektar pro Tag,Berechnete jährliche Werte,,Thüringen,code16,6.1
1997,Hektar pro Tag,Berechnete jährliche Werte,,Thüringen,code16,3.6
1998,Hektar pro Tag,Berechnete jährliche Werte,,Thüringen,code16,3.6
1999,Hektar pro Tag,Berechnete jährliche Werte,,Thüringen,code16,3.6
2000,Hektar pro Tag,Berechnete jährliche Werte,,Thüringen,code16,3.6
2001,Hektar pro Tag,Berechnete jährliche Werte,,Thüringen,code16,2.4
2002,Hektar pro Tag,Berechnete jährliche Werte,,Thüringen,code16,3.8
2003,Hektar pro Tag,Berechnete jährliche Werte,,Thüringen,code16,1.5
2004,Hektar pro Tag,Berechnete jährliche Werte,,Thüringen,code16,1.0
2005,Hektar pro Tag,Berechnete jährliche Werte,,Thüringen,code16,1.6
2006,Hektar pro Tag,Berechnete jährliche Werte,,Thüringen,code16,1.6
2007,Hektar pro Tag,Berechnete jährliche Werte,,Thüringen,code16,2.0
2008,Hektar pro Tag,Berechnete jährliche Werte,,Thüringen,code16,2.5
2009,Hektar pro Tag,Berechnete jährliche Werte,,Thüringen,code16,2.7
2010,Hektar pro Tag,Berechnete jährliche Werte,,Thüringen,code16,3.7
2011,Hektar pro Tag,Berechnete jährliche Werte,,Thüringen,code16,5.1
2012,Hektar pro Tag,Berechnete jährliche Werte,,Thüringen,code16,5.4
2013,Hektar pro Tag,Berechnete jährliche Werte,,Thüringen,code16,2.6
2014,Hektar pro Tag,Berechnete jährliche Werte,,Thüringen,code16,8.3
2015,Hektar pro Tag,Berechnete jährliche Werte,,Thüringen,code16,2.5
2016,Hektar pro Tag,Berechnete jährliche Werte,,Thüringen,code16,8.7
2017,Hektar pro Tag,Berechnete jährliche Werte,,Thüringen,code16,
2018,Hektar pro Tag,Berechnete jährliche Werte,,Thüringen,code16,
2019,Hektar pro Tag,Berechnete jährliche Werte,,Thüringen,code16,1.9
2020,Hektar pro Tag,Berechnete jährliche Werte,,Thüringen,code16,0.8
2030,Hektar pro Tag,Berechnete jährliche Werte,,,,
