Year,Units,display,title,Value
1970,2030 = 100,a) time series,f) index overall,106.9
1975,2030 = 100,a) time series,f) index overall,101.4
1990,2030 = 100,a) time series,f) index overall,76.6
1991,2030 = 100,a) time series,f) index overall,72.3
1992,2030 = 100,a) time series,f) index overall,71.3
1993,2030 = 100,a) time series,f) index overall,73.1
1994,2030 = 100,a) time series,f) index overall,76.6
1995,2030 = 100,a) time series,f) index overall,73.1
1996,2030 = 100,a) time series,f) index overall,76.0
1997,2030 = 100,a) time series,f) index overall,72.8
1998,2030 = 100,a) time series,f) index overall,70.1
1999,2030 = 100,a) time series,f) index overall,74.8
2000,2030 = 100,a) time series,f) index overall,71.9
2001,2030 = 100,a) time series,f) index overall,71.1
2002,2030 = 100,a) time series,f) index overall,69.7
2003,2030 = 100,a) time series,f) index overall,69.8
2004,2030 = 100,a) time series,f) index overall,72.5
2005,2030 = 100,a) time series,f) index overall,71.0
2006,2030 = 100,a) time series,f) index overall,70.2
2007,2030 = 100,a) time series,f) index overall,70.1
2008,2030 = 100,a) time series,f) index overall,70.3
2009,2030 = 100,a) time series,f) index overall,67.2
2010,2030 = 100,a) time series,f) index overall,68.0
2011,2030 = 100,a) time series,f) index overall,66.2
2012,2030 = 100,a) time series,f) index overall,70.4
2013,2030 = 100,a) time series,f) index overall,67.8
2014,2030 = 100,a) time series,f) index overall,67.0
2015,2030 = 100,a) time series,f) index overall,69.8
2016,2030 = 100,a) time series,f) index overall,70.5
2030,2030 = 100,b) target (min),f) index overall,100.0
1970,2030 = 100,a) time series,a) sub-index forests,77.5
1975,2030 = 100,a) time series,a) sub-index forests,78.5
1990,2030 = 100,a) time series,a) sub-index forests,81.6
1991,2030 = 100,a) time series,a) sub-index forests,77.1
1992,2030 = 100,a) time series,a) sub-index forests,76.8
1993,2030 = 100,a) time series,a) sub-index forests,77.8
1994,2030 = 100,a) time series,a) sub-index forests,80.8
1995,2030 = 100,a) time series,a) sub-index forests,70.7
1996,2030 = 100,a) time series,a) sub-index forests,78.0
1997,2030 = 100,a) time series,a) sub-index forests,76.7
1998,2030 = 100,a) time series,a) sub-index forests,70.6
1999,2030 = 100,a) time series,a) sub-index forests,75.5
2000,2030 = 100,a) time series,a) sub-index forests,73.4
2001,2030 = 100,a) time series,a) sub-index forests,74.8
2002,2030 = 100,a) time series,a) sub-index forests,74.3
2003,2030 = 100,a) time series,a) sub-index forests,78.5
2004,2030 = 100,a) time series,a) sub-index forests,79.2
2005,2030 = 100,a) time series,a) sub-index forests,79.6
2006,2030 = 100,a) time series,a) sub-index forests,78.6
2007,2030 = 100,a) time series,a) sub-index forests,75.3
2008,2030 = 100,a) time series,a) sub-index forests,81.8
2009,2030 = 100,a) time series,a) sub-index forests,73.3
2010,2030 = 100,a) time series,a) sub-index forests,79.5
2011,2030 = 100,a) time series,a) sub-index forests,80.2
2012,2030 = 100,a) time series,a) sub-index forests,87.0
2013,2030 = 100,a) time series,a) sub-index forests,87.1
2014,2030 = 100,a) time series,a) sub-index forests,84.3
2015,2030 = 100,a) time series,a) sub-index forests,90.8
2016,2030 = 100,a) time series,a) sub-index forests,87.5
1970,2030 = 100,a) time series,b) sub-index settlements,99.7
1975,2030 = 100,a) time series,b) sub-index settlements,101.6
1990,2030 = 100,a) time series,b) sub-index settlements,80.8
1991,2030 = 100,a) time series,b) sub-index settlements,73.7
1992,2030 = 100,a) time series,b) sub-index settlements,68.4
1993,2030 = 100,a) time series,b) sub-index settlements,75.1
1994,2030 = 100,a) time series,b) sub-index settlements,71.9
1995,2030 = 100,a) time series,b) sub-index settlements,75.2
1996,2030 = 100,a) time series,b) sub-index settlements,85.3
1997,2030 = 100,a) time series,b) sub-index settlements,77.4
1998,2030 = 100,a) time series,b) sub-index settlements,75.5
1999,2030 = 100,a) time series,b) sub-index settlements,74.9
2000,2030 = 100,a) time series,b) sub-index settlements,69.8
2001,2030 = 100,a) time series,b) sub-index settlements,69.6
2002,2030 = 100,a) time series,b) sub-index settlements,63.4
2003,2030 = 100,a) time series,b) sub-index settlements,59.2
2004,2030 = 100,a) time series,b) sub-index settlements,66.5
2005,2030 = 100,a) time series,b) sub-index settlements,66.5
2006,2030 = 100,a) time series,b) sub-index settlements,65.1
2007,2030 = 100,a) time series,b) sub-index settlements,66.0
2008,2030 = 100,a) time series,b) sub-index settlements,63.2
2009,2030 = 100,a) time series,b) sub-index settlements,63.8
2010,2030 = 100,a) time series,b) sub-index settlements,66.5
2011,2030 = 100,a) time series,b) sub-index settlements,70.5
2012,2030 = 100,a) time series,b) sub-index settlements,70.7
2013,2030 = 100,a) time series,b) sub-index settlements,67.5
2014,2030 = 100,a) time series,b) sub-index settlements,69.6
2015,2030 = 100,a) time series,b) sub-index settlements,72.2
2016,2030 = 100,a) time series,b) sub-index settlements,75.5
1970,2030 = 100,a) time series,c) sub-index farmland,128.8
1975,2030 = 100,a) time series,c) sub-index farmland,117.2
1990,2030 = 100,a) time series,c) sub-index farmland,74.2
1991,2030 = 100,a) time series,c) sub-index farmland,71.2
1992,2030 = 100,a) time series,c) sub-index farmland,70.1
1993,2030 = 100,a) time series,c) sub-index farmland,70.9
1994,2030 = 100,a) time series,c) sub-index farmland,75.7
1995,2030 = 100,a) time series,c) sub-index farmland,73.8
1996,2030 = 100,a) time series,c) sub-index farmland,75.2
1997,2030 = 100,a) time series,c) sub-index farmland,71.1
1998,2030 = 100,a) time series,c) sub-index farmland,69.1
1999,2030 = 100,a) time series,c) sub-index farmland,75.2
2000,2030 = 100,a) time series,c) sub-index farmland,71.7
2001,2030 = 100,a) time series,c) sub-index farmland,68.6
2002,2030 = 100,a) time series,c) sub-index farmland,68.8
2003,2030 = 100,a) time series,c) sub-index farmland,67.8
2004,2030 = 100,a) time series,c) sub-index farmland,70.7
2005,2030 = 100,a) time series,c) sub-index farmland,68.0
2006,2030 = 100,a) time series,c) sub-index farmland,68.0
2007,2030 = 100,a) time series,c) sub-index farmland,68.0
2008,2030 = 100,a) time series,c) sub-index farmland,65.8
2009,2030 = 100,a) time series,c) sub-index farmland,64.7
2010,2030 = 100,a) time series,c) sub-index farmland,62.4
2011,2030 = 100,a) time series,c) sub-index farmland,57.6
2012,2030 = 100,a) time series,c) sub-index farmland,62.0
2013,2030 = 100,a) time series,c) sub-index farmland,57.6
2014,2030 = 100,a) time series,c) sub-index farmland,57.0
2015,2030 = 100,a) time series,c) sub-index farmland,58.0
2016,2030 = 100,a) time series,c) sub-index farmland,60.5
1970,2030 = 100,a) time series,d) sub-index inland waters,82.7
1975,2030 = 100,a) time series,d) sub-index inland waters,80.3
1990,2030 = 100,a) time series,d) sub-index inland waters,64.1
1991,2030 = 100,a) time series,d) sub-index inland waters,55.8
1992,2030 = 100,a) time series,d) sub-index inland waters,57.3
1993,2030 = 100,a) time series,d) sub-index inland waters,63.7
1994,2030 = 100,a) time series,d) sub-index inland waters,68.5
1995,2030 = 100,a) time series,d) sub-index inland waters,67.5
1996,2030 = 100,a) time series,d) sub-index inland waters,58.2
1997,2030 = 100,a) time series,d) sub-index inland waters,58.6
1998,2030 = 100,a) time series,d) sub-index inland waters,61.5
1999,2030 = 100,a) time series,d) sub-index inland waters,67.2
2000,2030 = 100,a) time series,d) sub-index inland waters,67.4
2001,2030 = 100,a) time series,d) sub-index inland waters,73.7
2002,2030 = 100,a) time series,d) sub-index inland waters,67.0
2003,2030 = 100,a) time series,d) sub-index inland waters,66.7
2004,2030 = 100,a) time series,d) sub-index inland waters,72.0
2005,2030 = 100,a) time series,d) sub-index inland waters,69.0
2006,2030 = 100,a) time series,d) sub-index inland waters,63.1
2007,2030 = 100,a) time series,d) sub-index inland waters,72.9
2008,2030 = 100,a) time series,d) sub-index inland waters,77.0
2009,2030 = 100,a) time series,d) sub-index inland waters,70.6
2010,2030 = 100,a) time series,d) sub-index inland waters,68.2
2011,2030 = 100,a) time series,d) sub-index inland waters,69.5
2012,2030 = 100,a) time series,d) sub-index inland waters,72.1
2013,2030 = 100,a) time series,d) sub-index inland waters,73.0
2014,2030 = 100,a) time series,d) sub-index inland waters,73.6
2015,2030 = 100,a) time series,d) sub-index inland waters,74.0
2016,2030 = 100,a) time series,d) sub-index inland waters,75.0
1970,2030 = 100,a) time series,e) sub-index coasts/seas,77.3
1975,2030 = 100,a) time series,e) sub-index coasts/seas,81.1
1990,2030 = 100,a) time series,e) sub-index coasts/seas,79.7
1991,2030 = 100,a) time series,e) sub-index coasts/seas,72.3
1992,2030 = 100,a) time series,e) sub-index coasts/seas,79.0
1993,2030 = 100,a) time series,e) sub-index coasts/seas,79.4
1994,2030 = 100,a) time series,e) sub-index coasts/seas,85.8
1995,2030 = 100,a) time series,e) sub-index coasts/seas,85.4
1996,2030 = 100,a) time series,e) sub-index coasts/seas,74.3
1997,2030 = 100,a) time series,e) sub-index coasts/seas,76.4
1998,2030 = 100,a) time series,e) sub-index coasts/seas,80.5
1999,2030 = 100,a) time series,e) sub-index coasts/seas,76.9
2000,2030 = 100,a) time series,e) sub-index coasts/seas,76.8
2001,2030 = 100,a) time series,e) sub-index coasts/seas,80.9
2002,2030 = 100,a) time series,e) sub-index coasts/seas,71.8
2003,2030 = 100,a) time series,e) sub-index coasts/seas,68.1
2004,2030 = 100,a) time series,e) sub-index coasts/seas,63.5
2005,2030 = 100,a) time series,e) sub-index coasts/seas,63.6
2006,2030 = 100,a) time series,e) sub-index coasts/seas,63.2
2007,2030 = 100,a) time series,e) sub-index coasts/seas,65.6
2008,2030 = 100,a) time series,e) sub-index coasts/seas,55.1
2009,2030 = 100,a) time series,e) sub-index coasts/seas,59.4
2010,2030 = 100,a) time series,e) sub-index coasts/seas,62.2
2011,2030 = 100,a) time series,e) sub-index coasts/seas,62.5
2012,2030 = 100,a) time series,e) sub-index coasts/seas,56.2
2013,2030 = 100,a) time series,e) sub-index coasts/seas,56.6
2014,2030 = 100,a) time series,e) sub-index coasts/seas,56.6
2015,2030 = 100,a) time series,e) sub-index coasts/seas,59.0
2016,2030 = 100,a) time series,e) sub-index coasts/seas,58.0
