Year,Units,Zeitreihe,Value
2009,Millionen EUR,Erhalt bzw. Wiederaufbau von Wäldern in Entwicklungsländern unter dem REDD+-Regelwerk,3.0
2010,Millionen EUR,Erhalt bzw. Wiederaufbau von Wäldern in Entwicklungsländern unter dem REDD+-Regelwerk,20.0
2011,Millionen EUR,Erhalt bzw. Wiederaufbau von Wäldern in Entwicklungsländern unter dem REDD+-Regelwerk,12.0
2012,Millionen EUR,Erhalt bzw. Wiederaufbau von Wäldern in Entwicklungsländern unter dem REDD+-Regelwerk,24.9
2013,Millionen EUR,Erhalt bzw. Wiederaufbau von Wäldern in Entwicklungsländern unter dem REDD+-Regelwerk,36.3
2014,Millionen EUR,Erhalt bzw. Wiederaufbau von Wäldern in Entwicklungsländern unter dem REDD+-Regelwerk,31.0
2015,Millionen EUR,Erhalt bzw. Wiederaufbau von Wäldern in Entwicklungsländern unter dem REDD+-Regelwerk,15.7
2016,Millionen EUR,Erhalt bzw. Wiederaufbau von Wäldern in Entwicklungsländern unter dem REDD+-Regelwerk,59.8
2017,Millionen EUR,Erhalt bzw. Wiederaufbau von Wäldern in Entwicklungsländern unter dem REDD+-Regelwerk,68.0
2018,Millionen EUR,Erhalt bzw. Wiederaufbau von Wäldern in Entwicklungsländern unter dem REDD+-Regelwerk,63.0
2019,Millionen EUR,Erhalt bzw. Wiederaufbau von Wäldern in Entwicklungsländern unter dem REDD+-Regelwerk,63.5
2020,Millionen EUR,Erhalt bzw. Wiederaufbau von Wäldern in Entwicklungsländern unter dem REDD+-Regelwerk,24.2
2009,Millionen EUR,Deutsche bilaterale Bruttoentwicklungsausgaben zur Umsetzung des Übereinkommens der VN zur Bekämpfung der Wüstenbildung,40.0
2010,Millionen EUR,Deutsche bilaterale Bruttoentwicklungsausgaben zur Umsetzung des Übereinkommens der VN zur Bekämpfung der Wüstenbildung,152.5
2011,Millionen EUR,Deutsche bilaterale Bruttoentwicklungsausgaben zur Umsetzung des Übereinkommens der VN zur Bekämpfung der Wüstenbildung,198.6
2012,Millionen EUR,Deutsche bilaterale Bruttoentwicklungsausgaben zur Umsetzung des Übereinkommens der VN zur Bekämpfung der Wüstenbildung,245.3
2013,Millionen EUR,Deutsche bilaterale Bruttoentwicklungsausgaben zur Umsetzung des Übereinkommens der VN zur Bekämpfung der Wüstenbildung,248.7
2014,Millionen EUR,Deutsche bilaterale Bruttoentwicklungsausgaben zur Umsetzung des Übereinkommens der VN zur Bekämpfung der Wüstenbildung,239.7
2015,Millionen EUR,Deutsche bilaterale Bruttoentwicklungsausgaben zur Umsetzung des Übereinkommens der VN zur Bekämpfung der Wüstenbildung,271.9
2016,Millionen EUR,Deutsche bilaterale Bruttoentwicklungsausgaben zur Umsetzung des Übereinkommens der VN zur Bekämpfung der Wüstenbildung,347.4
2017,Millionen EUR,Deutsche bilaterale Bruttoentwicklungsausgaben zur Umsetzung des Übereinkommens der VN zur Bekämpfung der Wüstenbildung,483.4
2018,Millionen EUR,Deutsche bilaterale Bruttoentwicklungsausgaben zur Umsetzung des Übereinkommens der VN zur Bekämpfung der Wüstenbildung,571.8
2019,Millionen EUR,Deutsche bilaterale Bruttoentwicklungsausgaben zur Umsetzung des Übereinkommens der VN zur Bekämpfung der Wüstenbildung,745.6
2020,Millionen EUR,Deutsche bilaterale Bruttoentwicklungsausgaben zur Umsetzung des Übereinkommens der VN zur Bekämpfung der Wüstenbildung,703.5
