Year,Units,Bundesland,GeoCode,Straftaten,Value
1993,Je 100 000 Einwohner/ -innen,,,,8354.095
1994,Je 100 000 Einwohner/ -innen,,,,8062.642
1995,Je 100 000 Einwohner/ -innen,,,,8211.891
1996,Je 100 000 Einwohner/ -innen,,,,8165.843
1997,Je 100 000 Einwohner/ -innen,,,,8078.662
1998,Je 100 000 Einwohner/ -innen,,,,7923.243
1999,Je 100 000 Einwohner/ -innen,,,,7742.636
2000,Je 100 000 Einwohner/ -innen,,,,7691.754
2001,Je 100 000 Einwohner/ -innen,,,,7811.684
2002,Je 100 000 Einwohner/ -innen,,,,7977.821
2003,Je 100 000 Einwohner/ -innen,,,,8055.254
2004,Je 100 000 Einwohner/ -innen,,,,8137.919
2005,Je 100 000 Einwohner/ -innen,,,,7851.874
2006,Je 100 000 Einwohner/ -innen,,,,7757.168
2007,Je 100 000 Einwohner/ -innen,,,,7751.507
2008,Je 100 000 Einwohner/ -innen,,,,7556.892
2009,Je 100 000 Einwohner/ -innen,,,,7509.802
2010,Je 100 000 Einwohner/ -innen,,,,7384.652
2011,Je 100 000 Einwohner/ -innen,,,,7467.62
2012,Je 100 000 Einwohner/ -innen,,,,7465.7
2013,Je 100 000 Einwohner/ -innen,,,,7403.6
2014,Je 100 000 Einwohner/ -innen,,,,7530.3
2015,Je 100 000 Einwohner/ -innen,,,,7796.6
2016,Je 100 000 Einwohner/ -innen,,,,7754.759
2017,Je 100 000 Einwohner/ -innen,,,,6982.4
2018,Je 100 000 Einwohner/ -innen,,,,6710.185
2019,Je 100 000 Einwohner/ -innen,,,,6548.365
2020,Je 100 000 Einwohner/ -innen,,,,6385.513
2021,Je 100 000 Einwohner/ -innen,,,,6070.42
1993,Je 100 000 Einwohner/ -innen,Baden-Württemberg,code08,,6123.163
1994,Je 100 000 Einwohner/ -innen,,,,5729.469
1995,Je 100 000 Einwohner/ -innen,,,,5675.863
1996,Je 100 000 Einwohner/ -innen,,,,5763.052
1997,Je 100 000 Einwohner/ -innen,,,,5822.949
1998,Je 100 000 Einwohner/ -innen,,,,5611.139
1999,Je 100 000 Einwohner/ -innen,,,,5508.378
2000,Je 100 000 Einwohner/ -innen,,,,5458.928
2001,Je 100 000 Einwohner/ -innen,,,,5551.18
2002,Je 100 000 Einwohner/ -innen,,,,5730.474
2003,Je 100 000 Einwohner/ -innen,,,,5547.172
2004,Je 100 000 Einwohner/ -innen,,,,6220.291
2005,Je 100 000 Einwohner/ -innen,,,,5883.028
2006,Je 100 000 Einwohner/ -innen,,,,5794.919
2007,Je 100 000 Einwohner/ -innen,,,,5815.19
2008,Je 100 000 Einwohner/ -innen,,,,5628.669
2009,Je 100 000 Einwohner/ -innen,,,,5515.582
2010,Je 100 000 Einwohner/ -innen,,,,5457.241
2011,Je 100 000 Einwohner/ -innen,,,,5562.282
2012,Je 100 000 Einwohner/ -innen,,,,5455.051
2013,Je 100 000 Einwohner/ -innen,,,,5450.5
2014,Je 100 000 Einwohner/ -innen,,,,5592.3
2015,Je 100 000 Einwohner/ -innen,,,,5760.805
2016,Je 100 000 Einwohner/ -innen,,,,5598.845
2017,Je 100 000 Einwohner/ -innen,,,,5295.459
2018,Je 100 000 Einwohner/ -innen,,,,5190.519
2019,Je 100 000 Einwohner/ -innen,,,,5183.715
2020,Je 100 000 Einwohner/ -innen,,,,4851.774
2021,Je 100 000 Einwohner/ -innen,,,,4380.16
1993,Je 100 000 Einwohner/ -innen,,,,5698.936
1994,Je 100 000 Einwohner/ -innen,,,,5755.526
1995,Je 100 000 Einwohner/ -innen,,,,5659.312
1996,Je 100 000 Einwohner/ -innen,,,,5792.028
1997,Je 100 000 Einwohner/ -innen,,,,5840.88
1998,Je 100 000 Einwohner/ -innen,,,,5729.465
1999,Je 100 000 Einwohner/ -innen,,,,5712.341
2000,Je 100 000 Einwohner/ -innen,,,,5654.849
2001,Je 100 000 Einwohner/ -innen,,,,5789.82
2002,Je 100 000 Einwohner/ -innen,,,,5671.818
2003,Je 100 000 Einwohner/ -innen,,,,5754.791
2004,Je 100 000 Einwohner/ -innen,,,,5801.895
2005,Je 100 000 Einwohner/ -innen,,,,5532.8
2006,Je 100 000 Einwohner/ -innen,,,,5455.26
2007,Je 100 000 Einwohner/ -innen,,,,5392.219
2008,Je 100 000 Einwohner/ -innen,,,,5199.994
2009,Je 100 000 Einwohner/ -innen,,,,5130.388
2010,Je 100 000 Einwohner/ -innen,,,,5017.309
2011,Je 100 000 Einwohner/ -innen,,,,5031.799
2012,Je 100 000 Einwohner/ -innen,,,,5037.742
2013,Je 100 000 Einwohner/ -innen,,,,5073.1
2014,Je 100 000 Einwohner/ -innen,,,,5163.9
2015,Je 100 000 Einwohner/ -innen,,,,6350.003
2016,Je 100 000 Einwohner/ -innen,,,,6870.962
2017,Je 100 000 Einwohner/ -innen,,,,4868.333
2018,Je 100 000 Einwohner/ -innen,,,,4888.905
2019,Je 100 000 Einwohner/ -innen,,,,4614.796
2020,Je 100 000 Einwohner/ -innen,,,,4527.656
2021,Je 100 000 Einwohner/ -innen,,,,4137.538
1993,Je 100 000 Einwohner/ -innen,,,,16398.424
1994,Je 100 000 Einwohner/ -innen,,,,15960.884
1995,Je 100 000 Einwohner/ -innen,,,,16889.159
1996,Je 100 000 Einwohner/ -innen,,,,17332.703
1997,Je 100 000 Einwohner/ -innen,,,,17392.654
1998,Je 100 000 Einwohner/ -innen,,,,17432.102
1999,Je 100 000 Einwohner/ -innen,,,,17205.543
2000,Je 100 000 Einwohner/ -innen,,,,16849.007
2001,Je 100 000 Einwohner/ -innen,,,,17384.991
2002,Je 100 000 Einwohner/ -innen,,,,17758.228
2003,Je 100 000 Einwohner/ -innen,,,,17173.732
2004,Je 100 000 Einwohner/ -innen,,,,16500.48
2005,Je 100 000 Einwohner/ -innen,,,,15613.554
2006,Je 100 000 Einwohner/ -innen,,,,15240.121
2007,Je 100 000 Einwohner/ -innen,,,,15220.406
2008,Je 100 000 Einwohner/ -innen,,,,14796.442
2009,Je 100 000 Einwohner/ -innen,,,,15188.32
2010,Je 100 000 Einwohner/ -innen,,,,14526.391
2011,Je 100 000 Einwohner/ -innen,,,,15080.318
2012,Je 100 000 Einwohner/ -innen,,,,14891.663
2013,Je 100 000 Einwohner/ -innen,,,,14907.6
2014,Je 100 000 Einwohner/ -innen,,,,15873.3
2015,Je 100 000 Einwohner/ -innen,,,,16414.259
2016,Je 100 000 Einwohner/ -innen,,,,16160.653
2017,Je 100 000 Einwohner/ -innen,,,,14558.371
2018,Je 100 000 Einwohner/ -innen,,,,14160.169
2019,Je 100 000 Einwohner/ -innen,,,,14086.434
2020,Je 100 000 Einwohner/ -innen,,,,13738.745
2021,Je 100 000 Einwohner/ -innen,,,,13158.172
1993,Je 100 000 Einwohner/ -innen,,,,12918.761
1994,Je 100 000 Einwohner/ -innen,,,,12974.273
1995,Je 100 000 Einwohner/ -innen,,,,12097.324
1996,Je 100 000 Einwohner/ -innen,,,,11742.386
1997,Je 100 000 Einwohner/ -innen,,,,11311.745
1998,Je 100 000 Einwohner/ -innen,,,,10871.576
1999,Je 100 000 Einwohner/ -innen,,,,9785.906
2000,Je 100 000 Einwohner/ -innen,,,,9925.197
2001,Je 100 000 Einwohner/ -innen,,,,9556.005
2002,Je 100 000 Einwohner/ -innen,,,,9511.249
2003,Je 100 000 Einwohner/ -innen,,,,9613.121
2004,Je 100 000 Einwohner/ -innen,,,,9406.883
2005,Je 100 000 Einwohner/ -innen,,,,8974.969
2006,Je 100 000 Einwohner/ -innen,,,,8816.103
2007,Je 100 000 Einwohner/ -innen,,,,9010.441
2008,Je 100 000 Einwohner/ -innen,,,,8364.957
2009,Je 100 000 Einwohner/ -innen,,,,8069.819
2010,Je 100 000 Einwohner/ -innen,,,,8267.145
2011,Je 100 000 Einwohner/ -innen,,,,8031.067
2012,Je 100 000 Einwohner/ -innen,,,,7954.818
2013,Je 100 000 Einwohner/ -innen,,,,8051.7
2014,Je 100 000 Einwohner/ -innen,,,,8004.0
2015,Je 100 000 Einwohner/ -innen,,,,7659.634
2016,Je 100 000 Einwohner/ -innen,,,,7478.632
2017,Je 100 000 Einwohner/ -innen,,,,7015.138
2018,Je 100 000 Einwohner/ -innen,,,,6901.966
2019,Je 100 000 Einwohner/ -innen,,,,6840.513
2020,Je 100 000 Einwohner/ -innen,,,,6461.059
2021,Je 100 000 Einwohner/ -innen,,,,6280.503
1993,Je 100 000 Einwohner/ -innen,,,,16134.251
1994,Je 100 000 Einwohner/ -innen,,,,14849.41
1995,Je 100 000 Einwohner/ -innen,,,,14854.991
1996,Je 100 000 Einwohner/ -innen,,,,14962.599
1997,Je 100 000 Einwohner/ -innen,,,,14446.51
1998,Je 100 000 Einwohner/ -innen,,,,13342.777
1999,Je 100 000 Einwohner/ -innen,,,,13048.891
2000,Je 100 000 Einwohner/ -innen,,,,14084.637
2001,Je 100 000 Einwohner/ -innen,,,,14218.731
2002,Je 100 000 Einwohner/ -innen,,,,14555.812
2003,Je 100 000 Einwohner/ -innen,,,,14482.432
2004,Je 100 000 Einwohner/ -innen,,,,15417.977
2005,Je 100 000 Einwohner/ -innen,,,,14716.057
2006,Je 100 000 Einwohner/ -innen,,,,14546.313
2007,Je 100 000 Einwohner/ -innen,,,,14638.489
2008,Je 100 000 Einwohner/ -innen,,,,14452.295
2009,Je 100 000 Einwohner/ -innen,,,,14238.874
2010,Je 100 000 Einwohner/ -innen,,,,13643.624
2011,Je 100 000 Einwohner/ -innen,,,,14276.548
2012,Je 100 000 Einwohner/ -innen,,,,13311.315
2013,Je 100 000 Einwohner/ -innen,,,,13059.2
2014,Je 100 000 Einwohner/ -innen,,,,12743.9
2015,Je 100 000 Einwohner/ -innen,,,,13784.356
2016,Je 100 000 Einwohner/ -innen,,,,13686.598
2017,Je 100 000 Einwohner/ -innen,,,,11959.579
2018,Je 100 000 Einwohner/ -innen,,,,10942.804
2019,Je 100 000 Einwohner/ -innen,,,,11453.822
2020,Je 100 000 Einwohner/ -innen,,,,11871.515
2021,Je 100 000 Einwohner/ -innen,,,,11169.335
1993,Je 100 000 Einwohner/ -innen,,,,16919.817
1994,Je 100 000 Einwohner/ -innen,,,,15401.776
1995,Je 100 000 Einwohner/ -innen,,,,16734.975
1996,Je 100 000 Einwohner/ -innen,,,,16124.469
1997,Je 100 000 Einwohner/ -innen,,,,17664.472
1998,Je 100 000 Einwohner/ -innen,,,,16923.745
1999,Je 100 000 Einwohner/ -innen,,,,16854.017
2000,Je 100 000 Einwohner/ -innen,,,,17030.485
2001,Je 100 000 Einwohner/ -innen,,,,19007.281
2002,Je 100 000 Einwohner/ -innen,,,,15992.52
2003,Je 100 000 Einwohner/ -innen,,,,16143.506
2004,Je 100 000 Einwohner/ -innen,,,,15529.472
2005,Je 100 000 Einwohner/ -innen,,,,14582.808
2006,Je 100 000 Einwohner/ -innen,,,,14051.123
2007,Je 100 000 Einwohner/ -innen,,,,14026.725
2008,Je 100 000 Einwohner/ -innen,,,,13887.925
2009,Je 100 000 Einwohner/ -innen,,,,13932.422
2010,Je 100 000 Einwohner/ -innen,,,,13239.878
2011,Je 100 000 Einwohner/ -innen,,,,13418.186
2012,Je 100 000 Einwohner/ -innen,,,,13244.775
2013,Je 100 000 Einwohner/ -innen,,,,13724.4
2014,Je 100 000 Einwohner/ -innen,,,,13742.9
2015,Je 100 000 Einwohner/ -innen,,,,13839.36
2016,Je 100 000 Einwohner/ -innen,,,,13384.185
2017,Je 100 000 Einwohner/ -innen,,,,12480.24
2018,Je 100 000 Einwohner/ -innen,,,,11941.217
2019,Je 100 000 Einwohner/ -innen,,,,11450.924
2020,Je 100 000 Einwohner/ -innen,,,,11017.765
2021,Je 100 000 Einwohner/ -innen,,,,10062.36
1993,Je 100 000 Einwohner/ -innen,,,,8362.552
1994,Je 100 000 Einwohner/ -innen,,,,7940.082
1995,Je 100 000 Einwohner/ -innen,,,,7776.079
1996,Je 100 000 Einwohner/ -innen,,,,7710.327
1997,Je 100 000 Einwohner/ -innen,,,,7627.771
1998,Je 100 000 Einwohner/ -innen,,,,7452.443
1999,Je 100 000 Einwohner/ -innen,,,,7135.841
2000,Je 100 000 Einwohner/ -innen,,,,6987.653
2001,Je 100 000 Einwohner/ -innen,,,,6800.932
2002,Je 100 000 Einwohner/ -innen,,,,7104.5
2003,Je 100 000 Einwohner/ -innen,,,,7535.005
2004,Je 100 000 Einwohner/ -innen,,,,7670.757
2005,Je 100 000 Einwohner/ -innen,,,,7329.074
2006,Je 100 000 Einwohner/ -innen,,,,7098.918
2007,Je 100 000 Einwohner/ -innen,,,,7015.997
2008,Je 100 000 Einwohner/ -innen,,,,6801.635
2009,Je 100 000 Einwohner/ -innen,,,,6810.08
2010,Je 100 000 Einwohner/ -innen,,,,6732.368
2011,Je 100 000 Einwohner/ -innen,,,,6647.795
2012,Je 100 000 Einwohner/ -innen,,,,6600.619
2013,Je 100 000 Einwohner/ -innen,,,,6428.6
2014,Je 100 000 Einwohner/ -innen,,,,6565.8
2015,Je 100 000 Einwohner/ -innen,,,,6616.269
2016,Je 100 000 Einwohner/ -innen,,,,6672.483
2017,Je 100 000 Einwohner/ -innen,,,,6045.818
2018,Je 100 000 Einwohner/ -innen,,,,5971.205
2019,Je 100 000 Einwohner/ -innen,,,,5822.6
2020,Je 100 000 Einwohner/ -innen,,,,5445.589
2021,Je 100 000 Einwohner/ -innen,,,,5339.612
1993,Je 100 000 Einwohner/ -innen,,,,13811.726
1994,Je 100 000 Einwohner/ -innen,,,,11897.681
1995,Je 100 000 Einwohner/ -innen,,,,12060.317
1996,Je 100 000 Einwohner/ -innen,,,,11705.199
1997,Je 100 000 Einwohner/ -innen,,,,11665.702
1998,Je 100 000 Einwohner/ -innen,,,,11310.987
1999,Je 100 000 Einwohner/ -innen,,,,10500.326
2000,Je 100 000 Einwohner/ -innen,,,,10267.223
2001,Je 100 000 Einwohner/ -innen,,,,10447.111
2002,Je 100 000 Einwohner/ -innen,,,,10000.917
2003,Je 100 000 Einwohner/ -innen,,,,10863.475
2004,Je 100 000 Einwohner/ -innen,,,,10412.37
2005,Je 100 000 Einwohner/ -innen,,,,9402.295
2006,Je 100 000 Einwohner/ -innen,,,,9029.235
2007,Je 100 000 Einwohner/ -innen,,,,9016.077
2008,Je 100 000 Einwohner/ -innen,,,,8880.811
2009,Je 100 000 Einwohner/ -innen,,,,8424.916
2010,Je 100 000 Einwohner/ -innen,,,,7968.343
2011,Je 100 000 Einwohner/ -innen,,,,7953.113
2012,Je 100 000 Einwohner/ -innen,,,,7883.321
2013,Je 100 000 Einwohner/ -innen,,,,7528.7
2014,Je 100 000 Einwohner/ -innen,,,,7304.0
2015,Je 100 000 Einwohner/ -innen,,,,7332.763
2016,Je 100 000 Einwohner/ -innen,,,,7632.343
2017,Je 100 000 Einwohner/ -innen,,,,6850.362
2018,Je 100 000 Einwohner/ -innen,,,,6744.691
2019,Je 100 000 Einwohner/ -innen,,,,6916.241
2020,Je 100 000 Einwohner/ -innen,,,,6587.246
2021,Je 100 000 Einwohner/ -innen,,,,6484.584
1993,Je 100 000 Einwohner/ -innen,,,,8597.417
1994,Je 100 000 Einwohner/ -innen,,,,7710.205
1995,Je 100 000 Einwohner/ -innen,,,,7787.852
1996,Je 100 000 Einwohner/ -innen,,,,7516.195
1997,Je 100 000 Einwohner/ -innen,,,,7424.117
1998,Je 100 000 Einwohner/ -innen,,,,7286.226
1999,Je 100 000 Einwohner/ -innen,,,,7017.633
2000,Je 100 000 Einwohner/ -innen,,,,7205.937
2001,Je 100 000 Einwohner/ -innen,,,,7218.97
2002,Je 100 000 Einwohner/ -innen,,,,7726.731
2003,Je 100 000 Einwohner/ -innen,,,,7522.88
2004,Je 100 000 Einwohner/ -innen,,,,7437.14
2005,Je 100 000 Einwohner/ -innen,,,,7618.01
2006,Je 100 000 Einwohner/ -innen,,,,7656.801
2007,Je 100 000 Einwohner/ -innen,,,,7717.431
2008,Je 100 000 Einwohner/ -innen,,,,7516.174
2009,Je 100 000 Einwohner/ -innen,,,,7549.167
2010,Je 100 000 Einwohner/ -innen,,,,7473.27
2011,Je 100 000 Einwohner/ -innen,,,,7099.489
2012,Je 100 000 Einwohner/ -innen,,,,7167.492
2013,Je 100 000 Einwohner/ -innen,,,,7015.1
2014,Je 100 000 Einwohner/ -innen,,,,7094.9
2015,Je 100 000 Einwohner/ -innen,,,,7263.178
2016,Je 100 000 Einwohner/ -innen,,,,7089.585
2017,Je 100 000 Einwohner/ -innen,,,,6621.456
2018,Je 100 000 Einwohner/ -innen,,,,6361.915
2019,Je 100 000 Einwohner/ -innen,,,,6346.199
2020,Je 100 000 Einwohner/ -innen,,,,6219.444
2021,Je 100 000 Einwohner/ -innen,,,,5898.678
1993,Je 100 000 Einwohner/ -innen,,,,7806.263
1994,Je 100 000 Einwohner/ -innen,,,,7517.726
1995,Je 100 000 Einwohner/ -innen,,,,7680.641
1996,Je 100 000 Einwohner/ -innen,,,,7761.981
1997,Je 100 000 Einwohner/ -innen,,,,7578.958
1998,Je 100 000 Einwohner/ -innen,,,,7455.517
1999,Je 100 000 Einwohner/ -innen,,,,7460.722
2000,Je 100 000 Einwohner/ -innen,,,,7435.425
2001,Je 100 000 Einwohner/ -innen,,,,7708.684
2002,Je 100 000 Einwohner/ -innen,,,,8176.293
2003,Je 100 000 Einwohner/ -innen,,,,8372.738
2004,Je 100 000 Einwohner/ -innen,,,,8566.303
2005,Je 100 000 Einwohner/ -innen,,,,8417.374
2006,Je 100 000 Einwohner/ -innen,,,,8367.345
2007,Je 100 000 Einwohner/ -innen,,,,8406.891
2008,Je 100 000 Einwohner/ -innen,,,,8193.064
2009,Je 100 000 Einwohner/ -innen,,,,8257.257
2010,Je 100 000 Einwohner/ -innen,,,,8203.493
2011,Je 100 000 Einwohner/ -innen,,,,8614.719
2012,Je 100 000 Einwohner/ -innen,,,,8654.171
2013,Je 100 000 Einwohner/ -innen,,,,8459.1
2014,Je 100 000 Einwohner/ -innen,,,,8542.8
2015,Je 100 000 Einwohner/ -innen,,,,8603.241
2016,Je 100 000 Einwohner/ -innen,,,,8224.929
2017,Je 100 000 Einwohner/ -innen,,,,7676.816
2018,Je 100 000 Einwohner/ -innen,,,,7159.622
2019,Je 100 000 Einwohner/ -innen,,,,6847.448
2020,Je 100 000 Einwohner/ -innen,,,,6774.102
2021,Je 100 000 Einwohner/ -innen,,,,6702.56
1993,Je 100 000 Einwohner/ -innen,,,,6087.154
1994,Je 100 000 Einwohner/ -innen,,,,6241.908
1995,Je 100 000 Einwohner/ -innen,,,,6331.018
1996,Je 100 000 Einwohner/ -innen,,,,6515.486
1997,Je 100 000 Einwohner/ -innen,,,,6666.915
1998,Je 100 000 Einwohner/ -innen,,,,6545.293
1999,Je 100 000 Einwohner/ -innen,,,,6651.262
2000,Je 100 000 Einwohner/ -innen,,,,6711.046
2001,Je 100 000 Einwohner/ -innen,,,,6509.26
2002,Je 100 000 Einwohner/ -innen,,,,6944.264
2003,Je 100 000 Einwohner/ -innen,,,,7101.824
2004,Je 100 000 Einwohner/ -innen,,,,7416.831
2005,Je 100 000 Einwohner/ -innen,,,,7344.912
2006,Je 100 000 Einwohner/ -innen,,,,7375.449
2007,Je 100 000 Einwohner/ -innen,,,,7129.584
2008,Je 100 000 Einwohner/ -innen,,,,7274.451
2009,Je 100 000 Einwohner/ -innen,,,,7044.378
2010,Je 100 000 Einwohner/ -innen,,,,6989.426
2011,Je 100 000 Einwohner/ -innen,,,,6877.573
2012,Je 100 000 Einwohner/ -innen,,,,6703.478
2013,Je 100 000 Einwohner/ -innen,,,,6702.3
2014,Je 100 000 Einwohner/ -innen,,,,6623.2
2015,Je 100 000 Einwohner/ -innen,,,,6817.535
2016,Je 100 000 Einwohner/ -innen,,,,6775.385
2017,Je 100 000 Einwohner/ -innen,,,,6190.598
2018,Je 100 000 Einwohner/ -innen,,,,6001.16
2019,Je 100 000 Einwohner/ -innen,,,,5912.808
2020,Je 100 000 Einwohner/ -innen,,,,5625.536
2021,Je 100 000 Einwohner/ -innen,,,,5302.203
1993,Je 100 000 Einwohner/ -innen,,,,6278.272
1994,Je 100 000 Einwohner/ -innen,,,,5852.276
1995,Je 100 000 Einwohner/ -innen,,,,5983.061
1996,Je 100 000 Einwohner/ -innen,,,,6315.61
1997,Je 100 000 Einwohner/ -innen,,,,6273.252
1998,Je 100 000 Einwohner/ -innen,,,,6055.088
1999,Je 100 000 Einwohner/ -innen,,,,5823.678
2000,Je 100 000 Einwohner/ -innen,,,,6042.876
2001,Je 100 000 Einwohner/ -innen,,,,5719.677
2002,Je 100 000 Einwohner/ -innen,,,,6865.81
2003,Je 100 000 Einwohner/ -innen,,,,7075.431
2004,Je 100 000 Einwohner/ -innen,,,,7384.278
2005,Je 100 000 Einwohner/ -innen,,,,7384.378
2006,Je 100 000 Einwohner/ -innen,,,,7629.258
2007,Je 100 000 Einwohner/ -innen,,,,7162.618
2008,Je 100 000 Einwohner/ -innen,,,,7638.729
2009,Je 100 000 Einwohner/ -innen,,,,7335.319
2010,Je 100 000 Einwohner/ -innen,,,,7133.975
2011,Je 100 000 Einwohner/ -innen,,,,6913.809
2012,Je 100 000 Einwohner/ -innen,,,,7302.865
2013,Je 100 000 Einwohner/ -innen,,,,7295.7
2014,Je 100 000 Einwohner/ -innen,,,,7641.5
2015,Je 100 000 Einwohner/ -innen,,,,7885.767
2016,Je 100 000 Einwohner/ -innen,,,,7732.145
2017,Je 100 000 Einwohner/ -innen,,,,7109.811
2018,Je 100 000 Einwohner/ -innen,,,,7128.739
2019,Je 100 000 Einwohner/ -innen,,,,7543.495
2020,Je 100 000 Einwohner/ -innen,,,,6930.885
2021,Je 100 000 Einwohner/ -innen,,,,5960.522
1993,Je 100 000 Einwohner/ -innen,,,,7652.857
1994,Je 100 000 Einwohner/ -innen,,,,8402.371
1995,Je 100 000 Einwohner/ -innen,,,,8831.66
1996,Je 100 000 Einwohner/ -innen,,,,8619.387
1997,Je 100 000 Einwohner/ -innen,,,,8086.722
1998,Je 100 000 Einwohner/ -innen,,,,8157.421
1999,Je 100 000 Einwohner/ -innen,,,,8254.225
2000,Je 100 000 Einwohner/ -innen,,,,7883.492
2001,Je 100 000 Einwohner/ -innen,,,,8029.526
2002,Je 100 000 Einwohner/ -innen,,,,7761.987
2003,Je 100 000 Einwohner/ -innen,,,,8210.91
2004,Je 100 000 Einwohner/ -innen,,,,7871.042
2005,Je 100 000 Einwohner/ -innen,,,,7510.035
2006,Je 100 000 Einwohner/ -innen,,,,7311.846
2007,Je 100 000 Einwohner/ -innen,,,,7366.852
2008,Je 100 000 Einwohner/ -innen,,,,7129.874
2009,Je 100 000 Einwohner/ -innen,,,,6787.29
2010,Je 100 000 Einwohner/ -innen,,,,7107.245
2011,Je 100 000 Einwohner/ -innen,,,,7227.656
2012,Je 100 000 Einwohner/ -innen,,,,7705.771
2013,Je 100 000 Einwohner/ -innen,,,,7715.7
2014,Je 100 000 Einwohner/ -innen,,,,8086.1
2015,Je 100 000 Einwohner/ -innen,,,,7764.235
2016,Je 100 000 Einwohner/ -innen,,,,7949.764
2017,Je 100 000 Einwohner/ -innen,,,,7916.54
2018,Je 100 000 Einwohner/ -innen,,,,6831.045
2019,Je 100 000 Einwohner/ -innen,,,,6665.037
2020,Je 100 000 Einwohner/ -innen,,,,6694.252
2021,Je 100 000 Einwohner/ -innen,,,,6078.841
1993,Je 100 000 Einwohner/ -innen,,,,10814.783
1994,Je 100 000 Einwohner/ -innen,,,,10867.948
1995,Je 100 000 Einwohner/ -innen,,,,11616.502
1996,Je 100 000 Einwohner/ -innen,,,,11192.657
1997,Je 100 000 Einwohner/ -innen,,,,10846.8
1998,Je 100 000 Einwohner/ -innen,,,,10622.56
1999,Je 100 000 Einwohner/ -innen,,,,9950.458
2000,Je 100 000 Einwohner/ -innen,,,,9387.269
2001,Je 100 000 Einwohner/ -innen,,,,9090.811
2002,Je 100 000 Einwohner/ -innen,,,,9234.362
2003,Je 100 000 Einwohner/ -innen,,,,9074.731
2004,Je 100 000 Einwohner/ -innen,,,,9153.639
2005,Je 100 000 Einwohner/ -innen,,,,8761.717
2006,Je 100 000 Einwohner/ -innen,,,,8838.34
2007,Je 100 000 Einwohner/ -innen,,,,8987.344
2008,Je 100 000 Einwohner/ -innen,,,,8683.108
2009,Je 100 000 Einwohner/ -innen,,,,8549.909
2010,Je 100 000 Einwohner/ -innen,,,,8152.566
2011,Je 100 000 Einwohner/ -innen,,,,8151.917
2012,Je 100 000 Einwohner/ -innen,,,,8311.636
2013,Je 100 000 Einwohner/ -innen,,,,8581.1
2014,Je 100 000 Einwohner/ -innen,,,,8664.7
2015,Je 100 000 Einwohner/ -innen,,,,8893.077
2016,Je 100 000 Einwohner/ -innen,,,,8749.349
2017,Je 100 000 Einwohner/ -innen,,,,8342.173
2018,Je 100 000 Einwohner/ -innen,,,,7900.072
2019,Je 100 000 Einwohner/ -innen,,,,7849.719
2020,Je 100 000 Einwohner/ -innen,,,,8105.771
2021,Je 100 000 Einwohner/ -innen,,,,7816.997
1993,Je 100 000 Einwohner/ -innen,,,,10172.416
1994,Je 100 000 Einwohner/ -innen,,,,9732.496
1995,Je 100 000 Einwohner/ -innen,,,,10232.419
1996,Je 100 000 Einwohner/ -innen,,,,9264.181
1997,Je 100 000 Einwohner/ -innen,,,,9055.635
1998,Je 100 000 Einwohner/ -innen,,,,9136.844
1999,Je 100 000 Einwohner/ -innen,,,,8641.096
2000,Je 100 000 Einwohner/ -innen,,,,8921.709
2001,Je 100 000 Einwohner/ -innen,,,,8869.599
2002,Je 100 000 Einwohner/ -innen,,,,9225.22
2003,Je 100 000 Einwohner/ -innen,,,,9422.916
2004,Je 100 000 Einwohner/ -innen,,,,9173.319
2005,Je 100 000 Einwohner/ -innen,,,,8701.113
2006,Je 100 000 Einwohner/ -innen,,,,8636.899
2007,Je 100 000 Einwohner/ -innen,,,,8646.522
2008,Je 100 000 Einwohner/ -innen,,,,8562.115
2009,Je 100 000 Einwohner/ -innen,,,,8663.306
2010,Je 100 000 Einwohner/ -innen,,,,7912.869
2011,Je 100 000 Einwohner/ -innen,,,,7845.803
2012,Je 100 000 Einwohner/ -innen,,,,7562.737
2013,Je 100 000 Einwohner/ -innen,,,,7125.0
2014,Je 100 000 Einwohner/ -innen,,,,7184.1
2015,Je 100 000 Einwohner/ -innen,,,,7156.755
2016,Je 100 000 Einwohner/ -innen,,,,7224.962
2017,Je 100 000 Einwohner/ -innen,,,,6557.386
2018,Je 100 000 Einwohner/ -innen,,,,6467.321
2019,Je 100 000 Einwohner/ -innen,,,,6332.87
2020,Je 100 000 Einwohner/ -innen,,,,5989.759
2021,Je 100 000 Einwohner/ -innen,,,,6076.97
1993,Je 100 000 Einwohner/ -innen,,,,6331.544
1994,Je 100 000 Einwohner/ -innen,,,,6501.611
1995,Je 100 000 Einwohner/ -innen,,,,7448.463
1996,Je 100 000 Einwohner/ -innen,,,,7447.762
1997,Je 100 000 Einwohner/ -innen,,,,6959.749
1998,Je 100 000 Einwohner/ -innen,,,,7036.777
1999,Je 100 000 Einwohner/ -innen,,,,6584.864
2000,Je 100 000 Einwohner/ -innen,,,,6414.074
2001,Je 100 000 Einwohner/ -innen,,,,6664.577
2002,Je 100 000 Einwohner/ -innen,,,,6952.29
2003,Je 100 000 Einwohner/ -innen,,,,6986.982
2004,Je 100 000 Einwohner/ -innen,,,,6998.765
2005,Je 100 000 Einwohner/ -innen,,,,6547.534
2006,Je 100 000 Einwohner/ -innen,,,,6511.577
2007,Je 100 000 Einwohner/ -innen,,,,6454.177
2008,Je 100 000 Einwohner/ -innen,,,,6323.087
2009,Je 100 000 Einwohner/ -innen,,,,6213.414
2010,Je 100 000 Einwohner/ -innen,,,,6240.479
2011,Je 100 000 Einwohner/ -innen,,,,6239.159
2012,Je 100 000 Einwohner/ -innen,,,,6421.287
2013,Je 100 000 Einwohner/ -innen,,,,6556.7
2014,Je 100 000 Einwohner/ -innen,,,,6574.3
2015,Je 100 000 Einwohner/ -innen,,,,6502.349
2016,Je 100 000 Einwohner/ -innen,,,,6874.512
2017,Je 100 000 Einwohner/ -innen,,,,6637.095
2018,Je 100 000 Einwohner/ -innen,,,,6654.782
2019,Je 100 000 Einwohner/ -innen,,,,6033.236
2020,Je 100 000 Einwohner/ -innen,,,,6652.97
2021,Je 100 000 Einwohner/ -innen,,,,6150.775
1993,Je 100 000 Einwohner/ -innen,,,Gefährliche und schwere Körperverletzung,108.635
1994,Je 100 000 Einwohner/ -innen,,,,108.571
1995,Je 100 000 Einwohner/ -innen,,,,117.918
1996,Je 100 000 Einwohner/ -innen,,,,124.476
1997,Je 100 000 Einwohner/ -innen,,,,130.293
1998,Je 100 000 Einwohner/ -innen,,,,135.319
1999,Je 100 000 Einwohner/ -innen,,,,140.687
2000,Je 100 000 Einwohner/ -innen,,,,143.543
2001,Je 100 000 Einwohner/ -innen,,,,147.724
2002,Je 100 000 Einwohner/ -innen,,,,155.614
2003,Je 100 000 Einwohner/ -innen,,,,162.542
2004,Je 100 000 Einwohner/ -innen,,,,171.451
2005,Je 100 000 Einwohner/ -innen,,,,180.731
2006,Je 100 000 Einwohner/ -innen,,,,185.646
2007,Je 100 000 Einwohner/ -innen,,,,190.991
2008,Je 100 000 Einwohner/ -innen,,,,186.889
2009,Je 100 000 Einwohner/ -innen,,,,185.193
2010,Je 100 000 Einwohner/ -innen,,,,177.859
2011,Je 100 000 Einwohner/ -innen,,,,173.382
2012,Je 100 000 Einwohner/ -innen,,,,169.402
2013,Je 100 000 Einwohner/ -innen,,,,158.8
2014,Je 100 000 Einwohner/ -innen,,,,155.7
2015,Je 100 000 Einwohner/ -innen,,,,156.9
2016,Je 100 000 Einwohner/ -innen,,,,170.407
2017,Je 100 000 Einwohner/ -innen,,,,166.3
2018,Je 100 000 Einwohner/ -innen,,,,165.144
2019,Je 100 000 Einwohner/ -innen,,,,160.305
2020,Je 100 000 Einwohner/ -innen,,,,156.857
2021,Je 100 000 Einwohner/ -innen,,,,147.124
1993,Je 100 000 Einwohner/ -innen,,,,653.924
1994,Je 100 000 Einwohner/ -innen,,,,724.436
1995,Je 100 000 Einwohner/ -innen,,,,767.389
1996,Je 100 000 Einwohner/ -innen,,,,796.795
1997,Je 100 000 Einwohner/ -innen,,,,822.866
1998,Je 100 000 Einwohner/ -innen,,,,865.74
1999,Je 100 000 Einwohner/ -innen,,,,881.271
2000,Je 100 000 Einwohner/ -innen,,,,947.075
2001,Je 100 000 Einwohner/ -innen,,,,973.907
2002,Je 100 000 Einwohner/ -innen,,,,966.313
2003,Je 100 000 Einwohner/ -innen,,,,1073.724
2004,Je 100 000 Einwohner/ -innen,,,,1155.524
2005,Je 100 000 Einwohner/ -innen,,,,1166.926
2006,Je 100 000 Einwohner/ -innen,,,,1174.211
2007,Je 100 000 Einwohner/ -innen,,,,1125.97
2008,Je 100 000 Einwohner/ -innen,,,,1097.427
2009,Je 100 000 Einwohner/ -innen,,,,1185.581
2010,Je 100 000 Einwohner/ -innen,,,,1204.99
2011,Je 100 000 Einwohner/ -innen,,,,1165.368
2012,Je 100 000 Einwohner/ -innen,,,,1193.253
2013,Je 100 000 Einwohner/ -innen,,,,1164.7
2014,Je 100 000 Einwohner/ -innen,,,,1199.6
2015,Je 100 000 Einwohner/ -innen,,,,1190.1
2016,Je 100 000 Einwohner/ -innen,,,,1094.0
2017,Je 100 000 Einwohner/ -innen,,,,1103.2
2018,Je 100 000 Einwohner/ -innen,,,,1015.532
2019,Je 100 000 Einwohner/ -innen,,,,1003.341
2020,Je 100 000 Einwohner/ -innen,,,,971.632
2021,Je 100 000 Einwohner/ -innen,,,,954.388
1993,Je 100 000 Einwohner/ -innen,,,,281.031
1994,Je 100 000 Einwohner/ -innen,,,,260.192
1995,Je 100 000 Einwohner/ -innen,,,,260.099
1996,Je 100 000 Einwohner/ -innen,,,,240.52
1997,Je 100 000 Einwohner/ -innen,,,,223.254
1998,Je 100 000 Einwohner/ -innen,,,,204.606
1999,Je 100 000 Einwohner/ -innen,,,,183.106
2000,Je 100 000 Einwohner/ -innen,,,,171.909
2001,Je 100 000 Einwohner/ -innen,,,,164.145
2002,Je 100 000 Einwohner/ -innen,,,,159.443
2003,Je 100 000 Einwohner/ -innen,,,,151.1
2004,Je 100 000 Einwohner/ -innen,,,,152.32
2005,Je 100 000 Einwohner/ -innen,,,,134.805
2006,Je 100 000 Einwohner/ -innen,,,,130.562
2007,Je 100 000 Einwohner/ -innen,,,,134.599
2008,Je 100 000 Einwohner/ -innen,,,,133.836
2009,Je 100 000 Einwohner/ -innen,,,,141.158
2010,Je 100 000 Einwohner/ -innen,,,,151.03
2011,Je 100 000 Einwohner/ -innen,,,,165.285
2012,Je 100 000 Einwohner/ -innen,,,,179.411
2013,Je 100 000 Einwohner/ -innen,,,,185.7
2014,Je 100 000 Einwohner/ -innen,,,,188.3
2015,Je 100 000 Einwohner/ -innen,,,,205.8
2016,Je 100 000 Einwohner/ -innen,,,,184.075
2017,Je 100 000 Einwohner/ -innen,,,,141.2
2018,Je 100 000 Einwohner/ -innen,,,,117.769
2019,Je 100 000 Einwohner/ -innen,,,,104.97
2020,Je 100 000 Einwohner/ -innen,,,,90.208
2021,Je 100 000 Einwohner/ -innen,,,,65.223
1993,Je 100 000 Einwohner/ -innen,,,,7310.504
1994,Je 100 000 Einwohner/ -innen,,,,6969.442
1995,Je 100 000 Einwohner/ -innen,,,,7066.485
1996,Je 100 000 Einwohner/ -innen,,,,7004.051
1997,Je 100 000 Einwohner/ -innen,,,,6902.249
1998,Je 100 000 Einwohner/ -innen,,,,6717.579
1999,Je 100 000 Einwohner/ -innen,,,,6537.571
2000,Je 100 000 Einwohner/ -innen,,,,6429.227
2001,Je 100 000 Einwohner/ -innen,,,,6525.908
2002,Je 100 000 Einwohner/ -innen,,,,6696.451
2003,Je 100 000 Einwohner/ -innen,,,,6667.887
2004,Je 100 000 Einwohner/ -innen,,,,6658.625
2005,Je 100 000 Einwohner/ -innen,,,,6369.412
2006,Je 100 000 Einwohner/ -innen,,,,6266.75
2007,Je 100 000 Einwohner/ -innen,,,,6299.947
2008,Je 100 000 Einwohner/ -innen,,,,6138.74
2009,Je 100 000 Einwohner/ -innen,,,,5997.87
2010,Je 100 000 Einwohner/ -innen,,,,5850.772
2011,Je 100 000 Einwohner/ -innen,,,,5963.585
2012,Je 100 000 Einwohner/ -innen,,,,5923.634
2013,Je 100 000 Einwohner/ -innen,,,,5894.4
2014,Je 100 000 Einwohner/ -innen,,,,5986.7
2015,Je 100 000 Einwohner/ -innen,,,,6243.8
2016,Je 100 000 Einwohner/ -innen,,,,6306.277
2017,Je 100 000 Einwohner/ -innen,,,,5571.7
2018,Je 100 000 Einwohner/ -innen,,,,5411.739
2019,Je 100 000 Einwohner/ -innen,,,,5279.749
2020,Je 100 000 Einwohner/ -innen,,,,5166.816
2021,Je 100 000 Einwohner/ -innen,,,,4903.685
