Year,Units,Value
2006,Anzahl,8.0
2007,Anzahl,6.0
2008,Anzahl,8.0
2009,Anzahl,2.0
2010,Anzahl,3.0
2011,Anzahl,11.0
2012,Anzahl,15.0
2013,Anzahl,14.0
2014,Anzahl,15.0
2015,Anzahl,26.0
2016,Anzahl,26.0
2017,Anzahl,19.0
2018,Anzahl,36.0
2019,Anzahl,31.0
2020,Anzahl,38.0
2021,Anzahl,38.0
2006,Anzahl,8.0
2007,Anzahl,6.0
2008,Anzahl,8.0
2009,Anzahl,2.0
2010,Anzahl,3.0
2011,Anzahl,11.0
2012,Anzahl,15.0
2013,Anzahl,14.0
2014,Anzahl,15.0
2015,Anzahl,26.0
2016,Anzahl,26.0
2017,Anzahl,19.0
2018,Anzahl,36.0
2019,Anzahl,31.0
2020,Anzahl,38.0
