Year,Units,Bundesland,GeoCode,Zeitreihe,Value
2005,Anzahl,,,,140519.0
2006,Anzahl,,,,141289.0
2007,Anzahl,,,,136087.0
2008,Anzahl,,,,140832.0
2009,Anzahl,,,,147152.0
2010,Anzahl,,,,153690.0
2011,Anzahl,,,,158557.0
2012,Anzahl,,,,170618.0
2013,Anzahl,,,,185787.0
2014,Anzahl,,,,200349.0
2015,Anzahl,,,,215258.0
2016,Anzahl,,,,230688.0
2017,Anzahl,,,,247435.0
2018,Anzahl,,,,267250.0
2019,Anzahl,,,,285449.0
2020,Anzahl,,,,298151.0
2006,Anzahl,Baden-Württemberg,code08,,20133.0
2007,Anzahl,Baden-Württemberg,code08,,19383.0
2008,Anzahl,Baden-Württemberg,code08,,19840.0
2009,Anzahl,Baden-Württemberg,code08,,20914.0
2010,Anzahl,Baden-Württemberg,code08,,21886.0
2011,Anzahl,Baden-Württemberg,code08,,21857.0
2012,Anzahl,Baden-Württemberg,code08,,24175.0
2013,Anzahl,Baden-Württemberg,code08,,26218.0
2014,Anzahl,Baden-Württemberg,code08,,28199.0
2015,Anzahl,Baden-Württemberg,code08,,30019.0
2016,Anzahl,Baden-Württemberg,code08,,32126.0
2017,Anzahl,Baden-Württemberg,code08,,32564.0
2018,Anzahl,Baden-Württemberg,code08,,32221.0
2019,Anzahl,Baden-Württemberg,code08,,31590.0
2020,Anzahl,Baden-Württemberg,code08,,30143.0
2006,Anzahl,Bayern,code09,,13978.0
2007,Anzahl,Bayern,code09,,13633.0
2008,Anzahl,Bayern,code09,,14130.0
2009,Anzahl,Bayern,code09,,14747.0
2010,Anzahl,Bayern,code09,,15618.0
2011,Anzahl,Bayern,code09,,16297.0
2012,Anzahl,Bayern,code09,,17742.0
2013,Anzahl,Bayern,code09,,20459.0
2014,Anzahl,Bayern,code09,,22184.0
2015,Anzahl,Bayern,code09,,24310.0
2016,Anzahl,Bayern,code09,,26347.0
2017,Anzahl,Bayern,code09,,30357.0
2018,Anzahl,Bayern,code09,,34357.0
2019,Anzahl,Bayern,code09,,37939.0
2020,Anzahl,Bayern,code09,,42253.0
2006,Anzahl,Berlin,code11,,9715.0
2007,Anzahl,Berlin,code11,,10005.0
2008,Anzahl,Berlin,code11,,10531.0
2009,Anzahl,Berlin,code11,,10914.0
2010,Anzahl,Berlin,code11,,11647.0
2011,Anzahl,Berlin,code11,,11931.0
2012,Anzahl,Berlin,code11,,12536.0
2013,Anzahl,Berlin,code11,,13498.0
2014,Anzahl,Berlin,code11,,14509.0
2015,Anzahl,Berlin,code11,,15767.0
2016,Anzahl,Berlin,code11,,17179.0
2017,Anzahl,Berlin,code11,,19899.0
2018,Anzahl,Berlin,code11,,22086.0
2019,Anzahl,Berlin,code11,,24341.0
2020,Anzahl,Berlin,code11,,25828.0
2006,Anzahl,Brandenburg,code12,,2568.0
2007,Anzahl,Brandenburg,code12,,2630.0
2008,Anzahl,Brandenburg,code12,,2675.0
2009,Anzahl,Brandenburg,code12,,2808.0
2010,Anzahl,Brandenburg,code12,,2862.0
2011,Anzahl,Brandenburg,code12,,3045.0
2012,Anzahl,Brandenburg,code12,,3374.0
2013,Anzahl,Brandenburg,code12,,3522.0
2014,Anzahl,Brandenburg,code12,,3754.0
2015,Anzahl,Brandenburg,code12,,4022.0
2016,Anzahl,Brandenburg,code12,,4418.0
2017,Anzahl,Brandenburg,code12,,4947.0
2018,Anzahl,Brandenburg,code12,,5378.0
2019,Anzahl,Brandenburg,code12,,5905.0
2020,Anzahl,Brandenburg,code12,,6244.0
2006,Anzahl,Bremen,code04,,3789.0
2007,Anzahl,Bremen,code04,,3644.0
2008,Anzahl,Bremen,code04,,3552.0
2009,Anzahl,Bremen,code04,,3467.0
2010,Anzahl,Bremen,code04,,3350.0
2011,Anzahl,Bremen,code04,,3378.0
2012,Anzahl,Bremen,code04,,3430.0
2013,Anzahl,Bremen,code04,,3583.0
2014,Anzahl,Bremen,code04,,3741.0
2015,Anzahl,Bremen,code04,,3855.0
2016,Anzahl,Bremen,code04,,4047.0
2017,Anzahl,Bremen,code04,,4533.0
2018,Anzahl,Bremen,code04,,4716.0
2019,Anzahl,Bremen,code04,,5144.0
2020,Anzahl,Bremen,code04,,5349.0
2006,Anzahl,Hamburg,code02,,5311.0
2007,Anzahl,Hamburg,code02,,4970.0
2008,Anzahl,Hamburg,code02,,5028.0
2009,Anzahl,Hamburg,code02,,5202.0
2010,Anzahl,Hamburg,code02,,5384.0
2011,Anzahl,Hamburg,code02,,5611.0
2012,Anzahl,Hamburg,code02,,5981.0
2013,Anzahl,Hamburg,code02,,6189.0
2014,Anzahl,Hamburg,code02,,6366.0
2015,Anzahl,Hamburg,code02,,6741.0
2016,Anzahl,Hamburg,code02,,7205.0
2017,Anzahl,Hamburg,code02,,7685.0
2018,Anzahl,Hamburg,code02,,8619.0
2019,Anzahl,Hamburg,code02,,9058.0
2020,Anzahl,Hamburg,code02,,9345.0
2006,Anzahl,Hessen,code06,,14955.0
2007,Anzahl,Hessen,code06,,13532.0
2008,Anzahl,Hessen,code06,,15441.0
2009,Anzahl,Hessen,code06,,17026.0
2010,Anzahl,Hessen,code06,,18427.0
2011,Anzahl,Hessen,code06,,18524.0
2012,Anzahl,Hessen,code06,,19593.0
2013,Anzahl,Hessen,code06,,21041.0
2014,Anzahl,Hessen,code06,,22324.0
2015,Anzahl,Hessen,code06,,23542.0
2016,Anzahl,Hessen,code06,,24605.0
2017,Anzahl,Hessen,code06,,25754.0
2018,Anzahl,Hessen,code06,,27467.0
2019,Anzahl,Hessen,code06,,28777.0
2020,Anzahl,Hessen,code06,,29788.0
2006,Anzahl,Mecklenburg-Vorpommern,code13,,1194.0
2007,Anzahl,Mecklenburg-Vorpommern,code13,,1207.0
2008,Anzahl,Mecklenburg-Vorpommern,code13,,1195.0
2009,Anzahl,Mecklenburg-Vorpommern,code13,,1291.0
2010,Anzahl,Mecklenburg-Vorpommern,code13,,1390.0
2011,Anzahl,Mecklenburg-Vorpommern,code13,,1405.0
2012,Anzahl,Mecklenburg-Vorpommern,code13,,1442.0
2013,Anzahl,Mecklenburg-Vorpommern,code13,,1618.0
2014,Anzahl,Mecklenburg-Vorpommern,code13,,1759.0
2015,Anzahl,Mecklenburg-Vorpommern,code13,,1972.0
2016,Anzahl,Mecklenburg-Vorpommern,code13,,2303.0
2017,Anzahl,Mecklenburg-Vorpommern,code13,,2775.0
2018,Anzahl,Mecklenburg-Vorpommern,code13,,3115.0
2019,Anzahl,Mecklenburg-Vorpommern,code13,,3247.0
2020,Anzahl,Mecklenburg-Vorpommern,code13,,3352.0
2006,Anzahl,Niedersachsen,code03,,10759.0
2007,Anzahl,Niedersachsen,code03,,10237.0
2008,Anzahl,Niedersachsen,code03,,10357.0
2009,Anzahl,Niedersachsen,code03,,10402.0
2010,Anzahl,Niedersachsen,code03,,10444.0
2011,Anzahl,Niedersachsen,code03,,10452.0
2012,Anzahl,Niedersachsen,code03,,11133.0
2013,Anzahl,Niedersachsen,code03,,12109.0
2014,Anzahl,Niedersachsen,code03,,13195.0
2015,Anzahl,Niedersachsen,code03,,14657.0
2016,Anzahl,Niedersachsen,code03,,15932.0
2017,Anzahl,Niedersachsen,code03,,17702.0
2018,Anzahl,Niedersachsen,code03,,19333.0
2019,Anzahl,Niedersachsen,code03,,20687.0
2020,Anzahl,Niedersachsen,code03,,21354.0
2006,Anzahl,Nordrhein-Westfalen,code05,,38324.0
2007,Anzahl,Nordrhein-Westfalen,code05,,35303.0
2008,Anzahl,Nordrhein-Westfalen,code05,,36388.0
2009,Anzahl,Nordrhein-Westfalen,code05,,37820.0
2010,Anzahl,Nordrhein-Westfalen,code05,,38968.0
2011,Anzahl,Nordrhein-Westfalen,code05,,41572.0
2012,Anzahl,Nordrhein-Westfalen,code05,,44860.0
2013,Anzahl,Nordrhein-Westfalen,code05,,48945.0
2014,Anzahl,Nordrhein-Westfalen,code05,,53164.0
2015,Anzahl,Nordrhein-Westfalen,code05,,56422.0
2016,Anzahl,Nordrhein-Westfalen,code05,,60688.0
2017,Anzahl,Nordrhein-Westfalen,code05,,63089.0
2018,Anzahl,Nordrhein-Westfalen,code05,,67424.0
2019,Anzahl,Nordrhein-Westfalen,code05,,72166.0
2020,Anzahl,Nordrhein-Westfalen,code05,,75112.0
2006,Anzahl,Rheinland-Pfalz,code07,,6488.0
2007,Anzahl,Rheinland-Pfalz,code07,,6993.0
2008,Anzahl,Rheinland-Pfalz,code07,,7166.0
2009,Anzahl,Rheinland-Pfalz,code07,,6992.0
2010,Anzahl,Rheinland-Pfalz,code07,,7023.0
2011,Anzahl,Rheinland-Pfalz,code07,,6748.0
2012,Anzahl,Rheinland-Pfalz,code07,,6820.0
2013,Anzahl,Rheinland-Pfalz,code07,,6951.0
2014,Anzahl,Rheinland-Pfalz,code07,,7214.0
2015,Anzahl,Rheinland-Pfalz,code07,,7575.0
2016,Anzahl,Rheinland-Pfalz,code07,,8177.0
2017,Anzahl,Rheinland-Pfalz,code07,,8928.0
2018,Anzahl,Rheinland-Pfalz,code07,,10194.0
2019,Anzahl,Rheinland-Pfalz,code07,,11069.0
2020,Anzahl,Rheinland-Pfalz,code07,,11896.0
2006,Anzahl,Saarland,code10,,1572.0
2007,Anzahl,Saarland,code10,,1573.0
2008,Anzahl,Saarland,code10,,1597.0
2009,Anzahl,Saarland,code10,,1708.0
2010,Anzahl,Saarland,code10,,1959.0
2011,Anzahl,Saarland,code10,,2085.0
2012,Anzahl,Saarland,code10,,2164.0
2013,Anzahl,Saarland,code10,,2246.0
2014,Anzahl,Saarland,code10,,2331.0
2015,Anzahl,Saarland,code10,,2413.0
2016,Anzahl,Saarland,code10,,2419.0
2017,Anzahl,Saarland,code10,,2481.0
2018,Anzahl,Saarland,code10,,2725.0
2019,Anzahl,Saarland,code10,,2961.0
2020,Anzahl,Saarland,code10,,3114.0
2006,Anzahl,Sachsen,code14,,4963.0
2007,Anzahl,Sachsen,code14,,5139.0
2008,Anzahl,Sachsen,code14,,5053.0
2009,Anzahl,Sachsen,code14,,5332.0
2010,Anzahl,Sachsen,code14,,5542.0
2011,Anzahl,Sachsen,code14,,5966.0
2012,Anzahl,Sachsen,code14,,6748.0
2013,Anzahl,Sachsen,code14,,7873.0
2014,Anzahl,Sachsen,code14,,9023.0
2015,Anzahl,Sachsen,code14,,10278.0
2016,Anzahl,Sachsen,code14,,10829.0
2017,Anzahl,Sachsen,code14,,11340.0
2018,Anzahl,Sachsen,code14,,12575.0
2019,Anzahl,Sachsen,code14,,13267.0
2020,Anzahl,Sachsen,code14,,13507.0
2006,Anzahl,Sachsen-Anhalt,code15,,3198.0
2007,Anzahl,Sachsen-Anhalt,code15,,3247.0
2008,Anzahl,Sachsen-Anhalt,code15,,3251.0
2009,Anzahl,Sachsen-Anhalt,code15,,3463.0
2010,Anzahl,Sachsen-Anhalt,code15,,3712.0
2011,Anzahl,Sachsen-Anhalt,code15,,4041.0
2012,Anzahl,Sachsen-Anhalt,code15,,4444.0
2013,Anzahl,Sachsen-Anhalt,code15,,4705.0
2014,Anzahl,Sachsen-Anhalt,code15,,5080.0
2015,Anzahl,Sachsen-Anhalt,code15,,5582.0
2016,Anzahl,Sachsen-Anhalt,code15,,5650.0
2017,Anzahl,Sachsen-Anhalt,code15,,6091.0
2018,Anzahl,Sachsen-Anhalt,code15,,6641.0
2019,Anzahl,Sachsen-Anhalt,code15,,7321.0
2020,Anzahl,Sachsen-Anhalt,code15,,7679.0
2006,Anzahl,Schleswig-Holstein,code01,,2406.0
2007,Anzahl,Schleswig-Holstein,code01,,2416.0
2008,Anzahl,Schleswig-Holstein,code01,,2436.0
2009,Anzahl,Schleswig-Holstein,code01,,2523.0
2010,Anzahl,Schleswig-Holstein,code01,,2569.0
2011,Anzahl,Schleswig-Holstein,code01,,2633.0
2012,Anzahl,Schleswig-Holstein,code01,,2764.0
2013,Anzahl,Schleswig-Holstein,code01,,2830.0
2014,Anzahl,Schleswig-Holstein,code01,,2998.0
2015,Anzahl,Schleswig-Holstein,code01,,3155.0
2016,Anzahl,Schleswig-Holstein,code01,,3586.0
2017,Anzahl,Schleswig-Holstein,code01,,3667.0
2018,Anzahl,Schleswig-Holstein,code01,,4002.0
2019,Anzahl,Schleswig-Holstein,code01,,4276.0
2020,Anzahl,Schleswig-Holstein,code01,,4402.0
2006,Anzahl,Thüringen,code16,,1937.0
2007,Anzahl,Thüringen,code16,,2176.0
2008,Anzahl,Thüringen,code16,,2192.0
2009,Anzahl,Thüringen,code16,,2543.0
2010,Anzahl,Thüringen,code16,,2909.0
2011,Anzahl,Thüringen,code16,,3012.0
2012,Anzahl,Thüringen,code16,,3412.0
2013,Anzahl,Thüringen,code16,,4000.0
2014,Anzahl,Thüringen,code16,,4508.0
2015,Anzahl,Thüringen,code16,,4948.0
2016,Anzahl,Thüringen,code16,,5180.0
2017,Anzahl,Thüringen,code16,,5623.0
2018,Anzahl,Thüringen,code16,,6397.0
2019,Anzahl,Thüringen,code16,,7700.0
2020,Anzahl,Thüringen,code16,,8785.0
2005,Anzahl,,,Studierende aus LDCs,4960.0
2006,Anzahl,,,Studierende aus LDCs,5012.0
2007,Anzahl,,,Studierende aus LDCs,4933.0
2008,Anzahl,,,Studierende aus LDCs,5331.0
2009,Anzahl,,,Studierende aus LDCs,5738.0
2010,Anzahl,,,Studierende aus LDCs,6300.0
2011,Anzahl,,,Studierende aus LDCs,6925.0
2012,Anzahl,,,Studierende aus LDCs,7577.0
2013,Anzahl,,,Studierende aus LDCs,8348.0
2014,Anzahl,,,Studierende aus LDCs,9244.0
2015,Anzahl,,,Studierende aus LDCs,9746.0
2016,Anzahl,,,Studierende aus LDCs,10119.0
2017,Anzahl,,,Studierende aus LDCs,10576.0
2018,Anzahl,,,Studierende aus LDCs,11525.0
2019,Anzahl,,,Studierende aus LDCs,13067.0
2020,Anzahl,,,Studierende aus LDCs,15055.0
2005,Anzahl,Baden-Württemberg,code08,Studierende aus LDCs,502.0
2006,Anzahl,Baden-Württemberg,code08,Studierende aus LDCs,524.0
2007,Anzahl,Baden-Württemberg,code08,Studierende aus LDCs,532.0
2008,Anzahl,Baden-Württemberg,code08,Studierende aus LDCs,559.0
2009,Anzahl,Baden-Württemberg,code08,Studierende aus LDCs,598.0
2010,Anzahl,Baden-Württemberg,code08,Studierende aus LDCs,669.0
2011,Anzahl,Baden-Württemberg,code08,Studierende aus LDCs,704.0
2012,Anzahl,Baden-Württemberg,code08,Studierende aus LDCs,808.0
2013,Anzahl,Baden-Württemberg,code08,Studierende aus LDCs,895.0
2014,Anzahl,Baden-Württemberg,code08,Studierende aus LDCs,957.0
2015,Anzahl,Baden-Württemberg,code08,Studierende aus LDCs,939.0
2016,Anzahl,Baden-Württemberg,code08,Studierende aus LDCs,937.0
2017,Anzahl,Baden-Württemberg,code08,Studierende aus LDCs,857.0
2018,Anzahl,Baden-Württemberg,code08,Studierende aus LDCs,833.0
2019,Anzahl,Baden-Württemberg,code08,Studierende aus LDCs,794.0
2020,Anzahl,Baden-Württemberg,code08,Studierende aus LDCs,817.0
2005,Anzahl,Bayern,code09,Studierende aus LDCs,320.0
2006,Anzahl,Bayern,code09,Studierende aus LDCs,359.0
2007,Anzahl,Bayern,code09,Studierende aus LDCs,352.0
2008,Anzahl,Bayern,code09,Studierende aus LDCs,402.0
2009,Anzahl,Bayern,code09,Studierende aus LDCs,436.0
2010,Anzahl,Bayern,code09,Studierende aus LDCs,476.0
2011,Anzahl,Bayern,code09,Studierende aus LDCs,568.0
2012,Anzahl,Bayern,code09,Studierende aus LDCs,624.0
2013,Anzahl,Bayern,code09,Studierende aus LDCs,716.0
2014,Anzahl,Bayern,code09,Studierende aus LDCs,812.0
2015,Anzahl,Bayern,code09,Studierende aus LDCs,859.0
2016,Anzahl,Bayern,code09,Studierende aus LDCs,884.0
2017,Anzahl,Bayern,code09,Studierende aus LDCs,1036.0
2018,Anzahl,Bayern,code09,Studierende aus LDCs,1170.0
2019,Anzahl,Bayern,code09,Studierende aus LDCs,1347.0
2020,Anzahl,Bayern,code09,Studierende aus LDCs,1751.0
2005,Anzahl,Berlin,code11,Studierende aus LDCs,362.0
2006,Anzahl,Berlin,code11,Studierende aus LDCs,370.0
2007,Anzahl,Berlin,code11,Studierende aus LDCs,337.0
2008,Anzahl,Berlin,code11,Studierende aus LDCs,404.0
2009,Anzahl,Berlin,code11,Studierende aus LDCs,441.0
2010,Anzahl,Berlin,code11,Studierende aus LDCs,505.0
2011,Anzahl,Berlin,code11,Studierende aus LDCs,570.0
2012,Anzahl,Berlin,code11,Studierende aus LDCs,582.0
2013,Anzahl,Berlin,code11,Studierende aus LDCs,634.0
2014,Anzahl,Berlin,code11,Studierende aus LDCs,726.0
2015,Anzahl,Berlin,code11,Studierende aus LDCs,751.0
2016,Anzahl,Berlin,code11,Studierende aus LDCs,755.0
2017,Anzahl,Berlin,code11,Studierende aus LDCs,852.0
2018,Anzahl,Berlin,code11,Studierende aus LDCs,896.0
2019,Anzahl,Berlin,code11,Studierende aus LDCs,1002.0
2020,Anzahl,Berlin,code11,Studierende aus LDCs,1115.0
2005,Anzahl,Brandenburg,code12,Studierende aus LDCs,124.0
2006,Anzahl,Brandenburg,code12,Studierende aus LDCs,121.0
2007,Anzahl,Brandenburg,code12,Studierende aus LDCs,123.0
2008,Anzahl,Brandenburg,code12,Studierende aus LDCs,122.0
2009,Anzahl,Brandenburg,code12,Studierende aus LDCs,125.0
2010,Anzahl,Brandenburg,code12,Studierende aus LDCs,148.0
2011,Anzahl,Brandenburg,code12,Studierende aus LDCs,154.0
2012,Anzahl,Brandenburg,code12,Studierende aus LDCs,193.0
2013,Anzahl,Brandenburg,code12,Studierende aus LDCs,226.0
2014,Anzahl,Brandenburg,code12,Studierende aus LDCs,277.0
2015,Anzahl,Brandenburg,code12,Studierende aus LDCs,321.0
2016,Anzahl,Brandenburg,code12,Studierende aus LDCs,311.0
2017,Anzahl,Brandenburg,code12,Studierende aus LDCs,356.0
2018,Anzahl,Brandenburg,code12,Studierende aus LDCs,400.0
2019,Anzahl,Brandenburg,code12,Studierende aus LDCs,495.0
2020,Anzahl,Brandenburg,code12,Studierende aus LDCs,582.0
2005,Anzahl,Bremen,code04,Studierende aus LDCs,188.0
2006,Anzahl,Bremen,code04,Studierende aus LDCs,192.0
2007,Anzahl,Bremen,code04,Studierende aus LDCs,206.0
2008,Anzahl,Bremen,code04,Studierende aus LDCs,194.0
2009,Anzahl,Bremen,code04,Studierende aus LDCs,194.0
2010,Anzahl,Bremen,code04,Studierende aus LDCs,203.0
2011,Anzahl,Bremen,code04,Studierende aus LDCs,227.0
2012,Anzahl,Bremen,code04,Studierende aus LDCs,255.0
2013,Anzahl,Bremen,code04,Studierende aus LDCs,261.0
2014,Anzahl,Bremen,code04,Studierende aus LDCs,235.0
2015,Anzahl,Bremen,code04,Studierende aus LDCs,262.0
2016,Anzahl,Bremen,code04,Studierende aus LDCs,277.0
2017,Anzahl,Bremen,code04,Studierende aus LDCs,312.0
2018,Anzahl,Bremen,code04,Studierende aus LDCs,337.0
2019,Anzahl,Bremen,code04,Studierende aus LDCs,395.0
2020,Anzahl,Bremen,code04,Studierende aus LDCs,471.0
2005,Anzahl,Hamburg,code02,Studierende aus LDCs,292.0
2006,Anzahl,Hamburg,code02,Studierende aus LDCs,281.0
2007,Anzahl,Hamburg,code02,Studierende aus LDCs,260.0
2008,Anzahl,Hamburg,code02,Studierende aus LDCs,285.0
2009,Anzahl,Hamburg,code02,Studierende aus LDCs,317.0
2010,Anzahl,Hamburg,code02,Studierende aus LDCs,331.0
2011,Anzahl,Hamburg,code02,Studierende aus LDCs,338.0
2012,Anzahl,Hamburg,code02,Studierende aus LDCs,342.0
2013,Anzahl,Hamburg,code02,Studierende aus LDCs,369.0
2014,Anzahl,Hamburg,code02,Studierende aus LDCs,383.0
2015,Anzahl,Hamburg,code02,Studierende aus LDCs,409.0
2016,Anzahl,Hamburg,code02,Studierende aus LDCs,421.0
2017,Anzahl,Hamburg,code02,Studierende aus LDCs,442.0
2018,Anzahl,Hamburg,code02,Studierende aus LDCs,495.0
2019,Anzahl,Hamburg,code02,Studierende aus LDCs,573.0
2020,Anzahl,Hamburg,code02,Studierende aus LDCs,621.0
2005,Anzahl,Hessen,code06,Studierende aus LDCs,728.0
2006,Anzahl,Hessen,code06,Studierende aus LDCs,731.0
2007,Anzahl,Hessen,code06,Studierende aus LDCs,665.0
2008,Anzahl,Hessen,code06,Studierende aus LDCs,766.0
2009,Anzahl,Hessen,code06,Studierende aus LDCs,843.0
2010,Anzahl,Hessen,code06,Studierende aus LDCs,904.0
2011,Anzahl,Hessen,code06,Studierende aus LDCs,968.0
2012,Anzahl,Hessen,code06,Studierende aus LDCs,1062.0
2013,Anzahl,Hessen,code06,Studierende aus LDCs,1158.0
2014,Anzahl,Hessen,code06,Studierende aus LDCs,1263.0
2015,Anzahl,Hessen,code06,Studierende aus LDCs,1345.0
2016,Anzahl,Hessen,code06,Studierende aus LDCs,1352.0
2017,Anzahl,Hessen,code06,Studierende aus LDCs,1385.0
2018,Anzahl,Hessen,code06,Studierende aus LDCs,1481.0
2019,Anzahl,Hessen,code06,Studierende aus LDCs,1649.0
2020,Anzahl,Hessen,code06,Studierende aus LDCs,1826.0
2005,Anzahl,Mecklenburg-Vorpommern,code13,Studierende aus LDCs,61.0
2006,Anzahl,Mecklenburg-Vorpommern,code13,Studierende aus LDCs,66.0
2007,Anzahl,Mecklenburg-Vorpommern,code13,Studierende aus LDCs,68.0
2008,Anzahl,Mecklenburg-Vorpommern,code13,Studierende aus LDCs,69.0
2009,Anzahl,Mecklenburg-Vorpommern,code13,Studierende aus LDCs,79.0
2010,Anzahl,Mecklenburg-Vorpommern,code13,Studierende aus LDCs,86.0
2011,Anzahl,Mecklenburg-Vorpommern,code13,Studierende aus LDCs,103.0
2012,Anzahl,Mecklenburg-Vorpommern,code13,Studierende aus LDCs,104.0
2013,Anzahl,Mecklenburg-Vorpommern,code13,Studierende aus LDCs,118.0
2014,Anzahl,Mecklenburg-Vorpommern,code13,Studierende aus LDCs,133.0
2015,Anzahl,Mecklenburg-Vorpommern,code13,Studierende aus LDCs,123.0
2016,Anzahl,Mecklenburg-Vorpommern,code13,Studierende aus LDCs,141.0
2017,Anzahl,Mecklenburg-Vorpommern,code13,Studierende aus LDCs,143.0
2018,Anzahl,Mecklenburg-Vorpommern,code13,Studierende aus LDCs,172.0
2019,Anzahl,Mecklenburg-Vorpommern,code13,Studierende aus LDCs,177.0
2020,Anzahl,Mecklenburg-Vorpommern,code13,Studierende aus LDCs,155.0
2005,Anzahl,Niedersachsen,code03,Studierende aus LDCs,374.0
2006,Anzahl,Niedersachsen,code03,Studierende aus LDCs,351.0
2007,Anzahl,Niedersachsen,code03,Studierende aus LDCs,340.0
2008,Anzahl,Niedersachsen,code03,Studierende aus LDCs,337.0
2009,Anzahl,Niedersachsen,code03,Studierende aus LDCs,332.0
2010,Anzahl,Niedersachsen,code03,Studierende aus LDCs,388.0
2011,Anzahl,Niedersachsen,code03,Studierende aus LDCs,406.0
2012,Anzahl,Niedersachsen,code03,Studierende aus LDCs,424.0
2013,Anzahl,Niedersachsen,code03,Studierende aus LDCs,467.0
2014,Anzahl,Niedersachsen,code03,Studierende aus LDCs,535.0
2015,Anzahl,Niedersachsen,code03,Studierende aus LDCs,597.0
2016,Anzahl,Niedersachsen,code03,Studierende aus LDCs,667.0
2017,Anzahl,Niedersachsen,code03,Studierende aus LDCs,703.0
2018,Anzahl,Niedersachsen,code03,Studierende aus LDCs,757.0
2019,Anzahl,Niedersachsen,code03,Studierende aus LDCs,830.0
2020,Anzahl,Niedersachsen,code03,Studierende aus LDCs,949.0
2005,Anzahl,Nordrhein-Westfalen,code05,Studierende aus LDCs,1261.0
2006,Anzahl,Nordrhein-Westfalen,code05,Studierende aus LDCs,1213.0
2007,Anzahl,Nordrhein-Westfalen,code05,Studierende aus LDCs,1183.0
2008,Anzahl,Nordrhein-Westfalen,code05,Studierende aus LDCs,1229.0
2009,Anzahl,Nordrhein-Westfalen,code05,Studierende aus LDCs,1304.0
2010,Anzahl,Nordrhein-Westfalen,code05,Studierende aus LDCs,1393.0
2011,Anzahl,Nordrhein-Westfalen,code05,Studierende aus LDCs,1666.0
2012,Anzahl,Nordrhein-Westfalen,code05,Studierende aus LDCs,1865.0
2013,Anzahl,Nordrhein-Westfalen,code05,Studierende aus LDCs,2057.0
2014,Anzahl,Nordrhein-Westfalen,code05,Studierende aus LDCs,2399.0
2015,Anzahl,Nordrhein-Westfalen,code05,Studierende aus LDCs,2518.0
2016,Anzahl,Nordrhein-Westfalen,code05,Studierende aus LDCs,2666.0
2017,Anzahl,Nordrhein-Westfalen,code05,Studierende aus LDCs,2684.0
2018,Anzahl,Nordrhein-Westfalen,code05,Studierende aus LDCs,2921.0
2019,Anzahl,Nordrhein-Westfalen,code05,Studierende aus LDCs,3316.0
2020,Anzahl,Nordrhein-Westfalen,code05,Studierende aus LDCs,3768.0
2005,Anzahl,Rheinland-Pfalz,code07,Studierende aus LDCs,239.0
2006,Anzahl,Rheinland-Pfalz,code07,Studierende aus LDCs,271.0
2007,Anzahl,Rheinland-Pfalz,code07,Studierende aus LDCs,313.0
2008,Anzahl,Rheinland-Pfalz,code07,Studierende aus LDCs,335.0
2009,Anzahl,Rheinland-Pfalz,code07,Studierende aus LDCs,336.0
2010,Anzahl,Rheinland-Pfalz,code07,Studierende aus LDCs,373.0
2011,Anzahl,Rheinland-Pfalz,code07,Studierende aus LDCs,344.0
2012,Anzahl,Rheinland-Pfalz,code07,Studierende aus LDCs,339.0
2013,Anzahl,Rheinland-Pfalz,code07,Studierende aus LDCs,348.0
2014,Anzahl,Rheinland-Pfalz,code07,Studierende aus LDCs,389.0
2015,Anzahl,Rheinland-Pfalz,code07,Studierende aus LDCs,409.0
2016,Anzahl,Rheinland-Pfalz,code07,Studierende aus LDCs,422.0
2017,Anzahl,Rheinland-Pfalz,code07,Studierende aus LDCs,432.0
2018,Anzahl,Rheinland-Pfalz,code07,Studierende aus LDCs,500.0
2019,Anzahl,Rheinland-Pfalz,code07,Studierende aus LDCs,562.0
2020,Anzahl,Rheinland-Pfalz,code07,Studierende aus LDCs,665.0
2005,Anzahl,Saarland,code10,Studierende aus LDCs,95.0
2006,Anzahl,Saarland,code10,Studierende aus LDCs,93.0
2007,Anzahl,Saarland,code10,Studierende aus LDCs,106.0
2008,Anzahl,Saarland,code10,Studierende aus LDCs,110.0
2009,Anzahl,Saarland,code10,Studierende aus LDCs,104.0
2010,Anzahl,Saarland,code10,Studierende aus LDCs,130.0
2011,Anzahl,Saarland,code10,Studierende aus LDCs,118.0
2012,Anzahl,Saarland,code10,Studierende aus LDCs,115.0
2013,Anzahl,Saarland,code10,Studierende aus LDCs,116.0
2014,Anzahl,Saarland,code10,Studierende aus LDCs,124.0
2015,Anzahl,Saarland,code10,Studierende aus LDCs,126.0
2016,Anzahl,Saarland,code10,Studierende aus LDCs,128.0
2017,Anzahl,Saarland,code10,Studierende aus LDCs,127.0
2018,Anzahl,Saarland,code10,Studierende aus LDCs,130.0
2019,Anzahl,Saarland,code10,Studierende aus LDCs,140.0
2020,Anzahl,Saarland,code10,Studierende aus LDCs,160.0
2005,Anzahl,Sachsen,code14,Studierende aus LDCs,184.0
2006,Anzahl,Sachsen,code14,Studierende aus LDCs,200.0
2007,Anzahl,Sachsen,code14,Studierende aus LDCs,195.0
2008,Anzahl,Sachsen,code14,Studierende aus LDCs,218.0
2009,Anzahl,Sachsen,code14,Studierende aus LDCs,240.0
2010,Anzahl,Sachsen,code14,Studierende aus LDCs,237.0
2011,Anzahl,Sachsen,code14,Studierende aus LDCs,272.0
2012,Anzahl,Sachsen,code14,Studierende aus LDCs,317.0
2013,Anzahl,Sachsen,code14,Studierende aus LDCs,378.0
2014,Anzahl,Sachsen,code14,Studierende aus LDCs,391.0
2015,Anzahl,Sachsen,code14,Studierende aus LDCs,434.0
2016,Anzahl,Sachsen,code14,Studierende aus LDCs,453.0
2017,Anzahl,Sachsen,code14,Studierende aus LDCs,449.0
2018,Anzahl,Sachsen,code14,Studierende aus LDCs,520.0
2019,Anzahl,Sachsen,code14,Studierende aus LDCs,631.0
2020,Anzahl,Sachsen,code14,Studierende aus LDCs,719.0
2005,Anzahl,Sachsen-Anhalt,code15,Studierende aus LDCs,100.0
2006,Anzahl,Sachsen-Anhalt,code15,Studierende aus LDCs,93.0
2007,Anzahl,Sachsen-Anhalt,code15,Studierende aus LDCs,88.0
2008,Anzahl,Sachsen-Anhalt,code15,Studierende aus LDCs,97.0
2009,Anzahl,Sachsen-Anhalt,code15,Studierende aus LDCs,121.0
2010,Anzahl,Sachsen-Anhalt,code15,Studierende aus LDCs,150.0
2011,Anzahl,Sachsen-Anhalt,code15,Studierende aus LDCs,171.0
2012,Anzahl,Sachsen-Anhalt,code15,Studierende aus LDCs,201.0
2013,Anzahl,Sachsen-Anhalt,code15,Studierende aus LDCs,227.0
2014,Anzahl,Sachsen-Anhalt,code15,Studierende aus LDCs,240.0
2015,Anzahl,Sachsen-Anhalt,code15,Studierende aus LDCs,282.0
2016,Anzahl,Sachsen-Anhalt,code15,Studierende aus LDCs,261.0
2017,Anzahl,Sachsen-Anhalt,code15,Studierende aus LDCs,288.0
2018,Anzahl,Sachsen-Anhalt,code15,Studierende aus LDCs,344.0
2019,Anzahl,Sachsen-Anhalt,code15,Studierende aus LDCs,459.0
2020,Anzahl,Sachsen-Anhalt,code15,Studierende aus LDCs,550.0
2005,Anzahl,Schleswig-Holstein,code01,Studierende aus LDCs,105.0
2006,Anzahl,Schleswig-Holstein,code01,Studierende aus LDCs,118.0
2007,Anzahl,Schleswig-Holstein,code01,Studierende aus LDCs,132.0
2008,Anzahl,Schleswig-Holstein,code01,Studierende aus LDCs,150.0
2009,Anzahl,Schleswig-Holstein,code01,Studierende aus LDCs,171.0
2010,Anzahl,Schleswig-Holstein,code01,Studierende aus LDCs,160.0
2011,Anzahl,Schleswig-Holstein,code01,Studierende aus LDCs,181.0
2012,Anzahl,Schleswig-Holstein,code01,Studierende aus LDCs,196.0
2013,Anzahl,Schleswig-Holstein,code01,Studierende aus LDCs,213.0
2014,Anzahl,Schleswig-Holstein,code01,Studierende aus LDCs,201.0
2015,Anzahl,Schleswig-Holstein,code01,Studierende aus LDCs,184.0
2016,Anzahl,Schleswig-Holstein,code01,Studierende aus LDCs,221.0
2017,Anzahl,Schleswig-Holstein,code01,Studierende aus LDCs,270.0
2018,Anzahl,Schleswig-Holstein,code01,Studierende aus LDCs,295.0
2019,Anzahl,Schleswig-Holstein,code01,Studierende aus LDCs,339.0
2020,Anzahl,Schleswig-Holstein,code01,Studierende aus LDCs,402.0
2005,Anzahl,Thüringen,code16,Studierende aus LDCs,25.0
2006,Anzahl,Thüringen,code16,Studierende aus LDCs,29.0
2007,Anzahl,Thüringen,code16,Studierende aus LDCs,33.0
2008,Anzahl,Thüringen,code16,Studierende aus LDCs,54.0
2009,Anzahl,Thüringen,code16,Studierende aus LDCs,97.0
2010,Anzahl,Thüringen,code16,Studierende aus LDCs,147.0
2011,Anzahl,Thüringen,code16,Studierende aus LDCs,135.0
2012,Anzahl,Thüringen,code16,Studierende aus LDCs,150.0
2013,Anzahl,Thüringen,code16,Studierende aus LDCs,165.0
2014,Anzahl,Thüringen,code16,Studierende aus LDCs,179.0
2015,Anzahl,Thüringen,code16,Studierende aus LDCs,187.0
2016,Anzahl,Thüringen,code16,Studierende aus LDCs,223.0
2017,Anzahl,Thüringen,code16,Studierende aus LDCs,240.0
2018,Anzahl,Thüringen,code16,Studierende aus LDCs,274.0
2019,Anzahl,Thüringen,code16,Studierende aus LDCs,357.0
2020,Anzahl,Thüringen,code16,Studierende aus LDCs,504.0
2005,Anzahl,,,Studierende aus den übrigen Entwicklungs- und Schwellenländern,129502.0
2006,Anzahl,,,Studierende aus den übrigen Entwicklungs- und Schwellenländern,129631.0
2007,Anzahl,,,Studierende aus den übrigen Entwicklungs- und Schwellenländern,124181.0
2008,Anzahl,,,Studierende aus den übrigen Entwicklungs- und Schwellenländern,127067.0
2009,Anzahl,,,Studierende aus den übrigen Entwicklungs- und Schwellenländern,131633.0
2010,Anzahl,,,Studierende aus den übrigen Entwicklungs- und Schwellenländern,136445.0
2011,Anzahl,,,Studierende aus den übrigen Entwicklungs- und Schwellenländern,140304.0
2012,Anzahl,,,Studierende aus den übrigen Entwicklungs- und Schwellenländern,150880.0
2013,Anzahl,,,Studierende aus den übrigen Entwicklungs- und Schwellenländern,164098.0
2014,Anzahl,,,Studierende aus den übrigen Entwicklungs- und Schwellenländern,176768.0
2015,Anzahl,,,Studierende aus den übrigen Entwicklungs- und Schwellenländern,190403.0
2016,Anzahl,,,Studierende aus den übrigen Entwicklungs- und Schwellenländern,204694.0
2017,Anzahl,,,Studierende aus den übrigen Entwicklungs- und Schwellenländern,219306.0
2018,Anzahl,,,Studierende aus den übrigen Entwicklungs- und Schwellenländern,236609.0
2019,Anzahl,,,Studierende aus den übrigen Entwicklungs- und Schwellenländern,251487.0
2020,Anzahl,,,Studierende aus den übrigen Entwicklungs- und Schwellenländern,260001.0
2005,Anzahl,Baden-Württemberg,code08,Studierende aus den übrigen Entwicklungs- und Schwellenländern,18582.0
2006,Anzahl,Baden-Württemberg,code08,Studierende aus den übrigen Entwicklungs- und Schwellenländern,18379.0
2007,Anzahl,Baden-Württemberg,code08,Studierende aus den übrigen Entwicklungs- und Schwellenländern,17473.0
2008,Anzahl,Baden-Württemberg,code08,Studierende aus den übrigen Entwicklungs- und Schwellenländern,17650.0
2009,Anzahl,Baden-Württemberg,code08,Studierende aus den übrigen Entwicklungs- und Schwellenländern,18418.0
2010,Anzahl,Baden-Württemberg,code08,Studierende aus den übrigen Entwicklungs- und Schwellenländern,19111.0
2011,Anzahl,Baden-Württemberg,code08,Studierende aus den übrigen Entwicklungs- und Schwellenländern,19082.0
2012,Anzahl,Baden-Württemberg,code08,Studierende aus den übrigen Entwicklungs- und Schwellenländern,21116.0
2013,Anzahl,Baden-Württemberg,code08,Studierende aus den übrigen Entwicklungs- und Schwellenländern,22842.0
2014,Anzahl,Baden-Württemberg,code08,Studierende aus den übrigen Entwicklungs- und Schwellenländern,24597.0
2015,Anzahl,Baden-Württemberg,code08,Studierende aus den übrigen Entwicklungs- und Schwellenländern,26283.0
2016,Anzahl,Baden-Württemberg,code08,Studierende aus den übrigen Entwicklungs- und Schwellenländern,28310.0
2017,Anzahl,Baden-Württemberg,code08,Studierende aus den übrigen Entwicklungs- und Schwellenländern,28393.0
2018,Anzahl,Baden-Württemberg,code08,Studierende aus den übrigen Entwicklungs- und Schwellenländern,27934.0
2019,Anzahl,Baden-Württemberg,code08,Studierende aus den übrigen Entwicklungs- und Schwellenländern,27197.0
2020,Anzahl,Baden-Württemberg,code08,Studierende aus den übrigen Entwicklungs- und Schwellenländern,25283.0
2005,Anzahl,Bayern,code09,Studierende aus den übrigen Entwicklungs- und Schwellenländern,12251.0
2006,Anzahl,Bayern,code09,Studierende aus den übrigen Entwicklungs- und Schwellenländern,12721.0
2007,Anzahl,Bayern,code09,Studierende aus den übrigen Entwicklungs- und Schwellenländern,12324.0
2008,Anzahl,Bayern,code09,Studierende aus den übrigen Entwicklungs- und Schwellenländern,12533.0
2009,Anzahl,Bayern,code09,Studierende aus den übrigen Entwicklungs- und Schwellenländern,12980.0
2010,Anzahl,Bayern,code09,Studierende aus den übrigen Entwicklungs- und Schwellenländern,13620.0
2011,Anzahl,Bayern,code09,Studierende aus den übrigen Entwicklungs- und Schwellenländern,14060.0
2012,Anzahl,Bayern,code09,Studierende aus den übrigen Entwicklungs- und Schwellenländern,15284.0
2013,Anzahl,Bayern,code09,Studierende aus den übrigen Entwicklungs- und Schwellenländern,17719.0
2014,Anzahl,Bayern,code09,Studierende aus den übrigen Entwicklungs- und Schwellenländern,19151.0
2015,Anzahl,Bayern,code09,Studierende aus den übrigen Entwicklungs- und Schwellenländern,21169.0
2016,Anzahl,Bayern,code09,Studierende aus den übrigen Entwicklungs- und Schwellenländern,23123.0
2017,Anzahl,Bayern,code09,Studierende aus den übrigen Entwicklungs- und Schwellenländern,26821.0
2018,Anzahl,Bayern,code09,Studierende aus den übrigen Entwicklungs- und Schwellenländern,30524.0
2019,Anzahl,Bayern,code09,Studierende aus den übrigen Entwicklungs- und Schwellenländern,33606.0
2020,Anzahl,Bayern,code09,Studierende aus den übrigen Entwicklungs- und Schwellenländern,37132.0
2005,Anzahl,Berlin,code11,Studierende aus den übrigen Entwicklungs- und Schwellenländern,9047.0
2006,Anzahl,Berlin,code11,Studierende aus den übrigen Entwicklungs- und Schwellenländern,8871.0
2007,Anzahl,Berlin,code11,Studierende aus den übrigen Entwicklungs- und Schwellenländern,9202.0
2008,Anzahl,Berlin,code11,Studierende aus den übrigen Entwicklungs- und Schwellenländern,9570.0
2009,Anzahl,Berlin,code11,Studierende aus den übrigen Entwicklungs- und Schwellenländern,9868.0
2010,Anzahl,Berlin,code11,Studierende aus den übrigen Entwicklungs- und Schwellenländern,10512.0
2011,Anzahl,Berlin,code11,Studierende aus den übrigen Entwicklungs- und Schwellenländern,10747.0
2012,Anzahl,Berlin,code11,Studierende aus den übrigen Entwicklungs- und Schwellenländern,11270.0
2013,Anzahl,Berlin,code11,Studierende aus den übrigen Entwicklungs- und Schwellenländern,12157.0
2014,Anzahl,Berlin,code11,Studierende aus den übrigen Entwicklungs- und Schwellenländern,12996.0
2015,Anzahl,Berlin,code11,Studierende aus den übrigen Entwicklungs- und Schwellenländern,14133.0
2016,Anzahl,Berlin,code11,Studierende aus den übrigen Entwicklungs- und Schwellenländern,15513.0
2017,Anzahl,Berlin,code11,Studierende aus den übrigen Entwicklungs- und Schwellenländern,18083.0
2018,Anzahl,Berlin,code11,Studierende aus den übrigen Entwicklungs- und Schwellenländern,20159.0
2019,Anzahl,Berlin,code11,Studierende aus den übrigen Entwicklungs- und Schwellenländern,22166.0
2020,Anzahl,Berlin,code11,Studierende aus den übrigen Entwicklungs- und Schwellenländern,23355.0
2005,Anzahl,Brandenburg,code12,Studierende aus den übrigen Entwicklungs- und Schwellenländern,2288.0
2006,Anzahl,Brandenburg,code12,Studierende aus den übrigen Entwicklungs- und Schwellenländern,2347.0
2007,Anzahl,Brandenburg,code12,Studierende aus den übrigen Entwicklungs- und Schwellenländern,2396.0
2008,Anzahl,Brandenburg,code12,Studierende aus den übrigen Entwicklungs- und Schwellenländern,2423.0
2009,Anzahl,Brandenburg,code12,Studierende aus den übrigen Entwicklungs- und Schwellenländern,2524.0
2010,Anzahl,Brandenburg,code12,Studierende aus den übrigen Entwicklungs- und Schwellenländern,2536.0
2011,Anzahl,Brandenburg,code12,Studierende aus den übrigen Entwicklungs- und Schwellenländern,2678.0
2012,Anzahl,Brandenburg,code12,Studierende aus den übrigen Entwicklungs- und Schwellenländern,2969.0
2013,Anzahl,Brandenburg,code12,Studierende aus den übrigen Entwicklungs- und Schwellenländern,3080.0
2014,Anzahl,Brandenburg,code12,Studierende aus den übrigen Entwicklungs- und Schwellenländern,3246.0
2015,Anzahl,Brandenburg,code12,Studierende aus den übrigen Entwicklungs- und Schwellenländern,3462.0
2016,Anzahl,Brandenburg,code12,Studierende aus den übrigen Entwicklungs- und Schwellenländern,3827.0
2017,Anzahl,Brandenburg,code12,Studierende aus den übrigen Entwicklungs- und Schwellenländern,4263.0
2018,Anzahl,Brandenburg,code12,Studierende aus den übrigen Entwicklungs- und Schwellenländern,4618.0
2019,Anzahl,Brandenburg,code12,Studierende aus den übrigen Entwicklungs- und Schwellenländern,4978.0
2020,Anzahl,Brandenburg,code12,Studierende aus den übrigen Entwicklungs- und Schwellenländern,5143.0
2005,Anzahl,Bremen,code04,Studierende aus den übrigen Entwicklungs- und Schwellenländern,3751.0
2006,Anzahl,Bremen,code04,Studierende aus den übrigen Entwicklungs- und Schwellenländern,3484.0
2007,Anzahl,Bremen,code04,Studierende aus den übrigen Entwicklungs- und Schwellenländern,3339.0
2008,Anzahl,Bremen,code04,Studierende aus den übrigen Entwicklungs- und Schwellenländern,3236.0
2009,Anzahl,Bremen,code04,Studierende aus den übrigen Entwicklungs- und Schwellenländern,3109.0
2010,Anzahl,Bremen,code04,Studierende aus den übrigen Entwicklungs- und Schwellenländern,2958.0
2011,Anzahl,Bremen,code04,Studierende aus den übrigen Entwicklungs- und Schwellenländern,2961.0
2012,Anzahl,Bremen,code04,Studierende aus den übrigen Entwicklungs- und Schwellenländern,2993.0
2013,Anzahl,Bremen,code04,Studierende aus den übrigen Entwicklungs- und Schwellenländern,3119.0
2014,Anzahl,Bremen,code04,Studierende aus den übrigen Entwicklungs- und Schwellenländern,3305.0
2015,Anzahl,Bremen,code04,Studierende aus den übrigen Entwicklungs- und Schwellenländern,3385.0
2016,Anzahl,Bremen,code04,Studierende aus den übrigen Entwicklungs- und Schwellenländern,3555.0
2017,Anzahl,Bremen,code04,Studierende aus den übrigen Entwicklungs- und Schwellenländern,3985.0
2018,Anzahl,Bremen,code04,Studierende aus den übrigen Entwicklungs- und Schwellenländern,4150.0
2019,Anzahl,Bremen,code04,Studierende aus den übrigen Entwicklungs- und Schwellenländern,4500.0
2020,Anzahl,Bremen,code04,Studierende aus den übrigen Entwicklungs- und Schwellenländern,4628.0
2005,Anzahl,Hamburg,code02,Studierende aus den übrigen Entwicklungs- und Schwellenländern,4837.0
2006,Anzahl,Hamburg,code02,Studierende aus den übrigen Entwicklungs- und Schwellenländern,4860.0
2007,Anzahl,Hamburg,code02,Studierende aus den übrigen Entwicklungs- und Schwellenländern,4484.0
2008,Anzahl,Hamburg,code02,Studierende aus den übrigen Entwicklungs- und Schwellenländern,4496.0
2009,Anzahl,Hamburg,code02,Studierende aus den übrigen Entwicklungs- und Schwellenländern,4606.0
2010,Anzahl,Hamburg,code02,Studierende aus den übrigen Entwicklungs- und Schwellenländern,4757.0
2011,Anzahl,Hamburg,code02,Studierende aus den übrigen Entwicklungs- und Schwellenländern,4978.0
2012,Anzahl,Hamburg,code02,Studierende aus den übrigen Entwicklungs- und Schwellenländern,5344.0
2013,Anzahl,Hamburg,code02,Studierende aus den übrigen Entwicklungs- und Schwellenländern,5471.0
2014,Anzahl,Hamburg,code02,Studierende aus den übrigen Entwicklungs- und Schwellenländern,5623.0
2015,Anzahl,Hamburg,code02,Studierende aus den übrigen Entwicklungs- und Schwellenländern,5970.0
2016,Anzahl,Hamburg,code02,Studierende aus den übrigen Entwicklungs- und Schwellenländern,6349.0
2017,Anzahl,Hamburg,code02,Studierende aus den übrigen Entwicklungs- und Schwellenländern,6778.0
2018,Anzahl,Hamburg,code02,Studierende aus den übrigen Entwicklungs- und Schwellenländern,7608.0
2019,Anzahl,Hamburg,code02,Studierende aus den übrigen Entwicklungs- und Schwellenländern,7888.0
2020,Anzahl,Hamburg,code02,Studierende aus den übrigen Entwicklungs- und Schwellenländern,8046.0
2005,Anzahl,Hessen,code06,Studierende aus den übrigen Entwicklungs- und Schwellenländern,13808.0
2006,Anzahl,Hessen,code06,Studierende aus den übrigen Entwicklungs- und Schwellenländern,13737.0
2007,Anzahl,Hessen,code06,Studierende aus den übrigen Entwicklungs- und Schwellenländern,12328.0
2008,Anzahl,Hessen,code06,Studierende aus den übrigen Entwicklungs- und Schwellenländern,14027.0
2009,Anzahl,Hessen,code06,Studierende aus den übrigen Entwicklungs- und Schwellenländern,15436.0
2010,Anzahl,Hessen,code06,Studierende aus den übrigen Entwicklungs- und Schwellenländern,16660.0
2011,Anzahl,Hessen,code06,Studierende aus den übrigen Entwicklungs- und Schwellenländern,16633.0
2012,Anzahl,Hessen,code06,Studierende aus den übrigen Entwicklungs- und Schwellenländern,17584.0
2013,Anzahl,Hessen,code06,Studierende aus den übrigen Entwicklungs- und Schwellenländern,18830.0
2014,Anzahl,Hessen,code06,Studierende aus den übrigen Entwicklungs- und Schwellenländern,19958.0
2015,Anzahl,Hessen,code06,Studierende aus den übrigen Entwicklungs- und Schwellenländern,21090.0
2016,Anzahl,Hessen,code06,Studierende aus den übrigen Entwicklungs- und Schwellenländern,22111.0
2017,Anzahl,Hessen,code06,Studierende aus den übrigen Entwicklungs- und Schwellenländern,23165.0
2018,Anzahl,Hessen,code06,Studierende aus den übrigen Entwicklungs- und Schwellenländern,24689.0
2019,Anzahl,Hessen,code06,Studierende aus den übrigen Entwicklungs- und Schwellenländern,25741.0
2020,Anzahl,Hessen,code06,Studierende aus den übrigen Entwicklungs- und Schwellenländern,26496.0
2005,Anzahl,Mecklenburg-Vorpommern,code13,Studierende aus den übrigen Entwicklungs- und Schwellenländern,1071.0
2006,Anzahl,Mecklenburg-Vorpommern,code13,Studierende aus den übrigen Entwicklungs- und Schwellenländern,1056.0
2007,Anzahl,Mecklenburg-Vorpommern,code13,Studierende aus den übrigen Entwicklungs- und Schwellenländern,1063.0
2008,Anzahl,Mecklenburg-Vorpommern,code13,Studierende aus den übrigen Entwicklungs- und Schwellenländern,1028.0
2009,Anzahl,Mecklenburg-Vorpommern,code13,Studierende aus den übrigen Entwicklungs- und Schwellenländern,1105.0
2010,Anzahl,Mecklenburg-Vorpommern,code13,Studierende aus den übrigen Entwicklungs- und Schwellenländern,1160.0
2011,Anzahl,Mecklenburg-Vorpommern,code13,Studierende aus den übrigen Entwicklungs- und Schwellenländern,1160.0
2012,Anzahl,Mecklenburg-Vorpommern,code13,Studierende aus den übrigen Entwicklungs- und Schwellenländern,1188.0
2013,Anzahl,Mecklenburg-Vorpommern,code13,Studierende aus den übrigen Entwicklungs- und Schwellenländern,1329.0
2014,Anzahl,Mecklenburg-Vorpommern,code13,Studierende aus den übrigen Entwicklungs- und Schwellenländern,1437.0
2015,Anzahl,Mecklenburg-Vorpommern,code13,Studierende aus den übrigen Entwicklungs- und Schwellenländern,1664.0
2016,Anzahl,Mecklenburg-Vorpommern,code13,Studierende aus den übrigen Entwicklungs- und Schwellenländern,1955.0
2017,Anzahl,Mecklenburg-Vorpommern,code13,Studierende aus den übrigen Entwicklungs- und Schwellenländern,2406.0
2018,Anzahl,Mecklenburg-Vorpommern,code13,Studierende aus den übrigen Entwicklungs- und Schwellenländern,2691.0
2019,Anzahl,Mecklenburg-Vorpommern,code13,Studierende aus den übrigen Entwicklungs- und Schwellenländern,2785.0
2020,Anzahl,Mecklenburg-Vorpommern,code13,Studierende aus den übrigen Entwicklungs- und Schwellenländern,2875.0
2005,Anzahl,Niedersachsen,code03,Studierende aus den übrigen Entwicklungs- und Schwellenländern,10134.0
2006,Anzahl,Niedersachsen,code03,Studierende aus den übrigen Entwicklungs- und Schwellenländern,9857.0
2007,Anzahl,Niedersachsen,code03,Studierende aus den übrigen Entwicklungs- und Schwellenländern,9224.0
2008,Anzahl,Niedersachsen,code03,Studierende aus den übrigen Entwicklungs- und Schwellenländern,9284.0
2009,Anzahl,Niedersachsen,code03,Studierende aus den übrigen Entwicklungs- und Schwellenländern,9243.0
2010,Anzahl,Niedersachsen,code03,Studierende aus den übrigen Entwicklungs- und Schwellenländern,9143.0
2011,Anzahl,Niedersachsen,code03,Studierende aus den übrigen Entwicklungs- und Schwellenländern,9105.0
2012,Anzahl,Niedersachsen,code03,Studierende aus den übrigen Entwicklungs- und Schwellenländern,9668.0
2013,Anzahl,Niedersachsen,code03,Studierende aus den übrigen Entwicklungs- und Schwellenländern,10475.0
2014,Anzahl,Niedersachsen,code03,Studierende aus den übrigen Entwicklungs- und Schwellenländern,11479.0
2015,Anzahl,Niedersachsen,code03,Studierende aus den übrigen Entwicklungs- und Schwellenländern,12813.0
2016,Anzahl,Niedersachsen,code03,Studierende aus den übrigen Entwicklungs- und Schwellenländern,13967.0
2017,Anzahl,Niedersachsen,code03,Studierende aus den übrigen Entwicklungs- und Schwellenländern,15599.0
2018,Anzahl,Niedersachsen,code03,Studierende aus den übrigen Entwicklungs- und Schwellenländern,17043.0
2019,Anzahl,Niedersachsen,code03,Studierende aus den übrigen Entwicklungs- und Schwellenländern,18259.0
2020,Anzahl,Niedersachsen,code03,Studierende aus den übrigen Entwicklungs- und Schwellenländern,18710.0
2005,Anzahl,Nordrhein-Westfalen,code05,Studierende aus den übrigen Entwicklungs- und Schwellenländern,35892.0
2006,Anzahl,Nordrhein-Westfalen,code05,Studierende aus den übrigen Entwicklungs- und Schwellenländern,35688.0
2007,Anzahl,Nordrhein-Westfalen,code05,Studierende aus den übrigen Entwicklungs- und Schwellenländern,32856.0
2008,Anzahl,Nordrhein-Westfalen,code05,Studierende aus den übrigen Entwicklungs- und Schwellenländern,33436.0
2009,Anzahl,Nordrhein-Westfalen,code05,Studierende aus den übrigen Entwicklungs- und Schwellenländern,34448.0
2010,Anzahl,Nordrhein-Westfalen,code05,Studierende aus den übrigen Entwicklungs- und Schwellenländern,35346.0
2011,Anzahl,Nordrhein-Westfalen,code05,Studierende aus den übrigen Entwicklungs- und Schwellenländern,37622.0
2012,Anzahl,Nordrhein-Westfalen,code05,Studierende aus den übrigen Entwicklungs- und Schwellenländern,40638.0
2013,Anzahl,Nordrhein-Westfalen,code05,Studierende aus den übrigen Entwicklungs- und Schwellenländern,44330.0
2014,Anzahl,Nordrhein-Westfalen,code05,Studierende aus den übrigen Entwicklungs- und Schwellenländern,47929.0
2015,Anzahl,Nordrhein-Westfalen,code05,Studierende aus den übrigen Entwicklungs- und Schwellenländern,50866.0
2016,Anzahl,Nordrhein-Westfalen,code05,Studierende aus den übrigen Entwicklungs- und Schwellenländern,54724.0
2017,Anzahl,Nordrhein-Westfalen,code05,Studierende aus den übrigen Entwicklungs- und Schwellenländern,56753.0
2018,Anzahl,Nordrhein-Westfalen,code05,Studierende aus den übrigen Entwicklungs- und Schwellenländern,60421.0
2019,Anzahl,Nordrhein-Westfalen,code05,Studierende aus den übrigen Entwicklungs- und Schwellenländern,64421.0
2020,Anzahl,Nordrhein-Westfalen,code05,Studierende aus den übrigen Entwicklungs- und Schwellenländern,66566.0
2005,Anzahl,Rheinland-Pfalz,code07,Studierende aus den übrigen Entwicklungs- und Schwellenländern,5760.0
2006,Anzahl,Rheinland-Pfalz,code07,Studierende aus den übrigen Entwicklungs- und Schwellenländern,5969.0
2007,Anzahl,Rheinland-Pfalz,code07,Studierende aus den übrigen Entwicklungs- und Schwellenländern,6413.0
2008,Anzahl,Rheinland-Pfalz,code07,Studierende aus den übrigen Entwicklungs- und Schwellenländern,6525.0
2009,Anzahl,Rheinland-Pfalz,code07,Studierende aus den übrigen Entwicklungs- und Schwellenländern,6335.0
2010,Anzahl,Rheinland-Pfalz,code07,Studierende aus den übrigen Entwicklungs- und Schwellenländern,6226.0
2011,Anzahl,Rheinland-Pfalz,code07,Studierende aus den übrigen Entwicklungs- und Schwellenländern,5974.0
2012,Anzahl,Rheinland-Pfalz,code07,Studierende aus den übrigen Entwicklungs- und Schwellenländern,5990.0
2013,Anzahl,Rheinland-Pfalz,code07,Studierende aus den übrigen Entwicklungs- und Schwellenländern,6083.0
2014,Anzahl,Rheinland-Pfalz,code07,Studierende aus den übrigen Entwicklungs- und Schwellenländern,6295.0
2015,Anzahl,Rheinland-Pfalz,code07,Studierende aus den übrigen Entwicklungs- und Schwellenländern,6620.0
2016,Anzahl,Rheinland-Pfalz,code07,Studierende aus den übrigen Entwicklungs- und Schwellenländern,7138.0
2017,Anzahl,Rheinland-Pfalz,code07,Studierende aus den übrigen Entwicklungs- und Schwellenländern,7835.0
2018,Anzahl,Rheinland-Pfalz,code07,Studierende aus den übrigen Entwicklungs- und Schwellenländern,9016.0
2019,Anzahl,Rheinland-Pfalz,code07,Studierende aus den übrigen Entwicklungs- und Schwellenländern,9720.0
2020,Anzahl,Rheinland-Pfalz,code07,Studierende aus den übrigen Entwicklungs- und Schwellenländern,10360.0
2005,Anzahl,Saarland,code10,Studierende aus den übrigen Entwicklungs- und Schwellenländern,1243.0
2006,Anzahl,Saarland,code10,Studierende aus den übrigen Entwicklungs- und Schwellenländern,1365.0
2007,Anzahl,Saarland,code10,Studierende aus den übrigen Entwicklungs- und Schwellenländern,1362.0
2008,Anzahl,Saarland,code10,Studierende aus den übrigen Entwicklungs- und Schwellenländern,1375.0
2009,Anzahl,Saarland,code10,Studierende aus den übrigen Entwicklungs- und Schwellenländern,1434.0
2010,Anzahl,Saarland,code10,Studierende aus den übrigen Entwicklungs- und Schwellenländern,1641.0
2011,Anzahl,Saarland,code10,Studierende aus den übrigen Entwicklungs- und Schwellenländern,1734.0
2012,Anzahl,Saarland,code10,Studierende aus den übrigen Entwicklungs- und Schwellenländern,1808.0
2013,Anzahl,Saarland,code10,Studierende aus den übrigen Entwicklungs- und Schwellenländern,1856.0
2014,Anzahl,Saarland,code10,Studierende aus den übrigen Entwicklungs- und Schwellenländern,1903.0
2015,Anzahl,Saarland,code10,Studierende aus den übrigen Entwicklungs- und Schwellenländern,1952.0
2016,Anzahl,Saarland,code10,Studierende aus den übrigen Entwicklungs- und Schwellenländern,1961.0
2017,Anzahl,Saarland,code10,Studierende aus den übrigen Entwicklungs- und Schwellenländern,2031.0
2018,Anzahl,Saarland,code10,Studierende aus den übrigen Entwicklungs- und Schwellenländern,2203.0
2019,Anzahl,Saarland,code10,Studierende aus den übrigen Entwicklungs- und Schwellenländern,2441.0
2020,Anzahl,Saarland,code10,Studierende aus den übrigen Entwicklungs- und Schwellenländern,2535.0
2005,Anzahl,Sachsen,code14,Studierende aus den übrigen Entwicklungs- und Schwellenländern,4328.0
2006,Anzahl,Sachsen,code14,Studierende aus den übrigen Entwicklungs- und Schwellenländern,4440.0
2007,Anzahl,Sachsen,code14,Studierende aus den übrigen Entwicklungs- und Schwellenländern,4601.0
2008,Anzahl,Sachsen,code14,Studierende aus den übrigen Entwicklungs- und Schwellenländern,4440.0
2009,Anzahl,Sachsen,code14,Studierende aus den übrigen Entwicklungs- und Schwellenländern,4624.0
2010,Anzahl,Sachsen,code14,Studierende aus den übrigen Entwicklungs- und Schwellenländern,4789.0
2011,Anzahl,Sachsen,code14,Studierende aus den übrigen Entwicklungs- und Schwellenländern,5172.0
2012,Anzahl,Sachsen,code14,Studierende aus den übrigen Entwicklungs- und Schwellenländern,5850.0
2013,Anzahl,Sachsen,code14,Studierende aus den übrigen Entwicklungs- und Schwellenländern,6813.0
2014,Anzahl,Sachsen,code14,Studierende aus den übrigen Entwicklungs- und Schwellenländern,7861.0
2015,Anzahl,Sachsen,code14,Studierende aus den übrigen Entwicklungs- und Schwellenländern,9042.0
2016,Anzahl,Sachsen,code14,Studierende aus den übrigen Entwicklungs- und Schwellenländern,9496.0
2017,Anzahl,Sachsen,code14,Studierende aus den übrigen Entwicklungs- und Schwellenländern,9846.0
2018,Anzahl,Sachsen,code14,Studierende aus den übrigen Entwicklungs- und Schwellenländern,10885.0
2019,Anzahl,Sachsen,code14,Studierende aus den übrigen Entwicklungs- und Schwellenländern,11245.0
2020,Anzahl,Sachsen,code14,Studierende aus den übrigen Entwicklungs- und Schwellenländern,11340.0
2005,Anzahl,Sachsen-Anhalt,code15,Studierende aus den übrigen Entwicklungs- und Schwellenländern,2825.0
2006,Anzahl,Sachsen-Anhalt,code15,Studierende aus den übrigen Entwicklungs- und Schwellenländern,2964.0
2007,Anzahl,Sachsen-Anhalt,code15,Studierende aus den übrigen Entwicklungs- und Schwellenländern,2997.0
2008,Anzahl,Sachsen-Anhalt,code15,Studierende aus den übrigen Entwicklungs- und Schwellenländern,2976.0
2009,Anzahl,Sachsen-Anhalt,code15,Studierende aus den übrigen Entwicklungs- und Schwellenländern,3142.0
2010,Anzahl,Sachsen-Anhalt,code15,Studierende aus den übrigen Entwicklungs- und Schwellenländern,3330.0
2011,Anzahl,Sachsen-Anhalt,code15,Studierende aus den übrigen Entwicklungs- und Schwellenländern,3633.0
2012,Anzahl,Sachsen-Anhalt,code15,Studierende aus den übrigen Entwicklungs- und Schwellenländern,3962.0
2013,Anzahl,Sachsen-Anhalt,code15,Studierende aus den übrigen Entwicklungs- und Schwellenländern,4198.0
2014,Anzahl,Sachsen-Anhalt,code15,Studierende aus den übrigen Entwicklungs- und Schwellenländern,4561.0
2015,Anzahl,Sachsen-Anhalt,code15,Studierende aus den übrigen Entwicklungs- und Schwellenländern,4970.0
2016,Anzahl,Sachsen-Anhalt,code15,Studierende aus den übrigen Entwicklungs- und Schwellenländern,5061.0
2017,Anzahl,Sachsen-Anhalt,code15,Studierende aus den übrigen Entwicklungs- und Schwellenländern,5401.0
2018,Anzahl,Sachsen-Anhalt,code15,Studierende aus den übrigen Entwicklungs- und Schwellenländern,5810.0
2019,Anzahl,Sachsen-Anhalt,code15,Studierende aus den übrigen Entwicklungs- und Schwellenländern,6336.0
2020,Anzahl,Sachsen-Anhalt,code15,Studierende aus den übrigen Entwicklungs- und Schwellenländern,6563.0
2005,Anzahl,Schleswig-Holstein,code01,Studierende aus den übrigen Entwicklungs- und Schwellenländern,2071.0
2006,Anzahl,Schleswig-Holstein,code01,Studierende aus den übrigen Entwicklungs- und Schwellenländern,2135.0
2007,Anzahl,Schleswig-Holstein,code01,Studierende aus den übrigen Entwicklungs- und Schwellenländern,2149.0
2008,Anzahl,Schleswig-Holstein,code01,Studierende aus den übrigen Entwicklungs- und Schwellenländern,2131.0
2009,Anzahl,Schleswig-Holstein,code01,Studierende aus den übrigen Entwicklungs- und Schwellenländern,2192.0
2010,Anzahl,Schleswig-Holstein,code01,Studierende aus den übrigen Entwicklungs- und Schwellenländern,2219.0
2011,Anzahl,Schleswig-Holstein,code01,Studierende aus den übrigen Entwicklungs- und Schwellenländern,2248.0
2012,Anzahl,Schleswig-Holstein,code01,Studierende aus den übrigen Entwicklungs- und Schwellenländern,2356.0
2013,Anzahl,Schleswig-Holstein,code01,Studierende aus den übrigen Entwicklungs- und Schwellenländern,2400.0
2014,Anzahl,Schleswig-Holstein,code01,Studierende aus den übrigen Entwicklungs- und Schwellenländern,2575.0
2015,Anzahl,Schleswig-Holstein,code01,Studierende aus den übrigen Entwicklungs- und Schwellenländern,2741.0
2016,Anzahl,Schleswig-Holstein,code01,Studierende aus den übrigen Entwicklungs- und Schwellenländern,3116.0
2017,Anzahl,Schleswig-Holstein,code01,Studierende aus den übrigen Entwicklungs- und Schwellenländern,3101.0
2018,Anzahl,Schleswig-Holstein,code01,Studierende aus den übrigen Entwicklungs- und Schwellenländern,3358.0
2019,Anzahl,Schleswig-Holstein,code01,Studierende aus den übrigen Entwicklungs- und Schwellenländern,3549.0
2020,Anzahl,Schleswig-Holstein,code01,Studierende aus den übrigen Entwicklungs- und Schwellenländern,3581.0
2005,Anzahl,Thüringen,code16,Studierende aus den übrigen Entwicklungs- und Schwellenländern,1615.0
2006,Anzahl,Thüringen,code16,Studierende aus den übrigen Entwicklungs- und Schwellenländern,1759.0
2007,Anzahl,Thüringen,code16,Studierende aus den übrigen Entwicklungs- und Schwellenländern,1971.0
2008,Anzahl,Thüringen,code16,Studierende aus den übrigen Entwicklungs- und Schwellenländern,1937.0
2009,Anzahl,Thüringen,code16,Studierende aus den übrigen Entwicklungs- und Schwellenländern,2169.0
2010,Anzahl,Thüringen,code16,Studierende aus den übrigen Entwicklungs- und Schwellenländern,2437.0
2011,Anzahl,Thüringen,code16,Studierende aus den übrigen Entwicklungs- und Schwellenländern,2517.0
2012,Anzahl,Thüringen,code16,Studierende aus den übrigen Entwicklungs- und Schwellenländern,2860.0
2013,Anzahl,Thüringen,code16,Studierende aus den übrigen Entwicklungs- und Schwellenländern,3396.0
2014,Anzahl,Thüringen,code16,Studierende aus den übrigen Entwicklungs- und Schwellenländern,3852.0
2015,Anzahl,Thüringen,code16,Studierende aus den übrigen Entwicklungs- und Schwellenländern,4243.0
2016,Anzahl,Thüringen,code16,Studierende aus den übrigen Entwicklungs- und Schwellenländern,4488.0
2017,Anzahl,Thüringen,code16,Studierende aus den übrigen Entwicklungs- und Schwellenländern,4846.0
2018,Anzahl,Thüringen,code16,Studierende aus den übrigen Entwicklungs- und Schwellenländern,5500.0
2019,Anzahl,Thüringen,code16,Studierende aus den übrigen Entwicklungs- und Schwellenländern,6655.0
2020,Anzahl,Thüringen,code16,Studierende aus den übrigen Entwicklungs- und Schwellenländern,7388.0
2005,Anzahl,,,Forschende aus LDCs,209.0
2006,Anzahl,,,Forschende aus LDCs,212.0
2007,Anzahl,,,Forschende aus LDCs,207.0
2008,Anzahl,,,Forschende aus LDCs,254.0
2009,Anzahl,,,Forschende aus LDCs,299.0
2010,Anzahl,,,Forschende aus LDCs,331.0
2011,Anzahl,,,Forschende aus LDCs,382.0
2012,Anzahl,,,Forschende aus LDCs,420.0
2013,Anzahl,,,Forschende aus LDCs,476.0
2014,Anzahl,,,Forschende aus LDCs,500.0
2015,Anzahl,,,Forschende aus LDCs,517.0
2016,Anzahl,,,Forschende aus LDCs,558.0
2017,Anzahl,,,Forschende aus LDCs,649.0
2018,Anzahl,,,Forschende aus LDCs,687.0
2019,Anzahl,,,Forschende aus LDCs,681.0
2020,Anzahl,,,Forschende aus LDCs,838.0
2006,Anzahl,Baden-Württemberg,code08,Forschende aus LDCs,40.0
2007,Anzahl,Baden-Württemberg,code08,Forschende aus LDCs,45.0
2008,Anzahl,Baden-Württemberg,code08,Forschende aus LDCs,52.0
2009,Anzahl,Baden-Württemberg,code08,Forschende aus LDCs,51.0
2010,Anzahl,Baden-Württemberg,code08,Forschende aus LDCs,57.0
2011,Anzahl,Baden-Württemberg,code08,Forschende aus LDCs,85.0
2012,Anzahl,Baden-Württemberg,code08,Forschende aus LDCs,96.0
2013,Anzahl,Baden-Württemberg,code08,Forschende aus LDCs,93.0
2014,Anzahl,Baden-Württemberg,code08,Forschende aus LDCs,98.0
2015,Anzahl,Baden-Württemberg,code08,Forschende aus LDCs,106.0
2016,Anzahl,Baden-Württemberg,code08,Forschende aus LDCs,118.0
2017,Anzahl,Baden-Württemberg,code08,Forschende aus LDCs,150.0
2018,Anzahl,Baden-Württemberg,code08,Forschende aus LDCs,140.0
2019,Anzahl,Baden-Württemberg,code08,Forschende aus LDCs,141.0
2020,Anzahl,Baden-Württemberg,code08,Forschende aus LDCs,146.0
2006,Anzahl,Bayern,code09,Forschende aus LDCs,26.0
2007,Anzahl,Bayern,code09,Forschende aus LDCs,23.0
2008,Anzahl,Bayern,code09,Forschende aus LDCs,24.0
2009,Anzahl,Bayern,code09,Forschende aus LDCs,35.0
2010,Anzahl,Bayern,code09,Forschende aus LDCs,39.0
2011,Anzahl,Bayern,code09,Forschende aus LDCs,57.0
2012,Anzahl,Bayern,code09,Forschende aus LDCs,67.0
2013,Anzahl,Bayern,code09,Forschende aus LDCs,68.0
2014,Anzahl,Bayern,code09,Forschende aus LDCs,71.0
2015,Anzahl,Bayern,code09,Forschende aus LDCs,70.0
2016,Anzahl,Bayern,code09,Forschende aus LDCs,60.0
2017,Anzahl,Bayern,code09,Forschende aus LDCs,75.0
2018,Anzahl,Bayern,code09,Forschende aus LDCs,63.0
2019,Anzahl,Bayern,code09,Forschende aus LDCs,76.0
2020,Anzahl,Bayern,code09,Forschende aus LDCs,105.0
2006,Anzahl,Berlin,code11,Forschende aus LDCs,6.0
2007,Anzahl,Berlin,code11,Forschende aus LDCs,5.0
2008,Anzahl,Berlin,code11,Forschende aus LDCs,7.0
2009,Anzahl,Berlin,code11,Forschende aus LDCs,8.0
2010,Anzahl,Berlin,code11,Forschende aus LDCs,10.0
2011,Anzahl,Berlin,code11,Forschende aus LDCs,11.0
2012,Anzahl,Berlin,code11,Forschende aus LDCs,12.0
2013,Anzahl,Berlin,code11,Forschende aus LDCs,19.0
2014,Anzahl,Berlin,code11,Forschende aus LDCs,22.0
2015,Anzahl,Berlin,code11,Forschende aus LDCs,25.0
2016,Anzahl,Berlin,code11,Forschende aus LDCs,34.0
2017,Anzahl,Berlin,code11,Forschende aus LDCs,30.0
2018,Anzahl,Berlin,code11,Forschende aus LDCs,31.0
2019,Anzahl,Berlin,code11,Forschende aus LDCs,35.0
2020,Anzahl,Berlin,code11,Forschende aus LDCs,36.0
2006,Anzahl,Brandenburg,code12,Forschende aus LDCs,3.0
2007,Anzahl,Brandenburg,code12,Forschende aus LDCs,2.0
2008,Anzahl,Brandenburg,code12,Forschende aus LDCs,6.0
2009,Anzahl,Brandenburg,code12,Forschende aus LDCs,8.0
2010,Anzahl,Brandenburg,code12,Forschende aus LDCs,8.0
2011,Anzahl,Brandenburg,code12,Forschende aus LDCs,5.0
2012,Anzahl,Brandenburg,code12,Forschende aus LDCs,8.0
2013,Anzahl,Brandenburg,code12,Forschende aus LDCs,7.0
2014,Anzahl,Brandenburg,code12,Forschende aus LDCs,4.0
2015,Anzahl,Brandenburg,code12,Forschende aus LDCs,7.0
2016,Anzahl,Brandenburg,code12,Forschende aus LDCs,13.0
2017,Anzahl,Brandenburg,code12,Forschende aus LDCs,6.0
2018,Anzahl,Brandenburg,code12,Forschende aus LDCs,8.0
2019,Anzahl,Brandenburg,code12,Forschende aus LDCs,18.0
2020,Anzahl,Brandenburg,code12,Forschende aus LDCs,27.0
2006,Anzahl,Bremen,code04,Forschende aus LDCs,5.0
2007,Anzahl,Bremen,code04,Forschende aus LDCs,3.0
2008,Anzahl,Bremen,code04,Forschende aus LDCs,6.0
2009,Anzahl,Bremen,code04,Forschende aus LDCs,8.0
2010,Anzahl,Bremen,code04,Forschende aus LDCs,8.0
2011,Anzahl,Bremen,code04,Forschende aus LDCs,6.0
2012,Anzahl,Bremen,code04,Forschende aus LDCs,5.0
2013,Anzahl,Bremen,code04,Forschende aus LDCs,10.0
2014,Anzahl,Bremen,code04,Forschende aus LDCs,9.0
2015,Anzahl,Bremen,code04,Forschende aus LDCs,13.0
2016,Anzahl,Bremen,code04,Forschende aus LDCs,11.0
2017,Anzahl,Bremen,code04,Forschende aus LDCs,11.0
2018,Anzahl,Bremen,code04,Forschende aus LDCs,10.0
2019,Anzahl,Bremen,code04,Forschende aus LDCs,11.0
2020,Anzahl,Bremen,code04,Forschende aus LDCs,12.0
2006,Anzahl,Hamburg,code02,Forschende aus LDCs,8.0
2007,Anzahl,Hamburg,code02,Forschende aus LDCs,11.0
2008,Anzahl,Hamburg,code02,Forschende aus LDCs,5.0
2009,Anzahl,Hamburg,code02,Forschende aus LDCs,7.0
2010,Anzahl,Hamburg,code02,Forschende aus LDCs,14.0
2011,Anzahl,Hamburg,code02,Forschende aus LDCs,14.0
2012,Anzahl,Hamburg,code02,Forschende aus LDCs,14.0
2013,Anzahl,Hamburg,code02,Forschende aus LDCs,19.0
2014,Anzahl,Hamburg,code02,Forschende aus LDCs,20.0
2015,Anzahl,Hamburg,code02,Forschende aus LDCs,15.0
2016,Anzahl,Hamburg,code02,Forschende aus LDCs,19.0
2017,Anzahl,Hamburg,code02,Forschende aus LDCs,23.0
2018,Anzahl,Hamburg,code02,Forschende aus LDCs,20.0
2019,Anzahl,Hamburg,code02,Forschende aus LDCs,19.0
2020,Anzahl,Hamburg,code02,Forschende aus LDCs,29.0
2006,Anzahl,Hessen,code06,Forschende aus LDCs,18.0
2007,Anzahl,Hessen,code06,Forschende aus LDCs,19.0
2008,Anzahl,Hessen,code06,Forschende aus LDCs,20.0
2009,Anzahl,Hessen,code06,Forschende aus LDCs,17.0
2010,Anzahl,Hessen,code06,Forschende aus LDCs,27.0
2011,Anzahl,Hessen,code06,Forschende aus LDCs,25.0
2012,Anzahl,Hessen,code06,Forschende aus LDCs,26.0
2013,Anzahl,Hessen,code06,Forschende aus LDCs,36.0
2014,Anzahl,Hessen,code06,Forschende aus LDCs,40.0
2015,Anzahl,Hessen,code06,Forschende aus LDCs,42.0
2016,Anzahl,Hessen,code06,Forschende aus LDCs,53.0
2017,Anzahl,Hessen,code06,Forschende aus LDCs,58.0
2018,Anzahl,Hessen,code06,Forschende aus LDCs,59.0
2019,Anzahl,Hessen,code06,Forschende aus LDCs,43.0
2020,Anzahl,Hessen,code06,Forschende aus LDCs,42.0
2006,Anzahl,Mecklenburg-Vorpommern,code13,Forschende aus LDCs,5.0
2007,Anzahl,Mecklenburg-Vorpommern,code13,Forschende aus LDCs,3.0
2008,Anzahl,Mecklenburg-Vorpommern,code13,Forschende aus LDCs,4.0
2009,Anzahl,Mecklenburg-Vorpommern,code13,Forschende aus LDCs,5.0
2010,Anzahl,Mecklenburg-Vorpommern,code13,Forschende aus LDCs,5.0
2011,Anzahl,Mecklenburg-Vorpommern,code13,Forschende aus LDCs,14.0
2012,Anzahl,Mecklenburg-Vorpommern,code13,Forschende aus LDCs,11.0
2013,Anzahl,Mecklenburg-Vorpommern,code13,Forschende aus LDCs,11.0
2014,Anzahl,Mecklenburg-Vorpommern,code13,Forschende aus LDCs,13.0
2015,Anzahl,Mecklenburg-Vorpommern,code13,Forschende aus LDCs,9.0
2016,Anzahl,Mecklenburg-Vorpommern,code13,Forschende aus LDCs,13.0
2017,Anzahl,Mecklenburg-Vorpommern,code13,Forschende aus LDCs,17.0
2018,Anzahl,Mecklenburg-Vorpommern,code13,Forschende aus LDCs,13.0
2019,Anzahl,Mecklenburg-Vorpommern,code13,Forschende aus LDCs,9.0
2020,Anzahl,Mecklenburg-Vorpommern,code13,Forschende aus LDCs,14.0
2006,Anzahl,Niedersachsen,code03,Forschende aus LDCs,32.0
2007,Anzahl,Niedersachsen,code03,Forschende aus LDCs,27.0
2008,Anzahl,Niedersachsen,code03,Forschende aus LDCs,26.0
2009,Anzahl,Niedersachsen,code03,Forschende aus LDCs,30.0
2010,Anzahl,Niedersachsen,code03,Forschende aus LDCs,30.0
2011,Anzahl,Niedersachsen,code03,Forschende aus LDCs,26.0
2012,Anzahl,Niedersachsen,code03,Forschende aus LDCs,31.0
2013,Anzahl,Niedersachsen,code03,Forschende aus LDCs,35.0
2014,Anzahl,Niedersachsen,code03,Forschende aus LDCs,41.0
2015,Anzahl,Niedersachsen,code03,Forschende aus LDCs,41.0
2016,Anzahl,Niedersachsen,code03,Forschende aus LDCs,48.0
2017,Anzahl,Niedersachsen,code03,Forschende aus LDCs,57.0
2018,Anzahl,Niedersachsen,code03,Forschende aus LDCs,58.0
2019,Anzahl,Niedersachsen,code03,Forschende aus LDCs,49.0
2020,Anzahl,Niedersachsen,code03,Forschende aus LDCs,57.0
2006,Anzahl,Nordrhein-Westfalen,code05,Forschende aus LDCs,24.0
2007,Anzahl,Nordrhein-Westfalen,code05,Forschende aus LDCs,24.0
2008,Anzahl,Nordrhein-Westfalen,code05,Forschende aus LDCs,48.0
2009,Anzahl,Nordrhein-Westfalen,code05,Forschende aus LDCs,51.0
2010,Anzahl,Nordrhein-Westfalen,code05,Forschende aus LDCs,51.0
2011,Anzahl,Nordrhein-Westfalen,code05,Forschende aus LDCs,63.0
2012,Anzahl,Nordrhein-Westfalen,code05,Forschende aus LDCs,64.0
2013,Anzahl,Nordrhein-Westfalen,code05,Forschende aus LDCs,85.0
2014,Anzahl,Nordrhein-Westfalen,code05,Forschende aus LDCs,87.0
2015,Anzahl,Nordrhein-Westfalen,code05,Forschende aus LDCs,89.0
2016,Anzahl,Nordrhein-Westfalen,code05,Forschende aus LDCs,99.0
2017,Anzahl,Nordrhein-Westfalen,code05,Forschende aus LDCs,113.0
2018,Anzahl,Nordrhein-Westfalen,code05,Forschende aus LDCs,127.0
2019,Anzahl,Nordrhein-Westfalen,code05,Forschende aus LDCs,123.0
2020,Anzahl,Nordrhein-Westfalen,code05,Forschende aus LDCs,150.0
2006,Anzahl,Rheinland-Pfalz,code07,Forschende aus LDCs,10.0
2007,Anzahl,Rheinland-Pfalz,code07,Forschende aus LDCs,13.0
2008,Anzahl,Rheinland-Pfalz,code07,Forschende aus LDCs,15.0
2009,Anzahl,Rheinland-Pfalz,code07,Forschende aus LDCs,19.0
2010,Anzahl,Rheinland-Pfalz,code07,Forschende aus LDCs,20.0
2011,Anzahl,Rheinland-Pfalz,code07,Forschende aus LDCs,18.0
2012,Anzahl,Rheinland-Pfalz,code07,Forschende aus LDCs,19.0
2013,Anzahl,Rheinland-Pfalz,code07,Forschende aus LDCs,15.0
2014,Anzahl,Rheinland-Pfalz,code07,Forschende aus LDCs,16.0
2015,Anzahl,Rheinland-Pfalz,code07,Forschende aus LDCs,17.0
2016,Anzahl,Rheinland-Pfalz,code07,Forschende aus LDCs,15.0
2017,Anzahl,Rheinland-Pfalz,code07,Forschende aus LDCs,21.0
2018,Anzahl,Rheinland-Pfalz,code07,Forschende aus LDCs,25.0
2019,Anzahl,Rheinland-Pfalz,code07,Forschende aus LDCs,31.0
2020,Anzahl,Rheinland-Pfalz,code07,Forschende aus LDCs,48.0
2006,Anzahl,Saarland,code10,Forschende aus LDCs,3.0
2007,Anzahl,Saarland,code10,Forschende aus LDCs,3.0
2008,Anzahl,Saarland,code10,Forschende aus LDCs,4.0
2009,Anzahl,Saarland,code10,Forschende aus LDCs,8.0
2010,Anzahl,Saarland,code10,Forschende aus LDCs,6.0
2011,Anzahl,Saarland,code10,Forschende aus LDCs,6.0
2012,Anzahl,Saarland,code10,Forschende aus LDCs,5.0
2013,Anzahl,Saarland,code10,Forschende aus LDCs,3.0
2014,Anzahl,Saarland,code10,Forschende aus LDCs,5.0
2015,Anzahl,Saarland,code10,Forschende aus LDCs,5.0
2016,Anzahl,Saarland,code10,Forschende aus LDCs,5.0
2017,Anzahl,Saarland,code10,Forschende aus LDCs,1.0
2018,Anzahl,Saarland,code10,Forschende aus LDCs,8.0
2019,Anzahl,Saarland,code10,Forschende aus LDCs,9.0
2020,Anzahl,Saarland,code10,Forschende aus LDCs,15.0
2006,Anzahl,Sachsen,code14,Forschende aus LDCs,19.0
2007,Anzahl,Sachsen,code14,Forschende aus LDCs,17.0
2008,Anzahl,Sachsen,code14,Forschende aus LDCs,19.0
2009,Anzahl,Sachsen,code14,Forschende aus LDCs,23.0
2010,Anzahl,Sachsen,code14,Forschende aus LDCs,29.0
2011,Anzahl,Sachsen,code14,Forschende aus LDCs,24.0
2012,Anzahl,Sachsen,code14,Forschende aus LDCs,32.0
2013,Anzahl,Sachsen,code14,Forschende aus LDCs,32.0
2014,Anzahl,Sachsen,code14,Forschende aus LDCs,30.0
2015,Anzahl,Sachsen,code14,Forschende aus LDCs,36.0
2016,Anzahl,Sachsen,code14,Forschende aus LDCs,35.0
2017,Anzahl,Sachsen,code14,Forschende aus LDCs,42.0
2018,Anzahl,Sachsen,code14,Forschende aus LDCs,56.0
2019,Anzahl,Sachsen,code14,Forschende aus LDCs,53.0
2020,Anzahl,Sachsen,code14,Forschende aus LDCs,69.0
2006,Anzahl,Sachsen-Anhalt,code15,Forschende aus LDCs,5.0
2007,Anzahl,Sachsen-Anhalt,code15,Forschende aus LDCs,1.0
2008,Anzahl,Sachsen-Anhalt,code15,Forschende aus LDCs,3.0
2009,Anzahl,Sachsen-Anhalt,code15,Forschende aus LDCs,5.0
2010,Anzahl,Sachsen-Anhalt,code15,Forschende aus LDCs,5.0
2011,Anzahl,Sachsen-Anhalt,code15,Forschende aus LDCs,3.0
2012,Anzahl,Sachsen-Anhalt,code15,Forschende aus LDCs,4.0
2013,Anzahl,Sachsen-Anhalt,code15,Forschende aus LDCs,8.0
2014,Anzahl,Sachsen-Anhalt,code15,Forschende aus LDCs,9.0
2015,Anzahl,Sachsen-Anhalt,code15,Forschende aus LDCs,10.0
2016,Anzahl,Sachsen-Anhalt,code15,Forschende aus LDCs,7.0
2017,Anzahl,Sachsen-Anhalt,code15,Forschende aus LDCs,9.0
2018,Anzahl,Sachsen-Anhalt,code15,Forschende aus LDCs,17.0
2019,Anzahl,Sachsen-Anhalt,code15,Forschende aus LDCs,14.0
2020,Anzahl,Sachsen-Anhalt,code15,Forschende aus LDCs,22.0
2006,Anzahl,Schleswig-Holstein,code01,Forschende aus LDCs,5.0
2007,Anzahl,Schleswig-Holstein,code01,Forschende aus LDCs,6.0
2008,Anzahl,Schleswig-Holstein,code01,Forschende aus LDCs,8.0
2009,Anzahl,Schleswig-Holstein,code01,Forschende aus LDCs,11.0
2010,Anzahl,Schleswig-Holstein,code01,Forschende aus LDCs,10.0
2011,Anzahl,Schleswig-Holstein,code01,Forschende aus LDCs,13.0
2012,Anzahl,Schleswig-Holstein,code01,Forschende aus LDCs,11.0
2013,Anzahl,Schleswig-Holstein,code01,Forschende aus LDCs,13.0
2014,Anzahl,Schleswig-Holstein,code01,Forschende aus LDCs,15.0
2015,Anzahl,Schleswig-Holstein,code01,Forschende aus LDCs,12.0
2016,Anzahl,Schleswig-Holstein,code01,Forschende aus LDCs,14.0
2017,Anzahl,Schleswig-Holstein,code01,Forschende aus LDCs,17.0
2018,Anzahl,Schleswig-Holstein,code01,Forschende aus LDCs,23.0
2019,Anzahl,Schleswig-Holstein,code01,Forschende aus LDCs,27.0
2020,Anzahl,Schleswig-Holstein,code01,Forschende aus LDCs,28.0
2006,Anzahl,Thüringen,code16,Forschende aus LDCs,3.0
2007,Anzahl,Thüringen,code16,Forschende aus LDCs,5.0
2008,Anzahl,Thüringen,code16,Forschende aus LDCs,7.0
2009,Anzahl,Thüringen,code16,Forschende aus LDCs,13.0
2010,Anzahl,Thüringen,code16,Forschende aus LDCs,12.0
2011,Anzahl,Thüringen,code16,Forschende aus LDCs,12.0
2012,Anzahl,Thüringen,code16,Forschende aus LDCs,15.0
2013,Anzahl,Thüringen,code16,Forschende aus LDCs,22.0
2014,Anzahl,Thüringen,code16,Forschende aus LDCs,20.0
2015,Anzahl,Thüringen,code16,Forschende aus LDCs,20.0
2016,Anzahl,Thüringen,code16,Forschende aus LDCs,17.0
2017,Anzahl,Thüringen,code16,Forschende aus LDCs,19.0
2018,Anzahl,Thüringen,code16,Forschende aus LDCs,29.0
2019,Anzahl,Thüringen,code16,Forschende aus LDCs,23.0
2020,Anzahl,Thüringen,code16,Forschende aus LDCs,38.0
2005,Anzahl,,,Forschende aus den übrigen Entwicklungs- und Schwellenländern,5848.0
2006,Anzahl,,,Forschende aus den übrigen Entwicklungs- und Schwellenländern,6434.0
2007,Anzahl,,,Forschende aus den übrigen Entwicklungs- und Schwellenländern,6766.0
2008,Anzahl,,,Forschende aus den übrigen Entwicklungs- und Schwellenländern,8180.0
2009,Anzahl,,,Forschende aus den übrigen Entwicklungs- und Schwellenländern,9482.0
2010,Anzahl,,,Forschende aus den übrigen Entwicklungs- und Schwellenländern,10614.0
2011,Anzahl,,,Forschende aus den übrigen Entwicklungs- und Schwellenländern,10946.0
2012,Anzahl,,,Forschende aus den übrigen Entwicklungs- und Schwellenländern,11741.0
2013,Anzahl,,,Forschende aus den übrigen Entwicklungs- und Schwellenländern,12865.0
2014,Anzahl,,,Forschende aus den übrigen Entwicklungs- und Schwellenländern,13837.0
2015,Anzahl,,,Forschende aus den übrigen Entwicklungs- und Schwellenländern,14592.0
2016,Anzahl,,,Forschende aus den übrigen Entwicklungs- und Schwellenländern,15317.0
2017,Anzahl,,,Forschende aus den übrigen Entwicklungs- und Schwellenländern,16904.0
2018,Anzahl,,,Forschende aus den übrigen Entwicklungs- und Schwellenländern,18429.0
2019,Anzahl,,,Forschende aus den übrigen Entwicklungs- und Schwellenländern,20214.0
2020,Anzahl,,,Forschende aus den übrigen Entwicklungs- und Schwellenländern,22257.0
2006,Anzahl,Baden-Württemberg,code08,Forschende aus den übrigen Entwicklungs- und Schwellenländern,1190.0
2007,Anzahl,Baden-Württemberg,code08,Forschende aus den übrigen Entwicklungs- und Schwellenländern,1333.0
2008,Anzahl,Baden-Württemberg,code08,Forschende aus den übrigen Entwicklungs- und Schwellenländern,1579.0
2009,Anzahl,Baden-Württemberg,code08,Forschende aus den übrigen Entwicklungs- und Schwellenländern,1847.0
2010,Anzahl,Baden-Württemberg,code08,Forschende aus den übrigen Entwicklungs- und Schwellenländern,2049.0
2011,Anzahl,Baden-Württemberg,code08,Forschende aus den übrigen Entwicklungs- und Schwellenländern,1986.0
2012,Anzahl,Baden-Württemberg,code08,Forschende aus den übrigen Entwicklungs- und Schwellenländern,2155.0
2013,Anzahl,Baden-Württemberg,code08,Forschende aus den übrigen Entwicklungs- und Schwellenländern,2388.0
2014,Anzahl,Baden-Württemberg,code08,Forschende aus den übrigen Entwicklungs- und Schwellenländern,2547.0
2015,Anzahl,Baden-Württemberg,code08,Forschende aus den übrigen Entwicklungs- und Schwellenländern,2691.0
2016,Anzahl,Baden-Württemberg,code08,Forschende aus den übrigen Entwicklungs- und Schwellenländern,2761.0
2017,Anzahl,Baden-Württemberg,code08,Forschende aus den übrigen Entwicklungs- und Schwellenländern,3164.0
2018,Anzahl,Baden-Württemberg,code08,Forschende aus den übrigen Entwicklungs- und Schwellenländern,3314.0
2019,Anzahl,Baden-Württemberg,code08,Forschende aus den übrigen Entwicklungs- und Schwellenländern,3458.0
2020,Anzahl,Baden-Württemberg,code08,Forschende aus den übrigen Entwicklungs- und Schwellenländern,3897.0
2006,Anzahl,Bayern,code09,Forschende aus den übrigen Entwicklungs- und Schwellenländern,872.0
2007,Anzahl,Bayern,code09,Forschende aus den übrigen Entwicklungs- und Schwellenländern,934.0
2008,Anzahl,Bayern,code09,Forschende aus den übrigen Entwicklungs- und Schwellenländern,1171.0
2009,Anzahl,Bayern,code09,Forschende aus den übrigen Entwicklungs- und Schwellenländern,1296.0
2010,Anzahl,Bayern,code09,Forschende aus den übrigen Entwicklungs- und Schwellenländern,1483.0
2011,Anzahl,Bayern,code09,Forschende aus den übrigen Entwicklungs- und Schwellenländern,1612.0
2012,Anzahl,Bayern,code09,Forschende aus den übrigen Entwicklungs- und Schwellenländern,1767.0
2013,Anzahl,Bayern,code09,Forschende aus den übrigen Entwicklungs- und Schwellenländern,1956.0
2014,Anzahl,Bayern,code09,Forschende aus den übrigen Entwicklungs- und Schwellenländern,2150.0
2015,Anzahl,Bayern,code09,Forschende aus den übrigen Entwicklungs- und Schwellenländern,2212.0
2016,Anzahl,Bayern,code09,Forschende aus den übrigen Entwicklungs- und Schwellenländern,2280.0
2017,Anzahl,Bayern,code09,Forschende aus den übrigen Entwicklungs- und Schwellenländern,2425.0
2018,Anzahl,Bayern,code09,Forschende aus den übrigen Entwicklungs- und Schwellenländern,2600.0
2019,Anzahl,Bayern,code09,Forschende aus den übrigen Entwicklungs- und Schwellenländern,2910.0
2020,Anzahl,Bayern,code09,Forschende aus den übrigen Entwicklungs- und Schwellenländern,3265.0
2006,Anzahl,Berlin,code11,Forschende aus den übrigen Entwicklungs- und Schwellenländern,468.0
2007,Anzahl,Berlin,code11,Forschende aus den übrigen Entwicklungs- und Schwellenländern,461.0
2008,Anzahl,Berlin,code11,Forschende aus den übrigen Entwicklungs- und Schwellenländern,550.0
2009,Anzahl,Berlin,code11,Forschende aus den übrigen Entwicklungs- und Schwellenländern,597.0
2010,Anzahl,Berlin,code11,Forschende aus den übrigen Entwicklungs- und Schwellenländern,620.0
2011,Anzahl,Berlin,code11,Forschende aus den übrigen Entwicklungs- und Schwellenländern,603.0
2012,Anzahl,Berlin,code11,Forschende aus den übrigen Entwicklungs- und Schwellenländern,672.0
2013,Anzahl,Berlin,code11,Forschende aus den übrigen Entwicklungs- und Schwellenländern,688.0
2014,Anzahl,Berlin,code11,Forschende aus den übrigen Entwicklungs- und Schwellenländern,765.0
2015,Anzahl,Berlin,code11,Forschende aus den übrigen Entwicklungs- und Schwellenländern,858.0
2016,Anzahl,Berlin,code11,Forschende aus den übrigen Entwicklungs- und Schwellenländern,877.0
2017,Anzahl,Berlin,code11,Forschende aus den übrigen Entwicklungs- und Schwellenländern,934.0
2018,Anzahl,Berlin,code11,Forschende aus den übrigen Entwicklungs- und Schwellenländern,1000.0
2019,Anzahl,Berlin,code11,Forschende aus den übrigen Entwicklungs- und Schwellenländern,1138.0
2020,Anzahl,Berlin,code11,Forschende aus den übrigen Entwicklungs- und Schwellenländern,1322.0
2006,Anzahl,Brandenburg,code12,Forschende aus den übrigen Entwicklungs- und Schwellenländern,97.0
2007,Anzahl,Brandenburg,code12,Forschende aus den übrigen Entwicklungs- und Schwellenländern,109.0
2008,Anzahl,Brandenburg,code12,Forschende aus den übrigen Entwicklungs- und Schwellenländern,124.0
2009,Anzahl,Brandenburg,code12,Forschende aus den übrigen Entwicklungs- und Schwellenländern,151.0
2010,Anzahl,Brandenburg,code12,Forschende aus den übrigen Entwicklungs- und Schwellenländern,170.0
2011,Anzahl,Brandenburg,code12,Forschende aus den übrigen Entwicklungs- und Schwellenländern,208.0
2012,Anzahl,Brandenburg,code12,Forschende aus den übrigen Entwicklungs- und Schwellenländern,204.0
2013,Anzahl,Brandenburg,code12,Forschende aus den übrigen Entwicklungs- und Schwellenländern,209.0
2014,Anzahl,Brandenburg,code12,Forschende aus den übrigen Entwicklungs- und Schwellenländern,227.0
2015,Anzahl,Brandenburg,code12,Forschende aus den übrigen Entwicklungs- und Schwellenländern,232.0
2016,Anzahl,Brandenburg,code12,Forschende aus den übrigen Entwicklungs- und Schwellenländern,267.0
2017,Anzahl,Brandenburg,code12,Forschende aus den übrigen Entwicklungs- und Schwellenländern,322.0
2018,Anzahl,Brandenburg,code12,Forschende aus den übrigen Entwicklungs- und Schwellenländern,352.0
2019,Anzahl,Brandenburg,code12,Forschende aus den übrigen Entwicklungs- und Schwellenländern,414.0
2020,Anzahl,Brandenburg,code12,Forschende aus den übrigen Entwicklungs- und Schwellenländern,492.0
2006,Anzahl,Bremen,code04,Forschende aus den übrigen Entwicklungs- und Schwellenländern,108.0
2007,Anzahl,Bremen,code04,Forschende aus den übrigen Entwicklungs- und Schwellenländern,96.0
2008,Anzahl,Bremen,code04,Forschende aus den übrigen Entwicklungs- und Schwellenländern,116.0
2009,Anzahl,Bremen,code04,Forschende aus den übrigen Entwicklungs- und Schwellenländern,156.0
2010,Anzahl,Bremen,code04,Forschende aus den übrigen Entwicklungs- und Schwellenländern,181.0
2011,Anzahl,Bremen,code04,Forschende aus den übrigen Entwicklungs- und Schwellenländern,184.0
2012,Anzahl,Bremen,code04,Forschende aus den übrigen Entwicklungs- und Schwellenländern,177.0
2013,Anzahl,Bremen,code04,Forschende aus den übrigen Entwicklungs- und Schwellenländern,193.0
2014,Anzahl,Bremen,code04,Forschende aus den übrigen Entwicklungs- und Schwellenländern,192.0
2015,Anzahl,Bremen,code04,Forschende aus den übrigen Entwicklungs- und Schwellenländern,195.0
2016,Anzahl,Bremen,code04,Forschende aus den übrigen Entwicklungs- und Schwellenländern,204.0
2017,Anzahl,Bremen,code04,Forschende aus den übrigen Entwicklungs- und Schwellenländern,225.0
2018,Anzahl,Bremen,code04,Forschende aus den übrigen Entwicklungs- und Schwellenländern,219.0
2019,Anzahl,Bremen,code04,Forschende aus den übrigen Entwicklungs- und Schwellenländern,238.0
2020,Anzahl,Bremen,code04,Forschende aus den übrigen Entwicklungs- und Schwellenländern,238.0
2006,Anzahl,Hamburg,code02,Forschende aus den übrigen Entwicklungs- und Schwellenländern,162.0
2007,Anzahl,Hamburg,code02,Forschende aus den übrigen Entwicklungs- und Schwellenländern,215.0
2008,Anzahl,Hamburg,code02,Forschende aus den übrigen Entwicklungs- und Schwellenländern,242.0
2009,Anzahl,Hamburg,code02,Forschende aus den übrigen Entwicklungs- und Schwellenländern,272.0
2010,Anzahl,Hamburg,code02,Forschende aus den übrigen Entwicklungs- und Schwellenländern,282.0
2011,Anzahl,Hamburg,code02,Forschende aus den übrigen Entwicklungs- und Schwellenländern,281.0
2012,Anzahl,Hamburg,code02,Forschende aus den übrigen Entwicklungs- und Schwellenländern,281.0
2013,Anzahl,Hamburg,code02,Forschende aus den übrigen Entwicklungs- und Schwellenländern,330.0
2014,Anzahl,Hamburg,code02,Forschende aus den übrigen Entwicklungs- und Schwellenländern,340.0
2015,Anzahl,Hamburg,code02,Forschende aus den übrigen Entwicklungs- und Schwellenländern,347.0
2016,Anzahl,Hamburg,code02,Forschende aus den übrigen Entwicklungs- und Schwellenländern,416.0
2017,Anzahl,Hamburg,code02,Forschende aus den übrigen Entwicklungs- und Schwellenländern,442.0
2018,Anzahl,Hamburg,code02,Forschende aus den übrigen Entwicklungs- und Schwellenländern,496.0
2019,Anzahl,Hamburg,code02,Forschende aus den übrigen Entwicklungs- und Schwellenländern,578.0
2020,Anzahl,Hamburg,code02,Forschende aus den übrigen Entwicklungs- und Schwellenländern,649.0
2006,Anzahl,Hessen,code06,Forschende aus den übrigen Entwicklungs- und Schwellenländern,469.0
2007,Anzahl,Hessen,code06,Forschende aus den übrigen Entwicklungs- und Schwellenländern,520.0
2008,Anzahl,Hessen,code06,Forschende aus den übrigen Entwicklungs- und Schwellenländern,628.0
2009,Anzahl,Hessen,code06,Forschende aus den übrigen Entwicklungs- und Schwellenländern,730.0
2010,Anzahl,Hessen,code06,Forschende aus den übrigen Entwicklungs- und Schwellenländern,836.0
2011,Anzahl,Hessen,code06,Forschende aus den übrigen Entwicklungs- und Schwellenländern,898.0
2012,Anzahl,Hessen,code06,Forschende aus den übrigen Entwicklungs- und Schwellenländern,921.0
2013,Anzahl,Hessen,code06,Forschende aus den übrigen Entwicklungs- und Schwellenländern,1017.0
2014,Anzahl,Hessen,code06,Forschende aus den übrigen Entwicklungs- und Schwellenländern,1063.0
2015,Anzahl,Hessen,code06,Forschende aus den übrigen Entwicklungs- und Schwellenländern,1065.0
2016,Anzahl,Hessen,code06,Forschende aus den übrigen Entwicklungs- und Schwellenländern,1089.0
2017,Anzahl,Hessen,code06,Forschende aus den übrigen Entwicklungs- und Schwellenländern,1146.0
2018,Anzahl,Hessen,code06,Forschende aus den übrigen Entwicklungs- und Schwellenländern,1238.0
2019,Anzahl,Hessen,code06,Forschende aus den übrigen Entwicklungs- und Schwellenländern,1344.0
2020,Anzahl,Hessen,code06,Forschende aus den übrigen Entwicklungs- und Schwellenländern,1424.0
2006,Anzahl,Mecklenburg-Vorpommern,code13,Forschende aus den übrigen Entwicklungs- und Schwellenländern,67.0
2007,Anzahl,Mecklenburg-Vorpommern,code13,Forschende aus den übrigen Entwicklungs- und Schwellenländern,73.0
2008,Anzahl,Mecklenburg-Vorpommern,code13,Forschende aus den übrigen Entwicklungs- und Schwellenländern,94.0
2009,Anzahl,Mecklenburg-Vorpommern,code13,Forschende aus den übrigen Entwicklungs- und Schwellenländern,102.0
2010,Anzahl,Mecklenburg-Vorpommern,code13,Forschende aus den übrigen Entwicklungs- und Schwellenländern,139.0
2011,Anzahl,Mecklenburg-Vorpommern,code13,Forschende aus den übrigen Entwicklungs- und Schwellenländern,128.0
2012,Anzahl,Mecklenburg-Vorpommern,code13,Forschende aus den übrigen Entwicklungs- und Schwellenländern,139.0
2013,Anzahl,Mecklenburg-Vorpommern,code13,Forschende aus den übrigen Entwicklungs- und Schwellenländern,160.0
2014,Anzahl,Mecklenburg-Vorpommern,code13,Forschende aus den übrigen Entwicklungs- und Schwellenländern,176.0
2015,Anzahl,Mecklenburg-Vorpommern,code13,Forschende aus den übrigen Entwicklungs- und Schwellenländern,176.0
2016,Anzahl,Mecklenburg-Vorpommern,code13,Forschende aus den übrigen Entwicklungs- und Schwellenländern,194.0
2017,Anzahl,Mecklenburg-Vorpommern,code13,Forschende aus den übrigen Entwicklungs- und Schwellenländern,209.0
2018,Anzahl,Mecklenburg-Vorpommern,code13,Forschende aus den übrigen Entwicklungs- und Schwellenländern,239.0
2019,Anzahl,Mecklenburg-Vorpommern,code13,Forschende aus den übrigen Entwicklungs- und Schwellenländern,276.0
2020,Anzahl,Mecklenburg-Vorpommern,code13,Forschende aus den übrigen Entwicklungs- und Schwellenländern,308.0
2006,Anzahl,Niedersachsen,code03,Forschende aus den übrigen Entwicklungs- und Schwellenländern,519.0
2007,Anzahl,Niedersachsen,code03,Forschende aus den übrigen Entwicklungs- und Schwellenländern,646.0
2008,Anzahl,Niedersachsen,code03,Forschende aus den übrigen Entwicklungs- und Schwellenländern,710.0
2009,Anzahl,Niedersachsen,code03,Forschende aus den übrigen Entwicklungs- und Schwellenländern,797.0
2010,Anzahl,Niedersachsen,code03,Forschende aus den übrigen Entwicklungs- und Schwellenländern,883.0
2011,Anzahl,Niedersachsen,code03,Forschende aus den übrigen Entwicklungs- und Schwellenländern,915.0
2012,Anzahl,Niedersachsen,code03,Forschende aus den übrigen Entwicklungs- und Schwellenländern,1010.0
2013,Anzahl,Niedersachsen,code03,Forschende aus den übrigen Entwicklungs- und Schwellenländern,1132.0
2014,Anzahl,Niedersachsen,code03,Forschende aus den übrigen Entwicklungs- und Schwellenländern,1140.0
2015,Anzahl,Niedersachsen,code03,Forschende aus den übrigen Entwicklungs- und Schwellenländern,1206.0
2016,Anzahl,Niedersachsen,code03,Forschende aus den übrigen Entwicklungs- und Schwellenländern,1250.0
2017,Anzahl,Niedersachsen,code03,Forschende aus den übrigen Entwicklungs- und Schwellenländern,1343.0
2018,Anzahl,Niedersachsen,code03,Forschende aus den übrigen Entwicklungs- und Schwellenländern,1475.0
2019,Anzahl,Niedersachsen,code03,Forschende aus den übrigen Entwicklungs- und Schwellenländern,1549.0
2020,Anzahl,Niedersachsen,code03,Forschende aus den übrigen Entwicklungs- und Schwellenländern,1638.0
2006,Anzahl,Nordrhein-Westfalen,code05,Forschende aus den übrigen Entwicklungs- und Schwellenländern,1399.0
2007,Anzahl,Nordrhein-Westfalen,code05,Forschende aus den übrigen Entwicklungs- und Schwellenländern,1240.0
2008,Anzahl,Nordrhein-Westfalen,code05,Forschende aus den übrigen Entwicklungs- und Schwellenländern,1675.0
2009,Anzahl,Nordrhein-Westfalen,code05,Forschende aus den übrigen Entwicklungs- und Schwellenländern,2017.0
2010,Anzahl,Nordrhein-Westfalen,code05,Forschende aus den übrigen Entwicklungs- und Schwellenländern,2178.0
2011,Anzahl,Nordrhein-Westfalen,code05,Forschende aus den übrigen Entwicklungs- und Schwellenländern,2221.0
2012,Anzahl,Nordrhein-Westfalen,code05,Forschende aus den übrigen Entwicklungs- und Schwellenländern,2293.0
2013,Anzahl,Nordrhein-Westfalen,code05,Forschende aus den übrigen Entwicklungs- und Schwellenländern,2473.0
2014,Anzahl,Nordrhein-Westfalen,code05,Forschende aus den übrigen Entwicklungs- und Schwellenländern,2749.0
2015,Anzahl,Nordrhein-Westfalen,code05,Forschende aus den übrigen Entwicklungs- und Schwellenländern,2949.0
2016,Anzahl,Nordrhein-Westfalen,code05,Forschende aus den übrigen Entwicklungs- und Schwellenländern,3199.0
2017,Anzahl,Nordrhein-Westfalen,code05,Forschende aus den übrigen Entwicklungs- und Schwellenländern,3539.0
2018,Anzahl,Nordrhein-Westfalen,code05,Forschende aus den übrigen Entwicklungs- und Schwellenländern,3955.0
2019,Anzahl,Nordrhein-Westfalen,code05,Forschende aus den übrigen Entwicklungs- und Schwellenländern,4306.0
2020,Anzahl,Nordrhein-Westfalen,code05,Forschende aus den übrigen Entwicklungs- und Schwellenländern,4628.0
2006,Anzahl,Rheinland-Pfalz,code07,Forschende aus den übrigen Entwicklungs- und Schwellenländern,238.0
2007,Anzahl,Rheinland-Pfalz,code07,Forschende aus den übrigen Entwicklungs- und Schwellenländern,254.0
2008,Anzahl,Rheinland-Pfalz,code07,Forschende aus den übrigen Entwicklungs- und Schwellenländern,291.0
2009,Anzahl,Rheinland-Pfalz,code07,Forschende aus den übrigen Entwicklungs- und Schwellenländern,302.0
2010,Anzahl,Rheinland-Pfalz,code07,Forschende aus den übrigen Entwicklungs- und Schwellenländern,404.0
2011,Anzahl,Rheinland-Pfalz,code07,Forschende aus den übrigen Entwicklungs- und Schwellenländern,412.0
2012,Anzahl,Rheinland-Pfalz,code07,Forschende aus den übrigen Entwicklungs- und Schwellenländern,472.0
2013,Anzahl,Rheinland-Pfalz,code07,Forschende aus den übrigen Entwicklungs- und Schwellenländern,505.0
2014,Anzahl,Rheinland-Pfalz,code07,Forschende aus den übrigen Entwicklungs- und Schwellenländern,514.0
2015,Anzahl,Rheinland-Pfalz,code07,Forschende aus den übrigen Entwicklungs- und Schwellenländern,529.0
2016,Anzahl,Rheinland-Pfalz,code07,Forschende aus den übrigen Entwicklungs- und Schwellenländern,602.0
2017,Anzahl,Rheinland-Pfalz,code07,Forschende aus den übrigen Entwicklungs- und Schwellenländern,640.0
2018,Anzahl,Rheinland-Pfalz,code07,Forschende aus den übrigen Entwicklungs- und Schwellenländern,653.0
2019,Anzahl,Rheinland-Pfalz,code07,Forschende aus den übrigen Entwicklungs- und Schwellenländern,756.0
2020,Anzahl,Rheinland-Pfalz,code07,Forschende aus den übrigen Entwicklungs- und Schwellenländern,823.0
2006,Anzahl,Saarland,code10,Forschende aus den übrigen Entwicklungs- und Schwellenländern,111.0
2007,Anzahl,Saarland,code10,Forschende aus den übrigen Entwicklungs- und Schwellenländern,102.0
2008,Anzahl,Saarland,code10,Forschende aus den übrigen Entwicklungs- und Schwellenländern,108.0
2009,Anzahl,Saarland,code10,Forschende aus den übrigen Entwicklungs- und Schwellenländern,162.0
2010,Anzahl,Saarland,code10,Forschende aus den übrigen Entwicklungs- und Schwellenländern,182.0
2011,Anzahl,Saarland,code10,Forschende aus den übrigen Entwicklungs- und Schwellenländern,227.0
2012,Anzahl,Saarland,code10,Forschende aus den übrigen Entwicklungs- und Schwellenländern,236.0
2013,Anzahl,Saarland,code10,Forschende aus den übrigen Entwicklungs- und Schwellenländern,271.0
2014,Anzahl,Saarland,code10,Forschende aus den übrigen Entwicklungs- und Schwellenländern,299.0
2015,Anzahl,Saarland,code10,Forschende aus den übrigen Entwicklungs- und Schwellenländern,330.0
2016,Anzahl,Saarland,code10,Forschende aus den übrigen Entwicklungs- und Schwellenländern,325.0
2017,Anzahl,Saarland,code10,Forschende aus den übrigen Entwicklungs- und Schwellenländern,322.0
2018,Anzahl,Saarland,code10,Forschende aus den übrigen Entwicklungs- und Schwellenländern,384.0
2019,Anzahl,Saarland,code10,Forschende aus den übrigen Entwicklungs- und Schwellenländern,371.0
2020,Anzahl,Saarland,code10,Forschende aus den übrigen Entwicklungs- und Schwellenländern,404.0
2006,Anzahl,Sachsen,code14,Forschende aus den übrigen Entwicklungs- und Schwellenländern,304.0
2007,Anzahl,Sachsen,code14,Forschende aus den übrigen Entwicklungs- und Schwellenländern,326.0
2008,Anzahl,Sachsen,code14,Forschende aus den übrigen Entwicklungs- und Schwellenländern,376.0
2009,Anzahl,Sachsen,code14,Forschende aus den übrigen Entwicklungs- und Schwellenländern,445.0
2010,Anzahl,Sachsen,code14,Forschende aus den übrigen Entwicklungs- und Schwellenländern,487.0
2011,Anzahl,Sachsen,code14,Forschende aus den übrigen Entwicklungs- und Schwellenländern,498.0
2012,Anzahl,Sachsen,code14,Forschende aus den übrigen Entwicklungs- und Schwellenländern,549.0
2013,Anzahl,Sachsen,code14,Forschende aus den übrigen Entwicklungs- und Schwellenländern,650.0
2014,Anzahl,Sachsen,code14,Forschende aus den übrigen Entwicklungs- und Schwellenländern,741.0
2015,Anzahl,Sachsen,code14,Forschende aus den übrigen Entwicklungs- und Schwellenländern,766.0
2016,Anzahl,Sachsen,code14,Forschende aus den übrigen Entwicklungs- und Schwellenländern,845.0
2017,Anzahl,Sachsen,code14,Forschende aus den übrigen Entwicklungs- und Schwellenländern,1003.0
2018,Anzahl,Sachsen,code14,Forschende aus den übrigen Entwicklungs- und Schwellenländern,1114.0
2019,Anzahl,Sachsen,code14,Forschende aus den übrigen Entwicklungs- und Schwellenländern,1338.0
2020,Anzahl,Sachsen,code14,Forschende aus den übrigen Entwicklungs- und Schwellenländern,1379.0
2006,Anzahl,Sachsen-Anhalt,code15,Forschende aus den übrigen Entwicklungs- und Schwellenländern,136.0
2007,Anzahl,Sachsen-Anhalt,code15,Forschende aus den übrigen Entwicklungs- und Schwellenländern,161.0
2008,Anzahl,Sachsen-Anhalt,code15,Forschende aus den übrigen Entwicklungs- und Schwellenländern,175.0
2009,Anzahl,Sachsen-Anhalt,code15,Forschende aus den übrigen Entwicklungs- und Schwellenländern,195.0
2010,Anzahl,Sachsen-Anhalt,code15,Forschende aus den übrigen Entwicklungs- und Schwellenländern,227.0
2011,Anzahl,Sachsen-Anhalt,code15,Forschende aus den übrigen Entwicklungs- und Schwellenländern,234.0
2012,Anzahl,Sachsen-Anhalt,code15,Forschende aus den übrigen Entwicklungs- und Schwellenländern,277.0
2013,Anzahl,Sachsen-Anhalt,code15,Forschende aus den übrigen Entwicklungs- und Schwellenländern,272.0
2014,Anzahl,Sachsen-Anhalt,code15,Forschende aus den übrigen Entwicklungs- und Schwellenländern,270.0
2015,Anzahl,Sachsen-Anhalt,code15,Forschende aus den übrigen Entwicklungs- und Schwellenländern,320.0
2016,Anzahl,Sachsen-Anhalt,code15,Forschende aus den übrigen Entwicklungs- und Schwellenländern,321.0
2017,Anzahl,Sachsen-Anhalt,code15,Forschende aus den übrigen Entwicklungs- und Schwellenländern,393.0
2018,Anzahl,Sachsen-Anhalt,code15,Forschende aus den übrigen Entwicklungs- und Schwellenländern,470.0
2019,Anzahl,Sachsen-Anhalt,code15,Forschende aus den übrigen Entwicklungs- und Schwellenländern,512.0
2020,Anzahl,Sachsen-Anhalt,code15,Forschende aus den übrigen Entwicklungs- und Schwellenländern,544.0
2006,Anzahl,Schleswig-Holstein,code01,Forschende aus den übrigen Entwicklungs- und Schwellenländern,148.0
2007,Anzahl,Schleswig-Holstein,code01,Forschende aus den übrigen Entwicklungs- und Schwellenländern,129.0
2008,Anzahl,Schleswig-Holstein,code01,Forschende aus den übrigen Entwicklungs- und Schwellenländern,147.0
2009,Anzahl,Schleswig-Holstein,code01,Forschende aus den übrigen Entwicklungs- und Schwellenländern,149.0
2010,Anzahl,Schleswig-Holstein,code01,Forschende aus den übrigen Entwicklungs- und Schwellenländern,180.0
2011,Anzahl,Schleswig-Holstein,code01,Forschende aus den übrigen Entwicklungs- und Schwellenländern,191.0
2012,Anzahl,Schleswig-Holstein,code01,Forschende aus den übrigen Entwicklungs- und Schwellenländern,201.0
2013,Anzahl,Schleswig-Holstein,code01,Forschende aus den übrigen Entwicklungs- und Schwellenländern,204.0
2014,Anzahl,Schleswig-Holstein,code01,Forschende aus den übrigen Entwicklungs- und Schwellenländern,207.0
2015,Anzahl,Schleswig-Holstein,code01,Forschende aus den übrigen Entwicklungs- und Schwellenländern,218.0
2016,Anzahl,Schleswig-Holstein,code01,Forschende aus den übrigen Entwicklungs- und Schwellenländern,235.0
2017,Anzahl,Schleswig-Holstein,code01,Forschende aus den übrigen Entwicklungs- und Schwellenländern,279.0
2018,Anzahl,Schleswig-Holstein,code01,Forschende aus den übrigen Entwicklungs- und Schwellenländern,326.0
2019,Anzahl,Schleswig-Holstein,code01,Forschende aus den übrigen Entwicklungs- und Schwellenländern,361.0
2020,Anzahl,Schleswig-Holstein,code01,Forschende aus den übrigen Entwicklungs- und Schwellenländern,391.0
2006,Anzahl,Thüringen,code16,Forschende aus den übrigen Entwicklungs- und Schwellenländern,146.0
2007,Anzahl,Thüringen,code16,Forschende aus den übrigen Entwicklungs- und Schwellenländern,167.0
2008,Anzahl,Thüringen,code16,Forschende aus den übrigen Entwicklungs- und Schwellenländern,194.0
2009,Anzahl,Thüringen,code16,Forschende aus den übrigen Entwicklungs- und Schwellenländern,264.0
2010,Anzahl,Thüringen,code16,Forschende aus den übrigen Entwicklungs- und Schwellenländern,313.0
2011,Anzahl,Thüringen,code16,Forschende aus den übrigen Entwicklungs- und Schwellenländern,348.0
2012,Anzahl,Thüringen,code16,Forschende aus den übrigen Entwicklungs- und Schwellenländern,387.0
2013,Anzahl,Thüringen,code16,Forschende aus den übrigen Entwicklungs- und Schwellenländern,417.0
2014,Anzahl,Thüringen,code16,Forschende aus den übrigen Entwicklungs- und Schwellenländern,457.0
2015,Anzahl,Thüringen,code16,Forschende aus den übrigen Entwicklungs- und Schwellenländern,498.0
2016,Anzahl,Thüringen,code16,Forschende aus den übrigen Entwicklungs- und Schwellenländern,452.0
2017,Anzahl,Thüringen,code16,Forschende aus den übrigen Entwicklungs- und Schwellenländern,518.0
2018,Anzahl,Thüringen,code16,Forschende aus den übrigen Entwicklungs- und Schwellenländern,594.0
2019,Anzahl,Thüringen,code16,Forschende aus den übrigen Entwicklungs- und Schwellenländern,665.0
2020,Anzahl,Thüringen,code16,Forschende aus den übrigen Entwicklungs- und Schwellenländern,855.0
