Year,Units,time series,Bundesland,GeoCodes,Value
2000,Je 100 000 Einwohner/ -innen,premature mortality (women),,,184.3
2001,Je 100 000 Einwohner/ -innen,premature mortality (women),,,179.0
2002,Je 100 000 Einwohner/ -innen,premature mortality (women),,,177.0
2003,Je 100 000 Einwohner/ -innen,premature mortality (women),,,173.2
2004,Je 100 000 Einwohner/ -innen,premature mortality (women),,,166.4
2005,Je 100 000 Einwohner/ -innen,premature mortality (women),,,164.7
2006,Je 100 000 Einwohner/ -innen,premature mortality (women),,,159.2
2007,Je 100 000 Einwohner/ -innen,premature mortality (women),,,157.9
2008,Je 100 000 Einwohner/ -innen,premature mortality (women),,,158.8
2009,Je 100 000 Einwohner/ -innen,premature mortality (women),,,157.4
2010,Je 100 000 Einwohner/ -innen,premature mortality (women),,,155.4
2011,Je 100 000 Einwohner/ -innen,premature mortality (women),,,157.1
2012,Je 100 000 Einwohner/ -innen,premature mortality (women),,,152.9
2013,Je 100 000 Einwohner/ -innen,premature mortality (women),,,155.8
2014,Je 100 000 Einwohner/ -innen,premature mortality (women),,,149.1
2015,Je 100 000 Einwohner/ -innen,premature mortality (women),,,153.0
2016,Je 100 000 Einwohner/ -innen,premature mortality (women),,,151.6
2017,Je 100 000 Einwohner/ -innen,premature mortality (women),,,148.7
2018,Je 100 000 Einwohner/ -innen,premature mortality (women),,,151.1
2019,Je 100 000 Einwohner/ -innen,premature mortality (women),,,145.9
2020,Je 100 000 Einwohner/ -innen,premature mortality (women),,,145.4
2000,Je 100 000 Einwohner/ -innen,premature mortality (women),Baden-Württemberg,code08,158.2
2001,Je 100 000 Einwohner/ -innen,premature mortality (women),Baden-Württemberg,code08,159.7
2002,Je 100 000 Einwohner/ -innen,premature mortality (women),Baden-Württemberg,code08,153.8
2003,Je 100 000 Einwohner/ -innen,premature mortality (women),Baden-Württemberg,code08,153.7
2004,Je 100 000 Einwohner/ -innen,premature mortality (women),Baden-Württemberg,code08,145.1
2005,Je 100 000 Einwohner/ -innen,premature mortality (women),Baden-Württemberg,code08,144.0
2006,Je 100 000 Einwohner/ -innen,premature mortality (women),Baden-Württemberg,code08,136.7
2007,Je 100 000 Einwohner/ -innen,premature mortality (women),Baden-Württemberg,code08,137.2
2008,Je 100 000 Einwohner/ -innen,premature mortality (women),Baden-Württemberg,code08,137.8
2009,Je 100 000 Einwohner/ -innen,premature mortality (women),Baden-Württemberg,code08,135.1
2010,Je 100 000 Einwohner/ -innen,premature mortality (women),Baden-Württemberg,code08,135.6
2011,Je 100 000 Einwohner/ -innen,premature mortality (women),Baden-Württemberg,code08,135.0
2012,Je 100 000 Einwohner/ -innen,premature mortality (women),Baden-Württemberg,code08,130.2
2013,Je 100 000 Einwohner/ -innen,premature mortality (women),Baden-Württemberg,code08,135.1
2014,Je 100 000 Einwohner/ -innen,premature mortality (women),Baden-Württemberg,code08,128.6
2015,Je 100 000 Einwohner/ -innen,premature mortality (women),Baden-Württemberg,code08,132.9
2016,Je 100 000 Einwohner/ -innen,premature mortality (women),Baden-Württemberg,code08,131.9
2017,Je 100 000 Einwohner/ -innen,premature mortality (women),Baden-Württemberg,code08,127.6
2018,Je 100 000 Einwohner/ -innen,premature mortality (women),Baden-Württemberg,code08,130.3
2019,Je 100 000 Einwohner/ -innen,premature mortality (women),Baden-Württemberg,code08,125.6
2020,Je 100 000 Einwohner/ -innen,premature mortality (women),Baden-Württemberg,code08,120.2
2000,Je 100 000 Einwohner/ -innen,premature mortality (women),Bayern,code09,173.9
2001,Je 100 000 Einwohner/ -innen,premature mortality (women),Bayern,code09,167.9
2002,Je 100 000 Einwohner/ -innen,premature mortality (women),Bayern,code09,164.6
2003,Je 100 000 Einwohner/ -innen,premature mortality (women),Bayern,code09,162.1
2004,Je 100 000 Einwohner/ -innen,premature mortality (women),Bayern,code09,152.8
2005,Je 100 000 Einwohner/ -innen,premature mortality (women),Bayern,code09,155.2
2006,Je 100 000 Einwohner/ -innen,premature mortality (women),Bayern,code09,149.3
2007,Je 100 000 Einwohner/ -innen,premature mortality (women),Bayern,code09,147.5
2008,Je 100 000 Einwohner/ -innen,premature mortality (women),Bayern,code09,148.5
2009,Je 100 000 Einwohner/ -innen,premature mortality (women),Bayern,code09,146.2
2010,Je 100 000 Einwohner/ -innen,premature mortality (women),Bayern,code09,142.4
2011,Je 100 000 Einwohner/ -innen,premature mortality (women),Bayern,code09,146.6
2012,Je 100 000 Einwohner/ -innen,premature mortality (women),Bayern,code09,141.1
2013,Je 100 000 Einwohner/ -innen,premature mortality (women),Bayern,code09,141.5
2014,Je 100 000 Einwohner/ -innen,premature mortality (women),Bayern,code09,134.2
2015,Je 100 000 Einwohner/ -innen,premature mortality (women),Bayern,code09,138.8
2016,Je 100 000 Einwohner/ -innen,premature mortality (women),Bayern,code09,137.8
2017,Je 100 000 Einwohner/ -innen,premature mortality (women),Bayern,code09,132.0
2018,Je 100 000 Einwohner/ -innen,premature mortality (women),Bayern,code09,130.7
2019,Je 100 000 Einwohner/ -innen,premature mortality (women),Bayern,code09,126.6
2020,Je 100 000 Einwohner/ -innen,premature mortality (women),Bayern,code09,131.2
2000,Je 100 000 Einwohner/ -innen,premature mortality (women),Berlin,code11,205.5
2001,Je 100 000 Einwohner/ -innen,premature mortality (women),Berlin,code11,191.3
2002,Je 100 000 Einwohner/ -innen,premature mortality (women),Berlin,code11,202.1
2003,Je 100 000 Einwohner/ -innen,premature mortality (women),Berlin,code11,187.6
2004,Je 100 000 Einwohner/ -innen,premature mortality (women),Berlin,code11,178.0
2005,Je 100 000 Einwohner/ -innen,premature mortality (women),Berlin,code11,185.7
2006,Je 100 000 Einwohner/ -innen,premature mortality (women),Berlin,code11,174.7
2007,Je 100 000 Einwohner/ -innen,premature mortality (women),Berlin,code11,169.0
2008,Je 100 000 Einwohner/ -innen,premature mortality (women),Berlin,code11,174.4
2009,Je 100 000 Einwohner/ -innen,premature mortality (women),Berlin,code11,166.7
2010,Je 100 000 Einwohner/ -innen,premature mortality (women),Berlin,code11,164.0
2011,Je 100 000 Einwohner/ -innen,premature mortality (women),Berlin,code11,173.5
2012,Je 100 000 Einwohner/ -innen,premature mortality (women),Berlin,code11,170.5
2013,Je 100 000 Einwohner/ -innen,premature mortality (women),Berlin,code11,162.5
2014,Je 100 000 Einwohner/ -innen,premature mortality (women),Berlin,code11,162.1
2015,Je 100 000 Einwohner/ -innen,premature mortality (women),Berlin,code11,168.9
2016,Je 100 000 Einwohner/ -innen,premature mortality (women),Berlin,code11,160.8
2017,Je 100 000 Einwohner/ -innen,premature mortality (women),Berlin,code11,158.7
2018,Je 100 000 Einwohner/ -innen,premature mortality (women),Berlin,code11,167.4
2019,Je 100 000 Einwohner/ -innen,premature mortality (women),Berlin,code11,153.7
2020,Je 100 000 Einwohner/ -innen,premature mortality (women),Berlin,code11,158.1
2000,Je 100 000 Einwohner/ -innen,premature mortality (women),Brandenburg,code12,187.1
2001,Je 100 000 Einwohner/ -innen,premature mortality (women),Brandenburg,code12,182.5
2002,Je 100 000 Einwohner/ -innen,premature mortality (women),Brandenburg,code12,177.1
2003,Je 100 000 Einwohner/ -innen,premature mortality (women),Brandenburg,code12,173.6
2004,Je 100 000 Einwohner/ -innen,premature mortality (women),Brandenburg,code12,165.8
2005,Je 100 000 Einwohner/ -innen,premature mortality (women),Brandenburg,code12,161.6
2006,Je 100 000 Einwohner/ -innen,premature mortality (women),Brandenburg,code12,157.6
2007,Je 100 000 Einwohner/ -innen,premature mortality (women),Brandenburg,code12,153.3
2008,Je 100 000 Einwohner/ -innen,premature mortality (women),Brandenburg,code12,151.2
2009,Je 100 000 Einwohner/ -innen,premature mortality (women),Brandenburg,code12,150.4
2010,Je 100 000 Einwohner/ -innen,premature mortality (women),Brandenburg,code12,152.9
2011,Je 100 000 Einwohner/ -innen,premature mortality (women),Brandenburg,code12,151.8
2012,Je 100 000 Einwohner/ -innen,premature mortality (women),Brandenburg,code12,145.0
2013,Je 100 000 Einwohner/ -innen,premature mortality (women),Brandenburg,code12,156.9
2014,Je 100 000 Einwohner/ -innen,premature mortality (women),Brandenburg,code12,145.0
2015,Je 100 000 Einwohner/ -innen,premature mortality (women),Brandenburg,code12,153.0
2016,Je 100 000 Einwohner/ -innen,premature mortality (women),Brandenburg,code12,151.7
2017,Je 100 000 Einwohner/ -innen,premature mortality (women),Brandenburg,code12,150.9
2018,Je 100 000 Einwohner/ -innen,premature mortality (women),Brandenburg,code12,152.0
2019,Je 100 000 Einwohner/ -innen,premature mortality (women),Brandenburg,code12,140.7
2020,Je 100 000 Einwohner/ -innen,premature mortality (women),Brandenburg,code12,145.0
2000,Je 100 000 Einwohner/ -innen,premature mortality (women),Bremen,code04,218.1
2001,Je 100 000 Einwohner/ -innen,premature mortality (women),Bremen,code04,205.3
2002,Je 100 000 Einwohner/ -innen,premature mortality (women),Bremen,code04,208.9
2003,Je 100 000 Einwohner/ -innen,premature mortality (women),Bremen,code04,191.8
2004,Je 100 000 Einwohner/ -innen,premature mortality (women),Bremen,code04,204.7
2005,Je 100 000 Einwohner/ -innen,premature mortality (women),Bremen,code04,188.3
2006,Je 100 000 Einwohner/ -innen,premature mortality (women),Bremen,code04,188.4
2007,Je 100 000 Einwohner/ -innen,premature mortality (women),Bremen,code04,188.7
2008,Je 100 000 Einwohner/ -innen,premature mortality (women),Bremen,code04,192.0
2009,Je 100 000 Einwohner/ -innen,premature mortality (women),Bremen,code04,196.0
2010,Je 100 000 Einwohner/ -innen,premature mortality (women),Bremen,code04,174.5
2011,Je 100 000 Einwohner/ -innen,premature mortality (women),Bremen,code04,190.6
2012,Je 100 000 Einwohner/ -innen,premature mortality (women),Bremen,code04,190.6
2013,Je 100 000 Einwohner/ -innen,premature mortality (women),Bremen,code04,187.1
2014,Je 100 000 Einwohner/ -innen,premature mortality (women),Bremen,code04,184.9
2015,Je 100 000 Einwohner/ -innen,premature mortality (women),Bremen,code04,179.6
2016,Je 100 000 Einwohner/ -innen,premature mortality (women),Bremen,code04,185.1
2017,Je 100 000 Einwohner/ -innen,premature mortality (women),Bremen,code04,162.0
2018,Je 100 000 Einwohner/ -innen,premature mortality (women),Bremen,code04,188.9
2019,Je 100 000 Einwohner/ -innen,premature mortality (women),Bremen,code04,169.4
2020,Je 100 000 Einwohner/ -innen,premature mortality (women),Bremen,code04,177.1
2000,Je 100 000 Einwohner/ -innen,premature mortality (women),Hamburg,code02,202.6
2001,Je 100 000 Einwohner/ -innen,premature mortality (women),Hamburg,code02,195.0
2002,Je 100 000 Einwohner/ -innen,premature mortality (women),Hamburg,code02,196.3
2003,Je 100 000 Einwohner/ -innen,premature mortality (women),Hamburg,code02,186.7
2004,Je 100 000 Einwohner/ -innen,premature mortality (women),Hamburg,code02,190.9
2005,Je 100 000 Einwohner/ -innen,premature mortality (women),Hamburg,code02,178.1
2006,Je 100 000 Einwohner/ -innen,premature mortality (women),Hamburg,code02,178.4
2007,Je 100 000 Einwohner/ -innen,premature mortality (women),Hamburg,code02,176.7
2008,Je 100 000 Einwohner/ -innen,premature mortality (women),Hamburg,code02,167.2
2009,Je 100 000 Einwohner/ -innen,premature mortality (women),Hamburg,code02,177.6
2010,Je 100 000 Einwohner/ -innen,premature mortality (women),Hamburg,code02,160.2
2011,Je 100 000 Einwohner/ -innen,premature mortality (women),Hamburg,code02,172.4
2012,Je 100 000 Einwohner/ -innen,premature mortality (women),Hamburg,code02,170.8
2013,Je 100 000 Einwohner/ -innen,premature mortality (women),Hamburg,code02,167.0
2014,Je 100 000 Einwohner/ -innen,premature mortality (women),Hamburg,code02,162.5
2015,Je 100 000 Einwohner/ -innen,premature mortality (women),Hamburg,code02,171.9
2016,Je 100 000 Einwohner/ -innen,premature mortality (women),Hamburg,code02,157.9
2017,Je 100 000 Einwohner/ -innen,premature mortality (women),Hamburg,code02,156.9
2018,Je 100 000 Einwohner/ -innen,premature mortality (women),Hamburg,code02,159.0
2019,Je 100 000 Einwohner/ -innen,premature mortality (women),Hamburg,code02,150.4
2020,Je 100 000 Einwohner/ -innen,premature mortality (women),Hamburg,code02,145.4
2000,Je 100 000 Einwohner/ -innen,premature mortality (women),Hessen,code06,178.6
2001,Je 100 000 Einwohner/ -innen,premature mortality (women),Hessen,code06,174.6
2002,Je 100 000 Einwohner/ -innen,premature mortality (women),Hessen,code06,172.7
2003,Je 100 000 Einwohner/ -innen,premature mortality (women),Hessen,code06,166.1
2004,Je 100 000 Einwohner/ -innen,premature mortality (women),Hessen,code06,163.4
2005,Je 100 000 Einwohner/ -innen,premature mortality (women),Hessen,code06,157.2
2006,Je 100 000 Einwohner/ -innen,premature mortality (women),Hessen,code06,153.0
2007,Je 100 000 Einwohner/ -innen,premature mortality (women),Hessen,code06,155.0
2008,Je 100 000 Einwohner/ -innen,premature mortality (women),Hessen,code06,152.2
2009,Je 100 000 Einwohner/ -innen,premature mortality (women),Hessen,code06,152.3
2010,Je 100 000 Einwohner/ -innen,premature mortality (women),Hessen,code06,150.6
2011,Je 100 000 Einwohner/ -innen,premature mortality (women),Hessen,code06,155.8
2012,Je 100 000 Einwohner/ -innen,premature mortality (women),Hessen,code06,152.3
2013,Je 100 000 Einwohner/ -innen,premature mortality (women),Hessen,code06,151.1
2014,Je 100 000 Einwohner/ -innen,premature mortality (women),Hessen,code06,145.2
2015,Je 100 000 Einwohner/ -innen,premature mortality (women),Hessen,code06,145.9
2016,Je 100 000 Einwohner/ -innen,premature mortality (women),Hessen,code06,145.0
2017,Je 100 000 Einwohner/ -innen,premature mortality (women),Hessen,code06,143.4
2018,Je 100 000 Einwohner/ -innen,premature mortality (women),Hessen,code06,145.2
2019,Je 100 000 Einwohner/ -innen,premature mortality (women),Hessen,code06,140.3
2020,Je 100 000 Einwohner/ -innen,premature mortality (women),Hessen,code06,140.0
2000,Je 100 000 Einwohner/ -innen,premature mortality (women),Mecklenburg-Vorpommern,code13,201.9
2001,Je 100 000 Einwohner/ -innen,premature mortality (women),Mecklenburg-Vorpommern,code13,190.2
2002,Je 100 000 Einwohner/ -innen,premature mortality (women),Mecklenburg-Vorpommern,code13,190.0
2003,Je 100 000 Einwohner/ -innen,premature mortality (women),Mecklenburg-Vorpommern,code13,176.5
2004,Je 100 000 Einwohner/ -innen,premature mortality (women),Mecklenburg-Vorpommern,code13,167.8
2005,Je 100 000 Einwohner/ -innen,premature mortality (women),Mecklenburg-Vorpommern,code13,169.6
2006,Je 100 000 Einwohner/ -innen,premature mortality (women),Mecklenburg-Vorpommern,code13,161.9
2007,Je 100 000 Einwohner/ -innen,premature mortality (women),Mecklenburg-Vorpommern,code13,157.7
2008,Je 100 000 Einwohner/ -innen,premature mortality (women),Mecklenburg-Vorpommern,code13,164.5
2009,Je 100 000 Einwohner/ -innen,premature mortality (women),Mecklenburg-Vorpommern,code13,155.9
2010,Je 100 000 Einwohner/ -innen,premature mortality (women),Mecklenburg-Vorpommern,code13,159.6
2011,Je 100 000 Einwohner/ -innen,premature mortality (women),Mecklenburg-Vorpommern,code13,162.5
2012,Je 100 000 Einwohner/ -innen,premature mortality (women),Mecklenburg-Vorpommern,code13,151.3
2013,Je 100 000 Einwohner/ -innen,premature mortality (women),Mecklenburg-Vorpommern,code13,164.3
2014,Je 100 000 Einwohner/ -innen,premature mortality (women),Mecklenburg-Vorpommern,code13,148.8
2015,Je 100 000 Einwohner/ -innen,premature mortality (women),Mecklenburg-Vorpommern,code13,159.1
2016,Je 100 000 Einwohner/ -innen,premature mortality (women),Mecklenburg-Vorpommern,code13,154.2
2017,Je 100 000 Einwohner/ -innen,premature mortality (women),Mecklenburg-Vorpommern,code13,146.7
2018,Je 100 000 Einwohner/ -innen,premature mortality (women),Mecklenburg-Vorpommern,code13,161.5
2019,Je 100 000 Einwohner/ -innen,premature mortality (women),Mecklenburg-Vorpommern,code13,161.4
2020,Je 100 000 Einwohner/ -innen,premature mortality (women),Mecklenburg-Vorpommern,code13,163.6
2000,Je 100 000 Einwohner/ -innen,premature mortality (women),Niedersachsen,code03,186.4
2001,Je 100 000 Einwohner/ -innen,premature mortality (women),Niedersachsen,code03,181.6
2002,Je 100 000 Einwohner/ -innen,premature mortality (women),Niedersachsen,code03,181.2
2003,Je 100 000 Einwohner/ -innen,premature mortality (women),Niedersachsen,code03,178.8
2004,Je 100 000 Einwohner/ -innen,premature mortality (women),Niedersachsen,code03,168.3
2005,Je 100 000 Einwohner/ -innen,premature mortality (women),Niedersachsen,code03,168.5
2006,Je 100 000 Einwohner/ -innen,premature mortality (women),Niedersachsen,code03,166.8
2007,Je 100 000 Einwohner/ -innen,premature mortality (women),Niedersachsen,code03,161.1
2008,Je 100 000 Einwohner/ -innen,premature mortality (women),Niedersachsen,code03,165.7
2009,Je 100 000 Einwohner/ -innen,premature mortality (women),Niedersachsen,code03,164.9
2010,Je 100 000 Einwohner/ -innen,premature mortality (women),Niedersachsen,code03,161.4
2011,Je 100 000 Einwohner/ -innen,premature mortality (women),Niedersachsen,code03,165.6
2012,Je 100 000 Einwohner/ -innen,premature mortality (women),Niedersachsen,code03,158.4
2013,Je 100 000 Einwohner/ -innen,premature mortality (women),Niedersachsen,code03,166.0
2014,Je 100 000 Einwohner/ -innen,premature mortality (women),Niedersachsen,code03,158.7
2015,Je 100 000 Einwohner/ -innen,premature mortality (women),Niedersachsen,code03,158.3
2016,Je 100 000 Einwohner/ -innen,premature mortality (women),Niedersachsen,code03,162.4
2017,Je 100 000 Einwohner/ -innen,premature mortality (women),Niedersachsen,code03,160.4
2018,Je 100 000 Einwohner/ -innen,premature mortality (women),Niedersachsen,code03,162.6
2019,Je 100 000 Einwohner/ -innen,premature mortality (women),Niedersachsen,code03,154.6
2020,Je 100 000 Einwohner/ -innen,premature mortality (women),Niedersachsen,code03,152.0
2000,Je 100 000 Einwohner/ -innen,premature mortality (women),Nordrhein-Westfalen,code05,193.6
2001,Je 100 000 Einwohner/ -innen,premature mortality (women),Nordrhein-Westfalen,code05,188.9
2002,Je 100 000 Einwohner/ -innen,premature mortality (women),Nordrhein-Westfalen,code05,187.4
2003,Je 100 000 Einwohner/ -innen,premature mortality (women),Nordrhein-Westfalen,code05,185.5
2004,Je 100 000 Einwohner/ -innen,premature mortality (women),Nordrhein-Westfalen,code05,178.5
2005,Je 100 000 Einwohner/ -innen,premature mortality (women),Nordrhein-Westfalen,code05,176.2
2006,Je 100 000 Einwohner/ -innen,premature mortality (women),Nordrhein-Westfalen,code05,170.6
2007,Je 100 000 Einwohner/ -innen,premature mortality (women),Nordrhein-Westfalen,code05,171.7
2008,Je 100 000 Einwohner/ -innen,premature mortality (women),Nordrhein-Westfalen,code05,172.8
2009,Je 100 000 Einwohner/ -innen,premature mortality (women),Nordrhein-Westfalen,code05,171.0
2010,Je 100 000 Einwohner/ -innen,premature mortality (women),Nordrhein-Westfalen,code05,171.6
2011,Je 100 000 Einwohner/ -innen,premature mortality (women),Nordrhein-Westfalen,code05,168.7
2012,Je 100 000 Einwohner/ -innen,premature mortality (women),Nordrhein-Westfalen,code05,166.5
2013,Je 100 000 Einwohner/ -innen,premature mortality (women),Nordrhein-Westfalen,code05,172.5
2014,Je 100 000 Einwohner/ -innen,premature mortality (women),Nordrhein-Westfalen,code05,164.2
2015,Je 100 000 Einwohner/ -innen,premature mortality (women),Nordrhein-Westfalen,code05,169.9
2016,Je 100 000 Einwohner/ -innen,premature mortality (women),Nordrhein-Westfalen,code05,166.6
2017,Je 100 000 Einwohner/ -innen,premature mortality (women),Nordrhein-Westfalen,code05,163.1
2018,Je 100 000 Einwohner/ -innen,premature mortality (women),Nordrhein-Westfalen,code05,165.0
2019,Je 100 000 Einwohner/ -innen,premature mortality (women),Nordrhein-Westfalen,code05,160.7
2020,Je 100 000 Einwohner/ -innen,premature mortality (women),Nordrhein-Westfalen,code05,161.0
2000,Je 100 000 Einwohner/ -innen,premature mortality (women),Rheinland-Pfalz,code07,184.8
2001,Je 100 000 Einwohner/ -innen,premature mortality (women),Rheinland-Pfalz,code07,176.9
2002,Je 100 000 Einwohner/ -innen,premature mortality (women),Rheinland-Pfalz,code07,179.4
2003,Je 100 000 Einwohner/ -innen,premature mortality (women),Rheinland-Pfalz,code07,172.9
2004,Je 100 000 Einwohner/ -innen,premature mortality (women),Rheinland-Pfalz,code07,171.5
2005,Je 100 000 Einwohner/ -innen,premature mortality (women),Rheinland-Pfalz,code07,168.6
2006,Je 100 000 Einwohner/ -innen,premature mortality (women),Rheinland-Pfalz,code07,161.6
2007,Je 100 000 Einwohner/ -innen,premature mortality (women),Rheinland-Pfalz,code07,165.4
2008,Je 100 000 Einwohner/ -innen,premature mortality (women),Rheinland-Pfalz,code07,162.1
2009,Je 100 000 Einwohner/ -innen,premature mortality (women),Rheinland-Pfalz,code07,163.7
2010,Je 100 000 Einwohner/ -innen,premature mortality (women),Rheinland-Pfalz,code07,155.6
2011,Je 100 000 Einwohner/ -innen,premature mortality (women),Rheinland-Pfalz,code07,162.4
2012,Je 100 000 Einwohner/ -innen,premature mortality (women),Rheinland-Pfalz,code07,153.4
2013,Je 100 000 Einwohner/ -innen,premature mortality (women),Rheinland-Pfalz,code07,161.1
2014,Je 100 000 Einwohner/ -innen,premature mortality (women),Rheinland-Pfalz,code07,153.6
2015,Je 100 000 Einwohner/ -innen,premature mortality (women),Rheinland-Pfalz,code07,150.1
2016,Je 100 000 Einwohner/ -innen,premature mortality (women),Rheinland-Pfalz,code07,151.5
2017,Je 100 000 Einwohner/ -innen,premature mortality (women),Rheinland-Pfalz,code07,154.2
2018,Je 100 000 Einwohner/ -innen,premature mortality (women),Rheinland-Pfalz,code07,154.4
2019,Je 100 000 Einwohner/ -innen,premature mortality (women),Rheinland-Pfalz,code07,154.0
2020,Je 100 000 Einwohner/ -innen,premature mortality (women),Rheinland-Pfalz,code07,153.3
2000,Je 100 000 Einwohner/ -innen,premature mortality (women),Saarland,code10,211.6
2001,Je 100 000 Einwohner/ -innen,premature mortality (women),Saarland,code10,203.6
2002,Je 100 000 Einwohner/ -innen,premature mortality (women),Saarland,code10,195.3
2003,Je 100 000 Einwohner/ -innen,premature mortality (women),Saarland,code10,206.2
2004,Je 100 000 Einwohner/ -innen,premature mortality (women),Saarland,code10,199.3
2005,Je 100 000 Einwohner/ -innen,premature mortality (women),Saarland,code10,182.3
2006,Je 100 000 Einwohner/ -innen,premature mortality (women),Saarland,code10,186.4
2007,Je 100 000 Einwohner/ -innen,premature mortality (women),Saarland,code10,182.4
2008,Je 100 000 Einwohner/ -innen,premature mortality (women),Saarland,code10,190.0
2009,Je 100 000 Einwohner/ -innen,premature mortality (women),Saarland,code10,187.3
2010,Je 100 000 Einwohner/ -innen,premature mortality (women),Saarland,code10,186.1
2011,Je 100 000 Einwohner/ -innen,premature mortality (women),Saarland,code10,188.7
2012,Je 100 000 Einwohner/ -innen,premature mortality (women),Saarland,code10,175.3
2013,Je 100 000 Einwohner/ -innen,premature mortality (women),Saarland,code10,176.6
2014,Je 100 000 Einwohner/ -innen,premature mortality (women),Saarland,code10,181.6
2015,Je 100 000 Einwohner/ -innen,premature mortality (women),Saarland,code10,180.4
2016,Je 100 000 Einwohner/ -innen,premature mortality (women),Saarland,code10,174.1
2017,Je 100 000 Einwohner/ -innen,premature mortality (women),Saarland,code10,178.5
2018,Je 100 000 Einwohner/ -innen,premature mortality (women),Saarland,code10,187.6
2019,Je 100 000 Einwohner/ -innen,premature mortality (women),Saarland,code10,167.0
2020,Je 100 000 Einwohner/ -innen,premature mortality (women),Saarland,code10,171.6
2000,Je 100 000 Einwohner/ -innen,premature mortality (women),Sachsen,code14,177.1
2001,Je 100 000 Einwohner/ -innen,premature mortality (women),Sachsen,code14,168.8
2002,Je 100 000 Einwohner/ -innen,premature mortality (women),Sachsen,code14,165.1
2003,Je 100 000 Einwohner/ -innen,premature mortality (women),Sachsen,code14,160.1
2004,Je 100 000 Einwohner/ -innen,premature mortality (women),Sachsen,code14,151.4
2005,Je 100 000 Einwohner/ -innen,premature mortality (women),Sachsen,code14,154.2
2006,Je 100 000 Einwohner/ -innen,premature mortality (women),Sachsen,code14,148.4
2007,Je 100 000 Einwohner/ -innen,premature mortality (women),Sachsen,code14,146.5
2008,Je 100 000 Einwohner/ -innen,premature mortality (women),Sachsen,code14,141.1
2009,Je 100 000 Einwohner/ -innen,premature mortality (women),Sachsen,code14,141.9
2010,Je 100 000 Einwohner/ -innen,premature mortality (women),Sachsen,code14,136.1
2011,Je 100 000 Einwohner/ -innen,premature mortality (women),Sachsen,code14,138.6
2012,Je 100 000 Einwohner/ -innen,premature mortality (women),Sachsen,code14,138.9
2013,Je 100 000 Einwohner/ -innen,premature mortality (women),Sachsen,code14,141.8
2014,Je 100 000 Einwohner/ -innen,premature mortality (women),Sachsen,code14,133.1
2015,Je 100 000 Einwohner/ -innen,premature mortality (women),Sachsen,code14,139.0
2016,Je 100 000 Einwohner/ -innen,premature mortality (women),Sachsen,code14,137.6
2017,Je 100 000 Einwohner/ -innen,premature mortality (women),Sachsen,code14,132.2
2018,Je 100 000 Einwohner/ -innen,premature mortality (women),Sachsen,code14,138.5
2019,Je 100 000 Einwohner/ -innen,premature mortality (women),Sachsen,code14,137.8
2020,Je 100 000 Einwohner/ -innen,premature mortality (women),Sachsen,code14,138.1
2000,Je 100 000 Einwohner/ -innen,premature mortality (women),Sachsen-Anhalt,code15,200.0
2001,Je 100 000 Einwohner/ -innen,premature mortality (women),Sachsen-Anhalt,code15,193.4
2002,Je 100 000 Einwohner/ -innen,premature mortality (women),Sachsen-Anhalt,code15,189.9
2003,Je 100 000 Einwohner/ -innen,premature mortality (women),Sachsen-Anhalt,code15,177.6
2004,Je 100 000 Einwohner/ -innen,premature mortality (women),Sachsen-Anhalt,code15,173.1
2005,Je 100 000 Einwohner/ -innen,premature mortality (women),Sachsen-Anhalt,code15,177.9
2006,Je 100 000 Einwohner/ -innen,premature mortality (women),Sachsen-Anhalt,code15,169.3
2007,Je 100 000 Einwohner/ -innen,premature mortality (women),Sachsen-Anhalt,code15,160.8
2008,Je 100 000 Einwohner/ -innen,premature mortality (women),Sachsen-Anhalt,code15,171.6
2009,Je 100 000 Einwohner/ -innen,premature mortality (women),Sachsen-Anhalt,code15,166.8
2010,Je 100 000 Einwohner/ -innen,premature mortality (women),Sachsen-Anhalt,code15,170.1
2011,Je 100 000 Einwohner/ -innen,premature mortality (women),Sachsen-Anhalt,code15,166.8
2012,Je 100 000 Einwohner/ -innen,premature mortality (women),Sachsen-Anhalt,code15,161.8
2013,Je 100 000 Einwohner/ -innen,premature mortality (women),Sachsen-Anhalt,code15,167.0
2014,Je 100 000 Einwohner/ -innen,premature mortality (women),Sachsen-Anhalt,code15,151.2
2015,Je 100 000 Einwohner/ -innen,premature mortality (women),Sachsen-Anhalt,code15,168.0
2016,Je 100 000 Einwohner/ -innen,premature mortality (women),Sachsen-Anhalt,code15,160.3
2017,Je 100 000 Einwohner/ -innen,premature mortality (women),Sachsen-Anhalt,code15,165.8
2018,Je 100 000 Einwohner/ -innen,premature mortality (women),Sachsen-Anhalt,code15,166.3
2019,Je 100 000 Einwohner/ -innen,premature mortality (women),Sachsen-Anhalt,code15,167.9
2020,Je 100 000 Einwohner/ -innen,premature mortality (women),Sachsen-Anhalt,code15,163.5
2000,Je 100 000 Einwohner/ -innen,premature mortality (women),Schleswig-Holstein,code01,195.2
2001,Je 100 000 Einwohner/ -innen,premature mortality (women),Schleswig-Holstein,code01,190.1
2002,Je 100 000 Einwohner/ -innen,premature mortality (women),Schleswig-Holstein,code01,180.4
2003,Je 100 000 Einwohner/ -innen,premature mortality (women),Schleswig-Holstein,code01,184.3
2004,Je 100 000 Einwohner/ -innen,premature mortality (women),Schleswig-Holstein,code01,182.9
2005,Je 100 000 Einwohner/ -innen,premature mortality (women),Schleswig-Holstein,code01,173.9
2006,Je 100 000 Einwohner/ -innen,premature mortality (women),Schleswig-Holstein,code01,168.6
2007,Je 100 000 Einwohner/ -innen,premature mortality (women),Schleswig-Holstein,code01,163.2
2008,Je 100 000 Einwohner/ -innen,premature mortality (women),Schleswig-Holstein,code01,170.3
2009,Je 100 000 Einwohner/ -innen,premature mortality (women),Schleswig-Holstein,code01,170.0
2010,Je 100 000 Einwohner/ -innen,premature mortality (women),Schleswig-Holstein,code01,170.7
2011,Je 100 000 Einwohner/ -innen,premature mortality (women),Schleswig-Holstein,code01,168.8
2012,Je 100 000 Einwohner/ -innen,premature mortality (women),Schleswig-Holstein,code01,174.0
2013,Je 100 000 Einwohner/ -innen,premature mortality (women),Schleswig-Holstein,code01,163.3
2014,Je 100 000 Einwohner/ -innen,premature mortality (women),Schleswig-Holstein,code01,164.7
2015,Je 100 000 Einwohner/ -innen,premature mortality (women),Schleswig-Holstein,code01,161.3
2016,Je 100 000 Einwohner/ -innen,premature mortality (women),Schleswig-Holstein,code01,164.4
2017,Je 100 000 Einwohner/ -innen,premature mortality (women),Schleswig-Holstein,code01,165.5
2018,Je 100 000 Einwohner/ -innen,premature mortality (women),Schleswig-Holstein,code01,166.9
2019,Je 100 000 Einwohner/ -innen,premature mortality (women),Schleswig-Holstein,code01,159.3
2020,Je 100 000 Einwohner/ -innen,premature mortality (women),Schleswig-Holstein,code01,154.1
2000,Je 100 000 Einwohner/ -innen,premature mortality (women),Thüringen,code16,180.0
2001,Je 100 000 Einwohner/ -innen,premature mortality (women),Thüringen,code16,176.2
2002,Je 100 000 Einwohner/ -innen,premature mortality (women),Thüringen,code16,175.8
2003,Je 100 000 Einwohner/ -innen,premature mortality (women),Thüringen,code16,170.5
2004,Je 100 000 Einwohner/ -innen,premature mortality (women),Thüringen,code16,166.2
2005,Je 100 000 Einwohner/ -innen,premature mortality (women),Thüringen,code16,153.1
2006,Je 100 000 Einwohner/ -innen,premature mortality (women),Thüringen,code16,153.4
2007,Je 100 000 Einwohner/ -innen,premature mortality (women),Thüringen,code16,152.2
2008,Je 100 000 Einwohner/ -innen,premature mortality (women),Thüringen,code16,148.8
2009,Je 100 000 Einwohner/ -innen,premature mortality (women),Thüringen,code16,152.1
2010,Je 100 000 Einwohner/ -innen,premature mortality (women),Thüringen,code16,151.5
2011,Je 100 000 Einwohner/ -innen,premature mortality (women),Thüringen,code16,149.4
2012,Je 100 000 Einwohner/ -innen,premature mortality (women),Thüringen,code16,142.2
2013,Je 100 000 Einwohner/ -innen,premature mortality (women),Thüringen,code16,137.1
2014,Je 100 000 Einwohner/ -innen,premature mortality (women),Thüringen,code16,142.7
2015,Je 100 000 Einwohner/ -innen,premature mortality (women),Thüringen,code16,146.0
2016,Je 100 000 Einwohner/ -innen,premature mortality (women),Thüringen,code16,148.9
2017,Je 100 000 Einwohner/ -innen,premature mortality (women),Thüringen,code16,149.6
2018,Je 100 000 Einwohner/ -innen,premature mortality (women),Thüringen,code16,150.9
2019,Je 100 000 Einwohner/ -innen,premature mortality (women),Thüringen,code16,145.8
2020,Je 100 000 Einwohner/ -innen,premature mortality (women),Thüringen,code16,138.3
2000,Je 100 000 Einwohner/ -innen,premature mortality (men),,,381.8
2001,Je 100 000 Einwohner/ -innen,premature mortality (men),,,366.5
2002,Je 100 000 Einwohner/ -innen,premature mortality (men),,,360.0
2003,Je 100 000 Einwohner/ -innen,premature mortality (men),,,355.5
2004,Je 100 000 Einwohner/ -innen,premature mortality (men),,,337.3
2005,Je 100 000 Einwohner/ -innen,premature mortality (men),,,329.4
2006,Je 100 000 Einwohner/ -innen,premature mortality (men),,,318.4
2007,Je 100 000 Einwohner/ -innen,premature mortality (men),,,312.9
2008,Je 100 000 Einwohner/ -innen,premature mortality (men),,,307.8
2009,Je 100 000 Einwohner/ -innen,premature mortality (men),,,304.8
2010,Je 100 000 Einwohner/ -innen,premature mortality (men),,,300.6
2011,Je 100 000 Einwohner/ -innen,premature mortality (men),,,298.7
2012,Je 100 000 Einwohner/ -innen,premature mortality (men),,,292.3
2013,Je 100 000 Einwohner/ -innen,premature mortality (men),,,291.9
2014,Je 100 000 Einwohner/ -innen,premature mortality (men),,,281.2
2015,Je 100 000 Einwohner/ -innen,premature mortality (men),,,288.1
2016,Je 100 000 Einwohner/ -innen,premature mortality (men),,,283.8
2017,Je 100 000 Einwohner/ -innen,premature mortality (men),,,276.0
2018,Je 100 000 Einwohner/ -innen,premature mortality (men),,,279.3
2019,Je 100 000 Einwohner/ -innen,premature mortality (men),,,271.0
2020,Je 100 000 Einwohner/ -innen,premature mortality (men),,,276.3
2000,Je 100 000 Einwohner/ -innen,premature mortality (men),Baden-Württemberg,code08,328.5
2001,Je 100 000 Einwohner/ -innen,premature mortality (men),Baden-Württemberg,code08,317.5
2002,Je 100 000 Einwohner/ -innen,premature mortality (men),Baden-Württemberg,code08,305.0
2003,Je 100 000 Einwohner/ -innen,premature mortality (men),Baden-Württemberg,code08,299.1
2004,Je 100 000 Einwohner/ -innen,premature mortality (men),Baden-Württemberg,code08,283.7
2005,Je 100 000 Einwohner/ -innen,premature mortality (men),Baden-Württemberg,code08,277.1
2006,Je 100 000 Einwohner/ -innen,premature mortality (men),Baden-Württemberg,code08,266.5
2007,Je 100 000 Einwohner/ -innen,premature mortality (men),Baden-Württemberg,code08,262.5
2008,Je 100 000 Einwohner/ -innen,premature mortality (men),Baden-Württemberg,code08,256.4
2009,Je 100 000 Einwohner/ -innen,premature mortality (men),Baden-Württemberg,code08,257.5
2010,Je 100 000 Einwohner/ -innen,premature mortality (men),Baden-Württemberg,code08,253.0
2011,Je 100 000 Einwohner/ -innen,premature mortality (men),Baden-Württemberg,code08,250.6
2012,Je 100 000 Einwohner/ -innen,premature mortality (men),Baden-Württemberg,code08,245.1
2013,Je 100 000 Einwohner/ -innen,premature mortality (men),Baden-Württemberg,code08,243.3
2014,Je 100 000 Einwohner/ -innen,premature mortality (men),Baden-Württemberg,code08,234.9
2015,Je 100 000 Einwohner/ -innen,premature mortality (men),Baden-Württemberg,code08,238.8
2016,Je 100 000 Einwohner/ -innen,premature mortality (men),Baden-Württemberg,code08,244.5
2017,Je 100 000 Einwohner/ -innen,premature mortality (men),Baden-Württemberg,code08,232.3
2018,Je 100 000 Einwohner/ -innen,premature mortality (men),Baden-Württemberg,code08,232.7
2019,Je 100 000 Einwohner/ -innen,premature mortality (men),Baden-Württemberg,code08,228.3
2020,Je 100 000 Einwohner/ -innen,premature mortality (men),Baden-Württemberg,code08,227.6
2000,Je 100 000 Einwohner/ -innen,premature mortality (men),Bayern,code09,358.5
2001,Je 100 000 Einwohner/ -innen,premature mortality (men),Bayern,code09,348.8
2002,Je 100 000 Einwohner/ -innen,premature mortality (men),Bayern,code09,340.3
2003,Je 100 000 Einwohner/ -innen,premature mortality (men),Bayern,code09,332.0
2004,Je 100 000 Einwohner/ -innen,premature mortality (men),Bayern,code09,314.3
2005,Je 100 000 Einwohner/ -innen,premature mortality (men),Bayern,code09,305.4
2006,Je 100 000 Einwohner/ -innen,premature mortality (men),Bayern,code09,300.7
2007,Je 100 000 Einwohner/ -innen,premature mortality (men),Bayern,code09,291.9
2008,Je 100 000 Einwohner/ -innen,premature mortality (men),Bayern,code09,284.5
2009,Je 100 000 Einwohner/ -innen,premature mortality (men),Bayern,code09,282.3
2010,Je 100 000 Einwohner/ -innen,premature mortality (men),Bayern,code09,277.5
2011,Je 100 000 Einwohner/ -innen,premature mortality (men),Bayern,code09,275.1
2012,Je 100 000 Einwohner/ -innen,premature mortality (men),Bayern,code09,267.3
2013,Je 100 000 Einwohner/ -innen,premature mortality (men),Bayern,code09,261.7
2014,Je 100 000 Einwohner/ -innen,premature mortality (men),Bayern,code09,249.9
2015,Je 100 000 Einwohner/ -innen,premature mortality (men),Bayern,code09,258.9
2016,Je 100 000 Einwohner/ -innen,premature mortality (men),Bayern,code09,247.4
2017,Je 100 000 Einwohner/ -innen,premature mortality (men),Bayern,code09,244.7
2018,Je 100 000 Einwohner/ -innen,premature mortality (men),Bayern,code09,243.2
2019,Je 100 000 Einwohner/ -innen,premature mortality (men),Bayern,code09,235.0
2020,Je 100 000 Einwohner/ -innen,premature mortality (men),Bayern,code09,245.2
2000,Je 100 000 Einwohner/ -innen,premature mortality (men),Berlin,code11,406.2
2001,Je 100 000 Einwohner/ -innen,premature mortality (men),Berlin,code11,388.3
2002,Je 100 000 Einwohner/ -innen,premature mortality (men),Berlin,code11,384.1
2003,Je 100 000 Einwohner/ -innen,premature mortality (men),Berlin,code11,377.0
2004,Je 100 000 Einwohner/ -innen,premature mortality (men),Berlin,code11,357.9
2005,Je 100 000 Einwohner/ -innen,premature mortality (men),Berlin,code11,357.4
2006,Je 100 000 Einwohner/ -innen,premature mortality (men),Berlin,code11,347.6
2007,Je 100 000 Einwohner/ -innen,premature mortality (men),Berlin,code11,331.1
2008,Je 100 000 Einwohner/ -innen,premature mortality (men),Berlin,code11,335.6
2009,Je 100 000 Einwohner/ -innen,premature mortality (men),Berlin,code11,319.7
2010,Je 100 000 Einwohner/ -innen,premature mortality (men),Berlin,code11,321.2
2011,Je 100 000 Einwohner/ -innen,premature mortality (men),Berlin,code11,336.5
2012,Je 100 000 Einwohner/ -innen,premature mortality (men),Berlin,code11,319.2
2013,Je 100 000 Einwohner/ -innen,premature mortality (men),Berlin,code11,326.8
2014,Je 100 000 Einwohner/ -innen,premature mortality (men),Berlin,code11,321.5
2015,Je 100 000 Einwohner/ -innen,premature mortality (men),Berlin,code11,320.1
2016,Je 100 000 Einwohner/ -innen,premature mortality (men),Berlin,code11,308.9
2017,Je 100 000 Einwohner/ -innen,premature mortality (men),Berlin,code11,295.8
2018,Je 100 000 Einwohner/ -innen,premature mortality (men),Berlin,code11,297.3
2019,Je 100 000 Einwohner/ -innen,premature mortality (men),Berlin,code11,286.7
2020,Je 100 000 Einwohner/ -innen,premature mortality (men),Berlin,code11,305.7
2000,Je 100 000 Einwohner/ -innen,premature mortality (men),Brandenburg,code12,441.3
2001,Je 100 000 Einwohner/ -innen,premature mortality (men),Brandenburg,code12,422.7
2002,Je 100 000 Einwohner/ -innen,premature mortality (men),Brandenburg,code12,407.8
2003,Je 100 000 Einwohner/ -innen,premature mortality (men),Brandenburg,code12,407.5
2004,Je 100 000 Einwohner/ -innen,premature mortality (men),Brandenburg,code12,389.7
2005,Je 100 000 Einwohner/ -innen,premature mortality (men),Brandenburg,code12,366.3
2006,Je 100 000 Einwohner/ -innen,premature mortality (men),Brandenburg,code12,360.3
2007,Je 100 000 Einwohner/ -innen,premature mortality (men),Brandenburg,code12,354.7
2008,Je 100 000 Einwohner/ -innen,premature mortality (men),Brandenburg,code12,345.2
2009,Je 100 000 Einwohner/ -innen,premature mortality (men),Brandenburg,code12,330.8
2010,Je 100 000 Einwohner/ -innen,premature mortality (men),Brandenburg,code12,327.9
2011,Je 100 000 Einwohner/ -innen,premature mortality (men),Brandenburg,code12,323.0
2012,Je 100 000 Einwohner/ -innen,premature mortality (men),Brandenburg,code12,326.0
2013,Je 100 000 Einwohner/ -innen,premature mortality (men),Brandenburg,code12,335.7
2014,Je 100 000 Einwohner/ -innen,premature mortality (men),Brandenburg,code12,310.7
2015,Je 100 000 Einwohner/ -innen,premature mortality (men),Brandenburg,code12,327.9
2016,Je 100 000 Einwohner/ -innen,premature mortality (men),Brandenburg,code12,319.8
2017,Je 100 000 Einwohner/ -innen,premature mortality (men),Brandenburg,code12,319.9
2018,Je 100 000 Einwohner/ -innen,premature mortality (men),Brandenburg,code12,314.1
2019,Je 100 000 Einwohner/ -innen,premature mortality (men),Brandenburg,code12,309.8
2020,Je 100 000 Einwohner/ -innen,premature mortality (men),Brandenburg,code12,323.6
2000,Je 100 000 Einwohner/ -innen,premature mortality (men),Bremen,code04,441.1
2001,Je 100 000 Einwohner/ -innen,premature mortality (men),Bremen,code04,420.6
2002,Je 100 000 Einwohner/ -innen,premature mortality (men),Bremen,code04,429.3
2003,Je 100 000 Einwohner/ -innen,premature mortality (men),Bremen,code04,441.0
2004,Je 100 000 Einwohner/ -innen,premature mortality (men),Bremen,code04,402.3
2005,Je 100 000 Einwohner/ -innen,premature mortality (men),Bremen,code04,392.9
2006,Je 100 000 Einwohner/ -innen,premature mortality (men),Bremen,code04,370.3
2007,Je 100 000 Einwohner/ -innen,premature mortality (men),Bremen,code04,376.4
2008,Je 100 000 Einwohner/ -innen,premature mortality (men),Bremen,code04,362.5
2009,Je 100 000 Einwohner/ -innen,premature mortality (men),Bremen,code04,366.0
2010,Je 100 000 Einwohner/ -innen,premature mortality (men),Bremen,code04,356.6
2011,Je 100 000 Einwohner/ -innen,premature mortality (men),Bremen,code04,338.0
2012,Je 100 000 Einwohner/ -innen,premature mortality (men),Bremen,code04,347.1
2013,Je 100 000 Einwohner/ -innen,premature mortality (men),Bremen,code04,365.6
2014,Je 100 000 Einwohner/ -innen,premature mortality (men),Bremen,code04,336.1
2015,Je 100 000 Einwohner/ -innen,premature mortality (men),Bremen,code04,345.0
2016,Je 100 000 Einwohner/ -innen,premature mortality (men),Bremen,code04,326.4
2017,Je 100 000 Einwohner/ -innen,premature mortality (men),Bremen,code04,325.8
2018,Je 100 000 Einwohner/ -innen,premature mortality (men),Bremen,code04,346.7
2019,Je 100 000 Einwohner/ -innen,premature mortality (men),Bremen,code04,318.9
2020,Je 100 000 Einwohner/ -innen,premature mortality (men),Bremen,code04,348.0
2000,Je 100 000 Einwohner/ -innen,premature mortality (men),Hamburg,code02,396.1
2001,Je 100 000 Einwohner/ -innen,premature mortality (men),Hamburg,code02,381.3
2002,Je 100 000 Einwohner/ -innen,premature mortality (men),Hamburg,code02,372.3
2003,Je 100 000 Einwohner/ -innen,premature mortality (men),Hamburg,code02,363.6
2004,Je 100 000 Einwohner/ -innen,premature mortality (men),Hamburg,code02,353.4
2005,Je 100 000 Einwohner/ -innen,premature mortality (men),Hamburg,code02,339.9
2006,Je 100 000 Einwohner/ -innen,premature mortality (men),Hamburg,code02,325.8
2007,Je 100 000 Einwohner/ -innen,premature mortality (men),Hamburg,code02,317.1
2008,Je 100 000 Einwohner/ -innen,premature mortality (men),Hamburg,code02,312.6
2009,Je 100 000 Einwohner/ -innen,premature mortality (men),Hamburg,code02,306.2
2010,Je 100 000 Einwohner/ -innen,premature mortality (men),Hamburg,code02,316.6
2011,Je 100 000 Einwohner/ -innen,premature mortality (men),Hamburg,code02,326.6
2012,Je 100 000 Einwohner/ -innen,premature mortality (men),Hamburg,code02,304.6
2013,Je 100 000 Einwohner/ -innen,premature mortality (men),Hamburg,code02,302.7
2014,Je 100 000 Einwohner/ -innen,premature mortality (men),Hamburg,code02,301.4
2015,Je 100 000 Einwohner/ -innen,premature mortality (men),Hamburg,code02,293.2
2016,Je 100 000 Einwohner/ -innen,premature mortality (men),Hamburg,code02,297.8
2017,Je 100 000 Einwohner/ -innen,premature mortality (men),Hamburg,code02,292.1
2018,Je 100 000 Einwohner/ -innen,premature mortality (men),Hamburg,code02,283.6
2019,Je 100 000 Einwohner/ -innen,premature mortality (men),Hamburg,code02,270.6
2020,Je 100 000 Einwohner/ -innen,premature mortality (men),Hamburg,code02,268.9
2000,Je 100 000 Einwohner/ -innen,premature mortality (men),Hessen,code06,350.2
2001,Je 100 000 Einwohner/ -innen,premature mortality (men),Hessen,code06,332.8
2002,Je 100 000 Einwohner/ -innen,premature mortality (men),Hessen,code06,330.7
2003,Je 100 000 Einwohner/ -innen,premature mortality (men),Hessen,code06,336.2
2004,Je 100 000 Einwohner/ -innen,premature mortality (men),Hessen,code06,311.4
2005,Je 100 000 Einwohner/ -innen,premature mortality (men),Hessen,code06,304.4
2006,Je 100 000 Einwohner/ -innen,premature mortality (men),Hessen,code06,287.0
2007,Je 100 000 Einwohner/ -innen,premature mortality (men),Hessen,code06,291.3
2008,Je 100 000 Einwohner/ -innen,premature mortality (men),Hessen,code06,289.7
2009,Je 100 000 Einwohner/ -innen,premature mortality (men),Hessen,code06,281.7
2010,Je 100 000 Einwohner/ -innen,premature mortality (men),Hessen,code06,274.4
2011,Je 100 000 Einwohner/ -innen,premature mortality (men),Hessen,code06,275.2
2012,Je 100 000 Einwohner/ -innen,premature mortality (men),Hessen,code06,266.5
2013,Je 100 000 Einwohner/ -innen,premature mortality (men),Hessen,code06,266.4
2014,Je 100 000 Einwohner/ -innen,premature mortality (men),Hessen,code06,255.4
2015,Je 100 000 Einwohner/ -innen,premature mortality (men),Hessen,code06,266.0
2016,Je 100 000 Einwohner/ -innen,premature mortality (men),Hessen,code06,252.8
2017,Je 100 000 Einwohner/ -innen,premature mortality (men),Hessen,code06,252.9
2018,Je 100 000 Einwohner/ -innen,premature mortality (men),Hessen,code06,253.9
2019,Je 100 000 Einwohner/ -innen,premature mortality (men),Hessen,code06,247.5
2020,Je 100 000 Einwohner/ -innen,premature mortality (men),Hessen,code06,252.9
2000,Je 100 000 Einwohner/ -innen,premature mortality (men),Mecklenburg-Vorpommern,code13,488.0
2001,Je 100 000 Einwohner/ -innen,premature mortality (men),Mecklenburg-Vorpommern,code13,475.4
2002,Je 100 000 Einwohner/ -innen,premature mortality (men),Mecklenburg-Vorpommern,code13,456.0
2003,Je 100 000 Einwohner/ -innen,premature mortality (men),Mecklenburg-Vorpommern,code13,456.8
2004,Je 100 000 Einwohner/ -innen,premature mortality (men),Mecklenburg-Vorpommern,code13,427.6
2005,Je 100 000 Einwohner/ -innen,premature mortality (men),Mecklenburg-Vorpommern,code13,405.2
2006,Je 100 000 Einwohner/ -innen,premature mortality (men),Mecklenburg-Vorpommern,code13,388.7
2007,Je 100 000 Einwohner/ -innen,premature mortality (men),Mecklenburg-Vorpommern,code13,387.0
2008,Je 100 000 Einwohner/ -innen,premature mortality (men),Mecklenburg-Vorpommern,code13,383.0
2009,Je 100 000 Einwohner/ -innen,premature mortality (men),Mecklenburg-Vorpommern,code13,377.6
2010,Je 100 000 Einwohner/ -innen,premature mortality (men),Mecklenburg-Vorpommern,code13,378.2
2011,Je 100 000 Einwohner/ -innen,premature mortality (men),Mecklenburg-Vorpommern,code13,384.1
2012,Je 100 000 Einwohner/ -innen,premature mortality (men),Mecklenburg-Vorpommern,code13,375.1
2013,Je 100 000 Einwohner/ -innen,premature mortality (men),Mecklenburg-Vorpommern,code13,361.9
2014,Je 100 000 Einwohner/ -innen,premature mortality (men),Mecklenburg-Vorpommern,code13,358.3
2015,Je 100 000 Einwohner/ -innen,premature mortality (men),Mecklenburg-Vorpommern,code13,364.9
2016,Je 100 000 Einwohner/ -innen,premature mortality (men),Mecklenburg-Vorpommern,code13,360.4
2017,Je 100 000 Einwohner/ -innen,premature mortality (men),Mecklenburg-Vorpommern,code13,352.5
2018,Je 100 000 Einwohner/ -innen,premature mortality (men),Mecklenburg-Vorpommern,code13,367.7
2019,Je 100 000 Einwohner/ -innen,premature mortality (men),Mecklenburg-Vorpommern,code13,360.5
2020,Je 100 000 Einwohner/ -innen,premature mortality (men),Mecklenburg-Vorpommern,code13,356.9
2000,Je 100 000 Einwohner/ -innen,premature mortality (men),Niedersachsen,code03,381.8
2001,Je 100 000 Einwohner/ -innen,premature mortality (men),Niedersachsen,code03,364.7
2002,Je 100 000 Einwohner/ -innen,premature mortality (men),Niedersachsen,code03,365.2
2003,Je 100 000 Einwohner/ -innen,premature mortality (men),Niedersachsen,code03,358.9
2004,Je 100 000 Einwohner/ -innen,premature mortality (men),Niedersachsen,code03,341.0
2005,Je 100 000 Einwohner/ -innen,premature mortality (men),Niedersachsen,code03,333.1
2006,Je 100 000 Einwohner/ -innen,premature mortality (men),Niedersachsen,code03,323.7
2007,Je 100 000 Einwohner/ -innen,premature mortality (men),Niedersachsen,code03,318.0
2008,Je 100 000 Einwohner/ -innen,premature mortality (men),Niedersachsen,code03,310.7
2009,Je 100 000 Einwohner/ -innen,premature mortality (men),Niedersachsen,code03,312.8
2010,Je 100 000 Einwohner/ -innen,premature mortality (men),Niedersachsen,code03,300.3
2011,Je 100 000 Einwohner/ -innen,premature mortality (men),Niedersachsen,code03,303.9
2012,Je 100 000 Einwohner/ -innen,premature mortality (men),Niedersachsen,code03,297.7
2013,Je 100 000 Einwohner/ -innen,premature mortality (men),Niedersachsen,code03,297.6
2014,Je 100 000 Einwohner/ -innen,premature mortality (men),Niedersachsen,code03,292.1
2015,Je 100 000 Einwohner/ -innen,premature mortality (men),Niedersachsen,code03,294.0
2016,Je 100 000 Einwohner/ -innen,premature mortality (men),Niedersachsen,code03,294.2
2017,Je 100 000 Einwohner/ -innen,premature mortality (men),Niedersachsen,code03,281.9
2018,Je 100 000 Einwohner/ -innen,premature mortality (men),Niedersachsen,code03,292.0
2019,Je 100 000 Einwohner/ -innen,premature mortality (men),Niedersachsen,code03,282.7
2020,Je 100 000 Einwohner/ -innen,premature mortality (men),Niedersachsen,code03,288.5
2000,Je 100 000 Einwohner/ -innen,premature mortality (men),Nordrhein-Westfalen,code05,381.8
2001,Je 100 000 Einwohner/ -innen,premature mortality (men),Nordrhein-Westfalen,code05,366.9
2002,Je 100 000 Einwohner/ -innen,premature mortality (men),Nordrhein-Westfalen,code05,362.1
2003,Je 100 000 Einwohner/ -innen,premature mortality (men),Nordrhein-Westfalen,code05,361.1
2004,Je 100 000 Einwohner/ -innen,premature mortality (men),Nordrhein-Westfalen,code05,341.9
2005,Je 100 000 Einwohner/ -innen,premature mortality (men),Nordrhein-Westfalen,code05,338.1
2006,Je 100 000 Einwohner/ -innen,premature mortality (men),Nordrhein-Westfalen,code05,323.2
2007,Je 100 000 Einwohner/ -innen,premature mortality (men),Nordrhein-Westfalen,code05,320.8
2008,Je 100 000 Einwohner/ -innen,premature mortality (men),Nordrhein-Westfalen,code05,314.3
2009,Je 100 000 Einwohner/ -innen,premature mortality (men),Nordrhein-Westfalen,code05,311.3
2010,Je 100 000 Einwohner/ -innen,premature mortality (men),Nordrhein-Westfalen,code05,311.8
2011,Je 100 000 Einwohner/ -innen,premature mortality (men),Nordrhein-Westfalen,code05,304.5
2012,Je 100 000 Einwohner/ -innen,premature mortality (men),Nordrhein-Westfalen,code05,300.4
2013,Je 100 000 Einwohner/ -innen,premature mortality (men),Nordrhein-Westfalen,code05,298.4
2014,Je 100 000 Einwohner/ -innen,premature mortality (men),Nordrhein-Westfalen,code05,288.2
2015,Je 100 000 Einwohner/ -innen,premature mortality (men),Nordrhein-Westfalen,code05,292.9
2016,Je 100 000 Einwohner/ -innen,premature mortality (men),Nordrhein-Westfalen,code05,293.1
2017,Je 100 000 Einwohner/ -innen,premature mortality (men),Nordrhein-Westfalen,code05,280.6
2018,Je 100 000 Einwohner/ -innen,premature mortality (men),Nordrhein-Westfalen,code05,285.8
2019,Je 100 000 Einwohner/ -innen,premature mortality (men),Nordrhein-Westfalen,code05,277.8
2020,Je 100 000 Einwohner/ -innen,premature mortality (men),Nordrhein-Westfalen,code05,281.1
2000,Je 100 000 Einwohner/ -innen,premature mortality (men),Rheinland-Pfalz,code07,374.4
2001,Je 100 000 Einwohner/ -innen,premature mortality (men),Rheinland-Pfalz,code07,360.2
2002,Je 100 000 Einwohner/ -innen,premature mortality (men),Rheinland-Pfalz,code07,350.4
2003,Je 100 000 Einwohner/ -innen,premature mortality (men),Rheinland-Pfalz,code07,346.0
2004,Je 100 000 Einwohner/ -innen,premature mortality (men),Rheinland-Pfalz,code07,327.9
2005,Je 100 000 Einwohner/ -innen,premature mortality (men),Rheinland-Pfalz,code07,327.3
2006,Je 100 000 Einwohner/ -innen,premature mortality (men),Rheinland-Pfalz,code07,304.8
2007,Je 100 000 Einwohner/ -innen,premature mortality (men),Rheinland-Pfalz,code07,302.4
2008,Je 100 000 Einwohner/ -innen,premature mortality (men),Rheinland-Pfalz,code07,299.7
2009,Je 100 000 Einwohner/ -innen,premature mortality (men),Rheinland-Pfalz,code07,299.4
2010,Je 100 000 Einwohner/ -innen,premature mortality (men),Rheinland-Pfalz,code07,293.0
2011,Je 100 000 Einwohner/ -innen,premature mortality (men),Rheinland-Pfalz,code07,286.1
2012,Je 100 000 Einwohner/ -innen,premature mortality (men),Rheinland-Pfalz,code07,279.1
2013,Je 100 000 Einwohner/ -innen,premature mortality (men),Rheinland-Pfalz,code07,278.0
2014,Je 100 000 Einwohner/ -innen,premature mortality (men),Rheinland-Pfalz,code07,266.9
2015,Je 100 000 Einwohner/ -innen,premature mortality (men),Rheinland-Pfalz,code07,273.2
2016,Je 100 000 Einwohner/ -innen,premature mortality (men),Rheinland-Pfalz,code07,262.8
2017,Je 100 000 Einwohner/ -innen,premature mortality (men),Rheinland-Pfalz,code07,264.1
2018,Je 100 000 Einwohner/ -innen,premature mortality (men),Rheinland-Pfalz,code07,272.3
2019,Je 100 000 Einwohner/ -innen,premature mortality (men),Rheinland-Pfalz,code07,256.1
2020,Je 100 000 Einwohner/ -innen,premature mortality (men),Rheinland-Pfalz,code07,260.8
2000,Je 100 000 Einwohner/ -innen,premature mortality (men),Saarland,code10,421.2
2001,Je 100 000 Einwohner/ -innen,premature mortality (men),Saarland,code10,416.7
2002,Je 100 000 Einwohner/ -innen,premature mortality (men),Saarland,code10,396.4
2003,Je 100 000 Einwohner/ -innen,premature mortality (men),Saarland,code10,413.3
2004,Je 100 000 Einwohner/ -innen,premature mortality (men),Saarland,code10,378.6
2005,Je 100 000 Einwohner/ -innen,premature mortality (men),Saarland,code10,376.8
2006,Je 100 000 Einwohner/ -innen,premature mortality (men),Saarland,code10,366.2
2007,Je 100 000 Einwohner/ -innen,premature mortality (men),Saarland,code10,350.0
2008,Je 100 000 Einwohner/ -innen,premature mortality (men),Saarland,code10,363.2
2009,Je 100 000 Einwohner/ -innen,premature mortality (men),Saarland,code10,344.5
2010,Je 100 000 Einwohner/ -innen,premature mortality (men),Saarland,code10,339.8
2011,Je 100 000 Einwohner/ -innen,premature mortality (men),Saarland,code10,331.1
2012,Je 100 000 Einwohner/ -innen,premature mortality (men),Saarland,code10,316.7
2013,Je 100 000 Einwohner/ -innen,premature mortality (men),Saarland,code10,334.8
2014,Je 100 000 Einwohner/ -innen,premature mortality (men),Saarland,code10,305.6
2015,Je 100 000 Einwohner/ -innen,premature mortality (men),Saarland,code10,319.8
2016,Je 100 000 Einwohner/ -innen,premature mortality (men),Saarland,code10,299.0
2017,Je 100 000 Einwohner/ -innen,premature mortality (men),Saarland,code10,306.9
2018,Je 100 000 Einwohner/ -innen,premature mortality (men),Saarland,code10,319.6
2019,Je 100 000 Einwohner/ -innen,premature mortality (men),Saarland,code10,303.4
2020,Je 100 000 Einwohner/ -innen,premature mortality (men),Saarland,code10,299.7
2000,Je 100 000 Einwohner/ -innen,premature mortality (men),Sachsen,code14,413.1
2001,Je 100 000 Einwohner/ -innen,premature mortality (men),Sachsen,code14,386.3
2002,Je 100 000 Einwohner/ -innen,premature mortality (men),Sachsen,code14,387.0
2003,Je 100 000 Einwohner/ -innen,premature mortality (men),Sachsen,code14,376.2
2004,Je 100 000 Einwohner/ -innen,premature mortality (men),Sachsen,code14,358.4
2005,Je 100 000 Einwohner/ -innen,premature mortality (men),Sachsen,code14,351.2
2006,Je 100 000 Einwohner/ -innen,premature mortality (men),Sachsen,code14,347.2
2007,Je 100 000 Einwohner/ -innen,premature mortality (men),Sachsen,code14,335.2
2008,Je 100 000 Einwohner/ -innen,premature mortality (men),Sachsen,code14,330.2
2009,Je 100 000 Einwohner/ -innen,premature mortality (men),Sachsen,code14,329.7
2010,Je 100 000 Einwohner/ -innen,premature mortality (men),Sachsen,code14,328.3
2011,Je 100 000 Einwohner/ -innen,premature mortality (men),Sachsen,code14,326.7
2012,Je 100 000 Einwohner/ -innen,premature mortality (men),Sachsen,code14,322.0
2013,Je 100 000 Einwohner/ -innen,premature mortality (men),Sachsen,code14,334.6
2014,Je 100 000 Einwohner/ -innen,premature mortality (men),Sachsen,code14,320.8
2015,Je 100 000 Einwohner/ -innen,premature mortality (men),Sachsen,code14,331.3
2016,Je 100 000 Einwohner/ -innen,premature mortality (men),Sachsen,code14,324.2
2017,Je 100 000 Einwohner/ -innen,premature mortality (men),Sachsen,code14,314.8
2018,Je 100 000 Einwohner/ -innen,premature mortality (men),Sachsen,code14,317.6
2019,Je 100 000 Einwohner/ -innen,premature mortality (men),Sachsen,code14,313.2
2020,Je 100 000 Einwohner/ -innen,premature mortality (men),Sachsen,code14,328.1
2000,Je 100 000 Einwohner/ -innen,premature mortality (men),Sachsen-Anhalt,code15,472.7
2001,Je 100 000 Einwohner/ -innen,premature mortality (men),Sachsen-Anhalt,code15,446.0
2002,Je 100 000 Einwohner/ -innen,premature mortality (men),Sachsen-Anhalt,code15,451.1
2003,Je 100 000 Einwohner/ -innen,premature mortality (men),Sachsen-Anhalt,code15,433.4
2004,Je 100 000 Einwohner/ -innen,premature mortality (men),Sachsen-Anhalt,code15,418.3
2005,Je 100 000 Einwohner/ -innen,premature mortality (men),Sachsen-Anhalt,code15,406.6
2006,Je 100 000 Einwohner/ -innen,premature mortality (men),Sachsen-Anhalt,code15,397.5
2007,Je 100 000 Einwohner/ -innen,premature mortality (men),Sachsen-Anhalt,code15,389.4
2008,Je 100 000 Einwohner/ -innen,premature mortality (men),Sachsen-Anhalt,code15,386.3
2009,Je 100 000 Einwohner/ -innen,premature mortality (men),Sachsen-Anhalt,code15,388.3
2010,Je 100 000 Einwohner/ -innen,premature mortality (men),Sachsen-Anhalt,code15,376.2
2011,Je 100 000 Einwohner/ -innen,premature mortality (men),Sachsen-Anhalt,code15,375.7
2012,Je 100 000 Einwohner/ -innen,premature mortality (men),Sachsen-Anhalt,code15,375.4
2013,Je 100 000 Einwohner/ -innen,premature mortality (men),Sachsen-Anhalt,code15,372.9
2014,Je 100 000 Einwohner/ -innen,premature mortality (men),Sachsen-Anhalt,code15,363.0
2015,Je 100 000 Einwohner/ -innen,premature mortality (men),Sachsen-Anhalt,code15,373.7
2016,Je 100 000 Einwohner/ -innen,premature mortality (men),Sachsen-Anhalt,code15,369.8
2017,Je 100 000 Einwohner/ -innen,premature mortality (men),Sachsen-Anhalt,code15,370.1
2018,Je 100 000 Einwohner/ -innen,premature mortality (men),Sachsen-Anhalt,code15,376.2
2019,Je 100 000 Einwohner/ -innen,premature mortality (men),Sachsen-Anhalt,code15,360.7
2020,Je 100 000 Einwohner/ -innen,premature mortality (men),Sachsen-Anhalt,code15,366.8
2000,Je 100 000 Einwohner/ -innen,premature mortality (men),Schleswig-Holstein,code01,380.5
2001,Je 100 000 Einwohner/ -innen,premature mortality (men),Schleswig-Holstein,code01,364.2
2002,Je 100 000 Einwohner/ -innen,premature mortality (men),Schleswig-Holstein,code01,355.9
2003,Je 100 000 Einwohner/ -innen,premature mortality (men),Schleswig-Holstein,code01,348.3
2004,Je 100 000 Einwohner/ -innen,premature mortality (men),Schleswig-Holstein,code01,343.6
2005,Je 100 000 Einwohner/ -innen,premature mortality (men),Schleswig-Holstein,code01,330.3
2006,Je 100 000 Einwohner/ -innen,premature mortality (men),Schleswig-Holstein,code01,319.4
2007,Je 100 000 Einwohner/ -innen,premature mortality (men),Schleswig-Holstein,code01,312.3
2008,Je 100 000 Einwohner/ -innen,premature mortality (men),Schleswig-Holstein,code01,309.2
2009,Je 100 000 Einwohner/ -innen,premature mortality (men),Schleswig-Holstein,code01,311.3
2010,Je 100 000 Einwohner/ -innen,premature mortality (men),Schleswig-Holstein,code01,305.3
2011,Je 100 000 Einwohner/ -innen,premature mortality (men),Schleswig-Holstein,code01,301.0
2012,Je 100 000 Einwohner/ -innen,premature mortality (men),Schleswig-Holstein,code01,287.4
2013,Je 100 000 Einwohner/ -innen,premature mortality (men),Schleswig-Holstein,code01,302.3
2014,Je 100 000 Einwohner/ -innen,premature mortality (men),Schleswig-Holstein,code01,281.7
2015,Je 100 000 Einwohner/ -innen,premature mortality (men),Schleswig-Holstein,code01,298.4
2016,Je 100 000 Einwohner/ -innen,premature mortality (men),Schleswig-Holstein,code01,292.3
2017,Je 100 000 Einwohner/ -innen,premature mortality (men),Schleswig-Holstein,code01,281.1
2018,Je 100 000 Einwohner/ -innen,premature mortality (men),Schleswig-Holstein,code01,293.1
2019,Je 100 000 Einwohner/ -innen,premature mortality (men),Schleswig-Holstein,code01,286.8
2020,Je 100 000 Einwohner/ -innen,premature mortality (men),Schleswig-Holstein,code01,279.0
2000,Je 100 000 Einwohner/ -innen,premature mortality (men),Thüringen,code16,414.8
2001,Je 100 000 Einwohner/ -innen,premature mortality (men),Thüringen,code16,398.8
2002,Je 100 000 Einwohner/ -innen,premature mortality (men),Thüringen,code16,388.2
2003,Je 100 000 Einwohner/ -innen,premature mortality (men),Thüringen,code16,385.8
2004,Je 100 000 Einwohner/ -innen,premature mortality (men),Thüringen,code16,372.2
2005,Je 100 000 Einwohner/ -innen,premature mortality (men),Thüringen,code16,353.6
2006,Je 100 000 Einwohner/ -innen,premature mortality (men),Thüringen,code16,354.1
2007,Je 100 000 Einwohner/ -innen,premature mortality (men),Thüringen,code16,344.9
2008,Je 100 000 Einwohner/ -innen,premature mortality (men),Thüringen,code16,343.9
2009,Je 100 000 Einwohner/ -innen,premature mortality (men),Thüringen,code16,336.6
2010,Je 100 000 Einwohner/ -innen,premature mortality (men),Thüringen,code16,331.0
2011,Je 100 000 Einwohner/ -innen,premature mortality (men),Thüringen,code16,329.6
2012,Je 100 000 Einwohner/ -innen,premature mortality (men),Thüringen,code16,331.7
2013,Je 100 000 Einwohner/ -innen,premature mortality (men),Thüringen,code16,316.6
2014,Je 100 000 Einwohner/ -innen,premature mortality (men),Thüringen,code16,316.8
2015,Je 100 000 Einwohner/ -innen,premature mortality (men),Thüringen,code16,336.7
2016,Je 100 000 Einwohner/ -innen,premature mortality (men),Thüringen,code16,332.6
2017,Je 100 000 Einwohner/ -innen,premature mortality (men),Thüringen,code16,324.6
2018,Je 100 000 Einwohner/ -innen,premature mortality (men),Thüringen,code16,319.9
2019,Je 100 000 Einwohner/ -innen,premature mortality (men),Thüringen,code16,313.3
2020,Je 100 000 Einwohner/ -innen,premature mortality (men),Thüringen,code16,316.2
