Year,Units,display,Geschlecht,Bundesland,GeoCode,Value
1991,per 100 000 inhabitants,a) time series,women,a) germany (total),,235
1992,per 100 000 inhabitants,a) time series,women,a) germany (total),,225
1993,per 100 000 inhabitants,a) time series,women,a) germany (total),,223
1994,per 100 000 inhabitants,a) time series,women,a) germany (total),,216
1995,per 100 000 inhabitants,a) time series,women,a) germany (total),,212
1996,per 100 000 inhabitants,a) time series,women,a) germany (total),,208
1997,per 100 000 inhabitants,a) time series,women,a) germany (total),,200
1998,per 100 000 inhabitants,a) time series,women,a) germany (total),,193
1999,per 100 000 inhabitants,a) time series,women,a) germany (total),,189
2000,per 100 000 inhabitants,a) time series,women,a) germany (total),,184
2001,per 100 000 inhabitants,a) time series,women,a) germany (total),,179
2002,per 100 000 inhabitants,a) time series,women,a) germany (total),,177
2003,per 100 000 inhabitants,a) time series,women,a) germany (total),,173
2004,per 100 000 inhabitants,a) time series,women,a) germany (total),,166
2005,per 100 000 inhabitants,a) time series,women,a) germany (total),,165
2006,per 100 000 inhabitants,a) time series,women,a) germany (total),,159
2007,per 100 000 inhabitants,a) time series,women,a) germany (total),,158
2008,per 100 000 inhabitants,a) time series,women,a) germany (total),,159
2009,per 100 000 inhabitants,a) time series,women,a) germany (total),,157
2010,per 100 000 inhabitants,a) time series,women,a) germany (total),,155
2011,per 100 000 inhabitants,a) time series,women,a) germany (total),,157
2012,per 100 000 inhabitants,a) time series,women,a) germany (total),,153
2013,per 100 000 inhabitants,a) time series,women,a) germany (total),,156
2014,per 100 000 inhabitants,a) time series,women,a) germany (total),,149
2015,per 100 000 inhabitants,a) time series,women,a) germany (total),,153
2016,per 100 000 inhabitants,a) time series,women,a) germany (total),,152
2017,per 100 000 inhabitants,a) time series,women,a) germany (total),,149
2018,per 100 000 inhabitants,a) time series,women,a) germany (total),,151
2030,per 100 000 inhabitants,b) target (max),women,a) germany (total),,100
1998,per 100 000 inhabitants,a) time series,women,bw,code08,169
1999,per 100 000 inhabitants,a) time series,women,bw,code08,168
2000,per 100 000 inhabitants,a) time series,women,bw,code08,158
2001,per 100 000 inhabitants,a) time series,women,bw,code08,160
2002,per 100 000 inhabitants,a) time series,women,bw,code08,154
2003,per 100 000 inhabitants,a) time series,women,bw,code08,154
2004,per 100 000 inhabitants,a) time series,women,bw,code08,145
2005,per 100 000 inhabitants,a) time series,women,bw,code08,144
2006,per 100 000 inhabitants,a) time series,women,bw,code08,137
2007,per 100 000 inhabitants,a) time series,women,bw,code08,137
2008,per 100 000 inhabitants,a) time series,women,bw,code08,138
2009,per 100 000 inhabitants,a) time series,women,bw,code08,135
2010,per 100 000 inhabitants,a) time series,women,bw,code08,136
2011,per 100 000 inhabitants,a) time series,women,bw,code08,135
2012,per 100 000 inhabitants,a) time series,women,bw,code08,130
2013,per 100 000 inhabitants,a) time series,women,bw,code08,135
2014,per 100 000 inhabitants,a) time series,women,bw,code08,129
2015,per 100 000 inhabitants,a) time series,women,bw,code08,133
2016,per 100 000 inhabitants,a) time series,women,bw,code08,132
2017,per 100 000 inhabitants,a) time series,women,bw,code08,128
2018,per 100 000 inhabitants,a) time series,women,bw,code08,130
1998,per 100 000 inhabitants,a) time series,women,by,code09,182
1999,per 100 000 inhabitants,a) time series,women,by,code09,177
2000,per 100 000 inhabitants,a) time series,women,by,code09,174
2001,per 100 000 inhabitants,a) time series,women,by,code09,168
2002,per 100 000 inhabitants,a) time series,women,by,code09,165
2003,per 100 000 inhabitants,a) time series,women,by,code09,162
2004,per 100 000 inhabitants,a) time series,women,by,code09,153
2005,per 100 000 inhabitants,a) time series,women,by,code09,155
2006,per 100 000 inhabitants,a) time series,women,by,code09,149
2007,per 100 000 inhabitants,a) time series,women,by,code09,148
2008,per 100 000 inhabitants,a) time series,women,by,code09,149
2009,per 100 000 inhabitants,a) time series,women,by,code09,146
2010,per 100 000 inhabitants,a) time series,women,by,code09,142
2011,per 100 000 inhabitants,a) time series,women,by,code09,147
2012,per 100 000 inhabitants,a) time series,women,by,code09,141
2013,per 100 000 inhabitants,a) time series,women,by,code09,142
2014,per 100 000 inhabitants,a) time series,women,by,code09,134
2015,per 100 000 inhabitants,a) time series,women,by,code09,139
2016,per 100 000 inhabitants,a) time series,women,by,code09,138
2017,per 100 000 inhabitants,a) time series,women,by,code09,132
2018,per 100 000 inhabitants,a) time series,women,by,code09,131
1998,per 100 000 inhabitants,a) time series,women,be,code11,224
1999,per 100 000 inhabitants,a) time series,women,be,code11,214
2000,per 100 000 inhabitants,a) time series,women,be,code11,206
2001,per 100 000 inhabitants,a) time series,women,be,code11,191
2002,per 100 000 inhabitants,a) time series,women,be,code11,202
2003,per 100 000 inhabitants,a) time series,women,be,code11,188
2004,per 100 000 inhabitants,a) time series,women,be,code11,178
2005,per 100 000 inhabitants,a) time series,women,be,code11,186
2006,per 100 000 inhabitants,a) time series,women,be,code11,175
2007,per 100 000 inhabitants,a) time series,women,be,code11,169
2008,per 100 000 inhabitants,a) time series,women,be,code11,174
2009,per 100 000 inhabitants,a) time series,women,be,code11,167
2010,per 100 000 inhabitants,a) time series,women,be,code11,164
2011,per 100 000 inhabitants,a) time series,women,be,code11,174
2012,per 100 000 inhabitants,a) time series,women,be,code11,171
2013,per 100 000 inhabitants,a) time series,women,be,code11,163
2014,per 100 000 inhabitants,a) time series,women,be,code11,162
2015,per 100 000 inhabitants,a) time series,women,be,code11,169
2016,per 100 000 inhabitants,a) time series,women,be,code11,161
2017,per 100 000 inhabitants,a) time series,women,be,code11,159
2018,per 100 000 inhabitants,a) time series,women,be,code11,167
1998,per 100 000 inhabitants,a) time series,women,bb,code12,207
1999,per 100 000 inhabitants,a) time series,women,bb,code12,195
2000,per 100 000 inhabitants,a) time series,women,bb,code12,187
2001,per 100 000 inhabitants,a) time series,women,bb,code12,183
2002,per 100 000 inhabitants,a) time series,women,bb,code12,177
2003,per 100 000 inhabitants,a) time series,women,bb,code12,174
2004,per 100 000 inhabitants,a) time series,women,bb,code12,166
2005,per 100 000 inhabitants,a) time series,women,bb,code12,162
2006,per 100 000 inhabitants,a) time series,women,bb,code12,158
2007,per 100 000 inhabitants,a) time series,women,bb,code12,153
2008,per 100 000 inhabitants,a) time series,women,bb,code12,151
2009,per 100 000 inhabitants,a) time series,women,bb,code12,150
2010,per 100 000 inhabitants,a) time series,women,bb,code12,153
2011,per 100 000 inhabitants,a) time series,women,bb,code12,152
2012,per 100 000 inhabitants,a) time series,women,bb,code12,145
2013,per 100 000 inhabitants,a) time series,women,bb,code12,157
2014,per 100 000 inhabitants,a) time series,women,bb,code12,145
2015,per 100 000 inhabitants,a) time series,women,bb,code12,153
2016,per 100 000 inhabitants,a) time series,women,bb,code12,152
2017,per 100 000 inhabitants,a) time series,women,bb,code12,151
2018,per 100 000 inhabitants,a) time series,women,bb,code12,152
1998,per 100 000 inhabitants,a) time series,women,hb,code04,218
1999,per 100 000 inhabitants,a) time series,women,hb,code04,201
2000,per 100 000 inhabitants,a) time series,women,hb,code04,218
2001,per 100 000 inhabitants,a) time series,women,hb,code04,205
2002,per 100 000 inhabitants,a) time series,women,hb,code04,209
2003,per 100 000 inhabitants,a) time series,women,hb,code04,192
2004,per 100 000 inhabitants,a) time series,women,hb,code04,205
2005,per 100 000 inhabitants,a) time series,women,hb,code04,188
2006,per 100 000 inhabitants,a) time series,women,hb,code04,188
2007,per 100 000 inhabitants,a) time series,women,hb,code04,189
2008,per 100 000 inhabitants,a) time series,women,hb,code04,192
2009,per 100 000 inhabitants,a) time series,women,hb,code04,196
2010,per 100 000 inhabitants,a) time series,women,hb,code04,175
2011,per 100 000 inhabitants,a) time series,women,hb,code04,191
2012,per 100 000 inhabitants,a) time series,women,hb,code04,191
2013,per 100 000 inhabitants,a) time series,women,hb,code04,187
2014,per 100 000 inhabitants,a) time series,women,hb,code04,185
2015,per 100 000 inhabitants,a) time series,women,hb,code04,180
2016,per 100 000 inhabitants,a) time series,women,hb,code04,185
2017,per 100 000 inhabitants,a) time series,women,hb,code04,162
2018,per 100 000 inhabitants,a) time series,women,hb,code04,189
1998,per 100 000 inhabitants,a) time series,women,hh,code02,207
1999,per 100 000 inhabitants,a) time series,women,hh,code02,210
2000,per 100 000 inhabitants,a) time series,women,hh,code02,203
2001,per 100 000 inhabitants,a) time series,women,hh,code02,195
2002,per 100 000 inhabitants,a) time series,women,hh,code02,196
2003,per 100 000 inhabitants,a) time series,women,hh,code02,187
2004,per 100 000 inhabitants,a) time series,women,hh,code02,191
2005,per 100 000 inhabitants,a) time series,women,hh,code02,178
2006,per 100 000 inhabitants,a) time series,women,hh,code02,178
2007,per 100 000 inhabitants,a) time series,women,hh,code02,177
2008,per 100 000 inhabitants,a) time series,women,hh,code02,167
2009,per 100 000 inhabitants,a) time series,women,hh,code02,178
2010,per 100 000 inhabitants,a) time series,women,hh,code02,160
2011,per 100 000 inhabitants,a) time series,women,hh,code02,172
2012,per 100 000 inhabitants,a) time series,women,hh,code02,171
2013,per 100 000 inhabitants,a) time series,women,hh,code02,167
2014,per 100 000 inhabitants,a) time series,women,hh,code02,163
2015,per 100 000 inhabitants,a) time series,women,hh,code02,172
2016,per 100 000 inhabitants,a) time series,women,hh,code02,158
2017,per 100 000 inhabitants,a) time series,women,hh,code02,157
2018,per 100 000 inhabitants,a) time series,women,hh,code02,159
1998,per 100 000 inhabitants,a) time series,women,he,code06,183
1999,per 100 000 inhabitants,a) time series,women,he,code06,184
2000,per 100 000 inhabitants,a) time series,women,he,code06,179
2001,per 100 000 inhabitants,a) time series,women,he,code06,175
2002,per 100 000 inhabitants,a) time series,women,he,code06,173
2003,per 100 000 inhabitants,a) time series,women,he,code06,166
2004,per 100 000 inhabitants,a) time series,women,he,code06,163
2005,per 100 000 inhabitants,a) time series,women,he,code06,157
2006,per 100 000 inhabitants,a) time series,women,he,code06,153
2007,per 100 000 inhabitants,a) time series,women,he,code06,155
2008,per 100 000 inhabitants,a) time series,women,he,code06,152
2009,per 100 000 inhabitants,a) time series,women,he,code06,152
2010,per 100 000 inhabitants,a) time series,women,he,code06,151
2011,per 100 000 inhabitants,a) time series,women,he,code06,156
2012,per 100 000 inhabitants,a) time series,women,he,code06,152
2013,per 100 000 inhabitants,a) time series,women,he,code06,151
2014,per 100 000 inhabitants,a) time series,women,he,code06,145
2015,per 100 000 inhabitants,a) time series,women,he,code06,146
2016,per 100 000 inhabitants,a) time series,women,he,code06,145
2017,per 100 000 inhabitants,a) time series,women,he,code06,143
2018,per 100 000 inhabitants,a) time series,women,he,code06,145
1998,per 100 000 inhabitants,a) time series,women,mv,code13,219
1999,per 100 000 inhabitants,a) time series,women,mv,code13,203
2000,per 100 000 inhabitants,a) time series,women,mv,code13,202
2001,per 100 000 inhabitants,a) time series,women,mv,code13,190
2002,per 100 000 inhabitants,a) time series,women,mv,code13,190
2003,per 100 000 inhabitants,a) time series,women,mv,code13,177
2004,per 100 000 inhabitants,a) time series,women,mv,code13,168
2005,per 100 000 inhabitants,a) time series,women,mv,code13,170
2006,per 100 000 inhabitants,a) time series,women,mv,code13,162
2007,per 100 000 inhabitants,a) time series,women,mv,code13,158
2008,per 100 000 inhabitants,a) time series,women,mv,code13,165
2009,per 100 000 inhabitants,a) time series,women,mv,code13,156
2010,per 100 000 inhabitants,a) time series,women,mv,code13,160
2011,per 100 000 inhabitants,a) time series,women,mv,code13,163
2012,per 100 000 inhabitants,a) time series,women,mv,code13,151
2013,per 100 000 inhabitants,a) time series,women,mv,code13,164
2014,per 100 000 inhabitants,a) time series,women,mv,code13,149
2015,per 100 000 inhabitants,a) time series,women,mv,code13,159
2016,per 100 000 inhabitants,a) time series,women,mv,code13,154
2017,per 100 000 inhabitants,a) time series,women,mv,code13,147
2018,per 100 000 inhabitants,a) time series,women,mv,code13,162
1998,per 100 000 inhabitants,a) time series,women,ni,code03,192
1999,per 100 000 inhabitants,a) time series,women,ni,code03,191
2000,per 100 000 inhabitants,a) time series,women,ni,code03,186
2001,per 100 000 inhabitants,a) time series,women,ni,code03,182
2002,per 100 000 inhabitants,a) time series,women,ni,code03,181
2003,per 100 000 inhabitants,a) time series,women,ni,code03,179
2004,per 100 000 inhabitants,a) time series,women,ni,code03,168
2005,per 100 000 inhabitants,a) time series,women,ni,code03,169
2006,per 100 000 inhabitants,a) time series,women,ni,code03,167
2007,per 100 000 inhabitants,a) time series,women,ni,code03,161
2008,per 100 000 inhabitants,a) time series,women,ni,code03,166
2009,per 100 000 inhabitants,a) time series,women,ni,code03,165
2010,per 100 000 inhabitants,a) time series,women,ni,code03,161
2011,per 100 000 inhabitants,a) time series,women,ni,code03,166
2012,per 100 000 inhabitants,a) time series,women,ni,code03,158
2013,per 100 000 inhabitants,a) time series,women,ni,code03,166
2014,per 100 000 inhabitants,a) time series,women,ni,code03,159
2015,per 100 000 inhabitants,a) time series,women,ni,code03,158
2016,per 100 000 inhabitants,a) time series,women,ni,code03,162
2017,per 100 000 inhabitants,a) time series,women,ni,code03,160
2018,per 100 000 inhabitants,a) time series,women,ni,code03,163
1998,per 100 000 inhabitants,a) time series,women,nw,code05,199
1999,per 100 000 inhabitants,a) time series,women,nw,code05,195
2000,per 100 000 inhabitants,a) time series,women,nw,code05,194
2001,per 100 000 inhabitants,a) time series,women,nw,code05,189
2002,per 100 000 inhabitants,a) time series,women,nw,code05,187
2003,per 100 000 inhabitants,a) time series,women,nw,code05,186
2004,per 100 000 inhabitants,a) time series,women,nw,code05,179
2005,per 100 000 inhabitants,a) time series,women,nw,code05,176
2006,per 100 000 inhabitants,a) time series,women,nw,code05,171
2007,per 100 000 inhabitants,a) time series,women,nw,code05,172
2008,per 100 000 inhabitants,a) time series,women,nw,code05,173
2009,per 100 000 inhabitants,a) time series,women,nw,code05,171
2010,per 100 000 inhabitants,a) time series,women,nw,code05,172
2011,per 100 000 inhabitants,a) time series,women,nw,code05,169
2012,per 100 000 inhabitants,a) time series,women,nw,code05,167
2013,per 100 000 inhabitants,a) time series,women,nw,code05,173
2014,per 100 000 inhabitants,a) time series,women,nw,code05,164
2015,per 100 000 inhabitants,a) time series,women,nw,code05,170
2016,per 100 000 inhabitants,a) time series,women,nw,code05,167
2017,per 100 000 inhabitants,a) time series,women,nw,code05,163
2018,per 100 000 inhabitants,a) time series,women,nw,code05,165
1998,per 100 000 inhabitants,a) time series,women,rp,code07,190
1999,per 100 000 inhabitants,a) time series,women,rp,code07,184
2000,per 100 000 inhabitants,a) time series,women,rp,code07,185
2001,per 100 000 inhabitants,a) time series,women,rp,code07,177
2002,per 100 000 inhabitants,a) time series,women,rp,code07,179
2003,per 100 000 inhabitants,a) time series,women,rp,code07,173
2004,per 100 000 inhabitants,a) time series,women,rp,code07,172
2005,per 100 000 inhabitants,a) time series,women,rp,code07,169
2006,per 100 000 inhabitants,a) time series,women,rp,code07,162
2007,per 100 000 inhabitants,a) time series,women,rp,code07,165
2008,per 100 000 inhabitants,a) time series,women,rp,code07,162
2009,per 100 000 inhabitants,a) time series,women,rp,code07,164
2010,per 100 000 inhabitants,a) time series,women,rp,code07,156
2011,per 100 000 inhabitants,a) time series,women,rp,code07,162
2012,per 100 000 inhabitants,a) time series,women,rp,code07,153
2013,per 100 000 inhabitants,a) time series,women,rp,code07,161
2014,per 100 000 inhabitants,a) time series,women,rp,code07,154
2015,per 100 000 inhabitants,a) time series,women,rp,code07,150
2016,per 100 000 inhabitants,a) time series,women,rp,code07,152
2017,per 100 000 inhabitants,a) time series,women,rp,code07,154
2018,per 100 000 inhabitants,a) time series,women,rp,code07,154
1998,per 100 000 inhabitants,a) time series,women,sl,code10,210
1999,per 100 000 inhabitants,a) time series,women,sl,code10,216
2000,per 100 000 inhabitants,a) time series,women,sl,code10,212
2001,per 100 000 inhabitants,a) time series,women,sl,code10,204
2002,per 100 000 inhabitants,a) time series,women,sl,code10,195
2003,per 100 000 inhabitants,a) time series,women,sl,code10,206
2004,per 100 000 inhabitants,a) time series,women,sl,code10,199
2005,per 100 000 inhabitants,a) time series,women,sl,code10,182
2006,per 100 000 inhabitants,a) time series,women,sl,code10,186
2007,per 100 000 inhabitants,a) time series,women,sl,code10,182
2008,per 100 000 inhabitants,a) time series,women,sl,code10,190
2009,per 100 000 inhabitants,a) time series,women,sl,code10,187
2010,per 100 000 inhabitants,a) time series,women,sl,code10,186
2011,per 100 000 inhabitants,a) time series,women,sl,code10,189
2012,per 100 000 inhabitants,a) time series,women,sl,code10,175
2013,per 100 000 inhabitants,a) time series,women,sl,code10,177
2014,per 100 000 inhabitants,a) time series,women,sl,code10,182
2015,per 100 000 inhabitants,a) time series,women,sl,code10,180
2016,per 100 000 inhabitants,a) time series,women,sl,code10,174
2017,per 100 000 inhabitants,a) time series,women,sl,code10,179
2018,per 100 000 inhabitants,a) time series,women,sl,code10,188
1998,per 100 000 inhabitants,a) time series,women,sn,code14,191
1999,per 100 000 inhabitants,a) time series,women,sn,code14,184
2000,per 100 000 inhabitants,a) time series,women,sn,code14,177
2001,per 100 000 inhabitants,a) time series,women,sn,code14,169
2002,per 100 000 inhabitants,a) time series,women,sn,code14,165
2003,per 100 000 inhabitants,a) time series,women,sn,code14,160
2004,per 100 000 inhabitants,a) time series,women,sn,code14,151
2005,per 100 000 inhabitants,a) time series,women,sn,code14,154
2006,per 100 000 inhabitants,a) time series,women,sn,code14,148
2007,per 100 000 inhabitants,a) time series,women,sn,code14,147
2008,per 100 000 inhabitants,a) time series,women,sn,code14,141
2009,per 100 000 inhabitants,a) time series,women,sn,code14,142
2010,per 100 000 inhabitants,a) time series,women,sn,code14,136
2011,per 100 000 inhabitants,a) time series,women,sn,code14,139
2012,per 100 000 inhabitants,a) time series,women,sn,code14,139
2013,per 100 000 inhabitants,a) time series,women,sn,code14,142
2014,per 100 000 inhabitants,a) time series,women,sn,code14,133
2015,per 100 000 inhabitants,a) time series,women,sn,code14,139
2016,per 100 000 inhabitants,a) time series,women,sn,code14,138
2017,per 100 000 inhabitants,a) time series,women,sn,code14,132
2018,per 100 000 inhabitants,a) time series,women,sn,code14,139
1998,per 100 000 inhabitants,a) time series,women,st,code15,220
1999,per 100 000 inhabitants,a) time series,women,st,code15,202
2000,per 100 000 inhabitants,a) time series,women,st,code15,200
2001,per 100 000 inhabitants,a) time series,women,st,code15,193
2002,per 100 000 inhabitants,a) time series,women,st,code15,190
2003,per 100 000 inhabitants,a) time series,women,st,code15,178
2004,per 100 000 inhabitants,a) time series,women,st,code15,173
2005,per 100 000 inhabitants,a) time series,women,st,code15,178
2006,per 100 000 inhabitants,a) time series,women,st,code15,169
2007,per 100 000 inhabitants,a) time series,women,st,code15,161
2008,per 100 000 inhabitants,a) time series,women,st,code15,172
2009,per 100 000 inhabitants,a) time series,women,st,code15,167
2010,per 100 000 inhabitants,a) time series,women,st,code15,170
2011,per 100 000 inhabitants,a) time series,women,st,code15,167
2012,per 100 000 inhabitants,a) time series,women,st,code15,162
2013,per 100 000 inhabitants,a) time series,women,st,code15,167
2014,per 100 000 inhabitants,a) time series,women,st,code15,151
2015,per 100 000 inhabitants,a) time series,women,st,code15,168
2016,per 100 000 inhabitants,a) time series,women,st,code15,160
2017,per 100 000 inhabitants,a) time series,women,st,code15,166
2018,per 100 000 inhabitants,a) time series,women,st,code15,166
1998,per 100 000 inhabitants,a) time series,women,sh,code01,197
1999,per 100 000 inhabitants,a) time series,women,sh,code01,197
2000,per 100 000 inhabitants,a) time series,women,sh,code01,195
2001,per 100 000 inhabitants,a) time series,women,sh,code01,190
2002,per 100 000 inhabitants,a) time series,women,sh,code01,180
2003,per 100 000 inhabitants,a) time series,women,sh,code01,184
2004,per 100 000 inhabitants,a) time series,women,sh,code01,183
2005,per 100 000 inhabitants,a) time series,women,sh,code01,174
2006,per 100 000 inhabitants,a) time series,women,sh,code01,169
2007,per 100 000 inhabitants,a) time series,women,sh,code01,163
2008,per 100 000 inhabitants,a) time series,women,sh,code01,170
2009,per 100 000 inhabitants,a) time series,women,sh,code01,170
2010,per 100 000 inhabitants,a) time series,women,sh,code01,171
2011,per 100 000 inhabitants,a) time series,women,sh,code01,169
2012,per 100 000 inhabitants,a) time series,women,sh,code01,174
2013,per 100 000 inhabitants,a) time series,women,sh,code01,163
2014,per 100 000 inhabitants,a) time series,women,sh,code01,165
2015,per 100 000 inhabitants,a) time series,women,sh,code01,161
2016,per 100 000 inhabitants,a) time series,women,sh,code01,164
2017,per 100 000 inhabitants,a) time series,women,sh,code01,166
2018,per 100 000 inhabitants,a) time series,women,sh,code01,167
1998,per 100 000 inhabitants,a) time series,women,th,code16,204
1999,per 100 000 inhabitants,a) time series,women,th,code16,191
2000,per 100 000 inhabitants,a) time series,women,th,code16,180
2001,per 100 000 inhabitants,a) time series,women,th,code16,176
2002,per 100 000 inhabitants,a) time series,women,th,code16,176
2003,per 100 000 inhabitants,a) time series,women,th,code16,171
2004,per 100 000 inhabitants,a) time series,women,th,code16,166
2005,per 100 000 inhabitants,a) time series,women,th,code16,153
2006,per 100 000 inhabitants,a) time series,women,th,code16,153
2007,per 100 000 inhabitants,a) time series,women,th,code16,152
2008,per 100 000 inhabitants,a) time series,women,th,code16,149
2009,per 100 000 inhabitants,a) time series,women,th,code16,152
2010,per 100 000 inhabitants,a) time series,women,th,code16,152
2011,per 100 000 inhabitants,a) time series,women,th,code16,149
2012,per 100 000 inhabitants,a) time series,women,th,code16,142
2013,per 100 000 inhabitants,a) time series,women,th,code16,137
2014,per 100 000 inhabitants,a) time series,women,th,code16,143
2015,per 100 000 inhabitants,a) time series,women,th,code16,146
2016,per 100 000 inhabitants,a) time series,women,th,code16,149
2017,per 100 000 inhabitants,a) time series,women,th,code16,150
2018,per 100 000 inhabitants,a) time series,women,th,code16,151
1991,per 100 000 inhabitants,a) time series,men,a) germany (total),,492
1992,per 100 000 inhabitants,a) time series,men,a) germany (total),,476
1993,per 100 000 inhabitants,a) time series,men,a) germany (total),,472
1994,per 100 000 inhabitants,a) time series,men,a) germany (total),,461
1995,per 100 000 inhabitants,a) time series,men,a) germany (total),,451
1996,per 100 000 inhabitants,a) time series,men,a) germany (total),,439
1997,per 100 000 inhabitants,a) time series,men,a) germany (total),,422
1998,per 100 000 inhabitants,a) time series,men,a) germany (total),,404
1999,per 100 000 inhabitants,a) time series,men,a) germany (total),,392
2000,per 100 000 inhabitants,a) time series,men,a) germany (total),,382
2001,per 100 000 inhabitants,a) time series,men,a) germany (total),,367
2002,per 100 000 inhabitants,a) time series,men,a) germany (total),,360
2003,per 100 000 inhabitants,a) time series,men,a) germany (total),,356
2004,per 100 000 inhabitants,a) time series,men,a) germany (total),,337
2005,per 100 000 inhabitants,a) time series,men,a) germany (total),,329
2006,per 100 000 inhabitants,a) time series,men,a) germany (total),,318
2007,per 100 000 inhabitants,a) time series,men,a) germany (total),,313
2008,per 100 000 inhabitants,a) time series,men,a) germany (total),,308
2009,per 100 000 inhabitants,a) time series,men,a) germany (total),,305
2010,per 100 000 inhabitants,a) time series,men,a) germany (total),,301
2011,per 100 000 inhabitants,a) time series,men,a) germany (total),,299
2012,per 100 000 inhabitants,a) time series,men,a) germany (total),,292
2013,per 100 000 inhabitants,a) time series,men,a) germany (total),,292
2014,per 100 000 inhabitants,a) time series,men,a) germany (total),,281
2015,per 100 000 inhabitants,a) time series,men,a) germany (total),,288
2016,per 100 000 inhabitants,a) time series,men,a) germany (total),,284
2017,per 100 000 inhabitants,a) time series,men,a) germany (total),,276
2018,per 100 000 inhabitants,a) time series,men,a) germany (total),,279
2030,per 100 000 inhabitants,b) target (max),men,a) germany (total),,190
1998,per 100 000 inhabitants,a) time series,men,bw,code08,355
1999,per 100 000 inhabitants,a) time series,men,bw,code08,342
2000,per 100 000 inhabitants,a) time series,men,bw,code08,329
2001,per 100 000 inhabitants,a) time series,men,bw,code08,318
2002,per 100 000 inhabitants,a) time series,men,bw,code08,305
2003,per 100 000 inhabitants,a) time series,men,bw,code08,299
2004,per 100 000 inhabitants,a) time series,men,bw,code08,284
2005,per 100 000 inhabitants,a) time series,men,bw,code08,277
2006,per 100 000 inhabitants,a) time series,men,bw,code08,267
2007,per 100 000 inhabitants,a) time series,men,bw,code08,263
2008,per 100 000 inhabitants,a) time series,men,bw,code08,256
2009,per 100 000 inhabitants,a) time series,men,bw,code08,258
2010,per 100 000 inhabitants,a) time series,men,bw,code08,253
2011,per 100 000 inhabitants,a) time series,men,bw,code08,251
2012,per 100 000 inhabitants,a) time series,men,bw,code08,245
2013,per 100 000 inhabitants,a) time series,men,bw,code08,243
2014,per 100 000 inhabitants,a) time series,men,bw,code08,235
2015,per 100 000 inhabitants,a) time series,men,bw,code08,239
2016,per 100 000 inhabitants,a) time series,men,bw,code08,245
2017,per 100 000 inhabitants,a) time series,men,bw,code08,232
2018,per 100 000 inhabitants,a) time series,men,bw,code08,233
1998,per 100 000 inhabitants,a) time series,men,by,code09,381
1999,per 100 000 inhabitants,a) time series,men,by,code09,369
2000,per 100 000 inhabitants,a) time series,men,by,code09,359
2001,per 100 000 inhabitants,a) time series,men,by,code09,349
2002,per 100 000 inhabitants,a) time series,men,by,code09,340
2003,per 100 000 inhabitants,a) time series,men,by,code09,332
2004,per 100 000 inhabitants,a) time series,men,by,code09,314
2005,per 100 000 inhabitants,a) time series,men,by,code09,305
2006,per 100 000 inhabitants,a) time series,men,by,code09,301
2007,per 100 000 inhabitants,a) time series,men,by,code09,292
2008,per 100 000 inhabitants,a) time series,men,by,code09,285
2009,per 100 000 inhabitants,a) time series,men,by,code09,282
2010,per 100 000 inhabitants,a) time series,men,by,code09,278
2011,per 100 000 inhabitants,a) time series,men,by,code09,275
2012,per 100 000 inhabitants,a) time series,men,by,code09,267
2013,per 100 000 inhabitants,a) time series,men,by,code09,262
2014,per 100 000 inhabitants,a) time series,men,by,code09,250
2015,per 100 000 inhabitants,a) time series,men,by,code09,259
2016,per 100 000 inhabitants,a) time series,men,by,code09,247
2017,per 100 000 inhabitants,a) time series,men,by,code09,245
2018,per 100 000 inhabitants,a) time series,men,by,code09,243
1998,per 100 000 inhabitants,a) time series,men,be,code11,421
1999,per 100 000 inhabitants,a) time series,men,be,code11,430
2000,per 100 000 inhabitants,a) time series,men,be,code11,406
2001,per 100 000 inhabitants,a) time series,men,be,code11,388
2002,per 100 000 inhabitants,a) time series,men,be,code11,384
2003,per 100 000 inhabitants,a) time series,men,be,code11,377
2004,per 100 000 inhabitants,a) time series,men,be,code11,358
2005,per 100 000 inhabitants,a) time series,men,be,code11,357
2006,per 100 000 inhabitants,a) time series,men,be,code11,348
2007,per 100 000 inhabitants,a) time series,men,be,code11,331
2008,per 100 000 inhabitants,a) time series,men,be,code11,336
2009,per 100 000 inhabitants,a) time series,men,be,code11,320
2010,per 100 000 inhabitants,a) time series,men,be,code11,321
2011,per 100 000 inhabitants,a) time series,men,be,code11,337
2012,per 100 000 inhabitants,a) time series,men,be,code11,319
2013,per 100 000 inhabitants,a) time series,men,be,code11,327
2014,per 100 000 inhabitants,a) time series,men,be,code11,322
2015,per 100 000 inhabitants,a) time series,men,be,code11,320
2016,per 100 000 inhabitants,a) time series,men,be,code11,309
2017,per 100 000 inhabitants,a) time series,men,be,code11,296
2018,per 100 000 inhabitants,a) time series,men,be,code11,297
1998,per 100 000 inhabitants,a) time series,men,bb,code12,480
1999,per 100 000 inhabitants,a) time series,men,bb,code12,461
2000,per 100 000 inhabitants,a) time series,men,bb,code12,441
2001,per 100 000 inhabitants,a) time series,men,bb,code12,423
2002,per 100 000 inhabitants,a) time series,men,bb,code12,408
2003,per 100 000 inhabitants,a) time series,men,bb,code12,408
2004,per 100 000 inhabitants,a) time series,men,bb,code12,390
2005,per 100 000 inhabitants,a) time series,men,bb,code12,366
2006,per 100 000 inhabitants,a) time series,men,bb,code12,360
2007,per 100 000 inhabitants,a) time series,men,bb,code12,355
2008,per 100 000 inhabitants,a) time series,men,bb,code12,345
2009,per 100 000 inhabitants,a) time series,men,bb,code12,331
2010,per 100 000 inhabitants,a) time series,men,bb,code12,328
2011,per 100 000 inhabitants,a) time series,men,bb,code12,323
2012,per 100 000 inhabitants,a) time series,men,bb,code12,326
2013,per 100 000 inhabitants,a) time series,men,bb,code12,336
2014,per 100 000 inhabitants,a) time series,men,bb,code12,311
2015,per 100 000 inhabitants,a) time series,men,bb,code12,328
2016,per 100 000 inhabitants,a) time series,men,bb,code12,320
2017,per 100 000 inhabitants,a) time series,men,bb,code12,320
2018,per 100 000 inhabitants,a) time series,men,bb,code12,314
1998,per 100 000 inhabitants,a) time series,men,hb,code04,465
1999,per 100 000 inhabitants,a) time series,men,hb,code04,437
2000,per 100 000 inhabitants,a) time series,men,hb,code04,441
2001,per 100 000 inhabitants,a) time series,men,hb,code04,421
2002,per 100 000 inhabitants,a) time series,men,hb,code04,429
2003,per 100 000 inhabitants,a) time series,men,hb,code04,441
2004,per 100 000 inhabitants,a) time series,men,hb,code04,402
2005,per 100 000 inhabitants,a) time series,men,hb,code04,393
2006,per 100 000 inhabitants,a) time series,men,hb,code04,370
2007,per 100 000 inhabitants,a) time series,men,hb,code04,376
2008,per 100 000 inhabitants,a) time series,men,hb,code04,363
2009,per 100 000 inhabitants,a) time series,men,hb,code04,366
2010,per 100 000 inhabitants,a) time series,men,hb,code04,357
2011,per 100 000 inhabitants,a) time series,men,hb,code04,338
2012,per 100 000 inhabitants,a) time series,men,hb,code04,347
2013,per 100 000 inhabitants,a) time series,men,hb,code04,366
2014,per 100 000 inhabitants,a) time series,men,hb,code04,336
2015,per 100 000 inhabitants,a) time series,men,hb,code04,345
2016,per 100 000 inhabitants,a) time series,men,hb,code04,326
2017,per 100 000 inhabitants,a) time series,men,hb,code04,326
2018,per 100 000 inhabitants,a) time series,men,hb,code04,347
1998,per 100 000 inhabitants,a) time series,men,hh,code02,417
1999,per 100 000 inhabitants,a) time series,men,hh,code02,405
2000,per 100 000 inhabitants,a) time series,men,hh,code02,396
2001,per 100 000 inhabitants,a) time series,men,hh,code02,381
2002,per 100 000 inhabitants,a) time series,men,hh,code02,372
2003,per 100 000 inhabitants,a) time series,men,hh,code02,364
2004,per 100 000 inhabitants,a) time series,men,hh,code02,353
2005,per 100 000 inhabitants,a) time series,men,hh,code02,340
2006,per 100 000 inhabitants,a) time series,men,hh,code02,326
2007,per 100 000 inhabitants,a) time series,men,hh,code02,317
2008,per 100 000 inhabitants,a) time series,men,hh,code02,313
2009,per 100 000 inhabitants,a) time series,men,hh,code02,306
2010,per 100 000 inhabitants,a) time series,men,hh,code02,317
2011,per 100 000 inhabitants,a) time series,men,hh,code02,327
2012,per 100 000 inhabitants,a) time series,men,hh,code02,305
2013,per 100 000 inhabitants,a) time series,men,hh,code02,303
2014,per 100 000 inhabitants,a) time series,men,hh,code02,301
2015,per 100 000 inhabitants,a) time series,men,hh,code02,293
2016,per 100 000 inhabitants,a) time series,men,hh,code02,298
2017,per 100 000 inhabitants,a) time series,men,hh,code02,292
2018,per 100 000 inhabitants,a) time series,men,hh,code02,284
1998,per 100 000 inhabitants,a) time series,men,he,code06,372
1999,per 100 000 inhabitants,a) time series,men,he,code06,362
2000,per 100 000 inhabitants,a) time series,men,he,code06,350
2001,per 100 000 inhabitants,a) time series,men,he,code06,333
2002,per 100 000 inhabitants,a) time series,men,he,code06,331
2003,per 100 000 inhabitants,a) time series,men,he,code06,336
2004,per 100 000 inhabitants,a) time series,men,he,code06,311
2005,per 100 000 inhabitants,a) time series,men,he,code06,304
2006,per 100 000 inhabitants,a) time series,men,he,code06,287
2007,per 100 000 inhabitants,a) time series,men,he,code06,291
2008,per 100 000 inhabitants,a) time series,men,he,code06,290
2009,per 100 000 inhabitants,a) time series,men,he,code06,282
2010,per 100 000 inhabitants,a) time series,men,he,code06,274
2011,per 100 000 inhabitants,a) time series,men,he,code06,275
2012,per 100 000 inhabitants,a) time series,men,he,code06,267
2013,per 100 000 inhabitants,a) time series,men,he,code06,266
2014,per 100 000 inhabitants,a) time series,men,he,code06,255
2015,per 100 000 inhabitants,a) time series,men,he,code06,266
2016,per 100 000 inhabitants,a) time series,men,he,code06,253
2017,per 100 000 inhabitants,a) time series,men,he,code06,253
2018,per 100 000 inhabitants,a) time series,men,he,code06,254
1998,per 100 000 inhabitants,a) time series,men,mv,code13,525
1999,per 100 000 inhabitants,a) time series,men,mv,code13,509
2000,per 100 000 inhabitants,a) time series,men,mv,code13,488
2001,per 100 000 inhabitants,a) time series,men,mv,code13,475
2002,per 100 000 inhabitants,a) time series,men,mv,code13,456
2003,per 100 000 inhabitants,a) time series,men,mv,code13,457
2004,per 100 000 inhabitants,a) time series,men,mv,code13,428
2005,per 100 000 inhabitants,a) time series,men,mv,code13,405
2006,per 100 000 inhabitants,a) time series,men,mv,code13,389
2007,per 100 000 inhabitants,a) time series,men,mv,code13,387
2008,per 100 000 inhabitants,a) time series,men,mv,code13,383
2009,per 100 000 inhabitants,a) time series,men,mv,code13,378
2010,per 100 000 inhabitants,a) time series,men,mv,code13,378
2011,per 100 000 inhabitants,a) time series,men,mv,code13,384
2012,per 100 000 inhabitants,a) time series,men,mv,code13,375
2013,per 100 000 inhabitants,a) time series,men,mv,code13,362
2014,per 100 000 inhabitants,a) time series,men,mv,code13,358
2015,per 100 000 inhabitants,a) time series,men,mv,code13,365
2016,per 100 000 inhabitants,a) time series,men,mv,code13,360
2017,per 100 000 inhabitants,a) time series,men,mv,code13,353
2018,per 100 000 inhabitants,a) time series,men,mv,code13,368
1998,per 100 000 inhabitants,a) time series,men,ni,code03,399
1999,per 100 000 inhabitants,a) time series,men,ni,code03,387
2000,per 100 000 inhabitants,a) time series,men,ni,code03,382
2001,per 100 000 inhabitants,a) time series,men,ni,code03,365
2002,per 100 000 inhabitants,a) time series,men,ni,code03,365
2003,per 100 000 inhabitants,a) time series,men,ni,code03,359
2004,per 100 000 inhabitants,a) time series,men,ni,code03,341
2005,per 100 000 inhabitants,a) time series,men,ni,code03,333
2006,per 100 000 inhabitants,a) time series,men,ni,code03,324
2007,per 100 000 inhabitants,a) time series,men,ni,code03,318
2008,per 100 000 inhabitants,a) time series,men,ni,code03,311
2009,per 100 000 inhabitants,a) time series,men,ni,code03,313
2010,per 100 000 inhabitants,a) time series,men,ni,code03,300
2011,per 100 000 inhabitants,a) time series,men,ni,code03,304
2012,per 100 000 inhabitants,a) time series,men,ni,code03,298
2013,per 100 000 inhabitants,a) time series,men,ni,code03,298
2014,per 100 000 inhabitants,a) time series,men,ni,code03,292
2015,per 100 000 inhabitants,a) time series,men,ni,code03,294
2016,per 100 000 inhabitants,a) time series,men,ni,code03,294
2017,per 100 000 inhabitants,a) time series,men,ni,code03,282
2018,per 100 000 inhabitants,a) time series,men,ni,code03,292
1998,per 100 000 inhabitants,a) time series,men,nw,code05,404
1999,per 100 000 inhabitants,a) time series,men,nw,code05,390
2000,per 100 000 inhabitants,a) time series,men,nw,code05,382
2001,per 100 000 inhabitants,a) time series,men,nw,code05,367
2002,per 100 000 inhabitants,a) time series,men,nw,code05,362
2003,per 100 000 inhabitants,a) time series,men,nw,code05,361
2004,per 100 000 inhabitants,a) time series,men,nw,code05,342
2005,per 100 000 inhabitants,a) time series,men,nw,code05,338
2006,per 100 000 inhabitants,a) time series,men,nw,code05,323
2007,per 100 000 inhabitants,a) time series,men,nw,code05,321
2008,per 100 000 inhabitants,a) time series,men,nw,code05,314
2009,per 100 000 inhabitants,a) time series,men,nw,code05,311
2010,per 100 000 inhabitants,a) time series,men,nw,code05,312
2011,per 100 000 inhabitants,a) time series,men,nw,code05,305
2012,per 100 000 inhabitants,a) time series,men,nw,code05,300
2013,per 100 000 inhabitants,a) time series,men,nw,code05,298
2014,per 100 000 inhabitants,a) time series,men,nw,code05,288
2015,per 100 000 inhabitants,a) time series,men,nw,code05,293
2016,per 100 000 inhabitants,a) time series,men,nw,code05,293
2017,per 100 000 inhabitants,a) time series,men,nw,code05,281
2018,per 100 000 inhabitants,a) time series,men,nw,code05,286
1998,per 100 000 inhabitants,a) time series,men,rp,code07,394
1999,per 100 000 inhabitants,a) time series,men,rp,code07,375
2000,per 100 000 inhabitants,a) time series,men,rp,code07,374
2001,per 100 000 inhabitants,a) time series,men,rp,code07,360
2002,per 100 000 inhabitants,a) time series,men,rp,code07,350
2003,per 100 000 inhabitants,a) time series,men,rp,code07,346
2004,per 100 000 inhabitants,a) time series,men,rp,code07,328
2005,per 100 000 inhabitants,a) time series,men,rp,code07,327
2006,per 100 000 inhabitants,a) time series,men,rp,code07,305
2007,per 100 000 inhabitants,a) time series,men,rp,code07,302
2008,per 100 000 inhabitants,a) time series,men,rp,code07,300
2009,per 100 000 inhabitants,a) time series,men,rp,code07,299
2010,per 100 000 inhabitants,a) time series,men,rp,code07,293
2011,per 100 000 inhabitants,a) time series,men,rp,code07,286
2012,per 100 000 inhabitants,a) time series,men,rp,code07,279
2013,per 100 000 inhabitants,a) time series,men,rp,code07,278
2014,per 100 000 inhabitants,a) time series,men,rp,code07,267
2015,per 100 000 inhabitants,a) time series,men,rp,code07,273
2016,per 100 000 inhabitants,a) time series,men,rp,code07,263
2017,per 100 000 inhabitants,a) time series,men,rp,code07,264
2018,per 100 000 inhabitants,a) time series,men,rp,code07,272
1998,per 100 000 inhabitants,a) time series,men,sl,code10,429
1999,per 100 000 inhabitants,a) time series,men,sl,code10,443
2000,per 100 000 inhabitants,a) time series,men,sl,code10,421
2001,per 100 000 inhabitants,a) time series,men,sl,code10,417
2002,per 100 000 inhabitants,a) time series,men,sl,code10,396
2003,per 100 000 inhabitants,a) time series,men,sl,code10,413
2004,per 100 000 inhabitants,a) time series,men,sl,code10,379
2005,per 100 000 inhabitants,a) time series,men,sl,code10,377
2006,per 100 000 inhabitants,a) time series,men,sl,code10,366
2007,per 100 000 inhabitants,a) time series,men,sl,code10,350
2008,per 100 000 inhabitants,a) time series,men,sl,code10,363
2009,per 100 000 inhabitants,a) time series,men,sl,code10,345
2010,per 100 000 inhabitants,a) time series,men,sl,code10,340
2011,per 100 000 inhabitants,a) time series,men,sl,code10,331
2012,per 100 000 inhabitants,a) time series,men,sl,code10,317
2013,per 100 000 inhabitants,a) time series,men,sl,code10,335
2014,per 100 000 inhabitants,a) time series,men,sl,code10,306
2015,per 100 000 inhabitants,a) time series,men,sl,code10,320
2016,per 100 000 inhabitants,a) time series,men,sl,code10,299
2017,per 100 000 inhabitants,a) time series,men,sl,code10,307
2018,per 100 000 inhabitants,a) time series,men,sl,code10,320
1998,per 100 000 inhabitants,a) time series,men,sn,code14,428
1999,per 100 000 inhabitants,a) time series,men,sn,code14,416
2000,per 100 000 inhabitants,a) time series,men,sn,code14,413
2001,per 100 000 inhabitants,a) time series,men,sn,code14,386
2002,per 100 000 inhabitants,a) time series,men,sn,code14,387
2003,per 100 000 inhabitants,a) time series,men,sn,code14,376
2004,per 100 000 inhabitants,a) time series,men,sn,code14,358
2005,per 100 000 inhabitants,a) time series,men,sn,code14,351
2006,per 100 000 inhabitants,a) time series,men,sn,code14,347
2007,per 100 000 inhabitants,a) time series,men,sn,code14,335
2008,per 100 000 inhabitants,a) time series,men,sn,code14,330
2009,per 100 000 inhabitants,a) time series,men,sn,code14,330
2010,per 100 000 inhabitants,a) time series,men,sn,code14,328
2011,per 100 000 inhabitants,a) time series,men,sn,code14,327
2012,per 100 000 inhabitants,a) time series,men,sn,code14,322
2013,per 100 000 inhabitants,a) time series,men,sn,code14,335
2014,per 100 000 inhabitants,a) time series,men,sn,code14,321
2015,per 100 000 inhabitants,a) time series,men,sn,code14,331
2016,per 100 000 inhabitants,a) time series,men,sn,code14,324
2017,per 100 000 inhabitants,a) time series,men,sn,code14,315
2018,per 100 000 inhabitants,a) time series,men,sn,code14,318
1998,per 100 000 inhabitants,a) time series,men,st,code15,502
1999,per 100 000 inhabitants,a) time series,men,st,code15,472
2000,per 100 000 inhabitants,a) time series,men,st,code15,473
2001,per 100 000 inhabitants,a) time series,men,st,code15,446
2002,per 100 000 inhabitants,a) time series,men,st,code15,451
2003,per 100 000 inhabitants,a) time series,men,st,code15,433
2004,per 100 000 inhabitants,a) time series,men,st,code15,418
2005,per 100 000 inhabitants,a) time series,men,st,code15,407
2006,per 100 000 inhabitants,a) time series,men,st,code15,398
2007,per 100 000 inhabitants,a) time series,men,st,code15,389
2008,per 100 000 inhabitants,a) time series,men,st,code15,386
2009,per 100 000 inhabitants,a) time series,men,st,code15,388
2010,per 100 000 inhabitants,a) time series,men,st,code15,376
2011,per 100 000 inhabitants,a) time series,men,st,code15,376
2012,per 100 000 inhabitants,a) time series,men,st,code15,375
2013,per 100 000 inhabitants,a) time series,men,st,code15,373
2014,per 100 000 inhabitants,a) time series,men,st,code15,363
2015,per 100 000 inhabitants,a) time series,men,st,code15,374
2016,per 100 000 inhabitants,a) time series,men,st,code15,370
2017,per 100 000 inhabitants,a) time series,men,st,code15,370
2018,per 100 000 inhabitants,a) time series,men,st,code15,376
1998,per 100 000 inhabitants,a) time series,men,sh,code01,389
1999,per 100 000 inhabitants,a) time series,men,sh,code01,386
2000,per 100 000 inhabitants,a) time series,men,sh,code01,381
2001,per 100 000 inhabitants,a) time series,men,sh,code01,364
2002,per 100 000 inhabitants,a) time series,men,sh,code01,356
2003,per 100 000 inhabitants,a) time series,men,sh,code01,348
2004,per 100 000 inhabitants,a) time series,men,sh,code01,344
2005,per 100 000 inhabitants,a) time series,men,sh,code01,330
2006,per 100 000 inhabitants,a) time series,men,sh,code01,319
2007,per 100 000 inhabitants,a) time series,men,sh,code01,312
2008,per 100 000 inhabitants,a) time series,men,sh,code01,309
2009,per 100 000 inhabitants,a) time series,men,sh,code01,311
2010,per 100 000 inhabitants,a) time series,men,sh,code01,305
2011,per 100 000 inhabitants,a) time series,men,sh,code01,301
2012,per 100 000 inhabitants,a) time series,men,sh,code01,287
2013,per 100 000 inhabitants,a) time series,men,sh,code01,302
2014,per 100 000 inhabitants,a) time series,men,sh,code01,282
2015,per 100 000 inhabitants,a) time series,men,sh,code01,298
2016,per 100 000 inhabitants,a) time series,men,sh,code01,292
2017,per 100 000 inhabitants,a) time series,men,sh,code01,281
2018,per 100 000 inhabitants,a) time series,men,sh,code01,293
1998,per 100 000 inhabitants,a) time series,men,th,code16,454
1999,per 100 000 inhabitants,a) time series,men,th,code16,439
2000,per 100 000 inhabitants,a) time series,men,th,code16,415
2001,per 100 000 inhabitants,a) time series,men,th,code16,399
2002,per 100 000 inhabitants,a) time series,men,th,code16,388
2003,per 100 000 inhabitants,a) time series,men,th,code16,386
2004,per 100 000 inhabitants,a) time series,men,th,code16,372
2005,per 100 000 inhabitants,a) time series,men,th,code16,354
2006,per 100 000 inhabitants,a) time series,men,th,code16,354
2007,per 100 000 inhabitants,a) time series,men,th,code16,345
2008,per 100 000 inhabitants,a) time series,men,th,code16,344
2009,per 100 000 inhabitants,a) time series,men,th,code16,337
2010,per 100 000 inhabitants,a) time series,men,th,code16,331
2011,per 100 000 inhabitants,a) time series,men,th,code16,330
2012,per 100 000 inhabitants,a) time series,men,th,code16,332
2013,per 100 000 inhabitants,a) time series,men,th,code16,317
2014,per 100 000 inhabitants,a) time series,men,th,code16,317
2015,per 100 000 inhabitants,a) time series,men,th,code16,337
2016,per 100 000 inhabitants,a) time series,men,th,code16,333
2017,per 100 000 inhabitants,a) time series,men,th,code16,325
2018,per 100 000 inhabitants,a) time series,men,th,code16,320
