Year,Units,Series,Value
2021,Prozent,"Anteil der Länder, die Deutschland bei der Pandemieprävention, -vorsorge und -reaktion (PPR) unterstützt und die im Global Health Security Index (GHSI) Fortschritte gemacht haben, an der Anzahl der Länder, die Deutschland im Bereich PPR unterstützt",7.35
2020,Prozent,"Anteil der Länder, die Deutschland bei der Pandemieprävention, -vorsorge und -reaktion (PPR) unterstützt und die im Global Health Security Index (GHSI) Fortschritte gemacht haben, an der Anzahl der Länder, die Deutschland im Bereich PPR unterstützt",
2022,Prozent,"Anteil der Länder, die Deutschland bei der Pandemieprävention, -vorsorge und -reaktion (PPR) unterstützt und die im Global Health Security Index (GHSI) Fortschritte gemacht haben, an der Anzahl der Länder, die Deutschland im Bereich PPR unterstützt",
2030,Prozent,"Anteil der Länder, die Deutschland bei der Pandemieprävention, -vorsorge und -reaktion (PPR) unterstützt und die im Global Health Security Index (GHSI) Fortschritte gemacht haben, an der Anzahl der Länder, die Deutschland im Bereich PPR unterstützt",
