Year,Units,Zeitreihe,Geschlecht,Bundesland,GeoCode,Value
1999.0,Prozent,,,,,33.35
2010.0,Prozent,,,,,41.31
2011.0,Prozent,,,,,42.22
2012.0,Prozent,,,,,43.43
2013.0,Prozent,,,,,44.48
2014.0,Prozent,,,,,45.67
2015.0,Prozent,,,,,46.77
2016.0,Prozent,,,,,47.88
2017.0,Prozent,,,,,48.84
2018.0,Prozent,,,,,49.83
2019.0,Prozent,,,,,50.49
2020.0,Prozent,,,,,52.3
2021.0,Prozent,,,,,53.3
1999.0,Prozent,,,,,33.35
2000.0,Prozent,,,,,33.0
2001.0,Prozent,,,,,33.17
2002.0,Prozent,,,,,33.28
2003.0,Prozent,,,,,33.89
2004.0,Prozent,,,,,36.22
2005.0,Prozent,,,,,35.99
2006.0,Prozent,,,,,36.5
2007.0,Prozent,,,,,37.63
2008.0,Prozent,,,,,38.77
2009.0,Prozent,,,,,40.71
2010.0,Prozent,,,,,41.31
2011.0,Prozent,,,,,42.22
2012.0,Prozent,,,,,43.43
2013.0,Prozent,,,,,44.48
2014.0,Prozent,,,,,45.67
2015.0,Prozent,,,,,46.77
2016.0,Prozent,,,,,47.88
2017.0,Prozent,,,,,48.84
2018.0,Prozent,,,,,49.83
2019.0,Prozent,,,,,50.49
2020.0,Prozent,,,,,52.3
2020.0,Prozent,,,,,
2030.0,Prozent,,,,,
1999.0,Prozent,,Weiblich,,,31.39
2010.0,Prozent,,Weiblich,,,42.68
2011.0,Prozent,,Weiblich,,,44.42
2012.0,Prozent,,Weiblich,,,46.04
2013.0,Prozent,,Weiblich,,,46.8
2014.0,Prozent,,Weiblich,,,48.42
2015.0,Prozent,,Weiblich,,,50.52
2016.0,Prozent,,Weiblich,,,51.3
2017.0,Prozent,,Weiblich,,,52.64
2018.0,Prozent,,Weiblich,,,53.83
2019.0,Prozent,,Weiblich,,,54.41
2020.0,Prozent,,Weiblich,,,56.63
2021.0,Prozent,,Weiblich,,,57.2
1999.0,Prozent,,Weiblich,,,31.39
2000.0,Prozent,,Weiblich,,,30.88
2001.0,Prozent,,Weiblich,,,31.09
2002.0,Prozent,,Weiblich,,,31.25
2003.0,Prozent,,Weiblich,,,32.19
2004.0,Prozent,,Weiblich,,,34.65
2005.0,Prozent,,Weiblich,,,35.0
2006.0,Prozent,,Weiblich,,,36.48
2007.0,Prozent,,Weiblich,,,38.03
2008.0,Prozent,,Weiblich,,,39.68
2009.0,Prozent,,Weiblich,,,42.21
2010.0,Prozent,,Weiblich,,,42.68
2011.0,Prozent,,Weiblich,,,44.42
2012.0,Prozent,,Weiblich,,,46.04
2013.0,Prozent,,Weiblich,,,46.8
2014.0,Prozent,,Weiblich,,,48.42
2015.0,Prozent,,Weiblich,,,50.52
2016.0,Prozent,,Weiblich,,,51.3
2017.0,Prozent,,Weiblich,,,52.64
2018.0,Prozent,,Weiblich,,,53.83
2019.0,Prozent,,Weiblich,,,54.41
2020.0,Prozent,,Weiblich,,,56.63
2020.0,Prozent,,Weiblich,,,
2030.0,Prozent,,,,,
1999.0,Prozent,,Männlich,,,35.22
2010.0,Prozent,,Männlich,,,39.97
2011.0,Prozent,,Männlich,,,40.07
2012.0,Prozent,,Männlich,,,40.88
2013.0,Prozent,,Männlich,,,42.2
2014.0,Prozent,,Männlich,,,42.94
2015.0,Prozent,,Männlich,,,43.11
2016.0,Prozent,,Männlich,,,44.57
2017.0,Prozent,,Männlich,,,45.19
2018.0,Prozent,,Männlich,,,46.02
2019.0,Prozent,,Männlich,,,46.76
2020.0,Prozent,,Männlich,,,48.26
2021.0,Prozent,,Männlich,,,49.6
1999.0,Prozent,,Männlich,,,35.22
2000.0,Prozent,,Männlich,,,35.05
2001.0,Prozent,,Männlich,,,35.2
2002.0,Prozent,,Männlich,,,35.22
2003.0,Prozent,,Männlich,,,35.49
2004.0,Prozent,,Männlich,,,37.72
2005.0,Prozent,,Männlich,,,36.95
2006.0,Prozent,,Männlich,,,36.52
2007.0,Prozent,,Männlich,,,37.25
2008.0,Prozent,,Männlich,,,37.86
2009.0,Prozent,,Männlich,,,39.23
2010.0,Prozent,,Männlich,,,39.97
2011.0,Prozent,,Männlich,,,40.07
2012.0,Prozent,,Männlich,,,40.88
2013.0,Prozent,,Männlich,,,42.2
2014.0,Prozent,,Männlich,,,42.94
2015.0,Prozent,,Männlich,,,43.11
2016.0,Prozent,,Männlich,,,44.57
2017.0,Prozent,,Männlich,,,45.19
2018.0,Prozent,,Männlich,,,46.02
2019.0,Prozent,,Männlich,,,46.76
2020.0,Prozent,,Männlich,,,48.26
2020.0,Prozent,,Männlich,,,
2030.0,Prozent,,,,,
1999.0,Prozent,,,Baden-Württemberg,code08,
2010.0,Prozent,,,Baden-Württemberg,code08,42.28
2011.0,Prozent,,,Baden-Württemberg,code08,43.36
2012.0,Prozent,,,Baden-Württemberg,code08,44.92
2013.0,Prozent,,,Baden-Württemberg,code08,47.29
2014.0,Prozent,,,Baden-Württemberg,code08,47.35
2015.0,Prozent,,,Baden-Württemberg,code08,48.37
2016.0,Prozent,,,Baden-Württemberg,code08,50.18
2017.0,Prozent,,,Baden-Württemberg,code08,50.69
2018.0,Prozent,,,Baden-Württemberg,code08,51.4
2019.0,Prozent,,,Baden-Württemberg,code08,53.92
2020.0,Prozent,,,Baden-Württemberg,code08,54.11
2021.0,Prozent,,,Baden-Württemberg,code08,
1999.0,Prozent,,,Baden-Württemberg,code08,
2000.0,Prozent,,,Baden-Württemberg,code08,
2001.0,Prozent,,,Baden-Württemberg,code08,
2002.0,Prozent,,,Baden-Württemberg,code08,
2003.0,Prozent,,,Baden-Württemberg,code08,
2004.0,Prozent,,,Baden-Württemberg,code08,
2005.0,Prozent,,,Baden-Württemberg,code08,36.88
2006.0,Prozent,,,Baden-Württemberg,code08,36.9
2007.0,Prozent,,,Baden-Württemberg,code08,37.6
2008.0,Prozent,,,Baden-Württemberg,code08,37.8
2009.0,Prozent,,,Baden-Württemberg,code08,41.9
2010.0,Prozent,,,Baden-Württemberg,code08,42.28
2011.0,Prozent,,,Baden-Württemberg,code08,43.36
2012.0,Prozent,,,Baden-Württemberg,code08,44.92
2013.0,Prozent,,,Baden-Württemberg,code08,47.29
2014.0,Prozent,,,Baden-Württemberg,code08,47.35
2015.0,Prozent,,,Baden-Württemberg,code08,48.37
2016.0,Prozent,,,Baden-Württemberg,code08,50.18
2017.0,Prozent,,,Baden-Württemberg,code08,50.69
2018.0,Prozent,,,Baden-Württemberg,code08,51.4
2019.0,Prozent,,,Baden-Württemberg,code08,53.92
2020.0,Prozent,,,Baden-Württemberg,code08,54.11
2020.0,Prozent,,,Baden-Württemberg,code08,
2030.0,Prozent,,,,,
1999.0,Prozent,,Weiblich,Baden-Württemberg,code08,
2010.0,Prozent,,Weiblich,Baden-Württemberg,code08,40.7
2011.0,Prozent,,Weiblich,Baden-Württemberg,code08,41.9
2012.0,Prozent,,Weiblich,Baden-Württemberg,code08,44.4
2013.0,Prozent,,Weiblich,Baden-Württemberg,code08,46.1
2014.0,Prozent,,Weiblich,Baden-Württemberg,code08,48.1
2015.0,Prozent,,Weiblich,Baden-Württemberg,code08,49.6
2016.0,Prozent,,Weiblich,Baden-Württemberg,code08,50.9
2017.0,Prozent,,Weiblich,Baden-Württemberg,code08,51.5
2018.0,Prozent,,Weiblich,Baden-Württemberg,code08,52.28
2019.0,Prozent,,Weiblich,Baden-Württemberg,code08,56.61
2020.0,Prozent,,Weiblich,Baden-Württemberg,code08,56.92
2021.0,Prozent,,Weiblich,Baden-Württemberg,code08,
1999.0,Prozent,,Weiblich,Baden-Württemberg,code08,
2000.0,Prozent,,Weiblich,Baden-Württemberg,code08,
2001.0,Prozent,,Weiblich,Baden-Württemberg,code08,
2002.0,Prozent,,Weiblich,Baden-Württemberg,code08,
2003.0,Prozent,,Weiblich,Baden-Württemberg,code08,
2004.0,Prozent,,Weiblich,Baden-Württemberg,code08,
2005.0,Prozent,,Weiblich,Baden-Württemberg,code08,33.1
2006.0,Prozent,,Weiblich,Baden-Württemberg,code08,34.2
2007.0,Prozent,,Weiblich,Baden-Württemberg,code08,35.7
2008.0,Prozent,,Weiblich,Baden-Württemberg,code08,36.0
2009.0,Prozent,,Weiblich,Baden-Württemberg,code08,41.0
2010.0,Prozent,,Weiblich,Baden-Württemberg,code08,40.7
2011.0,Prozent,,Weiblich,Baden-Württemberg,code08,41.9
2012.0,Prozent,,Weiblich,Baden-Württemberg,code08,44.4
2013.0,Prozent,,Weiblich,Baden-Württemberg,code08,46.1
2014.0,Prozent,,Weiblich,Baden-Württemberg,code08,48.1
2015.0,Prozent,,Weiblich,Baden-Württemberg,code08,49.6
2016.0,Prozent,,Weiblich,Baden-Württemberg,code08,50.9
2017.0,Prozent,,Weiblich,Baden-Württemberg,code08,51.5
2018.0,Prozent,,Weiblich,Baden-Württemberg,code08,52.28
2019.0,Prozent,,Weiblich,Baden-Württemberg,code08,56.61
2020.0,Prozent,,Weiblich,Baden-Württemberg,code08,56.92
2020.0,Prozent,,Weiblich,Baden-Württemberg,code08,
2030.0,Prozent,,,,,
1999.0,Prozent,,Männlich,Baden-Württemberg,code08,
2010.0,Prozent,,Männlich,Baden-Württemberg,code08,43.9
2011.0,Prozent,,Männlich,Baden-Württemberg,code08,44.9
2012.0,Prozent,,Männlich,Baden-Württemberg,code08,45.4
2013.0,Prozent,,Männlich,Baden-Württemberg,code08,48.4
2014.0,Prozent,,Männlich,Baden-Württemberg,code08,46.6
2015.0,Prozent,,Männlich,Baden-Württemberg,code08,47.2
2016.0,Prozent,,Männlich,Baden-Württemberg,code08,49.5
2017.0,Prozent,,Männlich,Baden-Württemberg,code08,49.9
2018.0,Prozent,,Männlich,Baden-Württemberg,code08,50.58
2019.0,Prozent,,Männlich,Baden-Württemberg,code08,51.45
2020.0,Prozent,,Männlich,Baden-Württemberg,code08,51.57
2021.0,Prozent,,Männlich,Baden-Württemberg,code08,
1999.0,Prozent,,Männlich,Baden-Württemberg,code08,
2000.0,Prozent,,Männlich,Baden-Württemberg,code08,
2001.0,Prozent,,Männlich,Baden-Württemberg,code08,
2002.0,Prozent,,Männlich,Baden-Württemberg,code08,
2003.0,Prozent,,Männlich,Baden-Württemberg,code08,
2004.0,Prozent,,Männlich,Baden-Württemberg,code08,
2005.0,Prozent,,Männlich,Baden-Württemberg,code08,40.5
2006.0,Prozent,,Männlich,Baden-Württemberg,code08,39.4
2007.0,Prozent,,Männlich,Baden-Württemberg,code08,39.5
2008.0,Prozent,,Männlich,Baden-Württemberg,code08,39.7
2009.0,Prozent,,Männlich,Baden-Württemberg,code08,42.8
2010.0,Prozent,,Männlich,Baden-Württemberg,code08,43.9
2011.0,Prozent,,Männlich,Baden-Württemberg,code08,44.9
2012.0,Prozent,,Männlich,Baden-Württemberg,code08,45.4
2013.0,Prozent,,Männlich,Baden-Württemberg,code08,48.4
2014.0,Prozent,,Männlich,Baden-Württemberg,code08,46.6
2015.0,Prozent,,Männlich,Baden-Württemberg,code08,47.2
2016.0,Prozent,,Männlich,Baden-Württemberg,code08,49.5
2017.0,Prozent,,Männlich,Baden-Württemberg,code08,49.9
2018.0,Prozent,,Männlich,Baden-Württemberg,code08,50.58
2019.0,Prozent,,Männlich,Baden-Württemberg,code08,51.45
2020.0,Prozent,,Männlich,Baden-Württemberg,code08,51.57
2020.0,Prozent,,Männlich,Baden-Württemberg,code08,
2030.0,Prozent,,,,,
1999.0,Prozent,,,Bayern,code09,
2010.0,Prozent,,,Bayern,code09,40.39
2011.0,Prozent,,,Bayern,code09,41.1
2012.0,Prozent,,,Bayern,code09,43.58
2013.0,Prozent,,,Bayern,code09,45.31
2014.0,Prozent,,,Bayern,code09,45.82
2015.0,Prozent,,,Bayern,code09,45.68
2016.0,Prozent,,,Bayern,code09,48.01
2017.0,Prozent,,,Bayern,code09,48.76
2018.0,Prozent,,,Bayern,code09,50.03
2019.0,Prozent,,,Bayern,code09,49.55
2020.0,Prozent,,,Bayern,code09,51.07
2021.0,Prozent,,,Bayern,code09,
1999.0,Prozent,,,Bayern,code09,
2000.0,Prozent,,,Bayern,code09,
2001.0,Prozent,,,Bayern,code09,
2002.0,Prozent,,,Bayern,code09,
2003.0,Prozent,,,Bayern,code09,
2004.0,Prozent,,,Bayern,code09,
2005.0,Prozent,,,Bayern,code09,35.15
2006.0,Prozent,,,Bayern,code09,34.7
2007.0,Prozent,,,Bayern,code09,35.8
2008.0,Prozent,,,Bayern,code09,37.5
2009.0,Prozent,,,Bayern,code09,39.4
2010.0,Prozent,,,Bayern,code09,40.39
2011.0,Prozent,,,Bayern,code09,41.1
2012.0,Prozent,,,Bayern,code09,43.58
2013.0,Prozent,,,Bayern,code09,45.31
2014.0,Prozent,,,Bayern,code09,45.82
2015.0,Prozent,,,Bayern,code09,45.68
2016.0,Prozent,,,Bayern,code09,48.01
2017.0,Prozent,,,Bayern,code09,48.76
2018.0,Prozent,,,Bayern,code09,50.03
2019.0,Prozent,,,Bayern,code09,49.55
2020.0,Prozent,,,Bayern,code09,51.07
2020.0,Prozent,,,Bayern,code09,
2030.0,Prozent,,,,,
1999.0,Prozent,,Weiblich,Bayern,code09,
2010.0,Prozent,,Weiblich,Bayern,code09,40.2
2011.0,Prozent,,Weiblich,Bayern,code09,41.6
2012.0,Prozent,,Weiblich,Bayern,code09,44.8
2013.0,Prozent,,Weiblich,Bayern,code09,45.3
2014.0,Prozent,,Weiblich,Bayern,code09,46.1
2015.0,Prozent,,Weiblich,Bayern,code09,47.4
2016.0,Prozent,,Weiblich,Bayern,code09,49.5
2017.0,Prozent,,Weiblich,Bayern,code09,50.8
2018.0,Prozent,,Weiblich,Bayern,code09,52.18
2019.0,Prozent,,Weiblich,Bayern,code09,50.82
2020.0,Prozent,,Weiblich,Bayern,code09,52.57
2021.0,Prozent,,Weiblich,Bayern,code09,
1999.0,Prozent,,Weiblich,Bayern,code09,
2000.0,Prozent,,Weiblich,Bayern,code09,
2001.0,Prozent,,Weiblich,Bayern,code09,
2002.0,Prozent,,Weiblich,Bayern,code09,
2003.0,Prozent,,Weiblich,Bayern,code09,
2004.0,Prozent,,Weiblich,Bayern,code09,
2005.0,Prozent,,Weiblich,Bayern,code09,32.9
2006.0,Prozent,,Weiblich,Bayern,code09,33.1
2007.0,Prozent,,Weiblich,Bayern,code09,34.8
2008.0,Prozent,,Weiblich,Bayern,code09,36.8
2009.0,Prozent,,Weiblich,Bayern,code09,38.5
2010.0,Prozent,,Weiblich,Bayern,code09,40.2
2011.0,Prozent,,Weiblich,Bayern,code09,41.6
2012.0,Prozent,,Weiblich,Bayern,code09,44.8
2013.0,Prozent,,Weiblich,Bayern,code09,45.3
2014.0,Prozent,,Weiblich,Bayern,code09,46.1
2015.0,Prozent,,Weiblich,Bayern,code09,47.4
2016.0,Prozent,,Weiblich,Bayern,code09,49.5
2017.0,Prozent,,Weiblich,Bayern,code09,50.8
2018.0,Prozent,,Weiblich,Bayern,code09,52.18
2019.0,Prozent,,Weiblich,Bayern,code09,50.82
2020.0,Prozent,,Weiblich,Bayern,code09,52.57
2020.0,Prozent,,Weiblich,Bayern,code09,
2030.0,Prozent,,,,,
1999.0,Prozent,,Männlich,Bayern,code09,
2010.0,Prozent,,Männlich,Bayern,code09,40.6
2011.0,Prozent,,Männlich,Bayern,code09,40.7
2012.0,Prozent,,Männlich,Bayern,code09,42.4
2013.0,Prozent,,Männlich,Bayern,code09,45.3
2014.0,Prozent,,Männlich,Bayern,code09,45.5
2015.0,Prozent,,Männlich,Bayern,code09,43.9
2016.0,Prozent,,Männlich,Bayern,code09,46.6
2017.0,Prozent,,Männlich,Bayern,code09,46.9
2018.0,Prozent,,Männlich,Bayern,code09,48.05
2019.0,Prozent,,Männlich,Bayern,code09,48.34
2020.0,Prozent,,Männlich,Bayern,code09,49.67
2021.0,Prozent,,Männlich,Bayern,code09,
1999.0,Prozent,,Männlich,Bayern,code09,
2000.0,Prozent,,Männlich,Bayern,code09,
2001.0,Prozent,,Männlich,Bayern,code09,
2002.0,Prozent,,Männlich,Bayern,code09,
2003.0,Prozent,,Männlich,Bayern,code09,
2004.0,Prozent,,Männlich,Bayern,code09,
2005.0,Prozent,,Männlich,Bayern,code09,37.4
2006.0,Prozent,,Männlich,Bayern,code09,36.2
2007.0,Prozent,,Männlich,Bayern,code09,36.9
2008.0,Prozent,,Männlich,Bayern,code09,38.3
2009.0,Prozent,,Männlich,Bayern,code09,40.3
2010.0,Prozent,,Männlich,Bayern,code09,40.6
2011.0,Prozent,,Männlich,Bayern,code09,40.7
2012.0,Prozent,,Männlich,Bayern,code09,42.4
2013.0,Prozent,,Männlich,Bayern,code09,45.3
2014.0,Prozent,,Männlich,Bayern,code09,45.5
2015.0,Prozent,,Männlich,Bayern,code09,43.9
2016.0,Prozent,,Männlich,Bayern,code09,46.6
2017.0,Prozent,,Männlich,Bayern,code09,46.9
2018.0,Prozent,,Männlich,Bayern,code09,48.05
2019.0,Prozent,,Männlich,Bayern,code09,48.34
2020.0,Prozent,,Männlich,Bayern,code09,49.67
2020.0,Prozent,,Männlich,Bayern,code09,
2030.0,Prozent,,,,,
1999.0,Prozent,,,Berlin,code11,
2010.0,Prozent,,,Berlin,code11,50.74
2011.0,Prozent,,,Berlin,code11,51.84
2012.0,Prozent,,,Berlin,code11,53.7
2013.0,Prozent,,,Berlin,code11,53.23
2014.0,Prozent,,,Berlin,code11,53.96
2015.0,Prozent,,,Berlin,code11,56.68
2016.0,Prozent,,,Berlin,code11,59.72
2017.0,Prozent,,,Berlin,code11,60.9
2018.0,Prozent,,,Berlin,code11,62.66
2019.0,Prozent,,,Berlin,code11,64.8
2020.0,Prozent,,,Berlin,code11,65.59
2021.0,Prozent,,,Berlin,code11,
1999.0,Prozent,,,Berlin,code11,
2000.0,Prozent,,,Berlin,code11,
2001.0,Prozent,,,Berlin,code11,
2002.0,Prozent,,,Berlin,code11,
2003.0,Prozent,,,Berlin,code11,
2004.0,Prozent,,,Berlin,code11,
2005.0,Prozent,,,Berlin,code11,46.17
2006.0,Prozent,,,Berlin,code11,46.6
2007.0,Prozent,,,Berlin,code11,49.2
2008.0,Prozent,,,Berlin,code11,47.1
2009.0,Prozent,,,Berlin,code11,50.4
2010.0,Prozent,,,Berlin,code11,50.74
2011.0,Prozent,,,Berlin,code11,51.84
2012.0,Prozent,,,Berlin,code11,53.7
2013.0,Prozent,,,Berlin,code11,53.23
2014.0,Prozent,,,Berlin,code11,53.96
2015.0,Prozent,,,Berlin,code11,56.68
2016.0,Prozent,,,Berlin,code11,59.72
2017.0,Prozent,,,Berlin,code11,60.9
2018.0,Prozent,,,Berlin,code11,62.66
2019.0,Prozent,,,Berlin,code11,64.8
2020.0,Prozent,,,Berlin,code11,65.59
2020.0,Prozent,,,Berlin,code11,
2030.0,Prozent,,,,,
1999.0,Prozent,,Weiblich,Berlin,code11,
2010.0,Prozent,,Weiblich,Berlin,code11,56.0
2011.0,Prozent,,Weiblich,Berlin,code11,59.3
2012.0,Prozent,,Weiblich,Berlin,code11,60.2
2013.0,Prozent,,Weiblich,Berlin,code11,59.1
2014.0,Prozent,,Weiblich,Berlin,code11,59.8
2015.0,Prozent,,Weiblich,Berlin,code11,63.7
2016.0,Prozent,,Weiblich,Berlin,code11,63.6
2017.0,Prozent,,Weiblich,Berlin,code11,66.1
2018.0,Prozent,,Weiblich,Berlin,code11,66.99
2019.0,Prozent,,Weiblich,Berlin,code11,69.18
2020.0,Prozent,,Weiblich,Berlin,code11,69.73
2021.0,Prozent,,Weiblich,Berlin,code11,
1999.0,Prozent,,Weiblich,Berlin,code11,
2000.0,Prozent,,Weiblich,Berlin,code11,
2001.0,Prozent,,Weiblich,Berlin,code11,
2002.0,Prozent,,Weiblich,Berlin,code11,
2003.0,Prozent,,Weiblich,Berlin,code11,
2004.0,Prozent,,Weiblich,Berlin,code11,
2005.0,Prozent,,Weiblich,Berlin,code11,47.1
2006.0,Prozent,,Weiblich,Berlin,code11,50.1
2007.0,Prozent,,Weiblich,Berlin,code11,53.0
2008.0,Prozent,,Weiblich,Berlin,code11,49.9
2009.0,Prozent,,Weiblich,Berlin,code11,56.2
2010.0,Prozent,,Weiblich,Berlin,code11,56.0
2011.0,Prozent,,Weiblich,Berlin,code11,59.3
2012.0,Prozent,,Weiblich,Berlin,code11,60.2
2013.0,Prozent,,Weiblich,Berlin,code11,59.1
2014.0,Prozent,,Weiblich,Berlin,code11,59.8
2015.0,Prozent,,Weiblich,Berlin,code11,63.7
2016.0,Prozent,,Weiblich,Berlin,code11,63.6
2017.0,Prozent,,Weiblich,Berlin,code11,66.1
2018.0,Prozent,,Weiblich,Berlin,code11,66.99
2019.0,Prozent,,Weiblich,Berlin,code11,69.18
2020.0,Prozent,,Weiblich,Berlin,code11,69.73
2020.0,Prozent,,Weiblich,Berlin,code11,
2030.0,Prozent,,,,,
1999.0,Prozent,,Männlich,Berlin,code11,
2010.0,Prozent,,Männlich,Berlin,code11,45.8
2011.0,Prozent,,Männlich,Berlin,code11,44.7
2012.0,Prozent,,Männlich,Berlin,code11,47.5
2013.0,Prozent,,Männlich,Berlin,code11,47.6
2014.0,Prozent,,Männlich,Berlin,code11,48.4
2015.0,Prozent,,Männlich,Berlin,code11,49.7
2016.0,Prozent,,Männlich,Berlin,code11,55.7
2017.0,Prozent,,Männlich,Berlin,code11,55.7
2018.0,Prozent,,Männlich,Berlin,code11,58.27
2019.0,Prozent,,Männlich,Berlin,code11,60.32
2020.0,Prozent,,Männlich,Berlin,code11,61.81
2021.0,Prozent,,Männlich,Berlin,code11,
1999.0,Prozent,,Männlich,Berlin,code11,
2000.0,Prozent,,Männlich,Berlin,code11,
2001.0,Prozent,,Männlich,Berlin,code11,
2002.0,Prozent,,Männlich,Berlin,code11,
2003.0,Prozent,,Männlich,Berlin,code11,
2004.0,Prozent,,Männlich,Berlin,code11,
2005.0,Prozent,,Männlich,Berlin,code11,45.3
2006.0,Prozent,,Männlich,Berlin,code11,43.2
2007.0,Prozent,,Männlich,Berlin,code11,45.5
2008.0,Prozent,,Männlich,Berlin,code11,44.5
2009.0,Prozent,,Männlich,Berlin,code11,44.4
2010.0,Prozent,,Männlich,Berlin,code11,45.8
2011.0,Prozent,,Männlich,Berlin,code11,44.7
2012.0,Prozent,,Männlich,Berlin,code11,47.5
2013.0,Prozent,,Männlich,Berlin,code11,47.6
2014.0,Prozent,,Männlich,Berlin,code11,48.4
2015.0,Prozent,,Männlich,Berlin,code11,49.7
2016.0,Prozent,,Männlich,Berlin,code11,55.7
2017.0,Prozent,,Männlich,Berlin,code11,55.7
2018.0,Prozent,,Männlich,Berlin,code11,58.27
2019.0,Prozent,,Männlich,Berlin,code11,60.32
2020.0,Prozent,,Männlich,Berlin,code11,61.81
2020.0,Prozent,,Männlich,Berlin,code11,
2030.0,Prozent,,,,,
1999.0,Prozent,,,Brandenburg,code12,
2010.0,Prozent,,,Brandenburg,code12,41.4
2011.0,Prozent,,,Brandenburg,code12,44.47
2012.0,Prozent,,,Brandenburg,code12,42.08
2013.0,Prozent,,,Brandenburg,code12,42.57
2014.0,Prozent,,,Brandenburg,code12,44.17
2015.0,Prozent,,,Brandenburg,code12,43.26
2016.0,Prozent,,,Brandenburg,code12,45.41
2017.0,Prozent,,,Brandenburg,code12,42.42
2018.0,Prozent,,,Brandenburg,code12,45.28
2019.0,Prozent,,,Brandenburg,code12,44.44
2020.0,Prozent,,,Brandenburg,code12,50.15
2021.0,Prozent,,,Brandenburg,code12,
1999.0,Prozent,,,Brandenburg,code12,
2000.0,Prozent,,,Brandenburg,code12,
2001.0,Prozent,,,Brandenburg,code12,
2002.0,Prozent,,,Brandenburg,code12,
2003.0,Prozent,,,Brandenburg,code12,
2004.0,Prozent,,,Brandenburg,code12,
2005.0,Prozent,,,Brandenburg,code12,32.11
2006.0,Prozent,,,Brandenburg,code12,33.2
2007.0,Prozent,,,Brandenburg,code12,34.7
2008.0,Prozent,,,Brandenburg,code12,38.6
2009.0,Prozent,,,Brandenburg,code12,41.1
2010.0,Prozent,,,Brandenburg,code12,41.4
2011.0,Prozent,,,Brandenburg,code12,44.47
2012.0,Prozent,,,Brandenburg,code12,42.08
2013.0,Prozent,,,Brandenburg,code12,42.57
2014.0,Prozent,,,Brandenburg,code12,44.17
2015.0,Prozent,,,Brandenburg,code12,43.26
2016.0,Prozent,,,Brandenburg,code12,45.41
2017.0,Prozent,,,Brandenburg,code12,42.42
2018.0,Prozent,,,Brandenburg,code12,45.28
2019.0,Prozent,,,Brandenburg,code12,44.44
2020.0,Prozent,,,Brandenburg,code12,50.15
2020.0,Prozent,,,Brandenburg,code12,
2030.0,Prozent,,,,,
1999.0,Prozent,,Weiblich,Brandenburg,code12,
2010.0,Prozent,,Weiblich,Brandenburg,code12,50.2
2011.0,Prozent,,Weiblich,Brandenburg,code12,53.6
2012.0,Prozent,,Weiblich,Brandenburg,code12,51.6
2013.0,Prozent,,Weiblich,Brandenburg,code12,49.0
2014.0,Prozent,,Weiblich,Brandenburg,code12,50.5
2015.0,Prozent,,Weiblich,Brandenburg,code12,53.2
2016.0,Prozent,,Weiblich,Brandenburg,code12,54.2
2017.0,Prozent,,Weiblich,Brandenburg,code12,48.4
2018.0,Prozent,,Weiblich,Brandenburg,code12,53.54
2019.0,Prozent,,Weiblich,Brandenburg,code12,52.09
2020.0,Prozent,,Weiblich,Brandenburg,code12,57.13
2021.0,Prozent,,Weiblich,Brandenburg,code12,
1999.0,Prozent,,Weiblich,Brandenburg,code12,
2000.0,Prozent,,Weiblich,Brandenburg,code12,
2001.0,Prozent,,Weiblich,Brandenburg,code12,
2002.0,Prozent,,Weiblich,Brandenburg,code12,
2003.0,Prozent,,Weiblich,Brandenburg,code12,
2004.0,Prozent,,Weiblich,Brandenburg,code12,
2005.0,Prozent,,Weiblich,Brandenburg,code12,36.9
2006.0,Prozent,,Weiblich,Brandenburg,code12,39.5
2007.0,Prozent,,Weiblich,Brandenburg,code12,42.2
2008.0,Prozent,,Weiblich,Brandenburg,code12,47.1
2009.0,Prozent,,Weiblich,Brandenburg,code12,47.8
2010.0,Prozent,,Weiblich,Brandenburg,code12,50.2
2011.0,Prozent,,Weiblich,Brandenburg,code12,53.6
2012.0,Prozent,,Weiblich,Brandenburg,code12,51.6
2013.0,Prozent,,Weiblich,Brandenburg,code12,49.0
2014.0,Prozent,,Weiblich,Brandenburg,code12,50.5
2015.0,Prozent,,Weiblich,Brandenburg,code12,53.2
2016.0,Prozent,,Weiblich,Brandenburg,code12,54.2
2017.0,Prozent,,Weiblich,Brandenburg,code12,48.4
2018.0,Prozent,,Weiblich,Brandenburg,code12,53.54
2019.0,Prozent,,Weiblich,Brandenburg,code12,52.09
2020.0,Prozent,,Weiblich,Brandenburg,code12,57.13
2020.0,Prozent,,Weiblich,Brandenburg,code12,
2030.0,Prozent,,,,,
1999.0,Prozent,,Männlich,Brandenburg,code12,
2010.0,Prozent,,Männlich,Brandenburg,code12,33.4
2011.0,Prozent,,Männlich,Brandenburg,code12,35.8
2012.0,Prozent,,Männlich,Brandenburg,code12,33.9
2013.0,Prozent,,Männlich,Brandenburg,code12,36.5
2014.0,Prozent,,Männlich,Brandenburg,code12,37.6
2015.0,Prozent,,Männlich,Brandenburg,code12,34.1
2016.0,Prozent,,Männlich,Brandenburg,code12,36.9
2017.0,Prozent,,Männlich,Brandenburg,code12,36.8
2018.0,Prozent,,Männlich,Brandenburg,code12,36.84
2019.0,Prozent,,Männlich,Brandenburg,code12,36.72
2020.0,Prozent,,Männlich,Brandenburg,code12,43.02
2021.0,Prozent,,Männlich,Brandenburg,code12,
1999.0,Prozent,,Männlich,Brandenburg,code12,
2000.0,Prozent,,Männlich,Brandenburg,code12,
2001.0,Prozent,,Männlich,Brandenburg,code12,
2002.0,Prozent,,Männlich,Brandenburg,code12,
2003.0,Prozent,,Männlich,Brandenburg,code12,
2004.0,Prozent,,Männlich,Brandenburg,code12,
2005.0,Prozent,,Männlich,Brandenburg,code12,27.5
2006.0,Prozent,,Männlich,Brandenburg,code12,27.5
2007.0,Prozent,,Männlich,Brandenburg,code12,27.3
2008.0,Prozent,,Männlich,Brandenburg,code12,30.4
2009.0,Prozent,,Männlich,Brandenburg,code12,35.2
2010.0,Prozent,,Männlich,Brandenburg,code12,33.4
2011.0,Prozent,,Männlich,Brandenburg,code12,35.8
2012.0,Prozent,,Männlich,Brandenburg,code12,33.9
2013.0,Prozent,,Männlich,Brandenburg,code12,36.5
2014.0,Prozent,,Männlich,Brandenburg,code12,37.6
2015.0,Prozent,,Männlich,Brandenburg,code12,34.1
2016.0,Prozent,,Männlich,Brandenburg,code12,36.9
2017.0,Prozent,,Männlich,Brandenburg,code12,36.8
2018.0,Prozent,,Männlich,Brandenburg,code12,36.84
2019.0,Prozent,,Männlich,Brandenburg,code12,36.72
2020.0,Prozent,,Männlich,Brandenburg,code12,43.02
2020.0,Prozent,,Männlich,Brandenburg,code12,
2030.0,Prozent,,,,,
1999.0,Prozent,,,Bremen,code04,
2010.0,Prozent,,,Bremen,code04,41.46
2011.0,Prozent,,,Bremen,code04,43.16
2012.0,Prozent,,,Bremen,code04,41.83
2013.0,Prozent,,,Bremen,code04,44.32
2014.0,Prozent,,,Bremen,code04,53.39
2015.0,Prozent,,,Bremen,code04,50.5
2016.0,Prozent,,,Bremen,code04,46.57
2017.0,Prozent,,,Bremen,code04,52.05
2018.0,Prozent,,,Bremen,code04,52.3
2019.0,Prozent,,,Bremen,code04,49.13
2020.0,Prozent,,,Bremen,code04,49.88
2021.0,Prozent,,,Bremen,code04,
1999.0,Prozent,,,Bremen,code04,
2000.0,Prozent,,,Bremen,code04,
2001.0,Prozent,,,Bremen,code04,
2002.0,Prozent,,,Bremen,code04,
2003.0,Prozent,,,Bremen,code04,
2004.0,Prozent,,,Bremen,code04,
2005.0,Prozent,,,Bremen,code04,33.79
2006.0,Prozent,,,Bremen,code04,36.8
2007.0,Prozent,,,Bremen,code04,38.2
2008.0,Prozent,,,Bremen,code04,39.4
2009.0,Prozent,,,Bremen,code04,32.7
2010.0,Prozent,,,Bremen,code04,41.46
2011.0,Prozent,,,Bremen,code04,43.16
2012.0,Prozent,,,Bremen,code04,41.83
2013.0,Prozent,,,Bremen,code04,44.32
2014.0,Prozent,,,Bremen,code04,53.39
2015.0,Prozent,,,Bremen,code04,50.5
2016.0,Prozent,,,Bremen,code04,46.57
2017.0,Prozent,,,Bremen,code04,52.05
2018.0,Prozent,,,Bremen,code04,52.3
2019.0,Prozent,,,Bremen,code04,49.13
2020.0,Prozent,,,Bremen,code04,49.88
2020.0,Prozent,,,Bremen,code04,
2030.0,Prozent,,,,,
1999.0,Prozent,,Weiblich,Bremen,code04,
2010.0,Prozent,,Weiblich,Bremen,code04,36.9
2011.0,Prozent,,Weiblich,Bremen,code04,47.8
2012.0,Prozent,,Weiblich,Bremen,code04,46.0
2013.0,Prozent,,Weiblich,Bremen,code04,48.2
2014.0,Prozent,,Weiblich,Bremen,code04,57.5
2015.0,Prozent,,Weiblich,Bremen,code04,54.6
2016.0,Prozent,,Weiblich,Bremen,code04,50.1
2017.0,Prozent,,Weiblich,Bremen,code04,57.0
2018.0,Prozent,,Weiblich,Bremen,code04,56.81
2019.0,Prozent,,Weiblich,Bremen,code04,56.67
2020.0,Prozent,,Weiblich,Bremen,code04,58.77
2021.0,Prozent,,Weiblich,Bremen,code04,
1999.0,Prozent,,Weiblich,Bremen,code04,
2000.0,Prozent,,Weiblich,Bremen,code04,
2001.0,Prozent,,Weiblich,Bremen,code04,
2002.0,Prozent,,Weiblich,Bremen,code04,
2003.0,Prozent,,Weiblich,Bremen,code04,
2004.0,Prozent,,Weiblich,Bremen,code04,
2005.0,Prozent,,Weiblich,Bremen,code04,35.3
2006.0,Prozent,,Weiblich,Bremen,code04,40.1
2007.0,Prozent,,Weiblich,Bremen,code04,40.3
2008.0,Prozent,,Weiblich,Bremen,code04,40.8
2009.0,Prozent,,Weiblich,Bremen,code04,36.1
2010.0,Prozent,,Weiblich,Bremen,code04,36.9
2011.0,Prozent,,Weiblich,Bremen,code04,47.8
2012.0,Prozent,,Weiblich,Bremen,code04,46.0
2013.0,Prozent,,Weiblich,Bremen,code04,48.2
2014.0,Prozent,,Weiblich,Bremen,code04,57.5
2015.0,Prozent,,Weiblich,Bremen,code04,54.6
2016.0,Prozent,,Weiblich,Bremen,code04,50.1
2017.0,Prozent,,Weiblich,Bremen,code04,57.0
2018.0,Prozent,,Weiblich,Bremen,code04,56.81
2019.0,Prozent,,Weiblich,Bremen,code04,56.67
2020.0,Prozent,,Weiblich,Bremen,code04,58.77
2020.0,Prozent,,Weiblich,Bremen,code04,
2030.0,Prozent,,,,,
1999.0,Prozent,,Männlich,Bremen,code04,
2010.0,Prozent,,Männlich,Bremen,code04,46.5
2011.0,Prozent,,Männlich,Bremen,code04,37.8
2012.0,Prozent,,Männlich,Bremen,code04,38.1
2013.0,Prozent,,Männlich,Bremen,code04,41.3
2014.0,Prozent,,Männlich,Bremen,code04,49.6
2015.0,Prozent,,Männlich,Bremen,code04,46.8
2016.0,Prozent,,Männlich,Bremen,code04,42.7
2017.0,Prozent,,Männlich,Bremen,code04,47.3
2018.0,Prozent,,Männlich,Bremen,code04,47.9
2019.0,Prozent,,Männlich,Bremen,code04,42.25
2020.0,Prozent,,Männlich,Bremen,code04,41.74
2021.0,Prozent,,Männlich,Bremen,code04,
1999.0,Prozent,,Männlich,Bremen,code04,
2000.0,Prozent,,Männlich,Bremen,code04,
2001.0,Prozent,,Männlich,Bremen,code04,
2002.0,Prozent,,Männlich,Bremen,code04,
2003.0,Prozent,,Männlich,Bremen,code04,
2004.0,Prozent,,Männlich,Bremen,code04,
2005.0,Prozent,,Männlich,Bremen,code04,32.3
2006.0,Prozent,,Männlich,Bremen,code04,33.9
2007.0,Prozent,,Männlich,Bremen,code04,36.3
2008.0,Prozent,,Männlich,Bremen,code04,38.0
2009.0,Prozent,,Männlich,Bremen,code04,28.8
2010.0,Prozent,,Männlich,Bremen,code04,46.5
2011.0,Prozent,,Männlich,Bremen,code04,37.8
2012.0,Prozent,,Männlich,Bremen,code04,38.1
2013.0,Prozent,,Männlich,Bremen,code04,41.3
2014.0,Prozent,,Männlich,Bremen,code04,49.6
2015.0,Prozent,,Männlich,Bremen,code04,46.8
2016.0,Prozent,,Männlich,Bremen,code04,42.7
2017.0,Prozent,,Männlich,Bremen,code04,47.3
2018.0,Prozent,,Männlich,Bremen,code04,47.9
2019.0,Prozent,,Männlich,Bremen,code04,42.25
2020.0,Prozent,,Männlich,Bremen,code04,41.74
2020.0,Prozent,,Männlich,Bremen,code04,
2030.0,Prozent,,,,,
1999.0,Prozent,,,Hamburg,code02,
2010.0,Prozent,,,Hamburg,code02,52.5
2011.0,Prozent,,,Hamburg,code02,55.37
2012.0,Prozent,,,Hamburg,code02,54.42
2013.0,Prozent,,,Hamburg,code02,55.4
2014.0,Prozent,,,Hamburg,code02,58.52
2015.0,Prozent,,,Hamburg,code02,60.57
2016.0,Prozent,,,Hamburg,code02,59.97
2017.0,Prozent,,,Hamburg,code02,58.39
2018.0,Prozent,,,Hamburg,code02,62.48
2019.0,Prozent,,,Hamburg,code02,60.12
2020.0,Prozent,,,Hamburg,code02,60.17
2021.0,Prozent,,,Hamburg,code02,
1999.0,Prozent,,,Hamburg,code02,
2000.0,Prozent,,,Hamburg,code02,
2001.0,Prozent,,,Hamburg,code02,
2002.0,Prozent,,,Hamburg,code02,
2003.0,Prozent,,,Hamburg,code02,
2004.0,Prozent,,,Hamburg,code02,
2005.0,Prozent,,,Hamburg,code02,45.72
2006.0,Prozent,,,Hamburg,code02,48.6
2007.0,Prozent,,,Hamburg,code02,49.4
2008.0,Prozent,,,Hamburg,code02,50.1
2009.0,Prozent,,,Hamburg,code02,53.1
2010.0,Prozent,,,Hamburg,code02,52.5
2011.0,Prozent,,,Hamburg,code02,55.37
2012.0,Prozent,,,Hamburg,code02,54.42
2013.0,Prozent,,,Hamburg,code02,55.4
2014.0,Prozent,,,Hamburg,code02,58.52
2015.0,Prozent,,,Hamburg,code02,60.57
2016.0,Prozent,,,Hamburg,code02,59.97
2017.0,Prozent,,,Hamburg,code02,58.39
2018.0,Prozent,,,Hamburg,code02,62.48
2019.0,Prozent,,,Hamburg,code02,60.12
2020.0,Prozent,,,Hamburg,code02,60.17
2020.0,Prozent,,,Hamburg,code02,
2030.0,Prozent,,,,,
1999.0,Prozent,,Weiblich,Hamburg,code02,
2010.0,Prozent,,Weiblich,Hamburg,code02,53.8
2011.0,Prozent,,Weiblich,Hamburg,code02,57.1
2012.0,Prozent,,Weiblich,Hamburg,code02,57.6
2013.0,Prozent,,Weiblich,Hamburg,code02,60.1
2014.0,Prozent,,Weiblich,Hamburg,code02,61.4
2015.0,Prozent,,Weiblich,Hamburg,code02,62.5
2016.0,Prozent,,Weiblich,Hamburg,code02,62.1
2017.0,Prozent,,Weiblich,Hamburg,code02,63.0
2018.0,Prozent,,Weiblich,Hamburg,code02,64.88
2019.0,Prozent,,Weiblich,Hamburg,code02,61.18
2020.0,Prozent,,Weiblich,Hamburg,code02,63.23
2021.0,Prozent,,Weiblich,Hamburg,code02,
1999.0,Prozent,,Weiblich,Hamburg,code02,
2000.0,Prozent,,Weiblich,Hamburg,code02,
2001.0,Prozent,,Weiblich,Hamburg,code02,
2002.0,Prozent,,Weiblich,Hamburg,code02,
2003.0,Prozent,,Weiblich,Hamburg,code02,
2004.0,Prozent,,Weiblich,Hamburg,code02,
2005.0,Prozent,,Weiblich,Hamburg,code02,47.5
2006.0,Prozent,,Weiblich,Hamburg,code02,49.0
2007.0,Prozent,,Weiblich,Hamburg,code02,53.8
2008.0,Prozent,,Weiblich,Hamburg,code02,53.0
2009.0,Prozent,,Weiblich,Hamburg,code02,54.0
2010.0,Prozent,,Weiblich,Hamburg,code02,53.8
2011.0,Prozent,,Weiblich,Hamburg,code02,57.1
2012.0,Prozent,,Weiblich,Hamburg,code02,57.6
2013.0,Prozent,,Weiblich,Hamburg,code02,60.1
2014.0,Prozent,,Weiblich,Hamburg,code02,61.4
2015.0,Prozent,,Weiblich,Hamburg,code02,62.5
2016.0,Prozent,,Weiblich,Hamburg,code02,62.1
2017.0,Prozent,,Weiblich,Hamburg,code02,63.0
2018.0,Prozent,,Weiblich,Hamburg,code02,64.88
2019.0,Prozent,,Weiblich,Hamburg,code02,61.18
2020.0,Prozent,,Weiblich,Hamburg,code02,63.23
2020.0,Prozent,,Weiblich,Hamburg,code02,
2030.0,Prozent,,,,,
1999.0,Prozent,,Männlich,Hamburg,code02,
2010.0,Prozent,,Männlich,Hamburg,code02,51.3
2011.0,Prozent,,Männlich,Hamburg,code02,53.6
2012.0,Prozent,,Männlich,Hamburg,code02,51.1
2013.0,Prozent,,Männlich,Hamburg,code02,50.7
2014.0,Prozent,,Männlich,Hamburg,code02,55.4
2015.0,Prozent,,Männlich,Hamburg,code02,58.5
2016.0,Prozent,,Männlich,Hamburg,code02,58.0
2017.0,Prozent,,Männlich,Hamburg,code02,53.7
2018.0,Prozent,,Männlich,Hamburg,code02,60.04
2019.0,Prozent,,Männlich,Hamburg,code02,59.1
2020.0,Prozent,,Männlich,Hamburg,code02,57.17
2021.0,Prozent,,Männlich,Hamburg,code02,
1999.0,Prozent,,Männlich,Hamburg,code02,
2000.0,Prozent,,Männlich,Hamburg,code02,
2001.0,Prozent,,Männlich,Hamburg,code02,
2002.0,Prozent,,Männlich,Hamburg,code02,
2003.0,Prozent,,Männlich,Hamburg,code02,
2004.0,Prozent,,Männlich,Hamburg,code02,
2005.0,Prozent,,Männlich,Hamburg,code02,44.1
2006.0,Prozent,,Männlich,Hamburg,code02,48.3
2007.0,Prozent,,Männlich,Hamburg,code02,45.2
2008.0,Prozent,,Männlich,Hamburg,code02,47.1
2009.0,Prozent,,Männlich,Hamburg,code02,52.2
2010.0,Prozent,,Männlich,Hamburg,code02,51.3
2011.0,Prozent,,Männlich,Hamburg,code02,53.6
2012.0,Prozent,,Männlich,Hamburg,code02,51.1
2013.0,Prozent,,Männlich,Hamburg,code02,50.7
2014.0,Prozent,,Männlich,Hamburg,code02,55.4
2015.0,Prozent,,Männlich,Hamburg,code02,58.5
2016.0,Prozent,,Männlich,Hamburg,code02,58.0
2017.0,Prozent,,Männlich,Hamburg,code02,53.7
2018.0,Prozent,,Männlich,Hamburg,code02,60.04
2019.0,Prozent,,Männlich,Hamburg,code02,59.1
2020.0,Prozent,,Männlich,Hamburg,code02,57.17
2020.0,Prozent,,Männlich,Hamburg,code02,
2030.0,Prozent,,,,,
1999.0,Prozent,,,Hessen,code06,
2010.0,Prozent,,,Hessen,code06,45.45
2011.0,Prozent,,,Hessen,code06,46.11
2012.0,Prozent,,,Hessen,code06,47.16
2013.0,Prozent,,,Hessen,code06,47.57
2014.0,Prozent,,,Hessen,code06,46.33
2015.0,Prozent,,,Hessen,code06,49.36
2016.0,Prozent,,,Hessen,code06,50.41
2017.0,Prozent,,,Hessen,code06,54.08
2018.0,Prozent,,,Hessen,code06,52.44
2019.0,Prozent,,,Hessen,code06,52.73
2020.0,Prozent,,,Hessen,code06,52.76
2021.0,Prozent,,,Hessen,code06,
1999.0,Prozent,,,Hessen,code06,
2000.0,Prozent,,,Hessen,code06,
2001.0,Prozent,,,Hessen,code06,
2002.0,Prozent,,,Hessen,code06,
2003.0,Prozent,,,Hessen,code06,
2004.0,Prozent,,,Hessen,code06,
2005.0,Prozent,,,Hessen,code06,40.65
2006.0,Prozent,,,Hessen,code06,40.2
2007.0,Prozent,,,Hessen,code06,40.9
2008.0,Prozent,,,Hessen,code06,40.3
2009.0,Prozent,,,Hessen,code06,43.1
2010.0,Prozent,,,Hessen,code06,45.45
2011.0,Prozent,,,Hessen,code06,46.11
2012.0,Prozent,,,Hessen,code06,47.16
2013.0,Prozent,,,Hessen,code06,47.57
2014.0,Prozent,,,Hessen,code06,46.33
2015.0,Prozent,,,Hessen,code06,49.36
2016.0,Prozent,,,Hessen,code06,50.41
2017.0,Prozent,,,Hessen,code06,54.08
2018.0,Prozent,,,Hessen,code06,52.44
2019.0,Prozent,,,Hessen,code06,52.73
2020.0,Prozent,,,Hessen,code06,52.76
2020.0,Prozent,,,Hessen,code06,
2030.0,Prozent,,,,,
1999.0,Prozent,,Weiblich,Hessen,code06,
2010.0,Prozent,,Weiblich,Hessen,code06,46.3
2011.0,Prozent,,Weiblich,Hessen,code06,46.7
2012.0,Prozent,,Weiblich,Hessen,code06,48.0
2013.0,Prozent,,Weiblich,Hessen,code06,48.9
2014.0,Prozent,,Weiblich,Hessen,code06,47.9
2015.0,Prozent,,Weiblich,Hessen,code06,52.1
2016.0,Prozent,,Weiblich,Hessen,code06,53.0
2017.0,Prozent,,Weiblich,Hessen,code06,58.5
2018.0,Prozent,,Weiblich,Hessen,code06,57.0
2019.0,Prozent,,Weiblich,Hessen,code06,57.35
2020.0,Prozent,,Weiblich,Hessen,code06,54.52
2021.0,Prozent,,Weiblich,Hessen,code06,
1999.0,Prozent,,Weiblich,Hessen,code06,
2000.0,Prozent,,Weiblich,Hessen,code06,
2001.0,Prozent,,Weiblich,Hessen,code06,
2002.0,Prozent,,Weiblich,Hessen,code06,
2003.0,Prozent,,Weiblich,Hessen,code06,
2004.0,Prozent,,Weiblich,Hessen,code06,
2005.0,Prozent,,Weiblich,Hessen,code06,38.7
2006.0,Prozent,,Weiblich,Hessen,code06,38.8
2007.0,Prozent,,Weiblich,Hessen,code06,39.8
2008.0,Prozent,,Weiblich,Hessen,code06,40.6
2009.0,Prozent,,Weiblich,Hessen,code06,44.1
2010.0,Prozent,,Weiblich,Hessen,code06,46.3
2011.0,Prozent,,Weiblich,Hessen,code06,46.7
2012.0,Prozent,,Weiblich,Hessen,code06,48.0
2013.0,Prozent,,Weiblich,Hessen,code06,48.9
2014.0,Prozent,,Weiblich,Hessen,code06,47.9
2015.0,Prozent,,Weiblich,Hessen,code06,52.1
2016.0,Prozent,,Weiblich,Hessen,code06,53.0
2017.0,Prozent,,Weiblich,Hessen,code06,58.5
2018.0,Prozent,,Weiblich,Hessen,code06,57.0
2019.0,Prozent,,Weiblich,Hessen,code06,57.35
2020.0,Prozent,,Weiblich,Hessen,code06,54.52
2020.0,Prozent,,Weiblich,Hessen,code06,
2030.0,Prozent,,,,,
1999.0,Prozent,,Männlich,Hessen,code06,
2010.0,Prozent,,Männlich,Hessen,code06,44.6
2011.0,Prozent,,Männlich,Hessen,code06,45.5
2012.0,Prozent,,Männlich,Hessen,code06,46.3
2013.0,Prozent,,Männlich,Hessen,code06,46.1
2014.0,Prozent,,Männlich,Hessen,code06,44.8
2015.0,Prozent,,Männlich,Hessen,code06,46.6
2016.0,Prozent,,Männlich,Hessen,code06,47.8
2017.0,Prozent,,Männlich,Hessen,code06,49.6
2018.0,Prozent,,Männlich,Hessen,code06,48.01
2019.0,Prozent,,Männlich,Hessen,code06,48.34
2020.0,Prozent,,Männlich,Hessen,code06,51.06
2021.0,Prozent,,Männlich,Hessen,code06,
1999.0,Prozent,,Männlich,Hessen,code06,
2000.0,Prozent,,Männlich,Hessen,code06,
2001.0,Prozent,,Männlich,Hessen,code06,
2002.0,Prozent,,Männlich,Hessen,code06,
2003.0,Prozent,,Männlich,Hessen,code06,
2004.0,Prozent,,Männlich,Hessen,code06,
2005.0,Prozent,,Männlich,Hessen,code06,42.6
2006.0,Prozent,,Männlich,Hessen,code06,41.6
2007.0,Prozent,,Männlich,Hessen,code06,41.9
2008.0,Prozent,,Männlich,Hessen,code06,39.9
2009.0,Prozent,,Männlich,Hessen,code06,42.0
2010.0,Prozent,,Männlich,Hessen,code06,44.6
2011.0,Prozent,,Männlich,Hessen,code06,45.5
2012.0,Prozent,,Männlich,Hessen,code06,46.3
2013.0,Prozent,,Männlich,Hessen,code06,46.1
2014.0,Prozent,,Männlich,Hessen,code06,44.8
2015.0,Prozent,,Männlich,Hessen,code06,46.6
2016.0,Prozent,,Männlich,Hessen,code06,47.8
2017.0,Prozent,,Männlich,Hessen,code06,49.6
2018.0,Prozent,,Männlich,Hessen,code06,48.01
2019.0,Prozent,,Männlich,Hessen,code06,48.34
2020.0,Prozent,,Männlich,Hessen,code06,51.06
2020.0,Prozent,,Männlich,Hessen,code06,
2030.0,Prozent,,,,,
1999.0,Prozent,,,Mecklenburg-Vorpommern,code13,
2010.0,Prozent,,,Mecklenburg-Vorpommern,code13,33.17
2011.0,Prozent,,,Mecklenburg-Vorpommern,code13,32.11
2012.0,Prozent,,,Mecklenburg-Vorpommern,code13,30.77
2013.0,Prozent,,,Mecklenburg-Vorpommern,code13,33.24
2014.0,Prozent,,,Mecklenburg-Vorpommern,code13,35.45
2015.0,Prozent,,,Mecklenburg-Vorpommern,code13,34.82
2016.0,Prozent,,,Mecklenburg-Vorpommern,code13,32.65
2017.0,Prozent,,,Mecklenburg-Vorpommern,code13,32.71
2018.0,Prozent,,,Mecklenburg-Vorpommern,code13,37.94
2019.0,Prozent,,,Mecklenburg-Vorpommern,code13,38.66
2020.0,Prozent,,,Mecklenburg-Vorpommern,code13,39.38
2021.0,Prozent,,,Mecklenburg-Vorpommern,code13,
1999.0,Prozent,,,Mecklenburg-Vorpommern,code13,
2000.0,Prozent,,,Mecklenburg-Vorpommern,code13,
2001.0,Prozent,,,Mecklenburg-Vorpommern,code13,
2002.0,Prozent,,,Mecklenburg-Vorpommern,code13,
2003.0,Prozent,,,Mecklenburg-Vorpommern,code13,
2004.0,Prozent,,,Mecklenburg-Vorpommern,code13,
2005.0,Prozent,,,Mecklenburg-Vorpommern,code13,26.35
2006.0,Prozent,,,Mecklenburg-Vorpommern,code13,31.1
2007.0,Prozent,,,Mecklenburg-Vorpommern,code13,30.5
2008.0,Prozent,,,Mecklenburg-Vorpommern,code13,32.3
2009.0,Prozent,,,Mecklenburg-Vorpommern,code13,32.3
2010.0,Prozent,,,Mecklenburg-Vorpommern,code13,33.17
2011.0,Prozent,,,Mecklenburg-Vorpommern,code13,32.11
2012.0,Prozent,,,Mecklenburg-Vorpommern,code13,30.77
2013.0,Prozent,,,Mecklenburg-Vorpommern,code13,33.24
2014.0,Prozent,,,Mecklenburg-Vorpommern,code13,35.45
2015.0,Prozent,,,Mecklenburg-Vorpommern,code13,34.82
2016.0,Prozent,,,Mecklenburg-Vorpommern,code13,32.65
2017.0,Prozent,,,Mecklenburg-Vorpommern,code13,32.71
2018.0,Prozent,,,Mecklenburg-Vorpommern,code13,37.94
2019.0,Prozent,,,Mecklenburg-Vorpommern,code13,38.66
2020.0,Prozent,,,Mecklenburg-Vorpommern,code13,39.38
2020.0,Prozent,,,Mecklenburg-Vorpommern,code13,
2030.0,Prozent,,,,,
1999.0,Prozent,,Weiblich,Mecklenburg-Vorpommern,code13,
2010.0,Prozent,,Weiblich,Mecklenburg-Vorpommern,code13,36.5
2011.0,Prozent,,Weiblich,Mecklenburg-Vorpommern,code13,35.3
2012.0,Prozent,,Weiblich,Mecklenburg-Vorpommern,code13,38.5
2013.0,Prozent,,Weiblich,Mecklenburg-Vorpommern,code13,42.1
2014.0,Prozent,,Weiblich,Mecklenburg-Vorpommern,code13,43.3
2015.0,Prozent,,Weiblich,Mecklenburg-Vorpommern,code13,44.1
2016.0,Prozent,,Weiblich,Mecklenburg-Vorpommern,code13,39.2
2017.0,Prozent,,Weiblich,Mecklenburg-Vorpommern,code13,39.7
2018.0,Prozent,,Weiblich,Mecklenburg-Vorpommern,code13,44.36
2019.0,Prozent,,Weiblich,Mecklenburg-Vorpommern,code13,41.24
2020.0,Prozent,,Weiblich,Mecklenburg-Vorpommern,code13,45.98
2021.0,Prozent,,Weiblich,Mecklenburg-Vorpommern,code13,
1999.0,Prozent,,Weiblich,Mecklenburg-Vorpommern,code13,
2000.0,Prozent,,Weiblich,Mecklenburg-Vorpommern,code13,
2001.0,Prozent,,Weiblich,Mecklenburg-Vorpommern,code13,
2002.0,Prozent,,Weiblich,Mecklenburg-Vorpommern,code13,
2003.0,Prozent,,Weiblich,Mecklenburg-Vorpommern,code13,
2004.0,Prozent,,Weiblich,Mecklenburg-Vorpommern,code13,
2005.0,Prozent,,Weiblich,Mecklenburg-Vorpommern,code13,27.0
2006.0,Prozent,,Weiblich,Mecklenburg-Vorpommern,code13,37.3
2007.0,Prozent,,Weiblich,Mecklenburg-Vorpommern,code13,37.2
2008.0,Prozent,,Weiblich,Mecklenburg-Vorpommern,code13,39.4
2009.0,Prozent,,Weiblich,Mecklenburg-Vorpommern,code13,37.4
2010.0,Prozent,,Weiblich,Mecklenburg-Vorpommern,code13,36.5
2011.0,Prozent,,Weiblich,Mecklenburg-Vorpommern,code13,35.3
2012.0,Prozent,,Weiblich,Mecklenburg-Vorpommern,code13,38.5
2013.0,Prozent,,Weiblich,Mecklenburg-Vorpommern,code13,42.1
2014.0,Prozent,,Weiblich,Mecklenburg-Vorpommern,code13,43.3
2015.0,Prozent,,Weiblich,Mecklenburg-Vorpommern,code13,44.1
2016.0,Prozent,,Weiblich,Mecklenburg-Vorpommern,code13,39.2
2017.0,Prozent,,Weiblich,Mecklenburg-Vorpommern,code13,39.7
2018.0,Prozent,,Weiblich,Mecklenburg-Vorpommern,code13,44.36
2019.0,Prozent,,Weiblich,Mecklenburg-Vorpommern,code13,41.24
2020.0,Prozent,,Weiblich,Mecklenburg-Vorpommern,code13,45.98
2020.0,Prozent,,Weiblich,Mecklenburg-Vorpommern,code13,
2030.0,Prozent,,,,,
1999.0,Prozent,,Männlich,Mecklenburg-Vorpommern,code13,
2010.0,Prozent,,Männlich,Mecklenburg-Vorpommern,code13,30.4
2011.0,Prozent,,Männlich,Mecklenburg-Vorpommern,code13,29.3
2012.0,Prozent,,Männlich,Mecklenburg-Vorpommern,code13,23.9
2013.0,Prozent,,Männlich,Mecklenburg-Vorpommern,code13,25.4
2014.0,Prozent,,Männlich,Mecklenburg-Vorpommern,code13,28.3
2015.0,Prozent,,Männlich,Mecklenburg-Vorpommern,code13,26.9
2016.0,Prozent,,Männlich,Mecklenburg-Vorpommern,code13,27.0
2017.0,Prozent,,Männlich,Mecklenburg-Vorpommern,code13,26.1
2018.0,Prozent,,Männlich,Mecklenburg-Vorpommern,code13,32.37
2019.0,Prozent,,Männlich,Mecklenburg-Vorpommern,code13,36.44
2020.0,Prozent,,Männlich,Mecklenburg-Vorpommern,code13,33.21
2021.0,Prozent,,Männlich,Mecklenburg-Vorpommern,code13,
1999.0,Prozent,,Männlich,Mecklenburg-Vorpommern,code13,
2000.0,Prozent,,Männlich,Mecklenburg-Vorpommern,code13,
2001.0,Prozent,,Männlich,Mecklenburg-Vorpommern,code13,
2002.0,Prozent,,Männlich,Mecklenburg-Vorpommern,code13,
2003.0,Prozent,,Männlich,Mecklenburg-Vorpommern,code13,
2004.0,Prozent,,Männlich,Mecklenburg-Vorpommern,code13,
2005.0,Prozent,,Männlich,Mecklenburg-Vorpommern,code13,25.8
2006.0,Prozent,,Männlich,Mecklenburg-Vorpommern,code13,26.1
2007.0,Prozent,,Männlich,Mecklenburg-Vorpommern,code13,25.0
2008.0,Prozent,,Männlich,Mecklenburg-Vorpommern,code13,26.7
2009.0,Prozent,,Männlich,Mecklenburg-Vorpommern,code13,27.7
2010.0,Prozent,,Männlich,Mecklenburg-Vorpommern,code13,30.4
2011.0,Prozent,,Männlich,Mecklenburg-Vorpommern,code13,29.3
2012.0,Prozent,,Männlich,Mecklenburg-Vorpommern,code13,23.9
2013.0,Prozent,,Männlich,Mecklenburg-Vorpommern,code13,25.4
2014.0,Prozent,,Männlich,Mecklenburg-Vorpommern,code13,28.3
2015.0,Prozent,,Männlich,Mecklenburg-Vorpommern,code13,26.9
2016.0,Prozent,,Männlich,Mecklenburg-Vorpommern,code13,27.0
2017.0,Prozent,,Männlich,Mecklenburg-Vorpommern,code13,26.1
2018.0,Prozent,,Männlich,Mecklenburg-Vorpommern,code13,32.37
2019.0,Prozent,,Männlich,Mecklenburg-Vorpommern,code13,36.44
2020.0,Prozent,,Männlich,Mecklenburg-Vorpommern,code13,33.21
2020.0,Prozent,,Männlich,Mecklenburg-Vorpommern,code13,
2030.0,Prozent,,,,,
1999.0,Prozent,,,Niedersachsen,code03,
2010.0,Prozent,,,Niedersachsen,code03,36.19
2011.0,Prozent,,,Niedersachsen,code03,37.46
2012.0,Prozent,,,Niedersachsen,code03,38.13
2013.0,Prozent,,,Niedersachsen,code03,37.89
2014.0,Prozent,,,Niedersachsen,code03,40.07
2015.0,Prozent,,,Niedersachsen,code03,43.15
2016.0,Prozent,,,Niedersachsen,code03,41.38
2017.0,Prozent,,,Niedersachsen,code03,42.6
2018.0,Prozent,,,Niedersachsen,code03,44.02
2019.0,Prozent,,,Niedersachsen,code03,44.67
2020.0,Prozent,,,Niedersachsen,code03,47.84
2021.0,Prozent,,,Niedersachsen,code03,
1999.0,Prozent,,,Niedersachsen,code03,
2000.0,Prozent,,,Niedersachsen,code03,
2001.0,Prozent,,,Niedersachsen,code03,
2002.0,Prozent,,,Niedersachsen,code03,
2003.0,Prozent,,,Niedersachsen,code03,
2004.0,Prozent,,,Niedersachsen,code03,
2005.0,Prozent,,,Niedersachsen,code03,32.06
2006.0,Prozent,,,Niedersachsen,code03,31.7
2007.0,Prozent,,,Niedersachsen,code03,33.0
2008.0,Prozent,,,Niedersachsen,code03,34.0
2009.0,Prozent,,,Niedersachsen,code03,35.6
2010.0,Prozent,,,Niedersachsen,code03,36.19
2011.0,Prozent,,,Niedersachsen,code03,37.46
2012.0,Prozent,,,Niedersachsen,code03,38.13
2013.0,Prozent,,,Niedersachsen,code03,37.89
2014.0,Prozent,,,Niedersachsen,code03,40.07
2015.0,Prozent,,,Niedersachsen,code03,43.15
2016.0,Prozent,,,Niedersachsen,code03,41.38
2017.0,Prozent,,,Niedersachsen,code03,42.6
2018.0,Prozent,,,Niedersachsen,code03,44.02
2019.0,Prozent,,,Niedersachsen,code03,44.67
2020.0,Prozent,,,Niedersachsen,code03,47.84
2020.0,Prozent,,,Niedersachsen,code03,
2030.0,Prozent,,,,,
1999.0,Prozent,,Weiblich,Niedersachsen,code03,
2010.0,Prozent,,Weiblich,Niedersachsen,code03,37.5
2011.0,Prozent,,Weiblich,Niedersachsen,code03,39.6
2012.0,Prozent,,Weiblich,Niedersachsen,code03,40.5
2013.0,Prozent,,Weiblich,Niedersachsen,code03,38.8
2014.0,Prozent,,Weiblich,Niedersachsen,code03,42.3
2015.0,Prozent,,Weiblich,Niedersachsen,code03,46.3
2016.0,Prozent,,Weiblich,Niedersachsen,code03,44.5
2017.0,Prozent,,Weiblich,Niedersachsen,code03,45.9
2018.0,Prozent,,Weiblich,Niedersachsen,code03,48.51
2019.0,Prozent,,Weiblich,Niedersachsen,code03,49.04
2020.0,Prozent,,Weiblich,Niedersachsen,code03,52.94
2021.0,Prozent,,Weiblich,Niedersachsen,code03,
1999.0,Prozent,,Weiblich,Niedersachsen,code03,
2000.0,Prozent,,Weiblich,Niedersachsen,code03,
2001.0,Prozent,,Weiblich,Niedersachsen,code03,
2002.0,Prozent,,Weiblich,Niedersachsen,code03,
2003.0,Prozent,,Weiblich,Niedersachsen,code03,
2004.0,Prozent,,Weiblich,Niedersachsen,code03,
2005.0,Prozent,,Weiblich,Niedersachsen,code03,29.5
2006.0,Prozent,,Weiblich,Niedersachsen,code03,29.9
2007.0,Prozent,,Weiblich,Niedersachsen,code03,30.9
2008.0,Prozent,,Weiblich,Niedersachsen,code03,33.1
2009.0,Prozent,,Weiblich,Niedersachsen,code03,36.2
2010.0,Prozent,,Weiblich,Niedersachsen,code03,37.5
2011.0,Prozent,,Weiblich,Niedersachsen,code03,39.6
2012.0,Prozent,,Weiblich,Niedersachsen,code03,40.5
2013.0,Prozent,,Weiblich,Niedersachsen,code03,38.8
2014.0,Prozent,,Weiblich,Niedersachsen,code03,42.3
2015.0,Prozent,,Weiblich,Niedersachsen,code03,46.3
2016.0,Prozent,,Weiblich,Niedersachsen,code03,44.5
2017.0,Prozent,,Weiblich,Niedersachsen,code03,45.9
2018.0,Prozent,,Weiblich,Niedersachsen,code03,48.51
2019.0,Prozent,,Weiblich,Niedersachsen,code03,49.04
2020.0,Prozent,,Weiblich,Niedersachsen,code03,52.94
2020.0,Prozent,,Weiblich,Niedersachsen,code03,
2030.0,Prozent,,,,,
1999.0,Prozent,,Männlich,Niedersachsen,code03,
2010.0,Prozent,,Männlich,Niedersachsen,code03,34.9
2011.0,Prozent,,Männlich,Niedersachsen,code03,35.4
2012.0,Prozent,,Männlich,Niedersachsen,code03,35.7
2013.0,Prozent,,Männlich,Niedersachsen,code03,37.0
2014.0,Prozent,,Männlich,Niedersachsen,code03,37.9
2015.0,Prozent,,Männlich,Niedersachsen,code03,40.1
2016.0,Prozent,,Männlich,Niedersachsen,code03,38.4
2017.0,Prozent,,Männlich,Niedersachsen,code03,39.5
2018.0,Prozent,,Männlich,Niedersachsen,code03,39.82
2019.0,Prozent,,Männlich,Niedersachsen,code03,40.67
2020.0,Prozent,,Männlich,Niedersachsen,code03,42.91
2021.0,Prozent,,Männlich,Niedersachsen,code03,
1999.0,Prozent,,Männlich,Niedersachsen,code03,
2000.0,Prozent,,Männlich,Niedersachsen,code03,
2001.0,Prozent,,Männlich,Niedersachsen,code03,
2002.0,Prozent,,Männlich,Niedersachsen,code03,
2003.0,Prozent,,Männlich,Niedersachsen,code03,
2004.0,Prozent,,Männlich,Niedersachsen,code03,
2005.0,Prozent,,Männlich,Niedersachsen,code03,34.6
2006.0,Prozent,,Männlich,Niedersachsen,code03,33.5
2007.0,Prozent,,Männlich,Niedersachsen,code03,35.1
2008.0,Prozent,,Männlich,Niedersachsen,code03,34.9
2009.0,Prozent,,Männlich,Niedersachsen,code03,34.9
2010.0,Prozent,,Männlich,Niedersachsen,code03,34.9
2011.0,Prozent,,Männlich,Niedersachsen,code03,35.4
2012.0,Prozent,,Männlich,Niedersachsen,code03,35.7
2013.0,Prozent,,Männlich,Niedersachsen,code03,37.0
2014.0,Prozent,,Männlich,Niedersachsen,code03,37.9
2015.0,Prozent,,Männlich,Niedersachsen,code03,40.1
2016.0,Prozent,,Männlich,Niedersachsen,code03,38.4
2017.0,Prozent,,Männlich,Niedersachsen,code03,39.5
2018.0,Prozent,,Männlich,Niedersachsen,code03,39.82
2019.0,Prozent,,Männlich,Niedersachsen,code03,40.67
2020.0,Prozent,,Männlich,Niedersachsen,code03,42.91
2020.0,Prozent,,Männlich,Niedersachsen,code03,
2030.0,Prozent,,,,,
1999.0,Prozent,,,Nordrhein-Westfalen,code05,
2010.0,Prozent,,,Nordrhein-Westfalen,code05,41.29
2011.0,Prozent,,,Nordrhein-Westfalen,code05,42.01
2012.0,Prozent,,,Nordrhein-Westfalen,code05,44.4
2013.0,Prozent,,,Nordrhein-Westfalen,code05,45.0
2014.0,Prozent,,,Nordrhein-Westfalen,code05,47.84
2015.0,Prozent,,,Nordrhein-Westfalen,code05,48.71
2016.0,Prozent,,,Nordrhein-Westfalen,code05,50.25
2017.0,Prozent,,,Nordrhein-Westfalen,code05,51.04
2018.0,Prozent,,,Nordrhein-Westfalen,code05,50.57
2019.0,Prozent,,,Nordrhein-Westfalen,code05,50.93
2020.0,Prozent,,,Nordrhein-Westfalen,code05,54.4
2021.0,Prozent,,,Nordrhein-Westfalen,code05,
1999.0,Prozent,,,Nordrhein-Westfalen,code05,
2000.0,Prozent,,,Nordrhein-Westfalen,code05,
2001.0,Prozent,,,Nordrhein-Westfalen,code05,
2002.0,Prozent,,,Nordrhein-Westfalen,code05,
2003.0,Prozent,,,Nordrhein-Westfalen,code05,
2004.0,Prozent,,,Nordrhein-Westfalen,code05,
2005.0,Prozent,,,Nordrhein-Westfalen,code05,36.96
2006.0,Prozent,,,Nordrhein-Westfalen,code05,37.8
2007.0,Prozent,,,Nordrhein-Westfalen,code05,38.7
2008.0,Prozent,,,Nordrhein-Westfalen,code05,40.9
2009.0,Prozent,,,Nordrhein-Westfalen,code05,41.7
2010.0,Prozent,,,Nordrhein-Westfalen,code05,41.29
2011.0,Prozent,,,Nordrhein-Westfalen,code05,42.01
2012.0,Prozent,,,Nordrhein-Westfalen,code05,44.4
2013.0,Prozent,,,Nordrhein-Westfalen,code05,45.0
2014.0,Prozent,,,Nordrhein-Westfalen,code05,47.84
2015.0,Prozent,,,Nordrhein-Westfalen,code05,48.71
2016.0,Prozent,,,Nordrhein-Westfalen,code05,50.25
2017.0,Prozent,,,Nordrhein-Westfalen,code05,51.04
2018.0,Prozent,,,Nordrhein-Westfalen,code05,50.57
2019.0,Prozent,,,Nordrhein-Westfalen,code05,50.93
2020.0,Prozent,,,Nordrhein-Westfalen,code05,54.4
2020.0,Prozent,,,Nordrhein-Westfalen,code05,
2030.0,Prozent,,,,,
1999.0,Prozent,,Weiblich,Nordrhein-Westfalen,code05,
2010.0,Prozent,,Weiblich,Nordrhein-Westfalen,code05,42.1
2011.0,Prozent,,Weiblich,Nordrhein-Westfalen,code05,43.8
2012.0,Prozent,,Weiblich,Nordrhein-Westfalen,code05,46.8
2013.0,Prozent,,Weiblich,Nordrhein-Westfalen,code05,47.4
2014.0,Prozent,,Weiblich,Nordrhein-Westfalen,code05,50.8
2015.0,Prozent,,Weiblich,Nordrhein-Westfalen,code05,52.6
2016.0,Prozent,,Weiblich,Nordrhein-Westfalen,code05,54.2
2017.0,Prozent,,Weiblich,Nordrhein-Westfalen,code05,54.6
2018.0,Prozent,,Weiblich,Nordrhein-Westfalen,code05,55.14
2019.0,Prozent,,Weiblich,Nordrhein-Westfalen,code05,55.34
2020.0,Prozent,,Weiblich,Nordrhein-Westfalen,code05,60.29
2021.0,Prozent,,Weiblich,Nordrhein-Westfalen,code05,
1999.0,Prozent,,Weiblich,Nordrhein-Westfalen,code05,
2000.0,Prozent,,Weiblich,Nordrhein-Westfalen,code05,
2001.0,Prozent,,Weiblich,Nordrhein-Westfalen,code05,
2002.0,Prozent,,Weiblich,Nordrhein-Westfalen,code05,
2003.0,Prozent,,Weiblich,Nordrhein-Westfalen,code05,
2004.0,Prozent,,Weiblich,Nordrhein-Westfalen,code05,
2005.0,Prozent,,Weiblich,Nordrhein-Westfalen,code05,36.4
2006.0,Prozent,,Weiblich,Nordrhein-Westfalen,code05,38.0
2007.0,Prozent,,Weiblich,Nordrhein-Westfalen,code05,38.4
2008.0,Prozent,,Weiblich,Nordrhein-Westfalen,code05,41.5
2009.0,Prozent,,Weiblich,Nordrhein-Westfalen,code05,42.6
2010.0,Prozent,,Weiblich,Nordrhein-Westfalen,code05,42.1
2011.0,Prozent,,Weiblich,Nordrhein-Westfalen,code05,43.8
2012.0,Prozent,,Weiblich,Nordrhein-Westfalen,code05,46.8
2013.0,Prozent,,Weiblich,Nordrhein-Westfalen,code05,47.4
2014.0,Prozent,,Weiblich,Nordrhein-Westfalen,code05,50.8
2015.0,Prozent,,Weiblich,Nordrhein-Westfalen,code05,52.6
2016.0,Prozent,,Weiblich,Nordrhein-Westfalen,code05,54.2
2017.0,Prozent,,Weiblich,Nordrhein-Westfalen,code05,54.6
2018.0,Prozent,,Weiblich,Nordrhein-Westfalen,code05,55.14
2019.0,Prozent,,Weiblich,Nordrhein-Westfalen,code05,55.34
2020.0,Prozent,,Weiblich,Nordrhein-Westfalen,code05,60.29
2020.0,Prozent,,Weiblich,Nordrhein-Westfalen,code05,
2030.0,Prozent,,,,,
1999.0,Prozent,,Männlich,Nordrhein-Westfalen,code05,
2010.0,Prozent,,Männlich,Nordrhein-Westfalen,code05,40.5
2011.0,Prozent,,Männlich,Nordrhein-Westfalen,code05,40.3
2012.0,Prozent,,Männlich,Nordrhein-Westfalen,code05,42.0
2013.0,Prozent,,Männlich,Nordrhein-Westfalen,code05,42.6
2014.0,Prozent,,Männlich,Nordrhein-Westfalen,code05,44.8
2015.0,Prozent,,Männlich,Nordrhein-Westfalen,code05,44.8
2016.0,Prozent,,Männlich,Nordrhein-Westfalen,code05,46.3
2017.0,Prozent,,Männlich,Nordrhein-Westfalen,code05,47.6
2018.0,Prozent,,Männlich,Nordrhein-Westfalen,code05,46.1
2019.0,Prozent,,Männlich,Nordrhein-Westfalen,code05,46.71
2020.0,Prozent,,Männlich,Nordrhein-Westfalen,code05,48.73
2021.0,Prozent,,Männlich,Nordrhein-Westfalen,code05,
1999.0,Prozent,,Männlich,Nordrhein-Westfalen,code05,
2000.0,Prozent,,Männlich,Nordrhein-Westfalen,code05,
2001.0,Prozent,,Männlich,Nordrhein-Westfalen,code05,
2002.0,Prozent,,Männlich,Nordrhein-Westfalen,code05,
2003.0,Prozent,,Männlich,Nordrhein-Westfalen,code05,
2004.0,Prozent,,Männlich,Nordrhein-Westfalen,code05,
2005.0,Prozent,,Männlich,Nordrhein-Westfalen,code05,37.5
2006.0,Prozent,,Männlich,Nordrhein-Westfalen,code05,37.7
2007.0,Prozent,,Männlich,Nordrhein-Westfalen,code05,39.0
2008.0,Prozent,,Männlich,Nordrhein-Westfalen,code05,40.3
2009.0,Prozent,,Männlich,Nordrhein-Westfalen,code05,40.8
2010.0,Prozent,,Männlich,Nordrhein-Westfalen,code05,40.5
2011.0,Prozent,,Männlich,Nordrhein-Westfalen,code05,40.3
2012.0,Prozent,,Männlich,Nordrhein-Westfalen,code05,42.0
2013.0,Prozent,,Männlich,Nordrhein-Westfalen,code05,42.6
2014.0,Prozent,,Männlich,Nordrhein-Westfalen,code05,44.8
2015.0,Prozent,,Männlich,Nordrhein-Westfalen,code05,44.8
2016.0,Prozent,,Männlich,Nordrhein-Westfalen,code05,46.3
2017.0,Prozent,,Männlich,Nordrhein-Westfalen,code05,47.6
2018.0,Prozent,,Männlich,Nordrhein-Westfalen,code05,46.1
2019.0,Prozent,,Männlich,Nordrhein-Westfalen,code05,46.71
2020.0,Prozent,,Männlich,Nordrhein-Westfalen,code05,48.73
2020.0,Prozent,,Männlich,Nordrhein-Westfalen,code05,
2030.0,Prozent,,,,,
1999.0,Prozent,,,Rheinland-Pfalz,code07,
2010.0,Prozent,,,Rheinland-Pfalz,code07,38.49
2011.0,Prozent,,,Rheinland-Pfalz,code07,39.96
2012.0,Prozent,,,Rheinland-Pfalz,code07,42.26
2013.0,Prozent,,,Rheinland-Pfalz,code07,41.9
2014.0,Prozent,,,Rheinland-Pfalz,code07,43.67
2015.0,Prozent,,,Rheinland-Pfalz,code07,42.58
2016.0,Prozent,,,Rheinland-Pfalz,code07,44.23
2017.0,Prozent,,,Rheinland-Pfalz,code07,44.14
2018.0,Prozent,,,Rheinland-Pfalz,code07,44.58
2019.0,Prozent,,,Rheinland-Pfalz,code07,48.18
2020.0,Prozent,,,Rheinland-Pfalz,code07,50.02
2021.0,Prozent,,,Rheinland-Pfalz,code07,
1999.0,Prozent,,,Rheinland-Pfalz,code07,
2000.0,Prozent,,,Rheinland-Pfalz,code07,
2001.0,Prozent,,,Rheinland-Pfalz,code07,
2002.0,Prozent,,,Rheinland-Pfalz,code07,
2003.0,Prozent,,,Rheinland-Pfalz,code07,
2004.0,Prozent,,,Rheinland-Pfalz,code07,
2005.0,Prozent,,,Rheinland-Pfalz,code07,30.42
2006.0,Prozent,,,Rheinland-Pfalz,code07,31.9
2007.0,Prozent,,,Rheinland-Pfalz,code07,32.9
2008.0,Prozent,,,Rheinland-Pfalz,code07,35.3
2009.0,Prozent,,,Rheinland-Pfalz,code07,36.7
2010.0,Prozent,,,Rheinland-Pfalz,code07,38.49
2011.0,Prozent,,,Rheinland-Pfalz,code07,39.96
2012.0,Prozent,,,Rheinland-Pfalz,code07,42.26
2013.0,Prozent,,,Rheinland-Pfalz,code07,41.9
2014.0,Prozent,,,Rheinland-Pfalz,code07,43.67
2015.0,Prozent,,,Rheinland-Pfalz,code07,42.58
2016.0,Prozent,,,Rheinland-Pfalz,code07,44.23
2017.0,Prozent,,,Rheinland-Pfalz,code07,44.14
2018.0,Prozent,,,Rheinland-Pfalz,code07,44.58
2019.0,Prozent,,,Rheinland-Pfalz,code07,48.18
2020.0,Prozent,,,Rheinland-Pfalz,code07,50.02
2020.0,Prozent,,,Rheinland-Pfalz,code07,
2030.0,Prozent,,,,,
1999.0,Prozent,,Weiblich,Rheinland-Pfalz,code07,
2010.0,Prozent,,Weiblich,Rheinland-Pfalz,code07,37.0
2011.0,Prozent,,Weiblich,Rheinland-Pfalz,code07,40.9
2012.0,Prozent,,Weiblich,Rheinland-Pfalz,code07,42.3
2013.0,Prozent,,Weiblich,Rheinland-Pfalz,code07,42.2
2014.0,Prozent,,Weiblich,Rheinland-Pfalz,code07,45.6
2015.0,Prozent,,Weiblich,Rheinland-Pfalz,code07,44.6
2016.0,Prozent,,Weiblich,Rheinland-Pfalz,code07,46.6
2017.0,Prozent,,Weiblich,Rheinland-Pfalz,code07,47.9
2018.0,Prozent,,Weiblich,Rheinland-Pfalz,code07,46.72
2019.0,Prozent,,Weiblich,Rheinland-Pfalz,code07,51.27
2020.0,Prozent,,Weiblich,Rheinland-Pfalz,code07,53.55
2021.0,Prozent,,Weiblich,Rheinland-Pfalz,code07,
1999.0,Prozent,,Weiblich,Rheinland-Pfalz,code07,
2000.0,Prozent,,Weiblich,Rheinland-Pfalz,code07,
2001.0,Prozent,,Weiblich,Rheinland-Pfalz,code07,
2002.0,Prozent,,Weiblich,Rheinland-Pfalz,code07,
2003.0,Prozent,,Weiblich,Rheinland-Pfalz,code07,
2004.0,Prozent,,Weiblich,Rheinland-Pfalz,code07,
2005.0,Prozent,,Weiblich,Rheinland-Pfalz,code07,26.6
2006.0,Prozent,,Weiblich,Rheinland-Pfalz,code07,29.3
2007.0,Prozent,,Weiblich,Rheinland-Pfalz,code07,31.8
2008.0,Prozent,,Weiblich,Rheinland-Pfalz,code07,35.1
2009.0,Prozent,,Weiblich,Rheinland-Pfalz,code07,37.0
2010.0,Prozent,,Weiblich,Rheinland-Pfalz,code07,37.0
2011.0,Prozent,,Weiblich,Rheinland-Pfalz,code07,40.9
2012.0,Prozent,,Weiblich,Rheinland-Pfalz,code07,42.3
2013.0,Prozent,,Weiblich,Rheinland-Pfalz,code07,42.2
2014.0,Prozent,,Weiblich,Rheinland-Pfalz,code07,45.6
2015.0,Prozent,,Weiblich,Rheinland-Pfalz,code07,44.6
2016.0,Prozent,,Weiblich,Rheinland-Pfalz,code07,46.6
2017.0,Prozent,,Weiblich,Rheinland-Pfalz,code07,47.9
2018.0,Prozent,,Weiblich,Rheinland-Pfalz,code07,46.72
2019.0,Prozent,,Weiblich,Rheinland-Pfalz,code07,51.27
2020.0,Prozent,,Weiblich,Rheinland-Pfalz,code07,53.55
2020.0,Prozent,,Weiblich,Rheinland-Pfalz,code07,
2030.0,Prozent,,,,,
1999.0,Prozent,,Männlich,Rheinland-Pfalz,code07,
2010.0,Prozent,,Männlich,Rheinland-Pfalz,code07,40.1
2011.0,Prozent,,Männlich,Rheinland-Pfalz,code07,39.0
2012.0,Prozent,,Männlich,Rheinland-Pfalz,code07,42.2
2013.0,Prozent,,Männlich,Rheinland-Pfalz,code07,41.7
2014.0,Prozent,,Männlich,Rheinland-Pfalz,code07,41.6
2015.0,Prozent,,Männlich,Rheinland-Pfalz,code07,40.6
2016.0,Prozent,,Männlich,Rheinland-Pfalz,code07,41.9
2017.0,Prozent,,Männlich,Rheinland-Pfalz,code07,40.4
2018.0,Prozent,,Männlich,Rheinland-Pfalz,code07,42.47
2019.0,Prozent,,Männlich,Rheinland-Pfalz,code07,45.23
2020.0,Prozent,,Männlich,Rheinland-Pfalz,code07,46.46
2021.0,Prozent,,Männlich,Rheinland-Pfalz,code07,
1999.0,Prozent,,Männlich,Rheinland-Pfalz,code07,
2000.0,Prozent,,Männlich,Rheinland-Pfalz,code07,
2001.0,Prozent,,Männlich,Rheinland-Pfalz,code07,
2002.0,Prozent,,Männlich,Rheinland-Pfalz,code07,
2003.0,Prozent,,Männlich,Rheinland-Pfalz,code07,
2004.0,Prozent,,Männlich,Rheinland-Pfalz,code07,
2005.0,Prozent,,Männlich,Rheinland-Pfalz,code07,34.6
2006.0,Prozent,,Männlich,Rheinland-Pfalz,code07,34.7
2007.0,Prozent,,Männlich,Rheinland-Pfalz,code07,34.0
2008.0,Prozent,,Männlich,Rheinland-Pfalz,code07,35.5
2009.0,Prozent,,Männlich,Rheinland-Pfalz,code07,36.3
2010.0,Prozent,,Männlich,Rheinland-Pfalz,code07,40.1
2011.0,Prozent,,Männlich,Rheinland-Pfalz,code07,39.0
2012.0,Prozent,,Männlich,Rheinland-Pfalz,code07,42.2
2013.0,Prozent,,Männlich,Rheinland-Pfalz,code07,41.7
2014.0,Prozent,,Männlich,Rheinland-Pfalz,code07,41.6
2015.0,Prozent,,Männlich,Rheinland-Pfalz,code07,40.6
2016.0,Prozent,,Männlich,Rheinland-Pfalz,code07,41.9
2017.0,Prozent,,Männlich,Rheinland-Pfalz,code07,40.4
2018.0,Prozent,,Männlich,Rheinland-Pfalz,code07,42.47
2019.0,Prozent,,Männlich,Rheinland-Pfalz,code07,45.23
2020.0,Prozent,,Männlich,Rheinland-Pfalz,code07,46.46
2020.0,Prozent,,Männlich,Rheinland-Pfalz,code07,
2030.0,Prozent,,,,,
1999.0,Prozent,,,Saarland,code10,
2010.0,Prozent,,,Saarland,code10,32.86
2011.0,Prozent,,,Saarland,code10,34.78
2012.0,Prozent,,,Saarland,code10,38.26
2013.0,Prozent,,,Saarland,code10,35.69
2014.0,Prozent,,,Saarland,code10,35.75
2015.0,Prozent,,,Saarland,code10,40.2
2016.0,Prozent,,,Saarland,code10,41.4
2017.0,Prozent,,,Saarland,code10,39.83
2018.0,Prozent,,,Saarland,code10,44.6
2019.0,Prozent,,,Saarland,code10,47.73
2020.0,Prozent,,,Saarland,code10,55.3
2021.0,Prozent,,,Saarland,code10,
1999.0,Prozent,,,Saarland,code10,
2000.0,Prozent,,,Saarland,code10,
2001.0,Prozent,,,Saarland,code10,
2002.0,Prozent,,,Saarland,code10,
2003.0,Prozent,,,Saarland,code10,
2004.0,Prozent,,,Saarland,code10,
2005.0,Prozent,,,Saarland,code10,32.67
2006.0,Prozent,,,Saarland,code10,35.0
2007.0,Prozent,,,Saarland,code10,32.4
2008.0,Prozent,,,Saarland,code10,36.2
2009.0,Prozent,,,Saarland,code10,37.2
2010.0,Prozent,,,Saarland,code10,32.86
2011.0,Prozent,,,Saarland,code10,34.78
2012.0,Prozent,,,Saarland,code10,38.26
2013.0,Prozent,,,Saarland,code10,35.69
2014.0,Prozent,,,Saarland,code10,35.75
2015.0,Prozent,,,Saarland,code10,40.2
2016.0,Prozent,,,Saarland,code10,41.4
2017.0,Prozent,,,Saarland,code10,39.83
2018.0,Prozent,,,Saarland,code10,44.6
2019.0,Prozent,,,Saarland,code10,47.73
2020.0,Prozent,,,Saarland,code10,55.3
2020.0,Prozent,,,Saarland,code10,
2030.0,Prozent,,,,,
1999.0,Prozent,,Weiblich,Saarland,code10,
2010.0,Prozent,,Weiblich,Saarland,code10,36.8
2011.0,Prozent,,Weiblich,Saarland,code10,38.7
2012.0,Prozent,,Weiblich,Saarland,code10,42.2
2013.0,Prozent,,Weiblich,Saarland,code10,39.9
2014.0,Prozent,,Weiblich,Saarland,code10,35.8
2015.0,Prozent,,Weiblich,Saarland,code10,41.3
2016.0,Prozent,,Weiblich,Saarland,code10,37.9
2017.0,Prozent,,Weiblich,Saarland,code10,40.4
2018.0,Prozent,,Weiblich,Saarland,code10,49.16
2019.0,Prozent,,Weiblich,Saarland,code10,54.21
2020.0,Prozent,,Weiblich,Saarland,code10,65.87
2021.0,Prozent,,Weiblich,Saarland,code10,
1999.0,Prozent,,Weiblich,Saarland,code10,
2000.0,Prozent,,Weiblich,Saarland,code10,
2001.0,Prozent,,Weiblich,Saarland,code10,
2002.0,Prozent,,Weiblich,Saarland,code10,
2003.0,Prozent,,Weiblich,Saarland,code10,
2004.0,Prozent,,Weiblich,Saarland,code10,
2005.0,Prozent,,Weiblich,Saarland,code10,32.8
2006.0,Prozent,,Weiblich,Saarland,code10,35.0
2007.0,Prozent,,Weiblich,Saarland,code10,33.0
2008.0,Prozent,,Weiblich,Saarland,code10,37.2
2009.0,Prozent,,Weiblich,Saarland,code10,40.2
2010.0,Prozent,,Weiblich,Saarland,code10,36.8
2011.0,Prozent,,Weiblich,Saarland,code10,38.7
2012.0,Prozent,,Weiblich,Saarland,code10,42.2
2013.0,Prozent,,Weiblich,Saarland,code10,39.9
2014.0,Prozent,,Weiblich,Saarland,code10,35.8
2015.0,Prozent,,Weiblich,Saarland,code10,41.3
2016.0,Prozent,,Weiblich,Saarland,code10,37.9
2017.0,Prozent,,Weiblich,Saarland,code10,40.4
2018.0,Prozent,,Weiblich,Saarland,code10,49.16
2019.0,Prozent,,Weiblich,Saarland,code10,54.21
2020.0,Prozent,,Weiblich,Saarland,code10,65.87
2020.0,Prozent,,Weiblich,Saarland,code10,
2030.0,Prozent,,,,,
1999.0,Prozent,,Männlich,Saarland,code10,
2010.0,Prozent,,Männlich,Saarland,code10,28.8
2011.0,Prozent,,Männlich,Saarland,code10,30.8
2012.0,Prozent,,Männlich,Saarland,code10,34.7
2013.0,Prozent,,Männlich,Saarland,code10,32.3
2014.0,Prozent,,Männlich,Saarland,code10,35.8
2015.0,Prozent,,Männlich,Saarland,code10,39.2
2016.0,Prozent,,Männlich,Saarland,code10,44.4
2017.0,Prozent,,Männlich,Saarland,code10,39.4
2018.0,Prozent,,Männlich,Saarland,code10,40.81
2019.0,Prozent,,Männlich,Saarland,code10,41.48
2020.0,Prozent,,Männlich,Saarland,code10,44.2
2021.0,Prozent,,Männlich,Saarland,code10,
1999.0,Prozent,,Männlich,Saarland,code10,
2000.0,Prozent,,Männlich,Saarland,code10,
2001.0,Prozent,,Männlich,Saarland,code10,
2002.0,Prozent,,Männlich,Saarland,code10,
2003.0,Prozent,,Männlich,Saarland,code10,
2004.0,Prozent,,Männlich,Saarland,code10,
2005.0,Prozent,,Männlich,Saarland,code10,32.5
2006.0,Prozent,,Männlich,Saarland,code10,35.0
2007.0,Prozent,,Männlich,Saarland,code10,31.7
2008.0,Prozent,,Männlich,Saarland,code10,35.1
2009.0,Prozent,,Männlich,Saarland,code10,34.2
2010.0,Prozent,,Männlich,Saarland,code10,28.8
2011.0,Prozent,,Männlich,Saarland,code10,30.8
2012.0,Prozent,,Männlich,Saarland,code10,34.7
2013.0,Prozent,,Männlich,Saarland,code10,32.3
2014.0,Prozent,,Männlich,Saarland,code10,35.8
2015.0,Prozent,,Männlich,Saarland,code10,39.2
2016.0,Prozent,,Männlich,Saarland,code10,44.4
2017.0,Prozent,,Männlich,Saarland,code10,39.4
2018.0,Prozent,,Männlich,Saarland,code10,40.81
2019.0,Prozent,,Männlich,Saarland,code10,41.48
2020.0,Prozent,,Männlich,Saarland,code10,44.2
2020.0,Prozent,,Männlich,Saarland,code10,
2030.0,Prozent,,,,,
1999.0,Prozent,,,Sachsen,code14,
2010.0,Prozent,,,Sachsen,code14,46.36
2011.0,Prozent,,,Sachsen,code14,44.03
2012.0,Prozent,,,Sachsen,code14,42.67
2013.0,Prozent,,,Sachsen,code14,45.8
2014.0,Prozent,,,Sachsen,code14,46.18
2015.0,Prozent,,,Sachsen,code14,48.27
2016.0,Prozent,,,Sachsen,code14,46.22
2017.0,Prozent,,,Sachsen,code14,48.01
2018.0,Prozent,,,Sachsen,code14,49.18
2019.0,Prozent,,,Sachsen,code14,50.72
2020.0,Prozent,,,Sachsen,code14,51.6
2021.0,Prozent,,,Sachsen,code14,
1999.0,Prozent,,,Sachsen,code14,
2000.0,Prozent,,,Sachsen,code14,
2001.0,Prozent,,,Sachsen,code14,
2002.0,Prozent,,,Sachsen,code14,
2003.0,Prozent,,,Sachsen,code14,
2004.0,Prozent,,,Sachsen,code14,
2005.0,Prozent,,,Sachsen,code14,37.89
2006.0,Prozent,,,Sachsen,code14,40.6
2007.0,Prozent,,,Sachsen,code14,44.3
2008.0,Prozent,,,Sachsen,code14,44.4
2009.0,Prozent,,,Sachsen,code14,46.0
2010.0,Prozent,,,Sachsen,code14,46.36
2011.0,Prozent,,,Sachsen,code14,44.03
2012.0,Prozent,,,Sachsen,code14,42.67
2013.0,Prozent,,,Sachsen,code14,45.8
2014.0,Prozent,,,Sachsen,code14,46.18
2015.0,Prozent,,,Sachsen,code14,48.27
2016.0,Prozent,,,Sachsen,code14,46.22
2017.0,Prozent,,,Sachsen,code14,48.01
2018.0,Prozent,,,Sachsen,code14,49.18
2019.0,Prozent,,,Sachsen,code14,50.72
2020.0,Prozent,,,Sachsen,code14,51.6
2020.0,Prozent,,,Sachsen,code14,
2030.0,Prozent,,,,,
1999.0,Prozent,,Weiblich,Sachsen,code14,
2010.0,Prozent,,Weiblich,Sachsen,code14,55.0
2011.0,Prozent,,Weiblich,Sachsen,code14,53.1
2012.0,Prozent,,Weiblich,Sachsen,code14,50.5
2013.0,Prozent,,Weiblich,Sachsen,code14,55.4
2014.0,Prozent,,Weiblich,Sachsen,code14,54.3
2015.0,Prozent,,Weiblich,Sachsen,code14,56.3
2016.0,Prozent,,Weiblich,Sachsen,code14,54.9
2017.0,Prozent,,Weiblich,Sachsen,code14,56.9
2018.0,Prozent,,Weiblich,Sachsen,code14,57.38
2019.0,Prozent,,Weiblich,Sachsen,code14,59.76
2020.0,Prozent,,Weiblich,Sachsen,code14,58.95
2021.0,Prozent,,Weiblich,Sachsen,code14,
1999.0,Prozent,,Weiblich,Sachsen,code14,
2000.0,Prozent,,Weiblich,Sachsen,code14,
2001.0,Prozent,,Weiblich,Sachsen,code14,
2002.0,Prozent,,Weiblich,Sachsen,code14,
2003.0,Prozent,,Weiblich,Sachsen,code14,
2004.0,Prozent,,Weiblich,Sachsen,code14,
2005.0,Prozent,,Weiblich,Sachsen,code14,42.1
2006.0,Prozent,,Weiblich,Sachsen,code14,48.2
2007.0,Prozent,,Weiblich,Sachsen,code14,52.4
2008.0,Prozent,,Weiblich,Sachsen,code14,52.4
2009.0,Prozent,,Weiblich,Sachsen,code14,55.4
2010.0,Prozent,,Weiblich,Sachsen,code14,55.0
2011.0,Prozent,,Weiblich,Sachsen,code14,53.1
2012.0,Prozent,,Weiblich,Sachsen,code14,50.5
2013.0,Prozent,,Weiblich,Sachsen,code14,55.4
2014.0,Prozent,,Weiblich,Sachsen,code14,54.3
2015.0,Prozent,,Weiblich,Sachsen,code14,56.3
2016.0,Prozent,,Weiblich,Sachsen,code14,54.9
2017.0,Prozent,,Weiblich,Sachsen,code14,56.9
2018.0,Prozent,,Weiblich,Sachsen,code14,57.38
2019.0,Prozent,,Weiblich,Sachsen,code14,59.76
2020.0,Prozent,,Weiblich,Sachsen,code14,58.95
2020.0,Prozent,,Weiblich,Sachsen,code14,
2030.0,Prozent,,,,,
1999.0,Prozent,,Männlich,Sachsen,code14,
2010.0,Prozent,,Männlich,Sachsen,code14,38.6
2011.0,Prozent,,Männlich,Sachsen,code14,36.2
2012.0,Prozent,,Männlich,Sachsen,code14,36.0
2013.0,Prozent,,Männlich,Sachsen,code14,37.8
2014.0,Prozent,,Männlich,Sachsen,code14,39.1
2015.0,Prozent,,Männlich,Sachsen,code14,41.0
2016.0,Prozent,,Männlich,Sachsen,code14,38.4
2017.0,Prozent,,Männlich,Sachsen,code14,39.9
2018.0,Prozent,,Männlich,Sachsen,code14,41.56
2019.0,Prozent,,Männlich,Sachsen,code14,41.69
2020.0,Prozent,,Männlich,Sachsen,code14,44.42
2021.0,Prozent,,Männlich,Sachsen,code14,
1999.0,Prozent,,Männlich,Sachsen,code14,
2000.0,Prozent,,Männlich,Sachsen,code14,
2001.0,Prozent,,Männlich,Sachsen,code14,
2002.0,Prozent,,Männlich,Sachsen,code14,
2003.0,Prozent,,Männlich,Sachsen,code14,
2004.0,Prozent,,Männlich,Sachsen,code14,
2005.0,Prozent,,Männlich,Sachsen,code14,34.3
2006.0,Prozent,,Männlich,Sachsen,code14,34.0
2007.0,Prozent,,Männlich,Sachsen,code14,37.3
2008.0,Prozent,,Männlich,Sachsen,code14,37.8
2009.0,Prozent,,Männlich,Sachsen,code14,37.8
2010.0,Prozent,,Männlich,Sachsen,code14,38.6
2011.0,Prozent,,Männlich,Sachsen,code14,36.2
2012.0,Prozent,,Männlich,Sachsen,code14,36.0
2013.0,Prozent,,Männlich,Sachsen,code14,37.8
2014.0,Prozent,,Männlich,Sachsen,code14,39.1
2015.0,Prozent,,Männlich,Sachsen,code14,41.0
2016.0,Prozent,,Männlich,Sachsen,code14,38.4
2017.0,Prozent,,Männlich,Sachsen,code14,39.9
2018.0,Prozent,,Männlich,Sachsen,code14,41.56
2019.0,Prozent,,Männlich,Sachsen,code14,41.69
2020.0,Prozent,,Männlich,Sachsen,code14,44.42
2020.0,Prozent,,Männlich,Sachsen,code14,
2030.0,Prozent,,,,,
1999.0,Prozent,,,Sachsen-Anhalt,code15,
2010.0,Prozent,,,Sachsen-Anhalt,code15,32.16
2011.0,Prozent,,,Sachsen-Anhalt,code15,31.44
2012.0,Prozent,,,Sachsen-Anhalt,code15,30.9
2013.0,Prozent,,,Sachsen-Anhalt,code15,30.62
2014.0,Prozent,,,Sachsen-Anhalt,code15,32.35
2015.0,Prozent,,,Sachsen-Anhalt,code15,34.21
2016.0,Prozent,,,Sachsen-Anhalt,code15,33.41
2017.0,Prozent,,,Sachsen-Anhalt,code15,35.82
2018.0,Prozent,,,Sachsen-Anhalt,code15,38.58
2019.0,Prozent,,,Sachsen-Anhalt,code15,36.57
2020.0,Prozent,,,Sachsen-Anhalt,code15,39.88
2021.0,Prozent,,,Sachsen-Anhalt,code15,
1999.0,Prozent,,,Sachsen-Anhalt,code15,
2000.0,Prozent,,,Sachsen-Anhalt,code15,
2001.0,Prozent,,,Sachsen-Anhalt,code15,
2002.0,Prozent,,,Sachsen-Anhalt,code15,
2003.0,Prozent,,,Sachsen-Anhalt,code15,
2004.0,Prozent,,,Sachsen-Anhalt,code15,
2005.0,Prozent,,,Sachsen-Anhalt,code15,27.9
2006.0,Prozent,,,Sachsen-Anhalt,code15,28.4
2007.0,Prozent,,,Sachsen-Anhalt,code15,27.0
2008.0,Prozent,,,Sachsen-Anhalt,code15,30.3
2009.0,Prozent,,,Sachsen-Anhalt,code15,32.3
2010.0,Prozent,,,Sachsen-Anhalt,code15,32.16
2011.0,Prozent,,,Sachsen-Anhalt,code15,31.44
2012.0,Prozent,,,Sachsen-Anhalt,code15,30.9
2013.0,Prozent,,,Sachsen-Anhalt,code15,30.62
2014.0,Prozent,,,Sachsen-Anhalt,code15,32.35
2015.0,Prozent,,,Sachsen-Anhalt,code15,34.21
2016.0,Prozent,,,Sachsen-Anhalt,code15,33.41
2017.0,Prozent,,,Sachsen-Anhalt,code15,35.82
2018.0,Prozent,,,Sachsen-Anhalt,code15,38.58
2019.0,Prozent,,,Sachsen-Anhalt,code15,36.57
2020.0,Prozent,,,Sachsen-Anhalt,code15,39.88
2020.0,Prozent,,,Sachsen-Anhalt,code15,
2030.0,Prozent,,,,,
1999.0,Prozent,,Weiblich,Sachsen-Anhalt,code15,
2010.0,Prozent,,Weiblich,Sachsen-Anhalt,code15,37.1
2011.0,Prozent,,Weiblich,Sachsen-Anhalt,code15,37.2
2012.0,Prozent,,Weiblich,Sachsen-Anhalt,code15,36.3
2013.0,Prozent,,Weiblich,Sachsen-Anhalt,code15,36.5
2014.0,Prozent,,Weiblich,Sachsen-Anhalt,code15,38.9
2015.0,Prozent,,Weiblich,Sachsen-Anhalt,code15,39.8
2016.0,Prozent,,Weiblich,Sachsen-Anhalt,code15,41.5
2017.0,Prozent,,Weiblich,Sachsen-Anhalt,code15,41.2
2018.0,Prozent,,Weiblich,Sachsen-Anhalt,code15,44.33
2019.0,Prozent,,Weiblich,Sachsen-Anhalt,code15,41.27
2020.0,Prozent,,Weiblich,Sachsen-Anhalt,code15,50.36
2021.0,Prozent,,Weiblich,Sachsen-Anhalt,code15,
1999.0,Prozent,,Weiblich,Sachsen-Anhalt,code15,
2000.0,Prozent,,Weiblich,Sachsen-Anhalt,code15,
2001.0,Prozent,,Weiblich,Sachsen-Anhalt,code15,
2002.0,Prozent,,Weiblich,Sachsen-Anhalt,code15,
2003.0,Prozent,,Weiblich,Sachsen-Anhalt,code15,
2004.0,Prozent,,Weiblich,Sachsen-Anhalt,code15,
2005.0,Prozent,,Weiblich,Sachsen-Anhalt,code15,31.2
2006.0,Prozent,,Weiblich,Sachsen-Anhalt,code15,32.1
2007.0,Prozent,,Weiblich,Sachsen-Anhalt,code15,34.2
2008.0,Prozent,,Weiblich,Sachsen-Anhalt,code15,36.6
2009.0,Prozent,,Weiblich,Sachsen-Anhalt,code15,36.9
2010.0,Prozent,,Weiblich,Sachsen-Anhalt,code15,37.1
2011.0,Prozent,,Weiblich,Sachsen-Anhalt,code15,37.2
2012.0,Prozent,,Weiblich,Sachsen-Anhalt,code15,36.3
2013.0,Prozent,,Weiblich,Sachsen-Anhalt,code15,36.5
2014.0,Prozent,,Weiblich,Sachsen-Anhalt,code15,38.9
2015.0,Prozent,,Weiblich,Sachsen-Anhalt,code15,39.8
2016.0,Prozent,,Weiblich,Sachsen-Anhalt,code15,41.5
2017.0,Prozent,,Weiblich,Sachsen-Anhalt,code15,41.2
2018.0,Prozent,,Weiblich,Sachsen-Anhalt,code15,44.33
2019.0,Prozent,,Weiblich,Sachsen-Anhalt,code15,41.27
2020.0,Prozent,,Weiblich,Sachsen-Anhalt,code15,50.36
2020.0,Prozent,,Weiblich,Sachsen-Anhalt,code15,
2030.0,Prozent,,,,,
1999.0,Prozent,,Männlich,Sachsen-Anhalt,code15,
2010.0,Prozent,,Männlich,Sachsen-Anhalt,code15,27.5
2011.0,Prozent,,Männlich,Sachsen-Anhalt,code15,26.2
2012.0,Prozent,,Männlich,Sachsen-Anhalt,code15,25.9
2013.0,Prozent,,Männlich,Sachsen-Anhalt,code15,25.6
2014.0,Prozent,,Männlich,Sachsen-Anhalt,code15,26.5
2015.0,Prozent,,Männlich,Sachsen-Anhalt,code15,29.6
2016.0,Prozent,,Männlich,Sachsen-Anhalt,code15,26.4
2017.0,Prozent,,Männlich,Sachsen-Anhalt,code15,30.8
2018.0,Prozent,,Männlich,Sachsen-Anhalt,code15,32.81
2019.0,Prozent,,Männlich,Sachsen-Anhalt,code15,32.34
2020.0,Prozent,,Männlich,Sachsen-Anhalt,code15,30.51
2021.0,Prozent,,Männlich,Sachsen-Anhalt,code15,
1999.0,Prozent,,Männlich,Sachsen-Anhalt,code15,
2000.0,Prozent,,Männlich,Sachsen-Anhalt,code15,
2001.0,Prozent,,Männlich,Sachsen-Anhalt,code15,
2002.0,Prozent,,Männlich,Sachsen-Anhalt,code15,
2003.0,Prozent,,Männlich,Sachsen-Anhalt,code15,
2004.0,Prozent,,Männlich,Sachsen-Anhalt,code15,
2005.0,Prozent,,Männlich,Sachsen-Anhalt,code15,25.2
2006.0,Prozent,,Männlich,Sachsen-Anhalt,code15,24.9
2007.0,Prozent,,Männlich,Sachsen-Anhalt,code15,20.8
2008.0,Prozent,,Männlich,Sachsen-Anhalt,code15,24.7
2009.0,Prozent,,Männlich,Sachsen-Anhalt,code15,27.9
2010.0,Prozent,,Männlich,Sachsen-Anhalt,code15,27.5
2011.0,Prozent,,Männlich,Sachsen-Anhalt,code15,26.2
2012.0,Prozent,,Männlich,Sachsen-Anhalt,code15,25.9
2013.0,Prozent,,Männlich,Sachsen-Anhalt,code15,25.6
2014.0,Prozent,,Männlich,Sachsen-Anhalt,code15,26.5
2015.0,Prozent,,Männlich,Sachsen-Anhalt,code15,29.6
2016.0,Prozent,,Männlich,Sachsen-Anhalt,code15,26.4
2017.0,Prozent,,Männlich,Sachsen-Anhalt,code15,30.8
2018.0,Prozent,,Männlich,Sachsen-Anhalt,code15,32.81
2019.0,Prozent,,Männlich,Sachsen-Anhalt,code15,32.34
2020.0,Prozent,,Männlich,Sachsen-Anhalt,code15,30.51
2020.0,Prozent,,Männlich,Sachsen-Anhalt,code15,
2030.0,Prozent,,,,,
1999.0,Prozent,,,Schleswig-Holstein,code01,
2010.0,Prozent,,,Schleswig-Holstein,code01,35.78
2011.0,Prozent,,,Schleswig-Holstein,code01,40.39
2012.0,Prozent,,,Schleswig-Holstein,code01,37.28
2013.0,Prozent,,,Schleswig-Holstein,code01,38.19
2014.0,Prozent,,,Schleswig-Holstein,code01,38.89
2015.0,Prozent,,,Schleswig-Holstein,code01,39.66
2016.0,Prozent,,,Schleswig-Holstein,code01,40.06
2017.0,Prozent,,,Schleswig-Holstein,code01,42.43
2018.0,Prozent,,,Schleswig-Holstein,code01,43.39
2019.0,Prozent,,,Schleswig-Holstein,code01,43.43
2020.0,Prozent,,,Schleswig-Holstein,code01,43.4
2021.0,Prozent,,,Schleswig-Holstein,code01,
1999.0,Prozent,,,Schleswig-Holstein,code01,
2000.0,Prozent,,,Schleswig-Holstein,code01,
2001.0,Prozent,,,Schleswig-Holstein,code01,
2002.0,Prozent,,,Schleswig-Holstein,code01,
2003.0,Prozent,,,Schleswig-Holstein,code01,
2004.0,Prozent,,,Schleswig-Holstein,code01,
2005.0,Prozent,,,Schleswig-Holstein,code01,32.52
2006.0,Prozent,,,Schleswig-Holstein,code01,30.6
2007.0,Prozent,,,Schleswig-Holstein,code01,31.8
2008.0,Prozent,,,Schleswig-Holstein,code01,32.1
2009.0,Prozent,,,Schleswig-Holstein,code01,34.6
2010.0,Prozent,,,Schleswig-Holstein,code01,35.78
2011.0,Prozent,,,Schleswig-Holstein,code01,40.39
2012.0,Prozent,,,Schleswig-Holstein,code01,37.28
2013.0,Prozent,,,Schleswig-Holstein,code01,38.19
2014.0,Prozent,,,Schleswig-Holstein,code01,38.89
2015.0,Prozent,,,Schleswig-Holstein,code01,39.66
2016.0,Prozent,,,Schleswig-Holstein,code01,40.06
2017.0,Prozent,,,Schleswig-Holstein,code01,42.43
2018.0,Prozent,,,Schleswig-Holstein,code01,43.39
2019.0,Prozent,,,Schleswig-Holstein,code01,43.43
2020.0,Prozent,,,Schleswig-Holstein,code01,43.4
2020.0,Prozent,,,Schleswig-Holstein,code01,
2030.0,Prozent,,,,,
1999.0,Prozent,,Weiblich,Schleswig-Holstein,code01,
2010.0,Prozent,,Weiblich,Schleswig-Holstein,code01,36.7
2011.0,Prozent,,Weiblich,Schleswig-Holstein,code01,41.7
2012.0,Prozent,,Weiblich,Schleswig-Holstein,code01,39.2
2013.0,Prozent,,Weiblich,Schleswig-Holstein,code01,40.7
2014.0,Prozent,,Weiblich,Schleswig-Holstein,code01,40.7
2015.0,Prozent,,Weiblich,Schleswig-Holstein,code01,43.9
2016.0,Prozent,,Weiblich,Schleswig-Holstein,code01,42.9
2017.0,Prozent,,Weiblich,Schleswig-Holstein,code01,47.0
2018.0,Prozent,,Weiblich,Schleswig-Holstein,code01,49.13
2019.0,Prozent,,Weiblich,Schleswig-Holstein,code01,45.8
2020.0,Prozent,,Weiblich,Schleswig-Holstein,code01,43.4
2021.0,Prozent,,Weiblich,Schleswig-Holstein,code01,
1999.0,Prozent,,Weiblich,Schleswig-Holstein,code01,
2000.0,Prozent,,Weiblich,Schleswig-Holstein,code01,
2001.0,Prozent,,Weiblich,Schleswig-Holstein,code01,
2002.0,Prozent,,Weiblich,Schleswig-Holstein,code01,
2003.0,Prozent,,Weiblich,Schleswig-Holstein,code01,
2004.0,Prozent,,Weiblich,Schleswig-Holstein,code01,
2005.0,Prozent,,Weiblich,Schleswig-Holstein,code01,32.1
2006.0,Prozent,,Weiblich,Schleswig-Holstein,code01,30.9
2007.0,Prozent,,Weiblich,Schleswig-Holstein,code01,31.2
2008.0,Prozent,,Weiblich,Schleswig-Holstein,code01,32.7
2009.0,Prozent,,Weiblich,Schleswig-Holstein,code01,35.8
2010.0,Prozent,,Weiblich,Schleswig-Holstein,code01,36.7
2011.0,Prozent,,Weiblich,Schleswig-Holstein,code01,41.7
2012.0,Prozent,,Weiblich,Schleswig-Holstein,code01,39.2
2013.0,Prozent,,Weiblich,Schleswig-Holstein,code01,40.7
2014.0,Prozent,,Weiblich,Schleswig-Holstein,code01,40.7
2015.0,Prozent,,Weiblich,Schleswig-Holstein,code01,43.9
2016.0,Prozent,,Weiblich,Schleswig-Holstein,code01,42.9
2017.0,Prozent,,Weiblich,Schleswig-Holstein,code01,47.0
2018.0,Prozent,,Weiblich,Schleswig-Holstein,code01,49.13
2019.0,Prozent,,Weiblich,Schleswig-Holstein,code01,45.8
2020.0,Prozent,,Weiblich,Schleswig-Holstein,code01,43.4
2020.0,Prozent,,Weiblich,Schleswig-Holstein,code01,
2030.0,Prozent,,,,,
1999.0,Prozent,,Männlich,Schleswig-Holstein,code01,
2010.0,Prozent,,Männlich,Schleswig-Holstein,code01,34.9
2011.0,Prozent,,Männlich,Schleswig-Holstein,code01,39.0
2012.0,Prozent,,Männlich,Schleswig-Holstein,code01,35.3
2013.0,Prozent,,Männlich,Schleswig-Holstein,code01,35.4
2014.0,Prozent,,Männlich,Schleswig-Holstein,code01,37.0
2015.0,Prozent,,Männlich,Schleswig-Holstein,code01,35.5
2016.0,Prozent,,Männlich,Schleswig-Holstein,code01,37.4
2017.0,Prozent,,Männlich,Schleswig-Holstein,code01,37.9
2018.0,Prozent,,Männlich,Schleswig-Holstein,code01,37.78
2019.0,Prozent,,Männlich,Schleswig-Holstein,code01,41.15
2020.0,Prozent,,Männlich,Schleswig-Holstein,code01,43.4
2021.0,Prozent,,Männlich,Schleswig-Holstein,code01,
1999.0,Prozent,,Männlich,Schleswig-Holstein,code01,
2000.0,Prozent,,Männlich,Schleswig-Holstein,code01,
2001.0,Prozent,,Männlich,Schleswig-Holstein,code01,
2002.0,Prozent,,Männlich,Schleswig-Holstein,code01,
2003.0,Prozent,,Männlich,Schleswig-Holstein,code01,
2004.0,Prozent,,Männlich,Schleswig-Holstein,code01,
2005.0,Prozent,,Männlich,Schleswig-Holstein,code01,33.0
2006.0,Prozent,,Männlich,Schleswig-Holstein,code01,30.3
2007.0,Prozent,,Männlich,Schleswig-Holstein,code01,32.5
2008.0,Prozent,,Männlich,Schleswig-Holstein,code01,31.3
2009.0,Prozent,,Männlich,Schleswig-Holstein,code01,33.4
2010.0,Prozent,,Männlich,Schleswig-Holstein,code01,34.9
2011.0,Prozent,,Männlich,Schleswig-Holstein,code01,39.0
2012.0,Prozent,,Männlich,Schleswig-Holstein,code01,35.3
2013.0,Prozent,,Männlich,Schleswig-Holstein,code01,35.4
2014.0,Prozent,,Männlich,Schleswig-Holstein,code01,37.0
2015.0,Prozent,,Männlich,Schleswig-Holstein,code01,35.5
2016.0,Prozent,,Männlich,Schleswig-Holstein,code01,37.4
2017.0,Prozent,,Männlich,Schleswig-Holstein,code01,37.9
2018.0,Prozent,,Männlich,Schleswig-Holstein,code01,37.78
2019.0,Prozent,,Männlich,Schleswig-Holstein,code01,41.15
2020.0,Prozent,,Männlich,Schleswig-Holstein,code01,43.4
2020.0,Prozent,,Männlich,Schleswig-Holstein,code01,
2030.0,Prozent,,,,,
1999.0,Prozent,,,Thüringen,code16,
2010.0,Prozent,,,Thüringen,code16,36.4
2011.0,Prozent,,,Thüringen,code16,37.2
2012.0,Prozent,,,Thüringen,code16,39.1
2013.0,Prozent,,,Thüringen,code16,39.8
2014.0,Prozent,,,Thüringen,code16,37.6
2015.0,Prozent,,,Thüringen,code16,36.89
2016.0,Prozent,,,Thüringen,code16,40.28
2017.0,Prozent,,,Thüringen,code16,40.68
2018.0,Prozent,,,Thüringen,code16,44.57
2019.0,Prozent,,,Thüringen,code16,44.77
2020.0,Prozent,,,Thüringen,code16,43.4
2021.0,Prozent,,,Thüringen,code16,
1999.0,Prozent,,,Thüringen,code16,
2000.0,Prozent,,,Thüringen,code16,
2001.0,Prozent,,,Thüringen,code16,
2002.0,Prozent,,,Thüringen,code16,
2003.0,Prozent,,,Thüringen,code16,
2004.0,Prozent,,,Thüringen,code16,
2005.0,Prozent,,,Thüringen,code16,31.24
2006.0,Prozent,,,Thüringen,code16,32.2
2007.0,Prozent,,,Thüringen,code16,36.5
2008.0,Prozent,,,Thüringen,code16,35.7
2009.0,Prozent,,,Thüringen,code16,35.4
2010.0,Prozent,,,Thüringen,code16,36.4
2011.0,Prozent,,,Thüringen,code16,37.2
2012.0,Prozent,,,Thüringen,code16,39.1
2013.0,Prozent,,,Thüringen,code16,39.8
2014.0,Prozent,,,Thüringen,code16,37.6
2015.0,Prozent,,,Thüringen,code16,36.89
2016.0,Prozent,,,Thüringen,code16,40.28
2017.0,Prozent,,,Thüringen,code16,40.68
2018.0,Prozent,,,Thüringen,code16,44.57
2019.0,Prozent,,,Thüringen,code16,44.77
2020.0,Prozent,,,Thüringen,code16,43.4
2020.0,Prozent,,,Thüringen,code16,
2030.0,Prozent,,,,,
1999.0,Prozent,,Weiblich,Thüringen,code16,
2010.0,Prozent,,Weiblich,Thüringen,code16,43.0
2011.0,Prozent,,Weiblich,Thüringen,code16,45.2
2012.0,Prozent,,Weiblich,Thüringen,code16,46.3
2013.0,Prozent,,Weiblich,Thüringen,code16,47.1
2014.0,Prozent,,Weiblich,Thüringen,code16,44.5
2015.0,Prozent,,Weiblich,Thüringen,code16,45.4
2016.0,Prozent,,Weiblich,Thüringen,code16,48.0
2017.0,Prozent,,Weiblich,Thüringen,code16,49.5
2018.0,Prozent,,Weiblich,Thüringen,code16,51.74
2019.0,Prozent,,Weiblich,Thüringen,code16,51.22
2020.0,Prozent,,Weiblich,Thüringen,code16,43.4
2021.0,Prozent,,Weiblich,Thüringen,code16,
1999.0,Prozent,,Weiblich,Thüringen,code16,
2000.0,Prozent,,Weiblich,Thüringen,code16,
2001.0,Prozent,,Weiblich,Thüringen,code16,
2002.0,Prozent,,Weiblich,Thüringen,code16,
2003.0,Prozent,,Weiblich,Thüringen,code16,
2004.0,Prozent,,Weiblich,Thüringen,code16,
2005.0,Prozent,,Weiblich,Thüringen,code16,33.8
2006.0,Prozent,,Weiblich,Thüringen,code16,35.1
2007.0,Prozent,,Weiblich,Thüringen,code16,40.8
2008.0,Prozent,,Weiblich,Thüringen,code16,41.9
2009.0,Prozent,,Weiblich,Thüringen,code16,42.5
2010.0,Prozent,,Weiblich,Thüringen,code16,43.0
2011.0,Prozent,,Weiblich,Thüringen,code16,45.2
2012.0,Prozent,,Weiblich,Thüringen,code16,46.3
2013.0,Prozent,,Weiblich,Thüringen,code16,47.1
2014.0,Prozent,,Weiblich,Thüringen,code16,44.5
2015.0,Prozent,,Weiblich,Thüringen,code16,45.4
2016.0,Prozent,,Weiblich,Thüringen,code16,48.0
2017.0,Prozent,,Weiblich,Thüringen,code16,49.5
2018.0,Prozent,,Weiblich,Thüringen,code16,51.74
2019.0,Prozent,,Weiblich,Thüringen,code16,51.22
2020.0,Prozent,,Weiblich,Thüringen,code16,43.4
2020.0,Prozent,,Weiblich,Thüringen,code16,
2030.0,Prozent,,,,,
1999.0,Prozent,,Männlich,Thüringen,code16,
2010.0,Prozent,,Männlich,Thüringen,code16,30.5
2011.0,Prozent,,Männlich,Thüringen,code16,29.9
2012.0,Prozent,,Männlich,Thüringen,code16,32.8
2013.0,Prozent,,Männlich,Thüringen,code16,33.0
2014.0,Prozent,,Männlich,Thüringen,code16,31.3
2015.0,Prozent,,Männlich,Thüringen,code16,29.9
2016.0,Prozent,,Männlich,Thüringen,code16,33.4
2017.0,Prozent,,Männlich,Thüringen,code16,32.9
2018.0,Prozent,,Männlich,Thüringen,code16,38.1
2019.0,Prozent,,Männlich,Thüringen,code16,38.9
2020.0,Prozent,,Männlich,Thüringen,code16,43.4
2021.0,Prozent,,Männlich,Thüringen,code16,
1999.0,Prozent,,Männlich,Thüringen,code16,
2000.0,Prozent,,Männlich,Thüringen,code16,
2001.0,Prozent,,Männlich,Thüringen,code16,
2002.0,Prozent,,Männlich,Thüringen,code16,
2003.0,Prozent,,Männlich,Thüringen,code16,
2004.0,Prozent,,Männlich,Thüringen,code16,
2005.0,Prozent,,Männlich,Thüringen,code16,29.1
2006.0,Prozent,,Männlich,Thüringen,code16,29.7
2007.0,Prozent,,Männlich,Thüringen,code16,32.6
2008.0,Prozent,,Männlich,Thüringen,code16,30.4
2009.0,Prozent,,Männlich,Thüringen,code16,29.1
2010.0,Prozent,,Männlich,Thüringen,code16,30.5
2011.0,Prozent,,Männlich,Thüringen,code16,29.9
2012.0,Prozent,,Männlich,Thüringen,code16,32.8
2013.0,Prozent,,Männlich,Thüringen,code16,33.0
2014.0,Prozent,,Männlich,Thüringen,code16,31.3
2015.0,Prozent,,Männlich,Thüringen,code16,29.9
2016.0,Prozent,,Männlich,Thüringen,code16,33.4
2017.0,Prozent,,Männlich,Thüringen,code16,32.9
2018.0,Prozent,,Männlich,Thüringen,code16,38.1
2019.0,Prozent,,Männlich,Thüringen,code16,38.9
2020.0,Prozent,,Männlich,Thüringen,code16,43.4
2020.0,Prozent,,Männlich,Thüringen,code16,
2030.0,Prozent,,,,,
1999.0,Prozent,Tertiärer Abschluss,,,,24.8
2010.0,Prozent,Tertiärer Abschluss,,,,29.77
2011.0,Prozent,Tertiärer Abschluss,,,,30.68
2012.0,Prozent,Tertiärer Abschluss,,,,31.9
2013.0,Prozent,Tertiärer Abschluss,,,,33.08
2014.0,Prozent,Tertiärer Abschluss,,,,31.36
2015.0,Prozent,Tertiärer Abschluss,,,,32.25
2016.0,Prozent,Tertiärer Abschluss,,,,33.1
2017.0,Prozent,Tertiärer Abschluss,,,,34.0
2018.0,Prozent,Tertiärer Abschluss,,,,34.93
2019.0,Prozent,Tertiärer Abschluss,,,,35.5
2020.0,Prozent,Tertiärer Abschluss,,,,36.6
2021.0,Prozent,Tertiärer Abschluss,,,,37.924
1999.0,Prozent,Tertiärer Abschluss,,,,24.8
2000.0,Prozent,Tertiärer Abschluss,,,,25.33
2001.0,Prozent,Tertiärer Abschluss,,,,25.05
2002.0,Prozent,Tertiärer Abschluss,,,,25.07
2003.0,Prozent,Tertiärer Abschluss,,,,25.05
2004.0,Prozent,Tertiärer Abschluss,,,,26.76
2005.0,Prozent,Tertiärer Abschluss,,,,26.06
2006.0,Prozent,Tertiärer Abschluss,,,,25.85
2007.0,Prozent,Tertiärer Abschluss,,,,26.5
2008.0,Prozent,Tertiärer Abschluss,,,,27.6
2009.0,Prozent,Tertiärer Abschluss,,,,29.37
2010.0,Prozent,Tertiärer Abschluss,,,,29.77
2011.0,Prozent,Tertiärer Abschluss,,,,30.68
2012.0,Prozent,Tertiärer Abschluss,,,,31.9
2013.0,Prozent,Tertiärer Abschluss,,,,33.08
2014.0,Prozent,Tertiärer Abschluss,,,,31.36
2015.0,Prozent,Tertiärer Abschluss,,,,32.25
2016.0,Prozent,Tertiärer Abschluss,,,,33.1
2017.0,Prozent,Tertiärer Abschluss,,,,34.0
2018.0,Prozent,Tertiärer Abschluss,,,,34.93
2019.0,Prozent,Tertiärer Abschluss,,,,35.5
2020.0,Prozent,Tertiärer Abschluss,,,,36.6
2020.0,Prozent,Tertiärer Abschluss,,,,
2030.0,Prozent,,,,,
1999.0,Prozent,Tertiärer Abschluss,Weiblich,,,21.358
2010.0,Prozent,Tertiärer Abschluss,Weiblich,,,29.658
2011.0,Prozent,Tertiärer Abschluss,Weiblich,,,31.528
2012.0,Prozent,Tertiärer Abschluss,Weiblich,,,32.87
2013.0,Prozent,Tertiärer Abschluss,Weiblich,,,34.0
2014.0,Prozent,Tertiärer Abschluss,Weiblich,,,30.804
2015.0,Prozent,Tertiärer Abschluss,Weiblich,,,32.321
2016.0,Prozent,Tertiärer Abschluss,Weiblich,,,32.9
2017.0,Prozent,Tertiärer Abschluss,Weiblich,,,34.191
2018.0,Prozent,Tertiärer Abschluss,Weiblich,,,35.335
2019.0,Prozent,Tertiärer Abschluss,Weiblich,,,36.0
2020.0,Prozent,Tertiärer Abschluss,Weiblich,,,37.3
2021.0,Prozent,Tertiärer Abschluss,Weiblich,,,38.4
1999.0,Prozent,Tertiärer Abschluss,Weiblich,,,21.358
2000.0,Prozent,Tertiärer Abschluss,Weiblich,,,21.778
2001.0,Prozent,Tertiärer Abschluss,Weiblich,,,21.688
2002.0,Prozent,Tertiärer Abschluss,Weiblich,,,22.091
2003.0,Prozent,Tertiärer Abschluss,Weiblich,,,22.511
2004.0,Prozent,Tertiärer Abschluss,Weiblich,,,24.258
2005.0,Prozent,Tertiärer Abschluss,Weiblich,,,24.128
2006.0,Prozent,Tertiärer Abschluss,Weiblich,,,24.415
2007.0,Prozent,Tertiärer Abschluss,Weiblich,,,25.663
2008.0,Prozent,Tertiärer Abschluss,Weiblich,,,26.974
2009.0,Prozent,Tertiärer Abschluss,Weiblich,,,29.178
2010.0,Prozent,Tertiärer Abschluss,Weiblich,,,29.658
2011.0,Prozent,Tertiärer Abschluss,Weiblich,,,31.528
2012.0,Prozent,Tertiärer Abschluss,Weiblich,,,32.87
2013.0,Prozent,Tertiärer Abschluss,Weiblich,,,34.0
2014.0,Prozent,Tertiärer Abschluss,Weiblich,,,30.804
2015.0,Prozent,Tertiärer Abschluss,Weiblich,,,32.321
2016.0,Prozent,Tertiärer Abschluss,Weiblich,,,32.9
2017.0,Prozent,Tertiärer Abschluss,Weiblich,,,34.191
2018.0,Prozent,Tertiärer Abschluss,Weiblich,,,35.335
2019.0,Prozent,Tertiärer Abschluss,Weiblich,,,36.0
2020.0,Prozent,Tertiärer Abschluss,Weiblich,,,37.3
2020.0,Prozent,Tertiärer Abschluss,Weiblich,,,
2030.0,Prozent,,,,,
1999.0,Prozent,Tertiärer Abschluss,Männlich,,,28.072
2010.0,Prozent,Tertiärer Abschluss,Männlich,,,29.879
2011.0,Prozent,Tertiärer Abschluss,Männlich,,,29.843
2012.0,Prozent,Tertiärer Abschluss,Männlich,,,30.946
2013.0,Prozent,Tertiärer Abschluss,Männlich,,,32.178
2014.0,Prozent,Tertiärer Abschluss,Männlich,,,31.922
2015.0,Prozent,Tertiärer Abschluss,Männlich,,,32.19
2016.0,Prozent,Tertiärer Abschluss,Männlich,,,33.3
2017.0,Prozent,Tertiärer Abschluss,Männlich,,,33.816
2018.0,Prozent,Tertiärer Abschluss,Männlich,,,34.535
2019.0,Prozent,Tertiärer Abschluss,Männlich,,,35.1
2020.0,Prozent,Tertiärer Abschluss,Männlich,,,36.0
2021.0,Prozent,Tertiärer Abschluss,Männlich,,,37.5
1999.0,Prozent,Tertiärer Abschluss,Männlich,,,28.072
2000.0,Prozent,Tertiärer Abschluss,Männlich,,,28.762
2001.0,Prozent,Tertiärer Abschluss,Männlich,,,28.33
2002.0,Prozent,Tertiärer Abschluss,Männlich,,,27.933
2003.0,Prozent,Tertiärer Abschluss,Männlich,,,27.431
2004.0,Prozent,Tertiärer Abschluss,Männlich,,,29.151
2005.0,Prozent,Tertiärer Abschluss,Männlich,,,27.957
2006.0,Prozent,Tertiärer Abschluss,Männlich,,,27.247
2007.0,Prozent,Tertiärer Abschluss,Männlich,,,27.31
2008.0,Prozent,Tertiärer Abschluss,Männlich,,,28.226
2009.0,Prozent,Tertiärer Abschluss,Männlich,,,29.56
2010.0,Prozent,Tertiärer Abschluss,Männlich,,,29.879
2011.0,Prozent,Tertiärer Abschluss,Männlich,,,29.843
2012.0,Prozent,Tertiärer Abschluss,Männlich,,,30.946
2013.0,Prozent,Tertiärer Abschluss,Männlich,,,32.178
2014.0,Prozent,Tertiärer Abschluss,Männlich,,,31.922
2015.0,Prozent,Tertiärer Abschluss,Männlich,,,32.19
2016.0,Prozent,Tertiärer Abschluss,Männlich,,,33.3
2017.0,Prozent,Tertiärer Abschluss,Männlich,,,33.816
2018.0,Prozent,Tertiärer Abschluss,Männlich,,,34.535
2019.0,Prozent,Tertiärer Abschluss,Männlich,,,35.1
2020.0,Prozent,Tertiärer Abschluss,Männlich,,,36.0
2020.0,Prozent,Tertiärer Abschluss,Männlich,,,
2030.0,Prozent,,,,,
1999.0,Prozent,Postsekundarer nicht-tertiärer Abschluss,,,,8.55
2010.0,Prozent,Postsekundarer nicht-tertiärer Abschluss,,,,11.545
2011.0,Prozent,Postsekundarer nicht-tertiärer Abschluss,,,,11.548
2012.0,Prozent,Postsekundarer nicht-tertiärer Abschluss,,,,11.535
2013.0,Prozent,Postsekundarer nicht-tertiärer Abschluss,,,,11.4
2014.0,Prozent,Postsekundarer nicht-tertiärer Abschluss,,,,14.306
2015.0,Prozent,Postsekundarer nicht-tertiärer Abschluss,,,,14.515
2016.0,Prozent,Postsekundarer nicht-tertiärer Abschluss,,,,14.779
2017.0,Prozent,Postsekundarer nicht-tertiärer Abschluss,,,,14.836
2018.0,Prozent,Postsekundarer nicht-tertiärer Abschluss,,,,14.907
2019.0,Prozent,Postsekundarer nicht-tertiärer Abschluss,,,,14.988
2020.0,Prozent,Postsekundarer nicht-tertiärer Abschluss,,,,15.7
2021.0,Prozent,Postsekundarer nicht-tertiärer Abschluss,,,,15.4
1999.0,Prozent,Postsekundarer nicht-tertiärer Abschluss,,,,8.55
2000.0,Prozent,Postsekundarer nicht-tertiärer Abschluss,,,,7.666
2001.0,Prozent,Postsekundarer nicht-tertiärer Abschluss,,,,8.12
2002.0,Prozent,Postsekundarer nicht-tertiärer Abschluss,,,,8.206
2003.0,Prozent,Postsekundarer nicht-tertiärer Abschluss,,,,8.847
2004.0,Prozent,Postsekundarer nicht-tertiärer Abschluss,,,,9.463
2005.0,Prozent,Postsekundarer nicht-tertiärer Abschluss,,,,9.923
2006.0,Prozent,Postsekundarer nicht-tertiärer Abschluss,,,,10.655
2007.0,Prozent,Postsekundarer nicht-tertiärer Abschluss,,,,11.135
2008.0,Prozent,Postsekundarer nicht-tertiärer Abschluss,,,,11.163
2009.0,Prozent,Postsekundarer nicht-tertiärer Abschluss,,,,11.343
2010.0,Prozent,Postsekundarer nicht-tertiärer Abschluss,,,,11.545
2011.0,Prozent,Postsekundarer nicht-tertiärer Abschluss,,,,11.548
2012.0,Prozent,Postsekundarer nicht-tertiärer Abschluss,,,,11.535
2013.0,Prozent,Postsekundarer nicht-tertiärer Abschluss,,,,11.4
2014.0,Prozent,Postsekundarer nicht-tertiärer Abschluss,,,,14.306
2015.0,Prozent,Postsekundarer nicht-tertiärer Abschluss,,,,14.515
2016.0,Prozent,Postsekundarer nicht-tertiärer Abschluss,,,,14.779
2017.0,Prozent,Postsekundarer nicht-tertiärer Abschluss,,,,14.836
2018.0,Prozent,Postsekundarer nicht-tertiärer Abschluss,,,,14.907
2019.0,Prozent,Postsekundarer nicht-tertiärer Abschluss,,,,14.988
2020.0,Prozent,Postsekundarer nicht-tertiärer Abschluss,,,,15.7
2020.0,Prozent,Postsekundarer nicht-tertiärer Abschluss,,,,
2030.0,Prozent,,,,,
1999.0,Prozent,Postsekundarer nicht-tertiärer Abschluss,Weiblich,,,10.031
2010.0,Prozent,Postsekundarer nicht-tertiärer Abschluss,Weiblich,,,13.019
2011.0,Prozent,Postsekundarer nicht-tertiärer Abschluss,Weiblich,,,12.891
2012.0,Prozent,Postsekundarer nicht-tertiärer Abschluss,Weiblich,,,13.171
2013.0,Prozent,Postsekundarer nicht-tertiärer Abschluss,Weiblich,,,12.803
2014.0,Prozent,Postsekundarer nicht-tertiärer Abschluss,Weiblich,,,17.611
2015.0,Prozent,Postsekundarer nicht-tertiärer Abschluss,Weiblich,,,18.2
2016.0,Prozent,Postsekundarer nicht-tertiärer Abschluss,Weiblich,,,18.395
2017.0,Prozent,Postsekundarer nicht-tertiärer Abschluss,Weiblich,,,18.449
2018.0,Prozent,Postsekundarer nicht-tertiärer Abschluss,Weiblich,,,18.492
2019.0,Prozent,Postsekundarer nicht-tertiärer Abschluss,Weiblich,,,18.411
2020.0,Prozent,Postsekundarer nicht-tertiärer Abschluss,Weiblich,,,19.328
2021.0,Prozent,Postsekundarer nicht-tertiärer Abschluss,Weiblich,,,18.8
1999.0,Prozent,Postsekundarer nicht-tertiärer Abschluss,Weiblich,,,10.031
2000.0,Prozent,Postsekundarer nicht-tertiärer Abschluss,Weiblich,,,9.101
2001.0,Prozent,Postsekundarer nicht-tertiärer Abschluss,Weiblich,,,9.4
2002.0,Prozent,Postsekundarer nicht-tertiärer Abschluss,Weiblich,,,9.16
2003.0,Prozent,Postsekundarer nicht-tertiärer Abschluss,Weiblich,,,9.682
2004.0,Prozent,Postsekundarer nicht-tertiärer Abschluss,Weiblich,,,10.395
2005.0,Prozent,Postsekundarer nicht-tertiärer Abschluss,Weiblich,,,10.873
2006.0,Prozent,Postsekundarer nicht-tertiärer Abschluss,Weiblich,,,12.066
2007.0,Prozent,Postsekundarer nicht-tertiärer Abschluss,Weiblich,,,12.363
2008.0,Prozent,Postsekundarer nicht-tertiärer Abschluss,Weiblich,,,12.711
2009.0,Prozent,Postsekundarer nicht-tertiärer Abschluss,Weiblich,,,13.032
2010.0,Prozent,Postsekundarer nicht-tertiärer Abschluss,Weiblich,,,13.019
2011.0,Prozent,Postsekundarer nicht-tertiärer Abschluss,Weiblich,,,12.891
2012.0,Prozent,Postsekundarer nicht-tertiärer Abschluss,Weiblich,,,13.171
2013.0,Prozent,Postsekundarer nicht-tertiärer Abschluss,Weiblich,,,12.803
2014.0,Prozent,Postsekundarer nicht-tertiärer Abschluss,Weiblich,,,17.611
2015.0,Prozent,Postsekundarer nicht-tertiärer Abschluss,Weiblich,,,18.2
2016.0,Prozent,Postsekundarer nicht-tertiärer Abschluss,Weiblich,,,18.395
2017.0,Prozent,Postsekundarer nicht-tertiärer Abschluss,Weiblich,,,18.449
2018.0,Prozent,Postsekundarer nicht-tertiärer Abschluss,Weiblich,,,18.492
2019.0,Prozent,Postsekundarer nicht-tertiärer Abschluss,Weiblich,,,18.411
2020.0,Prozent,Postsekundarer nicht-tertiärer Abschluss,Weiblich,,,19.328
2020.0,Prozent,Postsekundarer nicht-tertiärer Abschluss,Weiblich,,,
2030.0,Prozent,,,,,
1999.0,Prozent,Postsekundarer nicht-tertiärer Abschluss,Männlich,,,7.144
2010.0,Prozent,Postsekundarer nicht-tertiärer Abschluss,Männlich,,,10.095
2011.0,Prozent,Postsekundarer nicht-tertiärer Abschluss,Männlich,,,10.23
2012.0,Prozent,Postsekundarer nicht-tertiärer Abschluss,Männlich,,,9.935
2013.0,Prozent,Postsekundarer nicht-tertiärer Abschluss,Männlich,,,10.018
2014.0,Prozent,Postsekundarer nicht-tertiärer Abschluss,Männlich,,,11.015
2015.0,Prozent,Postsekundarer nicht-tertiärer Abschluss,Männlich,,,10.918
2016.0,Prozent,Postsekundarer nicht-tertiärer Abschluss,Männlich,,,11.274
2017.0,Prozent,Postsekundarer nicht-tertiärer Abschluss,Männlich,,,11.372
2018.0,Prozent,Postsekundarer nicht-tertiärer Abschluss,Männlich,,,11.485
2019.0,Prozent,Postsekundarer nicht-tertiärer Abschluss,Männlich,,,11.664
2020.0,Prozent,Postsekundarer nicht-tertiärer Abschluss,Männlich,,,12.261
2021.0,Prozent,Postsekundarer nicht-tertiärer Abschluss,Männlich,,,12.1
1999.0,Prozent,Postsekundarer nicht-tertiärer Abschluss,Männlich,,,7.144
2000.0,Prozent,Postsekundarer nicht-tertiärer Abschluss,Männlich,,,6.283
2001.0,Prozent,Postsekundarer nicht-tertiärer Abschluss,Männlich,,,6.869
2002.0,Prozent,Postsekundarer nicht-tertiärer Abschluss,Männlich,,,7.29
2003.0,Prozent,Postsekundarer nicht-tertiärer Abschluss,Männlich,,,8.062
2004.0,Prozent,Postsekundarer nicht-tertiärer Abschluss,Männlich,,,8.571
2005.0,Prozent,Postsekundarer nicht-tertiärer Abschluss,Männlich,,,8.995
2006.0,Prozent,Postsekundarer nicht-tertiärer Abschluss,Männlich,,,9.273
2007.0,Prozent,Postsekundarer nicht-tertiärer Abschluss,Männlich,,,9.941
2008.0,Prozent,Postsekundarer nicht-tertiärer Abschluss,Männlich,,,9.633
2009.0,Prozent,Postsekundarer nicht-tertiärer Abschluss,Männlich,,,9.673
2010.0,Prozent,Postsekundarer nicht-tertiärer Abschluss,Männlich,,,10.095
2011.0,Prozent,Postsekundarer nicht-tertiärer Abschluss,Männlich,,,10.23
2012.0,Prozent,Postsekundarer nicht-tertiärer Abschluss,Männlich,,,9.935
2013.0,Prozent,Postsekundarer nicht-tertiärer Abschluss,Männlich,,,10.018
2014.0,Prozent,Postsekundarer nicht-tertiärer Abschluss,Männlich,,,11.015
2015.0,Prozent,Postsekundarer nicht-tertiärer Abschluss,Männlich,,,10.918
2016.0,Prozent,Postsekundarer nicht-tertiärer Abschluss,Männlich,,,11.274
2017.0,Prozent,Postsekundarer nicht-tertiärer Abschluss,Männlich,,,11.372
2018.0,Prozent,Postsekundarer nicht-tertiärer Abschluss,Männlich,,,11.485
2019.0,Prozent,Postsekundarer nicht-tertiärer Abschluss,Männlich,,,11.664
2020.0,Prozent,Postsekundarer nicht-tertiärer Abschluss,Männlich,,,12.261
2020.0,Prozent,Postsekundarer nicht-tertiärer Abschluss,Männlich,,,
2030.0,Prozent,,,,,
