Year,Units,display,Geschlecht,Bundesland,GeoCode,Value
1999,percentage (%),a) time series,a) total,a) germany (total),,14.9
2000,percentage (%),a) time series,a) total,a) germany (total),,14.9
2001,percentage (%),a) time series,a) total,a) germany (total),,12.5
2002,percentage (%),a) time series,a) total,a) germany (total),,12.6
2003,percentage (%),a) time series,a) total,a) germany (total),,12.8
2004,percentage (%),a) time series,a) total,a) germany (total),,12.1
2005,percentage (%),a) time series,a) total,a) germany (total),,13.8
2006,percentage (%),a) time series,a) total,a) germany (total),,14.1
2007,percentage (%),a) time series,a) total,a) germany (total),,12.7
2008,percentage (%),a) time series,a) total,a) germany (total),,11.8
2009,percentage (%),a) time series,a) total,a) germany (total),,11.1
2010,percentage (%),a) time series,a) total,a) germany (total),,11.9
2011,percentage (%),a) time series,a) total,a) germany (total),,11.6
2012,percentage (%),a) time series,a) total,a) germany (total),,10.4
2013,percentage (%),a) time series,a) total,a) germany (total),,9.8
2014,percentage (%),a) time series,a) total,a) germany (total),,9.5
2015,percentage (%),a) time series,a) total,a) germany (total),,9.8
2016,percentage (%),a) time series,a) total,a) germany (total),,10.3
2017,percentage (%),a) time series,a) total,a) germany (total),,10.1
2018,percentage (%),a) time series,a) total,a) germany (total),,10.3
2019,percentage (%),a) time series,a) total,a) germany (total),,10.3
2030,percentage (%),b) target (max),a) total,a) germany (total),,9.5
1999,percentage (%),a) time series,weiblich,a) germany (total),,15.6
2000,percentage (%),a) time series,weiblich,a) germany (total),,15.2
2001,percentage (%),a) time series,weiblich,a) germany (total),,12.8
2002,percentage (%),a) time series,weiblich,a) germany (total),,12.6
2003,percentage (%),a) time series,weiblich,a) germany (total),,12.8
2004,percentage (%),a) time series,weiblich,a) germany (total),,11.9
2005,percentage (%),a) time series,weiblich,a) germany (total),,14.2
2006,percentage (%),a) time series,weiblich,a) germany (total),,13.8
2007,percentage (%),a) time series,weiblich,a) germany (total),,12.0
2008,percentage (%),a) time series,weiblich,a) germany (total),,11.2
2009,percentage (%),a) time series,weiblich,a) germany (total),,10.8
2010,percentage (%),a) time series,weiblich,a) germany (total),,11.0
2011,percentage (%),a) time series,weiblich,a) germany (total),,10.6
2012,percentage (%),a) time series,weiblich,a) germany (total),,9.7
2013,percentage (%),a) time series,weiblich,a) germany (total),,9.3
2014,percentage (%),a) time series,weiblich,a) germany (total),,9.0
2015,percentage (%),a) time series,weiblich,a) germany (total),,9.5
2016,percentage (%),a) time series,weiblich,a) germany (total),,9.6
2017,percentage (%),a) time series,weiblich,a) germany (total),,9.0
2018,percentage (%),a) time series,weiblich,a) germany (total),,9.1
2019,percentage (%),a) time series,weiblich,a) germany (total),,8.7
1999,percentage (%),a) time series,männlich,a) germany (total),,14.2
2000,percentage (%),a) time series,männlich,a) germany (total),,14.6
2001,percentage (%),a) time series,männlich,a) germany (total),,12.2
2002,percentage (%),a) time series,männlich,a) germany (total),,12.6
2003,percentage (%),a) time series,männlich,a) germany (total),,12.9
2004,percentage (%),a) time series,männlich,a) germany (total),,12.2
2005,percentage (%),a) time series,männlich,a) germany (total),,13.5
2006,percentage (%),a) time series,männlich,a) germany (total),,14.4
2007,percentage (%),a) time series,männlich,a) germany (total),,13.5
2008,percentage (%),a) time series,männlich,a) germany (total),,12.4
2009,percentage (%),a) time series,männlich,a) germany (total),,11.5
2010,percentage (%),a) time series,männlich,a) germany (total),,12.7
2011,percentage (%),a) time series,männlich,a) germany (total),,12.5
2012,percentage (%),a) time series,männlich,a) germany (total),,11.0
2013,percentage (%),a) time series,männlich,a) germany (total),,10.3
2014,percentage (%),a) time series,männlich,a) germany (total),,10.0
2015,percentage (%),a) time series,männlich,a) germany (total),,10.1
2016,percentage (%),a) time series,männlich,a) germany (total),,11.0
2017,percentage (%),a) time series,männlich,a) germany (total),,11.1
2018,percentage (%),a) time series,männlich,a) germany (total),,11.4
2019,percentage (%),a) time series,männlich,a) germany (total),,11.8
2005,percentage (%),a) time series,a) total,bw,code08,12.5
2006,percentage (%),a) time series,a) total,bw,code08,12.4
2007,percentage (%),a) time series,a) total,bw,code08,12.1
2008,percentage (%),a) time series,a) total,bw,code08,10.1
2009,percentage (%),a) time series,a) total,bw,code08,9.5
2010,percentage (%),a) time series,a) total,bw,code08,9.8
2011,percentage (%),a) time series,a) total,bw,code08,9.9
2012,percentage (%),a) time series,a) total,bw,code08,8.3
2013,percentage (%),a) time series,a) total,bw,code08,7.6
2014,percentage (%),a) time series,a) total,bw,code08,7.9
2015,percentage (%),a) time series,a) total,bw,code08,8.3
2016,percentage (%),a) time series,a) total,bw,code08,9.4
2017,percentage (%),a) time series,a) total,bw,code08,8.7
2018,percentage (%),a) time series,a) total,bw,code08,9.7
2019,percentage (%),a) time series,a) total,bw,code08,9.2
2005,percentage (%),a) time series,weiblich,bw,code08,14.3
2006,percentage (%),a) time series,weiblich,bw,code08,13.4
2007,percentage (%),a) time series,weiblich,bw,code08,11.9
2008,percentage (%),a) time series,weiblich,bw,code08,10.4
2009,percentage (%),a) time series,weiblich,bw,code08,9.5
2010,percentage (%),a) time series,weiblich,bw,code08,10.0
2011,percentage (%),a) time series,weiblich,bw,code08,9.9
2012,percentage (%),a) time series,weiblich,bw,code08,8.3
2013,percentage (%),a) time series,weiblich,bw,code08,7.3
2014,percentage (%),a) time series,weiblich,bw,code08,7.3
2015,percentage (%),a) time series,weiblich,bw,code08,8.5
2016,percentage (%),a) time series,weiblich,bw,code08,8.8
2017,percentage (%),a) time series,weiblich,bw,code08,7.8
2018,percentage (%),a) time series,weiblich,bw,code08,8.5
2019,percentage (%),a) time series,weiblich,bw,code08,7.5
2005,percentage (%),a) time series,männlich,bw,code08,10.7
2006,percentage (%),a) time series,männlich,bw,code08,11.3
2007,percentage (%),a) time series,männlich,bw,code08,12.3
2008,percentage (%),a) time series,männlich,bw,code08,9.8
2009,percentage (%),a) time series,männlich,bw,code08,9.5
2010,percentage (%),a) time series,männlich,bw,code08,9.7
2011,percentage (%),a) time series,männlich,bw,code08,9.9
2012,percentage (%),a) time series,männlich,bw,code08,8.3
2013,percentage (%),a) time series,männlich,bw,code08,7.9
2014,percentage (%),a) time series,männlich,bw,code08,8.5
2015,percentage (%),a) time series,männlich,bw,code08,8.1
2016,percentage (%),a) time series,männlich,bw,code08,9.9
2017,percentage (%),a) time series,männlich,bw,code08,9.6
2018,percentage (%),a) time series,männlich,bw,code08,10.7
2019,percentage (%),a) time series,männlich,bw,code08,10.7
2005,percentage (%),a) time series,a) total,by,code09,11.2
2006,percentage (%),a) time series,a) total,by,code09,12.6
2007,percentage (%),a) time series,a) total,by,code09,11.2
2008,percentage (%),a) time series,a) total,by,code09,9.6
2009,percentage (%),a) time series,a) total,by,code09,8.8
2010,percentage (%),a) time series,a) total,by,code09,9.4
2011,percentage (%),a) time series,a) total,by,code09,9.1
2012,percentage (%),a) time series,a) total,by,code09,7.4
2013,percentage (%),a) time series,a) total,by,code09,7.3
2014,percentage (%),a) time series,a) total,by,code09,6.4
2015,percentage (%),a) time series,a) total,by,code09,6.2
2016,percentage (%),a) time series,a) total,by,code09,7.6
2017,percentage (%),a) time series,a) total,by,code09,7.2
2018,percentage (%),a) time series,a) total,by,code09,7.2
2019,percentage (%),a) time series,a) total,by,code09,7.6
2005,percentage (%),a) time series,weiblich,by,code09,11.5
2006,percentage (%),a) time series,weiblich,by,code09,12.5
2007,percentage (%),a) time series,weiblich,by,code09,9.9
2008,percentage (%),a) time series,weiblich,by,code09,9.0
2009,percentage (%),a) time series,weiblich,by,code09,8.2
2010,percentage (%),a) time series,weiblich,by,code09,9.1
2011,percentage (%),a) time series,weiblich,by,code09,8.0
2012,percentage (%),a) time series,weiblich,by,code09,6.8
2013,percentage (%),a) time series,weiblich,by,code09,7.0
2014,percentage (%),a) time series,weiblich,by,code09,6.2
2015,percentage (%),a) time series,weiblich,by,code09,5.6
2016,percentage (%),a) time series,weiblich,by,code09,6.8
2017,percentage (%),a) time series,weiblich,by,code09,6.5
2018,percentage (%),a) time series,weiblich,by,code09,6.4
2019,percentage (%),a) time series,weiblich,by,code09,6.5
2005,percentage (%),a) time series,männlich,by,code09,10.8
2006,percentage (%),a) time series,männlich,by,code09,12.6
2007,percentage (%),a) time series,männlich,by,code09,12.6
2008,percentage (%),a) time series,männlich,by,code09,10.1
2009,percentage (%),a) time series,männlich,by,code09,9.5
2010,percentage (%),a) time series,männlich,by,code09,9.7
2011,percentage (%),a) time series,männlich,by,code09,10.2
2012,percentage (%),a) time series,männlich,by,code09,7.8
2013,percentage (%),a) time series,männlich,by,code09,7.6
2014,percentage (%),a) time series,männlich,by,code09,6.6
2015,percentage (%),a) time series,männlich,by,code09,6.7
2016,percentage (%),a) time series,männlich,by,code09,8.4
2017,percentage (%),a) time series,männlich,by,code09,7.8
2018,percentage (%),a) time series,männlich,by,code09,8.0
2019,percentage (%),a) time series,männlich,by,code09,8.6
2005,percentage (%),a) time series,a) total,be,code11,18.7
2006,percentage (%),a) time series,a) total,be,code11,18.2
2007,percentage (%),a) time series,a) total,be,code11,13.0
2008,percentage (%),a) time series,a) total,be,code11,15.7
2009,percentage (%),a) time series,a) total,be,code11,14.2
2010,percentage (%),a) time series,a) total,be,code11,14.6
2011,percentage (%),a) time series,a) total,be,code11,13.1
2012,percentage (%),a) time series,a) total,be,code11,13.0
2013,percentage (%),a) time series,a) total,be,code11,11.9
2014,percentage (%),a) time series,a) total,be,code11,13.5
2015,percentage (%),a) time series,a) total,be,code11,13.7
2016,percentage (%),a) time series,a) total,be,code11,11.7
2017,percentage (%),a) time series,a) total,be,code11,13.2
2018,percentage (%),a) time series,a) total,be,code11,13.6
2019,percentage (%),a) time series,a) total,be,code11,11.6
2005,percentage (%),a) time series,weiblich,be,code11,17.0
2006,percentage (%),a) time series,weiblich,be,code11,16.7
2007,percentage (%),a) time series,weiblich,be,code11,11.5
2008,percentage (%),a) time series,weiblich,be,code11,14.0
2009,percentage (%),a) time series,weiblich,be,code11,13.0
2010,percentage (%),a) time series,weiblich,be,code11,12.4
2011,percentage (%),a) time series,weiblich,be,code11,11.2
2012,percentage (%),a) time series,weiblich,be,code11,10.8
2013,percentage (%),a) time series,weiblich,be,code11,9.1
2014,percentage (%),a) time series,weiblich,be,code11,11.9
2015,percentage (%),a) time series,weiblich,be,code11,10.7
2016,percentage (%),a) time series,weiblich,be,code11,10.9
2017,percentage (%),a) time series,weiblich,be,code11,11.0
2018,percentage (%),a) time series,weiblich,be,code11,10.4
2019,percentage (%),a) time series,weiblich,be,code11,8.0
2005,percentage (%),a) time series,männlich,be,code11,20.5
2006,percentage (%),a) time series,männlich,be,code11,19.7
2007,percentage (%),a) time series,männlich,be,code11,14.4
2008,percentage (%),a) time series,männlich,be,code11,17.4
2009,percentage (%),a) time series,männlich,be,code11,15.5
2010,percentage (%),a) time series,männlich,be,code11,17.0
2011,percentage (%),a) time series,männlich,be,code11,15.0
2012,percentage (%),a) time series,männlich,be,code11,15.2
2013,percentage (%),a) time series,männlich,be,code11,14.8
2014,percentage (%),a) time series,männlich,be,code11,15.3
2015,percentage (%),a) time series,männlich,be,code11,17.0
2016,percentage (%),a) time series,männlich,be,code11,12.5
2017,percentage (%),a) time series,männlich,be,code11,15.5
2018,percentage (%),a) time series,männlich,be,code11,16.9
2019,percentage (%),a) time series,männlich,be,code11,15.0
2005,percentage (%),a) time series,a) total,bb,code12,10.2
2006,percentage (%),a) time series,a) total,bb,code12,11.1
2007,percentage (%),a) time series,a) total,bb,code12,9.0
2008,percentage (%),a) time series,a) total,bb,code12,9.3
2009,percentage (%),a) time series,a) total,bb,code12,9.0
2010,percentage (%),a) time series,a) total,bb,code12,9.6
2011,percentage (%),a) time series,a) total,bb,code12,10.2
2012,percentage (%),a) time series,a) total,bb,code12,10.0
2013,percentage (%),a) time series,a) total,bb,code12,10.6
2014,percentage (%),a) time series,a) total,bb,code12,9.0
2015,percentage (%),a) time series,a) total,bb,code12,11.6
2016,percentage (%),a) time series,a) total,bb,code12,11.0
2017,percentage (%),a) time series,a) total,bb,code12,12.3
2018,percentage (%),a) time series,a) total,bb,code12,11.5
2019,percentage (%),a) time series,a) total,bb,code12,10.8
2005,percentage (%),a) time series,weiblich,bb,code12,10.1
2006,percentage (%),a) time series,weiblich,bb,code12,9.7
2007,percentage (%),a) time series,weiblich,bb,code12,6.2
2008,percentage (%),a) time series,weiblich,bb,code12,7.1
2009,percentage (%),a) time series,weiblich,bb,code12,7.5
2010,percentage (%),a) time series,weiblich,bb,code12,7.1
2011,percentage (%),a) time series,weiblich,bb,code12,8.4
2012,percentage (%),a) time series,weiblich,bb,code12,10.3
2013,percentage (%),a) time series,weiblich,bb,code12,10.1
2015,percentage (%),a) time series,weiblich,bb,code12,11.1
2018,percentage (%),a) time series,weiblich,bb,code12,10.4
2005,percentage (%),a) time series,männlich,bb,code12,10.3
2006,percentage (%),a) time series,männlich,bb,code12,12.4
2007,percentage (%),a) time series,männlich,bb,code12,11.5
2008,percentage (%),a) time series,männlich,bb,code12,11.3
2009,percentage (%),a) time series,männlich,bb,code12,10.4
2010,percentage (%),a) time series,männlich,bb,code12,11.7
2011,percentage (%),a) time series,männlich,bb,code12,11.8
2012,percentage (%),a) time series,männlich,bb,code12,9.7
2013,percentage (%),a) time series,männlich,bb,code12,11.0
2014,percentage (%),a) time series,männlich,bb,code12,9.2
2015,percentage (%),a) time series,männlich,bb,code12,11.9
2016,percentage (%),a) time series,männlich,bb,code12,12.6
2017,percentage (%),a) time series,männlich,bb,code12,15.0
2018,percentage (%),a) time series,männlich,bb,code12,12.4
2019,percentage (%),a) time series,männlich,bb,code12,13.6
2005,percentage (%),a) time series,a) total,hb,code04,19.1
2006,percentage (%),a) time series,a) total,hb,code04,17.5
2007,percentage (%),a) time series,a) total,hb,code04,15.0
2008,percentage (%),a) time series,a) total,hb,code04,14.4
2009,percentage (%),a) time series,a) total,hb,code04,14.5
2010,percentage (%),a) time series,a) total,hb,code04,14.3
2011,percentage (%),a) time series,a) total,hb,code04,17.2
2012,percentage (%),a) time series,a) total,hb,code04,13.3
2013,percentage (%),a) time series,a) total,hb,code04,14.9
2014,percentage (%),a) time series,a) total,hb,code04,14.0
2015,percentage (%),a) time series,a) total,hb,code04,11.5
2016,percentage (%),a) time series,a) total,hb,code04,11.1
2017,percentage (%),a) time series,a) total,hb,code04,10.9
2018,percentage (%),a) time series,a) total,hb,code04,14.6
2019,percentage (%),a) time series,a) total,hb,code04,16.0
2005,percentage (%),a) time series,weiblich,hb,code04,19.8
2006,percentage (%),a) time series,weiblich,hb,code04,20.0
2005,percentage (%),a) time series,männlich,hb,code04,18.2
2006,percentage (%),a) time series,männlich,hb,code04,14.8
2007,percentage (%),a) time series,männlich,hb,code04,19.2
2018,percentage (%),a) time series,männlich,hb,code04,17.7
2019,percentage (%),a) time series,männlich,hb,code04,17.7
2005,percentage (%),a) time series,a) total,hh,code02,21.2
2006,percentage (%),a) time series,a) total,hh,code02,16.7
2007,percentage (%),a) time series,a) total,hh,code02,15.5
2008,percentage (%),a) time series,a) total,hh,code02,14.7
2009,percentage (%),a) time series,a) total,hh,code02,12.1
2010,percentage (%),a) time series,a) total,hh,code02,13.2
2011,percentage (%),a) time series,a) total,hh,code02,13.2
2012,percentage (%),a) time series,a) total,hh,code02,12.5
2013,percentage (%),a) time series,a) total,hh,code02,11.6
2014,percentage (%),a) time series,a) total,hh,code02,11.8
2015,percentage (%),a) time series,a) total,hh,code02,12.6
2016,percentage (%),a) time series,a) total,hh,code02,12.8
2017,percentage (%),a) time series,a) total,hh,code02,11.4
2018,percentage (%),a) time series,a) total,hh,code02,11.6
2019,percentage (%),a) time series,a) total,hh,code02,14.0
2005,percentage (%),a) time series,weiblich,hh,code02,21.9
2006,percentage (%),a) time series,weiblich,hh,code02,15.9
2007,percentage (%),a) time series,weiblich,hh,code02,14.1
2008,percentage (%),a) time series,weiblich,hh,code02,11.9
2009,percentage (%),a) time series,weiblich,hh,code02,10.2
2010,percentage (%),a) time series,weiblich,hh,code02,11.7
2011,percentage (%),a) time series,weiblich,hh,code02,11.0
2012,percentage (%),a) time series,weiblich,hh,code02,11.1
2013,percentage (%),a) time series,weiblich,hh,code02,11.9
2014,percentage (%),a) time series,weiblich,hh,code02,9.7
2015,percentage (%),a) time series,weiblich,hh,code02,11.0
2016,percentage (%),a) time series,weiblich,hh,code02,12.4
2017,percentage (%),a) time series,weiblich,hh,code02,10.7
2018,percentage (%),a) time series,weiblich,hh,code02,12.2
2019,percentage (%),a) time series,weiblich,hh,code02,13.4
2005,percentage (%),a) time series,männlich,hh,code02,20.4
2006,percentage (%),a) time series,männlich,hh,code02,17.7
2007,percentage (%),a) time series,männlich,hh,code02,16.7
2008,percentage (%),a) time series,männlich,hh,code02,17.5
2009,percentage (%),a) time series,männlich,hh,code02,14.1
2010,percentage (%),a) time series,männlich,hh,code02,14.9
2011,percentage (%),a) time series,männlich,hh,code02,15.4
2012,percentage (%),a) time series,männlich,hh,code02,13.9
2013,percentage (%),a) time series,männlich,hh,code02,11.4
2014,percentage (%),a) time series,männlich,hh,code02,13.9
2015,percentage (%),a) time series,männlich,hh,code02,14.1
2016,percentage (%),a) time series,männlich,hh,code02,13.2
2017,percentage (%),a) time series,männlich,hh,code02,12.1
2018,percentage (%),a) time series,männlich,hh,code02,11.0
2019,percentage (%),a) time series,männlich,hh,code02,14.4
2005,percentage (%),a) time series,a) total,he,code06,13.3
2006,percentage (%),a) time series,a) total,he,code06,14.7
2007,percentage (%),a) time series,a) total,he,code06,12.1
2008,percentage (%),a) time series,a) total,he,code06,12.4
2009,percentage (%),a) time series,a) total,he,code06,11.4
2010,percentage (%),a) time series,a) total,he,code06,11.8
2011,percentage (%),a) time series,a) total,he,code06,10.6
2012,percentage (%),a) time series,a) total,he,code06,9.1
2013,percentage (%),a) time series,a) total,he,code06,10.0
2014,percentage (%),a) time series,a) total,he,code06,9.7
2015,percentage (%),a) time series,a) total,he,code06,9.5
2016,percentage (%),a) time series,a) total,he,code06,10.5
2017,percentage (%),a) time series,a) total,he,code06,10.2
2018,percentage (%),a) time series,a) total,he,code06,10.7
2019,percentage (%),a) time series,a) total,he,code06,10.3
2005,percentage (%),a) time series,weiblich,he,code06,12.7
2006,percentage (%),a) time series,weiblich,he,code06,13.8
2007,percentage (%),a) time series,weiblich,he,code06,13.7
2008,percentage (%),a) time series,weiblich,he,code06,11.7
2009,percentage (%),a) time series,weiblich,he,code06,10.4
2010,percentage (%),a) time series,weiblich,he,code06,10.6
2011,percentage (%),a) time series,weiblich,he,code06,9.5
2012,percentage (%),a) time series,weiblich,he,code06,8.4
2013,percentage (%),a) time series,weiblich,he,code06,9.2
2014,percentage (%),a) time series,weiblich,he,code06,8.9
2015,percentage (%),a) time series,weiblich,he,code06,9.4
2016,percentage (%),a) time series,weiblich,he,code06,9.5
2017,percentage (%),a) time series,weiblich,he,code06,8.3
2018,percentage (%),a) time series,weiblich,he,code06,8.9
2019,percentage (%),a) time series,weiblich,he,code06,8.7
2005,percentage (%),a) time series,männlich,he,code06,13.9
2006,percentage (%),a) time series,männlich,he,code06,15.6
2007,percentage (%),a) time series,männlich,he,code06,10.5
2008,percentage (%),a) time series,männlich,he,code06,13.0
2009,percentage (%),a) time series,männlich,he,code06,12.4
2010,percentage (%),a) time series,männlich,he,code06,13.1
2011,percentage (%),a) time series,männlich,he,code06,11.7
2012,percentage (%),a) time series,männlich,he,code06,9.7
2013,percentage (%),a) time series,männlich,he,code06,10.7
2014,percentage (%),a) time series,männlich,he,code06,10.4
2015,percentage (%),a) time series,männlich,he,code06,9.6
2016,percentage (%),a) time series,männlich,he,code06,11.4
2017,percentage (%),a) time series,männlich,he,code06,11.8
2018,percentage (%),a) time series,männlich,he,code06,12.3
2019,percentage (%),a) time series,männlich,he,code06,11.8
2005,percentage (%),a) time series,a) total,mv,code13,14.0
2006,percentage (%),a) time series,a) total,mv,code13,12.9
2007,percentage (%),a) time series,a) total,mv,code13,13.1
2008,percentage (%),a) time series,a) total,mv,code13,8.9
2009,percentage (%),a) time series,a) total,mv,code13,9.3
2010,percentage (%),a) time series,a) total,mv,code13,9.2
2011,percentage (%),a) time series,a) total,mv,code13,9.9
2012,percentage (%),a) time series,a) total,mv,code13,11.0
2013,percentage (%),a) time series,a) total,mv,code13,9.6
2014,percentage (%),a) time series,a) total,mv,code13,9.9
2015,percentage (%),a) time series,a) total,mv,code13,10.6
2016,percentage (%),a) time series,a) total,mv,code13,13.6
2017,percentage (%),a) time series,a) total,mv,code13,9.8
2018,percentage (%),a) time series,a) total,mv,code13,11.1
2019,percentage (%),a) time series,a) total,mv,code13,11.4
2005,percentage (%),a) time series,weiblich,mv,code13,12.7
2006,percentage (%),a) time series,weiblich,mv,code13,12.7
2007,percentage (%),a) time series,weiblich,mv,code13,12.1
2008,percentage (%),a) time series,weiblich,mv,code13,8.3
2009,percentage (%),a) time series,weiblich,mv,code13,8.9
2011,percentage (%),a) time series,weiblich,mv,code13,8.8
2012,percentage (%),a) time series,weiblich,mv,code13,10.9
2005,percentage (%),a) time series,männlich,mv,code13,15.0
2006,percentage (%),a) time series,männlich,mv,code13,13.1
2007,percentage (%),a) time series,männlich,mv,code13,14.0
2008,percentage (%),a) time series,männlich,mv,code13,9.4
2009,percentage (%),a) time series,männlich,mv,code13,9.6
2010,percentage (%),a) time series,männlich,mv,code13,11.6
2011,percentage (%),a) time series,männlich,mv,code13,10.9
2012,percentage (%),a) time series,männlich,mv,code13,11.0
2016,percentage (%),a) time series,männlich,mv,code13,14.3
2018,percentage (%),a) time series,männlich,mv,code13,12.6
2019,percentage (%),a) time series,männlich,mv,code13,11.8
2005,percentage (%),a) time series,a) total,ni,code03,16.0
2006,percentage (%),a) time series,a) total,ni,code03,14.6
2007,percentage (%),a) time series,a) total,ni,code03,14.0
2008,percentage (%),a) time series,a) total,ni,code03,13.0
2009,percentage (%),a) time series,a) total,ni,code03,12.6
2010,percentage (%),a) time series,a) total,ni,code03,13.9
2011,percentage (%),a) time series,a) total,ni,code03,14.1
2012,percentage (%),a) time series,a) total,ni,code03,11.8
2013,percentage (%),a) time series,a) total,ni,code03,10.8
2014,percentage (%),a) time series,a) total,ni,code03,10.7
2015,percentage (%),a) time series,a) total,ni,code03,10.7
2016,percentage (%),a) time series,a) total,ni,code03,12.1
2017,percentage (%),a) time series,a) total,ni,code03,11.3
2018,percentage (%),a) time series,a) total,ni,code03,11.0
2019,percentage (%),a) time series,a) total,ni,code03,11.9
2005,percentage (%),a) time series,weiblich,ni,code03,18.5
2006,percentage (%),a) time series,weiblich,ni,code03,14.3
2007,percentage (%),a) time series,weiblich,ni,code03,13.6
2008,percentage (%),a) time series,weiblich,ni,code03,12.1
2009,percentage (%),a) time series,weiblich,ni,code03,12.4
2010,percentage (%),a) time series,weiblich,ni,code03,12.8
2011,percentage (%),a) time series,weiblich,ni,code03,13.7
2012,percentage (%),a) time series,weiblich,ni,code03,10.0
2013,percentage (%),a) time series,weiblich,ni,code03,10.4
2014,percentage (%),a) time series,weiblich,ni,code03,9.9
2015,percentage (%),a) time series,weiblich,ni,code03,10.5
2016,percentage (%),a) time series,weiblich,ni,code03,11.5
2017,percentage (%),a) time series,weiblich,ni,code03,10.4
2018,percentage (%),a) time series,weiblich,ni,code03,9.7
2019,percentage (%),a) time series,weiblich,ni,code03,10.7
2005,percentage (%),a) time series,männlich,ni,code03,13.7
2006,percentage (%),a) time series,männlich,ni,code03,14.9
2007,percentage (%),a) time series,männlich,ni,code03,14.3
2008,percentage (%),a) time series,männlich,ni,code03,13.8
2009,percentage (%),a) time series,männlich,ni,code03,12.7
2010,percentage (%),a) time series,männlich,ni,code03,15.0
2011,percentage (%),a) time series,männlich,ni,code03,14.5
2012,percentage (%),a) time series,männlich,ni,code03,13.5
2013,percentage (%),a) time series,männlich,ni,code03,11.1
2014,percentage (%),a) time series,männlich,ni,code03,11.5
2015,percentage (%),a) time series,männlich,ni,code03,10.8
2016,percentage (%),a) time series,männlich,ni,code03,12.5
2017,percentage (%),a) time series,männlich,ni,code03,12.2
2018,percentage (%),a) time series,männlich,ni,code03,12.1
2019,percentage (%),a) time series,männlich,ni,code03,13.1
2005,percentage (%),a) time series,a) total,nw,code05,15.8
2006,percentage (%),a) time series,a) total,nw,code05,16.7
2007,percentage (%),a) time series,a) total,nw,code05,15.0
2008,percentage (%),a) time series,a) total,nw,code05,14.5
2009,percentage (%),a) time series,a) total,nw,code05,13.7
2010,percentage (%),a) time series,a) total,nw,code05,14.6
2011,percentage (%),a) time series,a) total,nw,code05,13.6
2012,percentage (%),a) time series,a) total,nw,code05,12.8
2013,percentage (%),a) time series,a) total,nw,code05,11.6
2014,percentage (%),a) time series,a) total,nw,code05,11.3
2015,percentage (%),a) time series,a) total,nw,code05,11.4
2016,percentage (%),a) time series,a) total,nw,code05,11.4
2017,percentage (%),a) time series,a) total,nw,code05,11.6
2018,percentage (%),a) time series,a) total,nw,code05,12.0
2019,percentage (%),a) time series,a) total,nw,code05,11.2
2005,percentage (%),a) time series,weiblich,nw,code05,15.6
2006,percentage (%),a) time series,weiblich,nw,code05,16.0
2007,percentage (%),a) time series,weiblich,nw,code05,13.9
2008,percentage (%),a) time series,weiblich,nw,code05,14.5
2009,percentage (%),a) time series,weiblich,nw,code05,13.5
2010,percentage (%),a) time series,weiblich,nw,code05,13.5
2011,percentage (%),a) time series,weiblich,nw,code05,12.3
2012,percentage (%),a) time series,weiblich,nw,code05,12.1
2013,percentage (%),a) time series,weiblich,nw,code05,10.8
2014,percentage (%),a) time series,weiblich,nw,code05,11.1
2015,percentage (%),a) time series,weiblich,nw,code05,11.5
2016,percentage (%),a) time series,weiblich,nw,code05,10.7
2017,percentage (%),a) time series,weiblich,nw,code05,10.6
2018,percentage (%),a) time series,weiblich,nw,code05,11.1
2019,percentage (%),a) time series,weiblich,nw,code05,9.4
2005,percentage (%),a) time series,männlich,nw,code05,16.0
2006,percentage (%),a) time series,männlich,nw,code05,17.4
2007,percentage (%),a) time series,männlich,nw,code05,16.1
2008,percentage (%),a) time series,männlich,nw,code05,14.6
2009,percentage (%),a) time series,männlich,nw,code05,14.0
2010,percentage (%),a) time series,männlich,nw,code05,15.7
2011,percentage (%),a) time series,männlich,nw,code05,14.8
2012,percentage (%),a) time series,männlich,nw,code05,13.4
2013,percentage (%),a) time series,männlich,nw,code05,12.3
2014,percentage (%),a) time series,männlich,nw,code05,11.4
2015,percentage (%),a) time series,männlich,nw,code05,11.4
2016,percentage (%),a) time series,männlich,nw,code05,12.1
2017,percentage (%),a) time series,männlich,nw,code05,12.5
2018,percentage (%),a) time series,männlich,nw,code05,12.7
2019,percentage (%),a) time series,männlich,nw,code05,12.8
2005,percentage (%),a) time series,a) total,rp,code07,16.4
2006,percentage (%),a) time series,a) total,rp,code07,15.3
2007,percentage (%),a) time series,a) total,rp,code07,15.5
2008,percentage (%),a) time series,a) total,rp,code07,12.4
2009,percentage (%),a) time series,a) total,rp,code07,13.7
2010,percentage (%),a) time series,a) total,rp,code07,15.5
2011,percentage (%),a) time series,a) total,rp,code07,13.5
2012,percentage (%),a) time series,a) total,rp,code07,12.5
2013,percentage (%),a) time series,a) total,rp,code07,13.1
2014,percentage (%),a) time series,a) total,rp,code07,10.4
2015,percentage (%),a) time series,a) total,rp,code07,12.2
2016,percentage (%),a) time series,a) total,rp,code07,11.8
2017,percentage (%),a) time series,a) total,rp,code07,11.7
2018,percentage (%),a) time series,a) total,rp,code07,11.5
2019,percentage (%),a) time series,a) total,rp,code07,11.6
2005,percentage (%),a) time series,weiblich,rp,code07,17.6
2006,percentage (%),a) time series,weiblich,rp,code07,16.5
2007,percentage (%),a) time series,weiblich,rp,code07,13.0
2008,percentage (%),a) time series,weiblich,rp,code07,11.7
2009,percentage (%),a) time series,weiblich,rp,code07,13.5
2010,percentage (%),a) time series,weiblich,rp,code07,14.5
2011,percentage (%),a) time series,weiblich,rp,code07,12.2
2012,percentage (%),a) time series,weiblich,rp,code07,13.2
2013,percentage (%),a) time series,weiblich,rp,code07,12.7
2014,percentage (%),a) time series,weiblich,rp,code07,9.9
2015,percentage (%),a) time series,weiblich,rp,code07,12.2
2016,percentage (%),a) time series,weiblich,rp,code07,10.4
2017,percentage (%),a) time series,weiblich,rp,code07,10.0
2018,percentage (%),a) time series,weiblich,rp,code07,9.6
2019,percentage (%),a) time series,weiblich,rp,code07,10.5
2005,percentage (%),a) time series,männlich,rp,code07,15.1
2006,percentage (%),a) time series,männlich,rp,code07,14.2
2007,percentage (%),a) time series,männlich,rp,code07,17.7
2008,percentage (%),a) time series,männlich,rp,code07,13.1
2009,percentage (%),a) time series,männlich,rp,code07,13.9
2010,percentage (%),a) time series,männlich,rp,code07,16.6
2011,percentage (%),a) time series,männlich,rp,code07,14.8
2012,percentage (%),a) time series,männlich,rp,code07,11.8
2013,percentage (%),a) time series,männlich,rp,code07,13.4
2014,percentage (%),a) time series,männlich,rp,code07,10.9
2015,percentage (%),a) time series,männlich,rp,code07,12.1
2016,percentage (%),a) time series,männlich,rp,code07,13.2
2017,percentage (%),a) time series,männlich,rp,code07,13.3
2018,percentage (%),a) time series,männlich,rp,code07,13.2
2019,percentage (%),a) time series,männlich,rp,code07,12.6
2005,percentage (%),a) time series,a) total,sl,code10,20.6
2006,percentage (%),a) time series,a) total,sl,code10,20.8
2007,percentage (%),a) time series,a) total,sl,code10,16.3
2008,percentage (%),a) time series,a) total,sl,code10,14.1
2009,percentage (%),a) time series,a) total,sl,code10,14.4
2010,percentage (%),a) time series,a) total,sl,code10,13.2
2011,percentage (%),a) time series,a) total,sl,code10,15.4
2012,percentage (%),a) time series,a) total,sl,code10,12.9
2013,percentage (%),a) time series,a) total,sl,code10,14.1
2014,percentage (%),a) time series,a) total,sl,code10,11.9
2015,percentage (%),a) time series,a) total,sl,code10,12.2
2016,percentage (%),a) time series,a) total,sl,code10,10.3
2017,percentage (%),a) time series,a) total,sl,code10,11.7
2018,percentage (%),a) time series,a) total,sl,code10,11.8
2019,percentage (%),a) time series,a) total,sl,code10,11.5
2005,percentage (%),a) time series,weiblich,sl,code10,15.5
2006,percentage (%),a) time series,weiblich,sl,code10,18.8
2007,percentage (%),a) time series,weiblich,sl,code10,15.9
2009,percentage (%),a) time series,weiblich,sl,code10,14.0
2013,percentage (%),a) time series,weiblich,sl,code10,14.2
2015,percentage (%),a) time series,weiblich,sl,code10,15.9
2005,percentage (%),a) time series,männlich,sl,code10,26.4
2006,percentage (%),a) time series,männlich,sl,code10,22.9
2007,percentage (%),a) time series,männlich,sl,code10,16.8
2008,percentage (%),a) time series,männlich,sl,code10,13.9
2009,percentage (%),a) time series,männlich,sl,code10,14.8
2010,percentage (%),a) time series,männlich,sl,code10,14.8
2011,percentage (%),a) time series,männlich,sl,code10,18.4
2012,percentage (%),a) time series,männlich,sl,code10,14.7
2013,percentage (%),a) time series,männlich,sl,code10,14.0
2017,percentage (%),a) time series,männlich,sl,code10,13.0
2005,percentage (%),a) time series,a) total,sn,code14,9.8
2006,percentage (%),a) time series,a) total,sn,code14,8.9
2007,percentage (%),a) time series,a) total,sn,code14,8.4
2008,percentage (%),a) time series,a) total,sn,code14,7.4
2009,percentage (%),a) time series,a) total,sn,code14,6.7
2010,percentage (%),a) time series,a) total,sn,code14,7.6
2011,percentage (%),a) time series,a) total,sn,code14,7.7
2012,percentage (%),a) time series,a) total,sn,code14,7.7
2013,percentage (%),a) time series,a) total,sn,code14,6.5
2014,percentage (%),a) time series,a) total,sn,code14,6.8
2015,percentage (%),a) time series,a) total,sn,code14,8.4
2016,percentage (%),a) time series,a) total,sn,code14,7.7
2017,percentage (%),a) time series,a) total,sn,code14,8.6
2018,percentage (%),a) time series,a) total,sn,code14,7.5
2019,percentage (%),a) time series,a) total,sn,code14,8.3
2005,percentage (%),a) time series,weiblich,sn,code14,10.5
2006,percentage (%),a) time series,weiblich,sn,code14,7.8
2007,percentage (%),a) time series,weiblich,sn,code14,8.6
2008,percentage (%),a) time series,weiblich,sn,code14,5.8
2009,percentage (%),a) time series,weiblich,sn,code14,6.6
2010,percentage (%),a) time series,weiblich,sn,code14,7.6
2011,percentage (%),a) time series,weiblich,sn,code14,7.5
2012,percentage (%),a) time series,weiblich,sn,code14,7.2
2013,percentage (%),a) time series,weiblich,sn,code14,6.7
2014,percentage (%),a) time series,weiblich,sn,code14,6.6
2015,percentage (%),a) time series,weiblich,sn,code14,7.1
2016,percentage (%),a) time series,weiblich,sn,code14,7.0
2017,percentage (%),a) time series,weiblich,sn,code14,9.8
2018,percentage (%),a) time series,weiblich,sn,code14,7.0
2019,percentage (%),a) time series,weiblich,sn,code14,7.0
2005,percentage (%),a) time series,männlich,sn,code14,9.1
2006,percentage (%),a) time series,männlich,sn,code14,9.9
2007,percentage (%),a) time series,männlich,sn,code14,8.2
2008,percentage (%),a) time series,männlich,sn,code14,8.8
2009,percentage (%),a) time series,männlich,sn,code14,6.7
2010,percentage (%),a) time series,männlich,sn,code14,7.6
2011,percentage (%),a) time series,männlich,sn,code14,7.9
2012,percentage (%),a) time series,männlich,sn,code14,8.1
2013,percentage (%),a) time series,männlich,sn,code14,6.3
2014,percentage (%),a) time series,männlich,sn,code14,7.0
2015,percentage (%),a) time series,männlich,sn,code14,9.6
2016,percentage (%),a) time series,männlich,sn,code14,8.3
2017,percentage (%),a) time series,männlich,sn,code14,7.5
2018,percentage (%),a) time series,männlich,sn,code14,8.0
2019,percentage (%),a) time series,männlich,sn,code14,9.4
2005,percentage (%),a) time series,a) total,st,code15,12.4
2006,percentage (%),a) time series,a) total,st,code15,12.2
2007,percentage (%),a) time series,a) total,st,code15,11.8
2008,percentage (%),a) time series,a) total,st,code15,12.1
2009,percentage (%),a) time series,a) total,st,code15,10.8
2010,percentage (%),a) time series,a) total,st,code15,11.7
2011,percentage (%),a) time series,a) total,st,code15,12.9
2012,percentage (%),a) time series,a) total,st,code15,11.1
2013,percentage (%),a) time series,a) total,st,code15,9.7
2014,percentage (%),a) time series,a) total,st,code15,9.3
2015,percentage (%),a) time series,a) total,st,code15,12.2
2016,percentage (%),a) time series,a) total,st,code15,11.2
2017,percentage (%),a) time series,a) total,st,code15,13.6
2018,percentage (%),a) time series,a) total,st,code15,9.1
2019,percentage (%),a) time series,a) total,st,code15,12.7
2005,percentage (%),a) time series,weiblich,st,code15,9.8
2006,percentage (%),a) time series,weiblich,st,code15,11.0
2007,percentage (%),a) time series,weiblich,st,code15,9.5
2008,percentage (%),a) time series,weiblich,st,code15,11.2
2009,percentage (%),a) time series,weiblich,st,code15,9.8
2010,percentage (%),a) time series,weiblich,st,code15,9.1
2011,percentage (%),a) time series,weiblich,st,code15,11.6
2012,percentage (%),a) time series,weiblich,st,code15,10.1
2015,percentage (%),a) time series,weiblich,st,code15,11.7
2017,percentage (%),a) time series,weiblich,st,code15,11.9
2019,percentage (%),a) time series,weiblich,st,code15,10.0
2005,percentage (%),a) time series,männlich,st,code15,14.7
2006,percentage (%),a) time series,männlich,st,code15,13.3
2007,percentage (%),a) time series,männlich,st,code15,14.0
2008,percentage (%),a) time series,männlich,st,code15,13.0
2009,percentage (%),a) time series,männlich,st,code15,11.7
2010,percentage (%),a) time series,männlich,st,code15,13.9
2011,percentage (%),a) time series,männlich,st,code15,14.0
2012,percentage (%),a) time series,männlich,st,code15,11.8
2013,percentage (%),a) time series,männlich,st,code15,10.5
2014,percentage (%),a) time series,männlich,st,code15,9.4
2015,percentage (%),a) time series,männlich,st,code15,12.6
2016,percentage (%),a) time series,männlich,st,code15,13.3
2017,percentage (%),a) time series,männlich,st,code15,15.0
2018,percentage (%),a) time series,männlich,st,code15,10.0
2019,percentage (%),a) time series,männlich,st,code15,14.8
2005,percentage (%),a) time series,a) total,sh,code01,15.1
2006,percentage (%),a) time series,a) total,sh,code01,17.1
2007,percentage (%),a) time series,a) total,sh,code01,11.8
2008,percentage (%),a) time series,a) total,sh,code01,13.6
2009,percentage (%),a) time series,a) total,sh,code01,12.1
2010,percentage (%),a) time series,a) total,sh,code01,12.6
2011,percentage (%),a) time series,a) total,sh,code01,12.9
2012,percentage (%),a) time series,a) total,sh,code01,12.3
2013,percentage (%),a) time series,a) total,sh,code01,10.3
2014,percentage (%),a) time series,a) total,sh,code01,12.8
2015,percentage (%),a) time series,a) total,sh,code01,10.6
2016,percentage (%),a) time series,a) total,sh,code01,10.7
2017,percentage (%),a) time series,a) total,sh,code01,9.1
2018,percentage (%),a) time series,a) total,sh,code01,10.1
2019,percentage (%),a) time series,a) total,sh,code01,11.0
2005,percentage (%),a) time series,weiblich,sh,code01,14.2
2006,percentage (%),a) time series,weiblich,sh,code01,16.1
2007,percentage (%),a) time series,weiblich,sh,code01,11.6
2008,percentage (%),a) time series,weiblich,sh,code01,13.5
2009,percentage (%),a) time series,weiblich,sh,code01,13.1
2010,percentage (%),a) time series,weiblich,sh,code01,12.8
2011,percentage (%),a) time series,weiblich,sh,code01,12.0
2012,percentage (%),a) time series,weiblich,sh,code01,11.6
2013,percentage (%),a) time series,weiblich,sh,code01,10.3
2014,percentage (%),a) time series,weiblich,sh,code01,12.5
2015,percentage (%),a) time series,weiblich,sh,code01,8.9
2016,percentage (%),a) time series,weiblich,sh,code01,10.6
2017,percentage (%),a) time series,weiblich,sh,code01,7.6
2018,percentage (%),a) time series,weiblich,sh,code01,8.9
2019,percentage (%),a) time series,weiblich,sh,code01,8.7
2005,percentage (%),a) time series,männlich,sh,code01,16.1
2006,percentage (%),a) time series,männlich,sh,code01,18.2
2007,percentage (%),a) time series,männlich,sh,code01,11.9
2008,percentage (%),a) time series,männlich,sh,code01,13.8
2009,percentage (%),a) time series,männlich,sh,code01,11.2
2010,percentage (%),a) time series,männlich,sh,code01,12.5
2011,percentage (%),a) time series,männlich,sh,code01,13.6
2012,percentage (%),a) time series,männlich,sh,code01,12.9
2013,percentage (%),a) time series,männlich,sh,code01,10.4
2014,percentage (%),a) time series,männlich,sh,code01,13.1
2015,percentage (%),a) time series,männlich,sh,code01,12.1
2016,percentage (%),a) time series,männlich,sh,code01,10.8
2017,percentage (%),a) time series,männlich,sh,code01,10.4
2018,percentage (%),a) time series,männlich,sh,code01,11.2
2019,percentage (%),a) time series,männlich,sh,code01,13.2
2005,percentage (%),a) time series,a) total,th,code16,6.6
2006,percentage (%),a) time series,a) total,th,code16,8.8
2007,percentage (%),a) time series,a) total,th,code16,10.2
2008,percentage (%),a) time series,a) total,th,code16,7.4
2009,percentage (%),a) time series,a) total,th,code16,5.4
2010,percentage (%),a) time series,a) total,th,code16,6.3
2011,percentage (%),a) time series,a) total,th,code16,7.7
2012,percentage (%),a) time series,a) total,th,code16,7.0
2013,percentage (%),a) time series,a) total,th,code16,7.7
2014,percentage (%),a) time series,a) total,th,code16,6.1
2015,percentage (%),a) time series,a) total,th,code16,8.3
2016,percentage (%),a) time series,a) total,th,code16,8.8
2017,percentage (%),a) time series,a) total,th,code16,8.7
2018,percentage (%),a) time series,a) total,th,code16,8.5
2019,percentage (%),a) time series,a) total,th,code16,9.6
2005,percentage (%),a) time series,weiblich,th,code16,7.2
2006,percentage (%),a) time series,weiblich,th,code16,8.6
2007,percentage (%),a) time series,weiblich,th,code16,11.6
2008,percentage (%),a) time series,weiblich,th,code16,7.1
2009,percentage (%),a) time series,weiblich,th,code16,6.0
2010,percentage (%),a) time series,weiblich,th,code16,6.4
2011,percentage (%),a) time series,weiblich,th,code16,6.7
2005,percentage (%),a) time series,männlich,th,code16,6.1
2006,percentage (%),a) time series,männlich,th,code16,9.0
2007,percentage (%),a) time series,männlich,th,code16,8.8
2008,percentage (%),a) time series,männlich,th,code16,7.7
2009,percentage (%),a) time series,männlich,th,code16,4.8
2010,percentage (%),a) time series,männlich,th,code16,6.2
2011,percentage (%),a) time series,männlich,th,code16,8.5
2012,percentage (%),a) time series,männlich,th,code16,8.0
2013,percentage (%),a) time series,männlich,th,code16,8.3
2015,percentage (%),a) time series,männlich,th,code16,9.1
2016,percentage (%),a) time series,männlich,th,code16,10.0
2017,percentage (%),a) time series,männlich,th,code16,10.6
2018,percentage (%),a) time series,männlich,th,code16,10.1
2019,percentage (%),a) time series,männlich,th,code16,10.5
