Year,Units,Series,Art der Betreuung,Value
2006,Prozent,Ganztagsbetreuung für Kinder <br>0- bis 2-Jährige,,6.499
2007,Prozent,Ganztagsbetreuung für Kinder <br>0- bis 2-Jährige,,7.321
2008,Prozent,Ganztagsbetreuung für Kinder <br>0- bis 2-Jährige,,8.284
2009,Prozent,Ganztagsbetreuung für Kinder <br>0- bis 2-Jährige,,9.87
2010,Prozent,Ganztagsbetreuung für Kinder <br>0- bis 2-Jährige,,11.597
2011,Prozent,Ganztagsbetreuung für Kinder <br>0- bis 2-Jährige,,12.94
2012,Prozent,Ganztagsbetreuung für Kinder <br>0- bis 2-Jährige,,14.629
2013,Prozent,Ganztagsbetreuung für Kinder <br>0- bis 2-Jährige,,15.758
2014,Prozent,Ganztagsbetreuung für Kinder <br>0- bis 2-Jährige,,17.462
2015,Prozent,Ganztagsbetreuung für Kinder <br>0- bis 2-Jährige,,18.065
2016,Prozent,Ganztagsbetreuung für Kinder <br>0- bis 2-Jährige,,18.32
2017,Prozent,Ganztagsbetreuung für Kinder <br>0- bis 2-Jährige,,18.478
2018,Prozent,Ganztagsbetreuung für Kinder <br>0- bis 2-Jährige,,18.837
2019,Prozent,Ganztagsbetreuung für Kinder <br>0- bis 2-Jährige,,19.321
2020,Prozent,Ganztagsbetreuung für Kinder <br>0- bis 2-Jährige,,19.583
2021,Prozent,Ganztagsbetreuung für Kinder <br>0- bis 2-Jährige,,18.942
2022,Prozent,Ganztagsbetreuung für Kinder <br>0- bis 2-Jährige,,19.297
2023,Prozent,Ganztagsbetreuung für Kinder <br>0- bis 2-Jährige,,19.659
2024,Prozent,Ganztagsbetreuung für Kinder <br>0- bis 2-Jährige,,19.97
2030,Prozent,Ganztagsbetreuung für Kinder <br>0- bis 2-Jährige,,
2006,Prozent,Ganztagsbetreuung für Kinder <br>0- bis 2-Jährige,Kindertageseinrichtungen,5.87
2007,Prozent,Ganztagsbetreuung für Kinder <br>0- bis 2-Jährige,Kindertageseinrichtungen,6.521
2008,Prozent,Ganztagsbetreuung für Kinder <br>0- bis 2-Jährige,Kindertageseinrichtungen,7.313
2009,Prozent,Ganztagsbetreuung für Kinder <br>0- bis 2-Jährige,Kindertageseinrichtungen,8.669
2010,Prozent,Ganztagsbetreuung für Kinder <br>0- bis 2-Jährige,Kindertageseinrichtungen,10.167
2011,Prozent,Ganztagsbetreuung für Kinder <br>0- bis 2-Jährige,Kindertageseinrichtungen,11.344
2012,Prozent,Ganztagsbetreuung für Kinder <br>0- bis 2-Jährige,Kindertageseinrichtungen,12.745
2013,Prozent,Ganztagsbetreuung für Kinder <br>0- bis 2-Jährige,Kindertageseinrichtungen,13.718
2014,Prozent,Ganztagsbetreuung für Kinder <br>0- bis 2-Jährige,Kindertageseinrichtungen,15.306
2015,Prozent,Ganztagsbetreuung für Kinder <br>0- bis 2-Jährige,Kindertageseinrichtungen,15.919
2016,Prozent,Ganztagsbetreuung für Kinder <br>0- bis 2-Jährige,Kindertageseinrichtungen,16.158
2017,Prozent,Ganztagsbetreuung für Kinder <br>0- bis 2-Jährige,Kindertageseinrichtungen,16.231
2018,Prozent,Ganztagsbetreuung für Kinder <br>0- bis 2-Jährige,Kindertageseinrichtungen,16.528
2019,Prozent,Ganztagsbetreuung für Kinder <br>0- bis 2-Jährige,Kindertageseinrichtungen,16.914
2020,Prozent,Ganztagsbetreuung für Kinder <br>0- bis 2-Jährige,Kindertageseinrichtungen,17.096
2021,Prozent,Ganztagsbetreuung für Kinder <br>0- bis 2-Jährige,Kindertageseinrichtungen,16.461
2022,Prozent,Ganztagsbetreuung für Kinder <br>0- bis 2-Jährige,Kindertageseinrichtungen,16.803
2023,Prozent,Ganztagsbetreuung für Kinder <br>0- bis 2-Jährige,Kindertageseinrichtungen,17.079
2024,Prozent,Ganztagsbetreuung für Kinder <br>0- bis 2-Jährige,Kindertageseinrichtungen,17.344
2006,Prozent,Ganztagsbetreuung für Kinder <br>0- bis 2-Jährige,Tagespflege,0.629
2007,Prozent,Ganztagsbetreuung für Kinder <br>0- bis 2-Jährige,Tagespflege,0.8
2008,Prozent,Ganztagsbetreuung für Kinder <br>0- bis 2-Jährige,Tagespflege,0.971
2009,Prozent,Ganztagsbetreuung für Kinder <br>0- bis 2-Jährige,Tagespflege,1.201
2010,Prozent,Ganztagsbetreuung für Kinder <br>0- bis 2-Jährige,Tagespflege,1.43
2011,Prozent,Ganztagsbetreuung für Kinder <br>0- bis 2-Jährige,Tagespflege,1.596
2012,Prozent,Ganztagsbetreuung für Kinder <br>0- bis 2-Jährige,Tagespflege,1.884
2013,Prozent,Ganztagsbetreuung für Kinder <br>0- bis 2-Jährige,Tagespflege,2.04
2014,Prozent,Ganztagsbetreuung für Kinder <br>0- bis 2-Jährige,Tagespflege,2.155
2015,Prozent,Ganztagsbetreuung für Kinder <br>0- bis 2-Jährige,Tagespflege,2.146
2016,Prozent,Ganztagsbetreuung für Kinder <br>0- bis 2-Jährige,Tagespflege,2.162
2017,Prozent,Ganztagsbetreuung für Kinder <br>0- bis 2-Jährige,Tagespflege,2.247
2018,Prozent,Ganztagsbetreuung für Kinder <br>0- bis 2-Jährige,Tagespflege,2.31
2019,Prozent,Ganztagsbetreuung für Kinder <br>0- bis 2-Jährige,Tagespflege,2.407
2020,Prozent,Ganztagsbetreuung für Kinder <br>0- bis 2-Jährige,Tagespflege,2.487
2021,Prozent,Ganztagsbetreuung für Kinder <br>0- bis 2-Jährige,Tagespflege,2.481
2022,Prozent,Ganztagsbetreuung für Kinder <br>0- bis 2-Jährige,Tagespflege,2.495
2023,Prozent,Ganztagsbetreuung für Kinder <br>0- bis 2-Jährige,Tagespflege,2.58
2024,Prozent,Ganztagsbetreuung für Kinder <br>0- bis 2-Jährige,Tagespflege,2.626
2006,Prozent,Ganztagsbetreuung für Kinder <br>3- bis 5-Jährige,,22.091
2007,Prozent,Ganztagsbetreuung für Kinder <br>3- bis 5-Jährige,,24.329
2008,Prozent,Ganztagsbetreuung für Kinder <br>3- bis 5-Jährige,,27.067
2009,Prozent,Ganztagsbetreuung für Kinder <br>3- bis 5-Jährige,,29.87
2010,Prozent,Ganztagsbetreuung für Kinder <br>3- bis 5-Jährige,,32.321
2011,Prozent,Ganztagsbetreuung für Kinder <br>3- bis 5-Jährige,,34.879
2012,Prozent,Ganztagsbetreuung für Kinder <br>3- bis 5-Jährige,,37.245
2013,Prozent,Ganztagsbetreuung für Kinder <br>3- bis 5-Jährige,,39.485
2014,Prozent,Ganztagsbetreuung für Kinder <br>3- bis 5-Jährige,,41.945
2015,Prozent,Ganztagsbetreuung für Kinder <br>3- bis 5-Jährige,,43.935
2016,Prozent,Ganztagsbetreuung für Kinder <br>3- bis 5-Jährige,,44.756
2017,Prozent,Ganztagsbetreuung für Kinder <br>3- bis 5-Jährige,,45.509
2018,Prozent,Ganztagsbetreuung für Kinder <br>3- bis 5-Jährige,,46.132
2019,Prozent,Ganztagsbetreuung für Kinder <br>3- bis 5-Jährige,,47.178
2020,Prozent,Ganztagsbetreuung für Kinder <br>3- bis 5-Jährige,,47.913
2021,Prozent,Ganztagsbetreuung für Kinder <br>3- bis 5-Jährige,,47.324
2022,Prozent,Ganztagsbetreuung für Kinder <br>3- bis 5-Jährige,,47.353
2023,Prozent,Ganztagsbetreuung für Kinder <br>3- bis 5-Jährige,,47.003
2024,Prozent,Ganztagsbetreuung für Kinder <br>3- bis 5-Jährige,,46.976
2030,Prozent,Ganztagsbetreuung für Kinder <br>3- bis 5-Jährige,,
2006,Prozent,Ganztagsbetreuung für Kinder <br>3- bis 5-Jährige,Kindertageseinrichtungen,21.963
2007,Prozent,Ganztagsbetreuung für Kinder <br>3- bis 5-Jährige,Kindertageseinrichtungen,24.189
2008,Prozent,Ganztagsbetreuung für Kinder <br>3- bis 5-Jährige,Kindertageseinrichtungen,26.896
2009,Prozent,Ganztagsbetreuung für Kinder <br>3- bis 5-Jährige,Kindertageseinrichtungen,29.696
2010,Prozent,Ganztagsbetreuung für Kinder <br>3- bis 5-Jährige,Kindertageseinrichtungen,32.138
2011,Prozent,Ganztagsbetreuung für Kinder <br>3- bis 5-Jährige,Kindertageseinrichtungen,34.672
2012,Prozent,Ganztagsbetreuung für Kinder <br>3- bis 5-Jährige,Kindertageseinrichtungen,37.041
2013,Prozent,Ganztagsbetreuung für Kinder <br>3- bis 5-Jährige,Kindertageseinrichtungen,39.267
2014,Prozent,Ganztagsbetreuung für Kinder <br>3- bis 5-Jährige,Kindertageseinrichtungen,41.701
2015,Prozent,Ganztagsbetreuung für Kinder <br>3- bis 5-Jährige,Kindertageseinrichtungen,43.67
2016,Prozent,Ganztagsbetreuung für Kinder <br>3- bis 5-Jährige,Kindertageseinrichtungen,44.49
2017,Prozent,Ganztagsbetreuung für Kinder <br>3- bis 5-Jährige,Kindertageseinrichtungen,45.239
2018,Prozent,Ganztagsbetreuung für Kinder <br>3- bis 5-Jährige,Kindertageseinrichtungen,45.838
2019,Prozent,Ganztagsbetreuung für Kinder <br>3- bis 5-Jährige,Kindertageseinrichtungen,46.871
2020,Prozent,Ganztagsbetreuung für Kinder <br>3- bis 5-Jährige,Kindertageseinrichtungen,47.553
2021,Prozent,Ganztagsbetreuung für Kinder <br>3- bis 5-Jährige,Kindertageseinrichtungen,46.934
2022,Prozent,Ganztagsbetreuung für Kinder <br>3- bis 5-Jährige,Kindertageseinrichtungen,46.99
2023,Prozent,Ganztagsbetreuung für Kinder <br>3- bis 5-Jährige,Kindertageseinrichtungen,46.64
2024,Prozent,Ganztagsbetreuung für Kinder <br>3- bis 5-Jährige,Kindertageseinrichtungen,46.607
2006,Prozent,Ganztagsbetreuung für Kinder <br>3- bis 5-Jährige,Tagespflege,0.127
2007,Prozent,Ganztagsbetreuung für Kinder <br>3- bis 5-Jährige,Tagespflege,0.141
2008,Prozent,Ganztagsbetreuung für Kinder <br>3- bis 5-Jährige,Tagespflege,0.171
2009,Prozent,Ganztagsbetreuung für Kinder <br>3- bis 5-Jährige,Tagespflege,0.174
2010,Prozent,Ganztagsbetreuung für Kinder <br>3- bis 5-Jährige,Tagespflege,0.183
2011,Prozent,Ganztagsbetreuung für Kinder <br>3- bis 5-Jährige,Tagespflege,0.207
2012,Prozent,Ganztagsbetreuung für Kinder <br>3- bis 5-Jährige,Tagespflege,0.204
2013,Prozent,Ganztagsbetreuung für Kinder <br>3- bis 5-Jährige,Tagespflege,0.218
2014,Prozent,Ganztagsbetreuung für Kinder <br>3- bis 5-Jährige,Tagespflege,0.244
2015,Prozent,Ganztagsbetreuung für Kinder <br>3- bis 5-Jährige,Tagespflege,0.265
2016,Prozent,Ganztagsbetreuung für Kinder <br>3- bis 5-Jährige,Tagespflege,0.266
2017,Prozent,Ganztagsbetreuung für Kinder <br>3- bis 5-Jährige,Tagespflege,0.27
2018,Prozent,Ganztagsbetreuung für Kinder <br>3- bis 5-Jährige,Tagespflege,0.294
2019,Prozent,Ganztagsbetreuung für Kinder <br>3- bis 5-Jährige,Tagespflege,0.306
2020,Prozent,Ganztagsbetreuung für Kinder <br>3- bis 5-Jährige,Tagespflege,0.36
2021,Prozent,Ganztagsbetreuung für Kinder <br>3- bis 5-Jährige,Tagespflege,0.39
2022,Prozent,Ganztagsbetreuung für Kinder <br>3- bis 5-Jährige,Tagespflege,0.363
2023,Prozent,Ganztagsbetreuung für Kinder <br>3- bis 5-Jährige,Tagespflege,0.363
2024,Prozent,Ganztagsbetreuung für Kinder <br>3- bis 5-Jährige,Tagespflege,0.369
