Year,Units,Series,Bundesland,GeoCode,Value
2008,2008 = 100,Endenergieproduktivität,,,100.0
2009,2008 = 100,Endenergieproduktivität,,,99.68
2010,2008 = 100,Endenergieproduktivität,,,96.66
2011,2008 = 100,Endenergieproduktivität,,,105.29
2012,2008 = 100,Endenergieproduktivität,,,105.29
2013,2008 = 100,Endenergieproduktivität,,,102.76
2014,2008 = 100,Endenergieproduktivität,,,110.82
2015,2008 = 100,Endenergieproduktivität,,,109.96
2016,2008 = 100,Endenergieproduktivität,,,110.26
2017,2008 = 100,Endenergieproduktivität,,,111.75
2018,2008 = 100,Endenergieproduktivität,,,116.34
2019,2008 = 100,Endenergieproduktivität,,,116.92
2020,2008 = 100,Endenergieproduktivität,,,120.04
2021,2008 = 100,Endenergieproduktivität,,,
2008,2008 = 100,Endenergieproduktivität,Baden-Württemberg,code08,100.0
2009,2008 = 100,Endenergieproduktivität,,,95.56
2010,2008 = 100,Endenergieproduktivität,,,100.38
2011,2008 = 100,Endenergieproduktivität,,,109.6
2012,2008 = 100,Endenergieproduktivität,,,111.95
2013,2008 = 100,Endenergieproduktivität,,,107.65
2014,2008 = 100,Endenergieproduktivität,,,117.24
2015,2008 = 100,Endenergieproduktivität,,,116.7
2016,2008 = 100,Endenergieproduktivität,,,115.33
2017,2008 = 100,Endenergieproduktivität,,,119.71
2018,2008 = 100,Endenergieproduktivität,,,121.65
2019,2008 = 100,Endenergieproduktivität,,,117.75
2020,2008 = 100,Endenergieproduktivität,,,123.69
2021,2008 = 100,Endenergieproduktivität,,,
2008,2008 = 100,Endenergieproduktivität,,,100.0
2009,2008 = 100,Endenergieproduktivität,,,98.7
2010,2008 = 100,Endenergieproduktivität,,,96.32
2011,2008 = 100,Endenergieproduktivität,,,103.17
2012,2008 = 100,Endenergieproduktivität,,,104.63
2013,2008 = 100,Endenergieproduktivität,,,104.95
2014,2008 = 100,Endenergieproduktivität,,,112.9
2015,2008 = 100,Endenergieproduktivität,,,112.09
2016,2008 = 100,Endenergieproduktivität,,,111.26
2017,2008 = 100,Endenergieproduktivität,,,114.29
2018,2008 = 100,Endenergieproduktivität,,,113.39
2019,2008 = 100,Endenergieproduktivität,,,112.21
2020,2008 = 100,Endenergieproduktivität,,,
2021,2008 = 100,Endenergieproduktivität,,,
2008,2008 = 100,Endenergieproduktivität,,,100.0
2009,2008 = 100,Endenergieproduktivität,,,98.34
2010,2008 = 100,Endenergieproduktivität,,,93.1
2011,2008 = 100,Endenergieproduktivität,,,108.4
2012,2008 = 100,Endenergieproduktivität,,,107.01
2013,2008 = 100,Endenergieproduktivität,,,104.41
2014,2008 = 100,Endenergieproduktivität,,,115.02
2015,2008 = 100,Endenergieproduktivität,,,121.51
2016,2008 = 100,Endenergieproduktivität,,,124.0
2017,2008 = 100,Endenergieproduktivität,,,129.42
2018,2008 = 100,Endenergieproduktivität,,,135.5
2019,2008 = 100,Endenergieproduktivität,,,141.02
2020,2008 = 100,Endenergieproduktivität,,,154.73
2021,2008 = 100,Endenergieproduktivität,,,
2008,2008 = 100,Endenergieproduktivität,,,100.0
2009,2008 = 100,Endenergieproduktivität,,,99.37
2010,2008 = 100,Endenergieproduktivität,,,95.55
2011,2008 = 100,Endenergieproduktivität,,,100.24
2012,2008 = 100,Endenergieproduktivität,,,99.11
2013,2008 = 100,Endenergieproduktivität,,,97.89
2014,2008 = 100,Endenergieproduktivität,,,104.0
2015,2008 = 100,Endenergieproduktivität,,,107.39
2016,2008 = 100,Endenergieproduktivität,,,104.26
2017,2008 = 100,Endenergieproduktivität,,,104.0
2018,2008 = 100,Endenergieproduktivität,,,103.29
2019,2008 = 100,Endenergieproduktivität,,,109.04
2020,2008 = 100,Endenergieproduktivität,,,
2021,2008 = 100,Endenergieproduktivität,,,
2008,2008 = 100,Endenergieproduktivität,,,100.0
2009,2008 = 100,Endenergieproduktivität,,,97.32
2010,2008 = 100,Endenergieproduktivität,,,91.27
2011,2008 = 100,Endenergieproduktivität,,,95.84
2012,2008 = 100,Endenergieproduktivität,,,100.14
2013,2008 = 100,Endenergieproduktivität,,,99.81
2014,2008 = 100,Endenergieproduktivität,,,95.75
2015,2008 = 100,Endenergieproduktivität,,,97.56
2016,2008 = 100,Endenergieproduktivität,,,100.05
2017,2008 = 100,Endenergieproduktivität,,,105.98
2018,2008 = 100,Endenergieproduktivität,,,105.52
2019,2008 = 100,Endenergieproduktivität,,,108.12
2020,2008 = 100,Endenergieproduktivität,,,116.49
2021,2008 = 100,Endenergieproduktivität,,,
2008,2008 = 100,Endenergieproduktivität,,,100.0
2009,2008 = 100,Endenergieproduktivität,,,97.62
2010,2008 = 100,Endenergieproduktivität,,,94.0
2011,2008 = 100,Endenergieproduktivität,,,100.82
2012,2008 = 100,Endenergieproduktivität,,,99.28
2013,2008 = 100,Endenergieproduktivität,,,103.85
2014,2008 = 100,Endenergieproduktivität,,,109.73
2015,2008 = 100,Endenergieproduktivität,,,108.89
2016,2008 = 100,Endenergieproduktivität,,,110.63
2017,2008 = 100,Endenergieproduktivität,,,112.13
2018,2008 = 100,Endenergieproduktivität,,,110.62
2019,2008 = 100,Endenergieproduktivität,,,114.41
2020,2008 = 100,Endenergieproduktivität,,,118.79
2021,2008 = 100,Endenergieproduktivität,,,
2008,2008 = 100,Endenergieproduktivität,,,100.0
2009,2008 = 100,Endenergieproduktivität,,,97.8
2010,2008 = 100,Endenergieproduktivität,,,98.68
2011,2008 = 100,Endenergieproduktivität,,,106.69
2012,2008 = 100,Endenergieproduktivität,,,104.23
2013,2008 = 100,Endenergieproduktivität,,,102.41
2014,2008 = 100,Endenergieproduktivität,,,106.01
2015,2008 = 100,Endenergieproduktivität,,,104.15
2016,2008 = 100,Endenergieproduktivität,,,105.02
2017,2008 = 100,Endenergieproduktivität,,,107.74
2018,2008 = 100,Endenergieproduktivität,,,109.92
2019,2008 = 100,Endenergieproduktivität,,,109.25
2020,2008 = 100,Endenergieproduktivität,,,127.37
2021,2008 = 100,Endenergieproduktivität,,,
2008,2008 = 100,Endenergieproduktivität,,,100.0
2009,2008 = 100,Endenergieproduktivität,,,99.92
2010,2008 = 100,Endenergieproduktivität,,,94.59
2011,2008 = 100,Endenergieproduktivität,,,104.51
2012,2008 = 100,Endenergieproduktivität,,,100.74
2013,2008 = 100,Endenergieproduktivität,,,98.51
2014,2008 = 100,Endenergieproduktivität,,,104.5
2015,2008 = 100,Endenergieproduktivität,,,104.84
2016,2008 = 100,Endenergieproduktivität,,,111.42
2017,2008 = 100,Endenergieproduktivität,,,107.49
2018,2008 = 100,Endenergieproduktivität,,,109.2
2019,2008 = 100,Endenergieproduktivität,,,
2020,2008 = 100,Endenergieproduktivität,,,
2021,2008 = 100,Endenergieproduktivität,,,
2008,2008 = 100,Endenergieproduktivität,,,100.0
2009,2008 = 100,Endenergieproduktivität,,,98.99
2010,2008 = 100,Endenergieproduktivität,,,97.8
2011,2008 = 100,Endenergieproduktivität,,,107.99
2012,2008 = 100,Endenergieproduktivität,,,111.39
2013,2008 = 100,Endenergieproduktivität,,,108.66
2014,2008 = 100,Endenergieproduktivität,,,114.36
2015,2008 = 100,Endenergieproduktivität,,,114.25
2016,2008 = 100,Endenergieproduktivität,,,119.83
2017,2008 = 100,Endenergieproduktivität,,,118.64
2018,2008 = 100,Endenergieproduktivität,,,119.9
2019,2008 = 100,Endenergieproduktivität,,,122.55
2020,2008 = 100,Endenergieproduktivität,,,124.12
2021,2008 = 100,Endenergieproduktivität,,,
2008,2008 = 100,Endenergieproduktivität,,,100.0
2009,2008 = 100,Endenergieproduktivität,,,106.78
2010,2008 = 100,Endenergieproduktivität,,,102.13
2011,2008 = 100,Endenergieproduktivität,,,111.63
2012,2008 = 100,Endenergieproduktivität,,,112.41
2013,2008 = 100,Endenergieproduktivität,,,111.93
2014,2008 = 100,Endenergieproduktivität,,,117.18
2015,2008 = 100,Endenergieproduktivität,,,118.9
2016,2008 = 100,Endenergieproduktivität,,,110.79
2017,2008 = 100,Endenergieproduktivität,,,121.19
2018,2008 = 100,Endenergieproduktivität,,,107.47
2019,2008 = 100,Endenergieproduktivität,,,119.28
2020,2008 = 100,Endenergieproduktivität,,,
2021,2008 = 100,Endenergieproduktivität,,,
2008,2008 = 100,Endenergieproduktivität,,,100.0
2009,2008 = 100,Endenergieproduktivität,,,99.39
2010,2008 = 100,Endenergieproduktivität,,,99.84
2011,2008 = 100,Endenergieproduktivität,,,110.2
2012,2008 = 100,Endenergieproduktivität,,,112.68
2013,2008 = 100,Endenergieproduktivität,,,109.21
2014,2008 = 100,Endenergieproduktivität,,,114.57
2015,2008 = 100,Endenergieproduktivität,,,115.35
2016,2008 = 100,Endenergieproduktivität,,,114.08
2017,2008 = 100,Endenergieproduktivität,,,114.87
2018,2008 = 100,Endenergieproduktivität,,,113.54
2019,2008 = 100,Endenergieproduktivität,,,112.81
2020,2008 = 100,Endenergieproduktivität,,,111.8
2021,2008 = 100,Endenergieproduktivität,,,
2008,2008 = 100,Endenergieproduktivität,,,
2009,2008 = 100,Endenergieproduktivität,,,
2010,2008 = 100,Endenergieproduktivität,,,
2011,2008 = 100,Endenergieproduktivität,,,
2012,2008 = 100,Endenergieproduktivität,,,
2013,2008 = 100,Endenergieproduktivität,,,
2014,2008 = 100,Endenergieproduktivität,,,
2015,2008 = 100,Endenergieproduktivität,,,
2016,2008 = 100,Endenergieproduktivität,,,
2017,2008 = 100,Endenergieproduktivität,,,
2018,2008 = 100,Endenergieproduktivität,,,
2019,2008 = 100,Endenergieproduktivität,,,
2020,2008 = 100,Endenergieproduktivität,,,
2021,2008 = 100,Endenergieproduktivität,,,
2008,2008 = 100,Endenergieproduktivität,,,100.0
2009,2008 = 100,Endenergieproduktivität,,,97.31
2010,2008 = 100,Endenergieproduktivität,,,95.38
2011,2008 = 100,Endenergieproduktivität,,,105.69
2012,2008 = 100,Endenergieproduktivität,,,100.88
2013,2008 = 100,Endenergieproduktivität,,,99.0
2014,2008 = 100,Endenergieproduktivität,,,107.33
2015,2008 = 100,Endenergieproduktivität,,,107.39
2016,2008 = 100,Endenergieproduktivität,,,106.32
2017,2008 = 100,Endenergieproduktivität,,,105.78
2018,2008 = 100,Endenergieproduktivität,,,109.5
2019,2008 = 100,Endenergieproduktivität,,,112.39
2020,2008 = 100,Endenergieproduktivität,,,
2021,2008 = 100,Endenergieproduktivität,,,
2008,2008 = 100,Endenergieproduktivität,,,100.0
2009,2008 = 100,Endenergieproduktivität,,,95.9
2010,2008 = 100,Endenergieproduktivität,,,92.18
2011,2008 = 100,Endenergieproduktivität,,,95.71
2012,2008 = 100,Endenergieproduktivität,,,94.69
2013,2008 = 100,Endenergieproduktivität,,,94.42
2014,2008 = 100,Endenergieproduktivität,,,99.36
2015,2008 = 100,Endenergieproduktivität,,,100.04
2016,2008 = 100,Endenergieproduktivität,,,98.64
2017,2008 = 100,Endenergieproduktivität,,,98.56
2018,2008 = 100,Endenergieproduktivität,,,95.94
2019,2008 = 100,Endenergieproduktivität,,,102.82
2020,2008 = 100,Endenergieproduktivität,,,
2021,2008 = 100,Endenergieproduktivität,,,
2008,2008 = 100,Endenergieproduktivität,,,100.0
2009,2008 = 100,Endenergieproduktivität,,,99.59
2010,2008 = 100,Endenergieproduktivität,,,94.81
2011,2008 = 100,Endenergieproduktivität,,,102.34
2012,2008 = 100,Endenergieproduktivität,,,99.58
2013,2008 = 100,Endenergieproduktivität,,,95.74
2014,2008 = 100,Endenergieproduktivität,,,103.67
2015,2008 = 100,Endenergieproduktivität,,,102.77
2016,2008 = 100,Endenergieproduktivität,,,104.8
2017,2008 = 100,Endenergieproduktivität,,,106.91
2018,2008 = 100,Endenergieproduktivität,,,107.84
2019,2008 = 100,Endenergieproduktivität,,,114.83
2020,2008 = 100,Endenergieproduktivität,,,112.08
2021,2008 = 100,Endenergieproduktivität,,,
2008,2008 = 100,Endenergieproduktivität,,,100.0
2009,2008 = 100,Endenergieproduktivität,,,100.4
2010,2008 = 100,Endenergieproduktivität,,,98.88
2011,2008 = 100,Endenergieproduktivität,,,109.82
2012,2008 = 100,Endenergieproduktivität,,,108.24
2013,2008 = 100,Endenergieproduktivität,,,107.02
2014,2008 = 100,Endenergieproduktivität,,,117.46
2015,2008 = 100,Endenergieproduktivität,,,117.02
2016,2008 = 100,Endenergieproduktivität,,,115.82
2017,2008 = 100,Endenergieproduktivität,,,118.93
2018,2008 = 100,Endenergieproduktivität,,,118.84
2019,2008 = 100,Endenergieproduktivität,,,119.23
2020,2008 = 100,Endenergieproduktivität,,,
2021,2008 = 100,Endenergieproduktivität,,,
2008,2008 = 100,Primärenergieverbrauch,,,100.0
2009,2008 = 100,Primärenergieverbrauch,,,94.1
2010,2008 = 100,Primärenergieverbrauch,,,98.87
2011,2008 = 100,Primärenergieverbrauch,,,94.57
2012,2008 = 100,Primärenergieverbrauch,,,93.51
2013,2008 = 100,Primärenergieverbrauch,,,96.12
2014,2008 = 100,Primärenergieverbrauch,,,91.65
2015,2008 = 100,Primärenergieverbrauch,,,92.22
2016,2008 = 100,Primärenergieverbrauch,,,93.82
2017,2008 = 100,Primärenergieverbrauch,,,94.04
2018,2008 = 100,Primärenergieverbrauch,,,91.3
2019,2008 = 100,Primärenergieverbrauch,,,89.05
2020,2008 = 100,Primärenergieverbrauch,,,82.72
2021,2008 = 100,Primärenergieverbrauch,,,85.29
2008,2008 = 100,Primärenergieverbrauch,,,100.0
2009,2008 = 100,Primärenergieverbrauch,,,95.08
2010,2008 = 100,Primärenergieverbrauch,,,95.23
2011,2008 = 100,Primärenergieverbrauch,,,88.26
2012,2008 = 100,Primärenergieverbrauch,,,85.68
2013,2008 = 100,Primärenergieverbrauch,,,88.92
2014,2008 = 100,Primärenergieverbrauch,,,85.43
2015,2008 = 100,Primärenergieverbrauch,,,87.24
2016,2008 = 100,Primärenergieverbrauch,,,89.3
2017,2008 = 100,Primärenergieverbrauch,,,87.72
2018,2008 = 100,Primärenergieverbrauch,,,87.85
2019,2008 = 100,Primärenergieverbrauch,,,88.24
2020,2008 = 100,Primärenergieverbrauch,,,82.75
2021,2008 = 100,Primärenergieverbrauch,,,
2008,2008 = 100,Primärenergieverbrauch,,,100.0
2009,2008 = 100,Primärenergieverbrauch,,,98.27
2010,2008 = 100,Primärenergieverbrauch,,,102.05
2011,2008 = 100,Primärenergieverbrauch,,,99.9
2012,2008 = 100,Primärenergieverbrauch,,,97.56
2013,2008 = 100,Primärenergieverbrauch,,,98.19
2014,2008 = 100,Primärenergieverbrauch,,,94.71
2015,2008 = 100,Primärenergieverbrauch,,,94.84
2016,2008 = 100,Primärenergieverbrauch,,,94.96
2017,2008 = 100,Primärenergieverbrauch,,,95.4
2018,2008 = 100,Primärenergieverbrauch,,,89.76
2019,2008 = 100,Primärenergieverbrauch,,,91.53
2020,2008 = 100,Primärenergieverbrauch,,,
2021,2008 = 100,Primärenergieverbrauch,,,
2008,2008 = 100,Primärenergieverbrauch,,,100.0
2009,2008 = 100,Primärenergieverbrauch,,,98.6
2010,2008 = 100,Primärenergieverbrauch,,,107.63
2011,2008 = 100,Primärenergieverbrauch,,,96.33
2012,2008 = 100,Primärenergieverbrauch,,,97.58
2013,2008 = 100,Primärenergieverbrauch,,,100.58
2014,2008 = 100,Primärenergieverbrauch,,,94.6
2015,2008 = 100,Primärenergieverbrauch,,,92.23
2016,2008 = 100,Primärenergieverbrauch,,,94.71
2017,2008 = 100,Primärenergieverbrauch,,,94.16
2018,2008 = 100,Primärenergieverbrauch,,,92.75
2019,2008 = 100,Primärenergieverbrauch,,,91.99
2020,2008 = 100,Primärenergieverbrauch,,,83.88
2021,2008 = 100,Primärenergieverbrauch,,,
2008,2008 = 100,Primärenergieverbrauch,,,100.0
2009,2008 = 100,Primärenergieverbrauch,,,97.02
2010,2008 = 100,Primärenergieverbrauch,,,102.12
2011,2008 = 100,Primärenergieverbrauch,,,104.45
2012,2008 = 100,Primärenergieverbrauch,,,104.54
2013,2008 = 100,Primärenergieverbrauch,,,102.19
2014,2008 = 100,Primärenergieverbrauch,,,101.39
2015,2008 = 100,Primärenergieverbrauch,,,101.43
2016,2008 = 100,Primärenergieverbrauch,,,101.96
2017,2008 = 100,Primärenergieverbrauch,,,103.67
2018,2008 = 100,Primärenergieverbrauch,,,106.36
2019,2008 = 100,Primärenergieverbrauch,,,96.19
2020,2008 = 100,Primärenergieverbrauch,,,
2021,2008 = 100,Primärenergieverbrauch,,,
2008,2008 = 100,Primärenergieverbrauch,,,100.0
2009,2008 = 100,Primärenergieverbrauch,,,96.2
2010,2008 = 100,Primärenergieverbrauch,,,105.9
2011,2008 = 100,Primärenergieverbrauch,,,100.29
2012,2008 = 100,Primärenergieverbrauch,,,100.34
2013,2008 = 100,Primärenergieverbrauch,,,99.37
2014,2008 = 100,Primärenergieverbrauch,,,100.79
2015,2008 = 100,Primärenergieverbrauch,,,100.07
2016,2008 = 100,Primärenergieverbrauch,,,98.88
2017,2008 = 100,Primärenergieverbrauch,,,100.55
2018,2008 = 100,Primärenergieverbrauch,,,95.59
2019,2008 = 100,Primärenergieverbrauch,,,89.68
2020,2008 = 100,Primärenergieverbrauch,,,81.09
2021,2008 = 100,Primärenergieverbrauch,,,
2008,2008 = 100,Primärenergieverbrauch,,,100.0
2009,2008 = 100,Primärenergieverbrauch,,,98.74
2010,2008 = 100,Primärenergieverbrauch,,,106.3
2011,2008 = 100,Primärenergieverbrauch,,,99.55
2012,2008 = 100,Primärenergieverbrauch,,,99.96
2013,2008 = 100,Primärenergieverbrauch,,,99.16
2014,2008 = 100,Primärenergieverbrauch,,,99.79
2015,2008 = 100,Primärenergieverbrauch,,,107.13
2016,2008 = 100,Primärenergieverbrauch,,,110.39
2017,2008 = 100,Primärenergieverbrauch,,,111.87
2018,2008 = 100,Primärenergieverbrauch,,,114.51
2019,2008 = 100,Primärenergieverbrauch,,,110.11
2020,2008 = 100,Primärenergieverbrauch,,,98.06
2021,2008 = 100,Primärenergieverbrauch,,,
2008,2008 = 100,Primärenergieverbrauch,,,100.0
2009,2008 = 100,Primärenergieverbrauch,,,83.48
2010,2008 = 100,Primärenergieverbrauch,,,94.98
2011,2008 = 100,Primärenergieverbrauch,,,83.35
2012,2008 = 100,Primärenergieverbrauch,,,80.85
2013,2008 = 100,Primärenergieverbrauch,,,81.39
2014,2008 = 100,Primärenergieverbrauch,,,80.3
2015,2008 = 100,Primärenergieverbrauch,,,81.72
2016,2008 = 100,Primärenergieverbrauch,,,83.3
2017,2008 = 100,Primärenergieverbrauch,,,82.91
2018,2008 = 100,Primärenergieverbrauch,,,81.35
2019,2008 = 100,Primärenergieverbrauch,,,82.38
2020,2008 = 100,Primärenergieverbrauch,,,83.2
2021,2008 = 100,Primärenergieverbrauch,,,
2008,2008 = 100,Primärenergieverbrauch,,,100.0
2009,2008 = 100,Primärenergieverbrauch,,,95.14
2010,2008 = 100,Primärenergieverbrauch,,,101.93
2011,2008 = 100,Primärenergieverbrauch,,,98.29
2012,2008 = 100,Primärenergieverbrauch,,,103.93
2013,2008 = 100,Primärenergieverbrauch,,,104.58
2014,2008 = 100,Primärenergieverbrauch,,,104.25
2015,2008 = 100,Primärenergieverbrauch,,,102.14
2016,2008 = 100,Primärenergieverbrauch,,,106.07
2017,2008 = 100,Primärenergieverbrauch,,,93.21
2018,2008 = 100,Primärenergieverbrauch,,,91.07
2019,2008 = 100,Primärenergieverbrauch,,,
2020,2008 = 100,Primärenergieverbrauch,,,
2021,2008 = 100,Primärenergieverbrauch,,,
2008,2008 = 100,Primärenergieverbrauch,,,100.0
2009,2008 = 100,Primärenergieverbrauch,,,97.64
2010,2008 = 100,Primärenergieverbrauch,,,100.68
2011,2008 = 100,Primärenergieverbrauch,,,91.89
2012,2008 = 100,Primärenergieverbrauch,,,90.82
2013,2008 = 100,Primärenergieverbrauch,,,91.16
2014,2008 = 100,Primärenergieverbrauch,,,90.39
2015,2008 = 100,Primärenergieverbrauch,,,89.77
2016,2008 = 100,Primärenergieverbrauch,,,89.54
2017,2008 = 100,Primärenergieverbrauch,,,90.11
2018,2008 = 100,Primärenergieverbrauch,,,91.14
2019,2008 = 100,Primärenergieverbrauch,,,89.44
2020,2008 = 100,Primärenergieverbrauch,,,88.14
2021,2008 = 100,Primärenergieverbrauch,,,
2008,2008 = 100,Primärenergieverbrauch,,,100.0
2009,2008 = 100,Primärenergieverbrauch,,,100.7
2010,2008 = 100,Primärenergieverbrauch,,,105.72
2011,2008 = 100,Primärenergieverbrauch,,,101.91
2012,2008 = 100,Primärenergieverbrauch,,,100.62
2013,2008 = 100,Primärenergieverbrauch,,,100.5
2014,2008 = 100,Primärenergieverbrauch,,,102.51
2015,2008 = 100,Primärenergieverbrauch,,,101.62
2016,2008 = 100,Primärenergieverbrauch,,,96.72
2017,2008 = 100,Primärenergieverbrauch,,,94.96
2018,2008 = 100,Primärenergieverbrauch,,,89.34
2019,2008 = 100,Primärenergieverbrauch,,,86.49
2020,2008 = 100,Primärenergieverbrauch,,,
2021,2008 = 100,Primärenergieverbrauch,,,
2008,2008 = 100,Primärenergieverbrauch,,,100.0
2009,2008 = 100,Primärenergieverbrauch,,,92.72
2010,2008 = 100,Primärenergieverbrauch,,,100.2
2011,2008 = 100,Primärenergieverbrauch,,,94.41
2012,2008 = 100,Primärenergieverbrauch,,,94.43
2013,2008 = 100,Primärenergieverbrauch,,,97.93
2014,2008 = 100,Primärenergieverbrauch,,,92.62
2015,2008 = 100,Primärenergieverbrauch,,,95.1
2016,2008 = 100,Primärenergieverbrauch,,,96.27
2017,2008 = 100,Primärenergieverbrauch,,,98.35
2018,2008 = 100,Primärenergieverbrauch,,,95.26
2019,2008 = 100,Primärenergieverbrauch,,,95.6
2020,2008 = 100,Primärenergieverbrauch,,,101.39
2021,2008 = 100,Primärenergieverbrauch,,,
2008,2008 = 100,Primärenergieverbrauch,,,100.0
2009,2008 = 100,Primärenergieverbrauch,,,82.89
2010,2008 = 100,Primärenergieverbrauch,,,87.41
2011,2008 = 100,Primärenergieverbrauch,,,91.69
2012,2008 = 100,Primärenergieverbrauch,,,94.81
2013,2008 = 100,Primärenergieverbrauch,,,99.3
2014,2008 = 100,Primärenergieverbrauch,,,90.75
2015,2008 = 100,Primärenergieverbrauch,,,87.67
2016,2008 = 100,Primärenergieverbrauch,,,
2017,2008 = 100,Primärenergieverbrauch,,,
2018,2008 = 100,Primärenergieverbrauch,,,
2019,2008 = 100,Primärenergieverbrauch,,,
2020,2008 = 100,Primärenergieverbrauch,,,
2021,2008 = 100,Primärenergieverbrauch,,,
2008,2008 = 100,Primärenergieverbrauch,,,100.0
2009,2008 = 100,Primärenergieverbrauch,,,99.52
2010,2008 = 100,Primärenergieverbrauch,,,101.53
2011,2008 = 100,Primärenergieverbrauch,,,97.23
2012,2008 = 100,Primärenergieverbrauch,,,99.19
2013,2008 = 100,Primärenergieverbrauch,,,102.32
2014,2008 = 100,Primärenergieverbrauch,,,100.39
2015,2008 = 100,Primärenergieverbrauch,,,98.73
2016,2008 = 100,Primärenergieverbrauch,,,101.29
2017,2008 = 100,Primärenergieverbrauch,,,104.77
2018,2008 = 100,Primärenergieverbrauch,,,103.22
2019,2008 = 100,Primärenergieverbrauch,,,95.92
2020,2008 = 100,Primärenergieverbrauch,,,
2021,2008 = 100,Primärenergieverbrauch,,,
2008,2008 = 100,Primärenergieverbrauch,,,100.0
2009,2008 = 100,Primärenergieverbrauch,,,99.07
2010,2008 = 100,Primärenergieverbrauch,,,104.27
2011,2008 = 100,Primärenergieverbrauch,,,102.29
2012,2008 = 100,Primärenergieverbrauch,,,102.75
2013,2008 = 100,Primärenergieverbrauch,,,96.97
2014,2008 = 100,Primärenergieverbrauch,,,96.97
2015,2008 = 100,Primärenergieverbrauch,,,100.22
2016,2008 = 100,Primärenergieverbrauch,,,103.21
2017,2008 = 100,Primärenergieverbrauch,,,99.37
2018,2008 = 100,Primärenergieverbrauch,,,108.23
2019,2008 = 100,Primärenergieverbrauch,,,101.43
2020,2008 = 100,Primärenergieverbrauch,,,
2021,2008 = 100,Primärenergieverbrauch,,,
2008,2008 = 100,Primärenergieverbrauch,,,100.0
2009,2008 = 100,Primärenergieverbrauch,,,97.2
2010,2008 = 100,Primärenergieverbrauch,,,102.21
2011,2008 = 100,Primärenergieverbrauch,,,96.78
2012,2008 = 100,Primärenergieverbrauch,,,101.1
2013,2008 = 100,Primärenergieverbrauch,,,104.53
2014,2008 = 100,Primärenergieverbrauch,,,99.93
2015,2008 = 100,Primärenergieverbrauch,,,97.3
2016,2008 = 100,Primärenergieverbrauch,,,99.17
2017,2008 = 100,Primärenergieverbrauch,,,89.18
2018,2008 = 100,Primärenergieverbrauch,,,98.13
2019,2008 = 100,Primärenergieverbrauch,,,93.77
2020,2008 = 100,Primärenergieverbrauch,,,97.94
2021,2008 = 100,Primärenergieverbrauch,,,
2008,2008 = 100,Primärenergieverbrauch,,,100.0
2009,2008 = 100,Primärenergieverbrauch,,,96.12
2010,2008 = 100,Primärenergieverbrauch,,,100.04
2011,2008 = 100,Primärenergieverbrauch,,,95.19
2012,2008 = 100,Primärenergieverbrauch,,,96.75
2013,2008 = 100,Primärenergieverbrauch,,,98.68
2014,2008 = 100,Primärenergieverbrauch,,,92.92
2015,2008 = 100,Primärenergieverbrauch,,,93.12
2016,2008 = 100,Primärenergieverbrauch,,,95.7
2017,2008 = 100,Primärenergieverbrauch,,,96.49
2018,2008 = 100,Primärenergieverbrauch,,,95.14
2019,2008 = 100,Primärenergieverbrauch,,,93.27
2020,2008 = 100,Primärenergieverbrauch,,,
2021,2008 = 100,Primärenergieverbrauch,,,
