Year,Units,Series,Bundesland,GeoCode,Value
2008,Total,a) final energy productivity,,,100.0
2009,Total,a) final energy productivity,,,99.7
2010,Total,a) final energy productivity,,,96.7
2011,Total,a) final energy productivity,,,105.3
2012,Total,a) final energy productivity,,,105.3
2013,Total,a) final energy productivity,,,102.8
2014,Total,a) final energy productivity,,,110.8
2015,Total,a) final energy productivity,,,110.0
2016,Total,a) final energy productivity,,,110.3
2017,Total,a) final energy productivity,,,111.7
2018,Total,a) final energy productivity,,,116.3
2019,Total,a) final energy productivity,,,116.9
2020,Total,a) final energy productivity,,,120.0
2008,Total,a) final energy productivity,bw,code08,100.0
2009,Total,a) final energy productivity,bw,code08,95.6
2010,Total,a) final energy productivity,bw,code08,100.4
2011,Total,a) final energy productivity,bw,code08,109.6
2012,Total,a) final energy productivity,bw,code08,111.9
2013,Total,a) final energy productivity,bw,code08,107.7
2014,Total,a) final energy productivity,bw,code08,117.2
2015,Total,a) final energy productivity,bw,code08,116.7
2016,Total,a) final energy productivity,bw,code08,115.3
2017,Total,a) final energy productivity,bw,code08,125.2
2018,Total,a) final energy productivity,bw,code08,123.6
2019,Total,a) final energy productivity,bw,code08,109.7
2008,Total,a) final energy productivity,by,code09,100.0
2009,Total,a) final energy productivity,by,code09,98.7
2010,Total,a) final energy productivity,by,code09,96.3
2011,Total,a) final energy productivity,by,code09,103.2
2012,Total,a) final energy productivity,by,code09,104.6
2013,Total,a) final energy productivity,by,code09,105.0
2014,Total,a) final energy productivity,by,code09,112.9
2015,Total,a) final energy productivity,by,code09,112.1
2016,Total,a) final energy productivity,by,code09,111.3
2017,Total,a) final energy productivity,by,code09,115.7
2018,Total,a) final energy productivity,by,code09,117.9
2008,Total,a) final energy productivity,be,code11,100.0
2009,Total,a) final energy productivity,be,code11,98.3
2010,Total,a) final energy productivity,be,code11,93.1
2011,Total,a) final energy productivity,be,code11,108.6
2012,Total,a) final energy productivity,be,code11,107.4
2013,Total,a) final energy productivity,be,code11,104.1
2014,Total,a) final energy productivity,be,code11,115.5
2015,Total,a) final energy productivity,be,code11,122.1
2016,Total,a) final energy productivity,be,code11,124.5
2017,Total,a) final energy productivity,be,code11,131.4
2018,Total,a) final energy productivity,be,code11,145.9
2008,Total,a) final energy productivity,bb,code12,100.0
2009,Total,a) final energy productivity,bb,code12,101.2
2010,Total,a) final energy productivity,bb,code12,97.5
2011,Total,a) final energy productivity,bb,code12,99.4
2012,Total,a) final energy productivity,bb,code12,100.1
2013,Total,a) final energy productivity,bb,code12,96.4
2014,Total,a) final energy productivity,bb,code12,103.7
2015,Total,a) final energy productivity,bb,code12,106.5
2016,Total,a) final energy productivity,bb,code12,103.6
2017,Total,a) final energy productivity,bb,code12,101.5
2018,Total,a) final energy productivity,bb,code12,105.2
2008,Total,a) final energy productivity,hb,code04,100.0
2009,Total,a) final energy productivity,hb,code04,97.4
2010,Total,a) final energy productivity,hb,code04,91.4
2011,Total,a) final energy productivity,hb,code04,95.9
2012,Total,a) final energy productivity,hb,code04,100.3
2013,Total,a) final energy productivity,hb,code04,99.9
2014,Total,a) final energy productivity,hb,code04,95.3
2015,Total,a) final energy productivity,hb,code04,97.4
2016,Total,a) final energy productivity,hb,code04,98.5
2017,Total,a) final energy productivity,hb,code04,107.0
2018,Total,a) final energy productivity,hb,code04,115.1
2019,Total,a) final energy productivity,hb,code04,113.4
2008,Total,a) final energy productivity,hh,code02,100.0
2009,Total,a) final energy productivity,hh,code02,97.6
2010,Total,a) final energy productivity,hh,code02,94.2
2011,Total,a) final energy productivity,hh,code02,100.9
2012,Total,a) final energy productivity,hh,code02,99.3
2013,Total,a) final energy productivity,hh,code02,103.8
2014,Total,a) final energy productivity,hh,code02,109.6
2015,Total,a) final energy productivity,hh,code02,108.8
2016,Total,a) final energy productivity,hh,code02,110.7
2017,Total,a) final energy productivity,hh,code02,115.0
2018,Total,a) final energy productivity,hh,code02,116.1
2019,Total,a) final energy productivity,hh,code02,112.8
2008,Total,a) final energy productivity,he,code06,100.0
2009,Total,a) final energy productivity,he,code06,97.6
2010,Total,a) final energy productivity,he,code06,98.4
2011,Total,a) final energy productivity,he,code06,106.6
2012,Total,a) final energy productivity,he,code06,104.5
2013,Total,a) final energy productivity,he,code06,102.6
2014,Total,a) final energy productivity,he,code06,106.3
2015,Total,a) final energy productivity,he,code06,104.6
2016,Total,a) final energy productivity,he,code06,104.9
2017,Total,a) final energy productivity,he,code06,110.4
2018,Total,a) final energy productivity,he,code06,111.6
2019,Total,a) final energy productivity,he,code06,102.7
2008,Total,a) final energy productivity,mv,code13,100.0
2009,Total,a) final energy productivity,mv,code13,99.9
2010,Total,a) final energy productivity,mv,code13,94.6
2011,Total,a) final energy productivity,mv,code13,104.5
2012,Total,a) final energy productivity,mv,code13,100.7
2013,Total,a) final energy productivity,mv,code13,98.5
2014,Total,a) final energy productivity,mv,code13,104.5
2015,Total,a) final energy productivity,mv,code13,104.8
2016,Total,a) final energy productivity,mv,code13,111.4
2008,Total,a) final energy productivity,ni,code03,100.0
2009,Total,a) final energy productivity,ni,code03,99.0
2010,Total,a) final energy productivity,ni,code03,97.7
2011,Total,a) final energy productivity,ni,code03,108.1
2012,Total,a) final energy productivity,ni,code03,111.9
2013,Total,a) final energy productivity,ni,code03,109.0
2014,Total,a) final energy productivity,ni,code03,114.8
2015,Total,a) final energy productivity,ni,code03,114.9
2016,Total,a) final energy productivity,ni,code03,120.1
2017,Total,a) final energy productivity,ni,code03,119.9
2018,Total,a) final energy productivity,ni,code03,122.3
2019,Total,a) final energy productivity,ni,code03,111.4
2008,Total,a) final energy productivity,nw,code05,100.0
2009,Total,a) final energy productivity,nw,code05,106.8
2010,Total,a) final energy productivity,nw,code05,102.1
2011,Total,a) final energy productivity,nw,code05,111.6
2012,Total,a) final energy productivity,nw,code05,112.4
2013,Total,a) final energy productivity,nw,code05,111.9
2014,Total,a) final energy productivity,nw,code05,117.2
2015,Total,a) final energy productivity,nw,code05,118.9
2016,Total,a) final energy productivity,nw,code05,110.8
2017,Total,a) final energy productivity,nw,code05,121.2
2018,Total,a) final energy productivity,nw,code05,107.7
2019,Total,a) final energy productivity,nw,code05,0.0
2008,Total,a) final energy productivity,rp,code07,100.0
2009,Total,a) final energy productivity,rp,code07,99.4
2010,Total,a) final energy productivity,rp,code07,100.0
2011,Total,a) final energy productivity,rp,code07,110.2
2012,Total,a) final energy productivity,rp,code07,112.8
2013,Total,a) final energy productivity,rp,code07,109.3
2014,Total,a) final energy productivity,rp,code07,114.5
2015,Total,a) final energy productivity,rp,code07,115.4
2016,Total,a) final energy productivity,rp,code07,114.1
2017,Total,a) final energy productivity,rp,code07,115.5
2018,Total,a) final energy productivity,rp,code07,113.1
2019,Total,a) final energy productivity,rp,code07,101.6
2008,Total,a) final energy productivity,sn,code14,100.0
2009,Total,a) final energy productivity,sn,code14,97.3
2010,Total,a) final energy productivity,sn,code14,94.8
2011,Total,a) final energy productivity,sn,code14,105.3
2012,Total,a) final energy productivity,sn,code14,101.0
2013,Total,a) final energy productivity,sn,code14,99.1
2014,Total,a) final energy productivity,sn,code14,107.8
2015,Total,a) final energy productivity,sn,code14,108.0
2016,Total,a) final energy productivity,sn,code14,106.5
2017,Total,a) final energy productivity,sn,code14,108.9
2018,Total,a) final energy productivity,sn,code14,115.5
2019,Total,a) final energy productivity,sn,code14,0.0
2008,Total,a) final energy productivity,st,code15,100.0
2009,Total,a) final energy productivity,st,code15,95.9
2010,Total,a) final energy productivity,st,code15,92.2
2011,Total,a) final energy productivity,st,code15,95.7
2012,Total,a) final energy productivity,st,code15,94.7
2013,Total,a) final energy productivity,st,code15,94.4
2014,Total,a) final energy productivity,st,code15,99.4
2015,Total,a) final energy productivity,st,code15,100.0
2016,Total,a) final energy productivity,st,code15,98.6
2017,Total,a) final energy productivity,st,code15,102.6
2018,Total,a) final energy productivity,st,code15,104.2
2019,Total,a) final energy productivity,st,code15,106.4
2008,Total,a) final energy productivity,sh,code01,100.0
2009,Total,a) final energy productivity,sh,code01,99.6
2010,Total,a) final energy productivity,sh,code01,95.5
2011,Total,a) final energy productivity,sh,code01,103.0
2012,Total,a) final energy productivity,sh,code01,104.7
2013,Total,a) final energy productivity,sh,code01,100.9
2014,Total,a) final energy productivity,sh,code01,109.0
2015,Total,a) final energy productivity,sh,code01,108.4
2016,Total,a) final energy productivity,sh,code01,110.1
2017,Total,a) final energy productivity,sh,code01,111.3
2018,Total,a) final energy productivity,sh,code01,115.4
2019,Total,a) final energy productivity,sh,code01,110.4
2008,Total,a) final energy productivity,th,code16,100.0
2009,Total,a) final energy productivity,th,code16,100.4
2010,Total,a) final energy productivity,th,code16,98.9
2011,Total,a) final energy productivity,th,code16,109.8
2012,Total,a) final energy productivity,th,code16,108.2
2013,Total,a) final energy productivity,th,code16,107.0
2014,Total,a) final energy productivity,th,code16,117.5
2015,Total,a) final energy productivity,th,code16,116.3
2016,Total,a) final energy productivity,th,code16,114.3
2017,Total,a) final energy productivity,th,code16,116.9
2018,Total,a) final energy productivity,th,code16,120.1
2008,Prozent (%),a) final energy productivity,,,100.0
2009,Prozent (%),a) final energy productivity,,,99.7
2010,Prozent (%),a) final energy productivity,,,96.7
2011,Prozent (%),a) final energy productivity,,,105.3
2012,Prozent (%),a) final energy productivity,,,105.3
2013,Prozent (%),a) final energy productivity,,,102.8
2014,Prozent (%),a) final energy productivity,,,110.8
2015,Prozent (%),a) final energy productivity,,,110.0
2016,Prozent (%),a) final energy productivity,,,110.3
2017,Prozent (%),a) final energy productivity,,,111.7
2018,Prozent (%),a) final energy productivity,,,116.3
2019,Prozent (%),a) final energy productivity,,,116.9
2020,Prozent (%),a) final energy productivity,,,120.0
2008,Prozent (%),a) final energy productivity,bw,code08,100.0
2009,Prozent (%),a) final energy productivity,bw,code08,95.6
2010,Prozent (%),a) final energy productivity,bw,code08,100.4
2011,Prozent (%),a) final energy productivity,bw,code08,109.6
2012,Prozent (%),a) final energy productivity,bw,code08,111.9
2013,Prozent (%),a) final energy productivity,bw,code08,107.7
2014,Prozent (%),a) final energy productivity,bw,code08,117.2
2015,Prozent (%),a) final energy productivity,bw,code08,116.7
2016,Prozent (%),a) final energy productivity,bw,code08,115.3
2017,Prozent (%),a) final energy productivity,bw,code08,125.2
2018,Prozent (%),a) final energy productivity,bw,code08,123.6
2019,Prozent (%),a) final energy productivity,bw,code08,109.7
2008,Prozent (%),a) final energy productivity,by,code09,100.0
2009,Prozent (%),a) final energy productivity,by,code09,98.7
2010,Prozent (%),a) final energy productivity,by,code09,96.3
2011,Prozent (%),a) final energy productivity,by,code09,103.2
2012,Prozent (%),a) final energy productivity,by,code09,104.6
2013,Prozent (%),a) final energy productivity,by,code09,105.0
2014,Prozent (%),a) final energy productivity,by,code09,112.9
2015,Prozent (%),a) final energy productivity,by,code09,112.1
2016,Prozent (%),a) final energy productivity,by,code09,111.3
2017,Prozent (%),a) final energy productivity,by,code09,115.7
2018,Prozent (%),a) final energy productivity,by,code09,117.9
2008,Prozent (%),a) final energy productivity,be,code11,100.0
2009,Prozent (%),a) final energy productivity,be,code11,98.3
2010,Prozent (%),a) final energy productivity,be,code11,93.1
2011,Prozent (%),a) final energy productivity,be,code11,108.6
2012,Prozent (%),a) final energy productivity,be,code11,107.4
2013,Prozent (%),a) final energy productivity,be,code11,104.1
2014,Prozent (%),a) final energy productivity,be,code11,115.5
2015,Prozent (%),a) final energy productivity,be,code11,122.1
2016,Prozent (%),a) final energy productivity,be,code11,124.5
2017,Prozent (%),a) final energy productivity,be,code11,131.4
2018,Prozent (%),a) final energy productivity,be,code11,145.9
2008,Prozent (%),a) final energy productivity,bb,code12,100.0
2009,Prozent (%),a) final energy productivity,bb,code12,101.2
2010,Prozent (%),a) final energy productivity,bb,code12,97.5
2011,Prozent (%),a) final energy productivity,bb,code12,99.4
2012,Prozent (%),a) final energy productivity,bb,code12,100.1
2013,Prozent (%),a) final energy productivity,bb,code12,96.4
2014,Prozent (%),a) final energy productivity,bb,code12,103.7
2015,Prozent (%),a) final energy productivity,bb,code12,106.5
2016,Prozent (%),a) final energy productivity,bb,code12,103.6
2017,Prozent (%),a) final energy productivity,bb,code12,101.5
2018,Prozent (%),a) final energy productivity,bb,code12,105.2
2008,Prozent (%),a) final energy productivity,hb,code04,100.0
2009,Prozent (%),a) final energy productivity,hb,code04,97.4
2010,Prozent (%),a) final energy productivity,hb,code04,91.4
2011,Prozent (%),a) final energy productivity,hb,code04,95.9
2012,Prozent (%),a) final energy productivity,hb,code04,100.3
2013,Prozent (%),a) final energy productivity,hb,code04,99.9
2014,Prozent (%),a) final energy productivity,hb,code04,95.3
2015,Prozent (%),a) final energy productivity,hb,code04,97.4
2016,Prozent (%),a) final energy productivity,hb,code04,98.5
2017,Prozent (%),a) final energy productivity,hb,code04,107.0
2018,Prozent (%),a) final energy productivity,hb,code04,115.1
2019,Prozent (%),a) final energy productivity,hb,code04,113.4
2008,Prozent (%),a) final energy productivity,hh,code02,100.0
2009,Prozent (%),a) final energy productivity,hh,code02,97.6
2010,Prozent (%),a) final energy productivity,hh,code02,94.2
2011,Prozent (%),a) final energy productivity,hh,code02,100.9
2012,Prozent (%),a) final energy productivity,hh,code02,99.3
2013,Prozent (%),a) final energy productivity,hh,code02,103.8
2014,Prozent (%),a) final energy productivity,hh,code02,109.6
2015,Prozent (%),a) final energy productivity,hh,code02,108.8
2016,Prozent (%),a) final energy productivity,hh,code02,110.7
2017,Prozent (%),a) final energy productivity,hh,code02,115.0
2018,Prozent (%),a) final energy productivity,hh,code02,116.1
2019,Prozent (%),a) final energy productivity,hh,code02,112.8
2008,Prozent (%),a) final energy productivity,he,code06,100.0
2009,Prozent (%),a) final energy productivity,he,code06,97.6
2010,Prozent (%),a) final energy productivity,he,code06,98.4
2011,Prozent (%),a) final energy productivity,he,code06,106.6
2012,Prozent (%),a) final energy productivity,he,code06,104.5
2013,Prozent (%),a) final energy productivity,he,code06,102.6
2014,Prozent (%),a) final energy productivity,he,code06,106.3
2015,Prozent (%),a) final energy productivity,he,code06,104.6
2016,Prozent (%),a) final energy productivity,he,code06,104.9
2017,Prozent (%),a) final energy productivity,he,code06,110.4
2018,Prozent (%),a) final energy productivity,he,code06,111.6
2019,Prozent (%),a) final energy productivity,he,code06,102.7
2008,Prozent (%),a) final energy productivity,mv,code13,100.0
2009,Prozent (%),a) final energy productivity,mv,code13,99.9
2010,Prozent (%),a) final energy productivity,mv,code13,94.6
2011,Prozent (%),a) final energy productivity,mv,code13,104.5
2012,Prozent (%),a) final energy productivity,mv,code13,100.7
2013,Prozent (%),a) final energy productivity,mv,code13,98.5
2014,Prozent (%),a) final energy productivity,mv,code13,104.5
2015,Prozent (%),a) final energy productivity,mv,code13,104.8
2016,Prozent (%),a) final energy productivity,mv,code13,111.4
2008,Prozent (%),a) final energy productivity,ni,code03,100.0
2009,Prozent (%),a) final energy productivity,ni,code03,99.0
2010,Prozent (%),a) final energy productivity,ni,code03,97.7
2011,Prozent (%),a) final energy productivity,ni,code03,108.1
2012,Prozent (%),a) final energy productivity,ni,code03,111.9
2013,Prozent (%),a) final energy productivity,ni,code03,109.0
2014,Prozent (%),a) final energy productivity,ni,code03,114.8
2015,Prozent (%),a) final energy productivity,ni,code03,114.9
2016,Prozent (%),a) final energy productivity,ni,code03,120.1
2017,Prozent (%),a) final energy productivity,ni,code03,119.9
2018,Prozent (%),a) final energy productivity,ni,code03,122.3
2019,Prozent (%),a) final energy productivity,ni,code03,111.4
2008,Prozent (%),a) final energy productivity,nw,code05,100.0
2009,Prozent (%),a) final energy productivity,nw,code05,106.8
2010,Prozent (%),a) final energy productivity,nw,code05,102.1
2011,Prozent (%),a) final energy productivity,nw,code05,111.6
2012,Prozent (%),a) final energy productivity,nw,code05,112.4
2013,Prozent (%),a) final energy productivity,nw,code05,111.9
2014,Prozent (%),a) final energy productivity,nw,code05,117.2
2015,Prozent (%),a) final energy productivity,nw,code05,118.9
2016,Prozent (%),a) final energy productivity,nw,code05,110.8
2017,Prozent (%),a) final energy productivity,nw,code05,121.2
2018,Prozent (%),a) final energy productivity,nw,code05,107.7
2019,Prozent (%),a) final energy productivity,nw,code05,0.0
2008,Prozent (%),a) final energy productivity,rp,code07,100.0
2009,Prozent (%),a) final energy productivity,rp,code07,99.4
2010,Prozent (%),a) final energy productivity,rp,code07,100.0
2011,Prozent (%),a) final energy productivity,rp,code07,110.2
2012,Prozent (%),a) final energy productivity,rp,code07,112.8
2013,Prozent (%),a) final energy productivity,rp,code07,109.3
2014,Prozent (%),a) final energy productivity,rp,code07,114.5
2015,Prozent (%),a) final energy productivity,rp,code07,115.4
2016,Prozent (%),a) final energy productivity,rp,code07,114.1
2017,Prozent (%),a) final energy productivity,rp,code07,115.5
2018,Prozent (%),a) final energy productivity,rp,code07,113.1
2019,Prozent (%),a) final energy productivity,rp,code07,101.6
2008,Prozent (%),a) final energy productivity,sn,code14,100.0
2009,Prozent (%),a) final energy productivity,sn,code14,97.3
2010,Prozent (%),a) final energy productivity,sn,code14,94.8
2011,Prozent (%),a) final energy productivity,sn,code14,105.3
2012,Prozent (%),a) final energy productivity,sn,code14,101.0
2013,Prozent (%),a) final energy productivity,sn,code14,99.1
2014,Prozent (%),a) final energy productivity,sn,code14,107.8
2015,Prozent (%),a) final energy productivity,sn,code14,108.0
2016,Prozent (%),a) final energy productivity,sn,code14,106.5
2017,Prozent (%),a) final energy productivity,sn,code14,108.9
2018,Prozent (%),a) final energy productivity,sn,code14,115.5
2019,Prozent (%),a) final energy productivity,sn,code14,0.0
2008,Prozent (%),a) final energy productivity,st,code15,100.0
2009,Prozent (%),a) final energy productivity,st,code15,95.9
2010,Prozent (%),a) final energy productivity,st,code15,92.2
2011,Prozent (%),a) final energy productivity,st,code15,95.7
2012,Prozent (%),a) final energy productivity,st,code15,94.7
2013,Prozent (%),a) final energy productivity,st,code15,94.4
2014,Prozent (%),a) final energy productivity,st,code15,99.4
2015,Prozent (%),a) final energy productivity,st,code15,100.0
2016,Prozent (%),a) final energy productivity,st,code15,98.6
2017,Prozent (%),a) final energy productivity,st,code15,102.6
2018,Prozent (%),a) final energy productivity,st,code15,104.2
2019,Prozent (%),a) final energy productivity,st,code15,106.4
2008,Prozent (%),a) final energy productivity,sh,code01,100.0
2009,Prozent (%),a) final energy productivity,sh,code01,99.6
2010,Prozent (%),a) final energy productivity,sh,code01,95.5
2011,Prozent (%),a) final energy productivity,sh,code01,103.0
2012,Prozent (%),a) final energy productivity,sh,code01,104.7
2013,Prozent (%),a) final energy productivity,sh,code01,100.9
2014,Prozent (%),a) final energy productivity,sh,code01,109.0
2015,Prozent (%),a) final energy productivity,sh,code01,108.4
2016,Prozent (%),a) final energy productivity,sh,code01,110.1
2017,Prozent (%),a) final energy productivity,sh,code01,111.3
2018,Prozent (%),a) final energy productivity,sh,code01,115.4
2019,Prozent (%),a) final energy productivity,sh,code01,110.4
2008,Prozent (%),a) final energy productivity,th,code16,100.0
2009,Prozent (%),a) final energy productivity,th,code16,100.4
2010,Prozent (%),a) final energy productivity,th,code16,98.9
2011,Prozent (%),a) final energy productivity,th,code16,109.8
2012,Prozent (%),a) final energy productivity,th,code16,108.2
2013,Prozent (%),a) final energy productivity,th,code16,107.0
2014,Prozent (%),a) final energy productivity,th,code16,117.5
2015,Prozent (%),a) final energy productivity,th,code16,116.3
2016,Prozent (%),a) final energy productivity,th,code16,114.3
2017,Prozent (%),a) final energy productivity,th,code16,116.9
2018,Prozent (%),a) final energy productivity,th,code16,120.1
2008,Total,b) primary energy consumption,,,100.0
2009,Total,b) primary energy consumption,,,94.1
2010,Total,b) primary energy consumption,,,98.9
2011,Total,b) primary energy consumption,,,94.6
2012,Total,b) primary energy consumption,,,93.5
2013,Total,b) primary energy consumption,,,96.1
2014,Total,b) primary energy consumption,,,91.7
2015,Total,b) primary energy consumption,,,92.2
2016,Total,b) primary energy consumption,,,93.8
2017,Total,b) primary energy consumption,,,94.0
2018,Total,b) primary energy consumption,,,91.3
2019,Total,b) primary energy consumption,,,89.0
2020,Total,b) primary energy consumption,,,82.7
2021,Total,b) primary energy consumption,,,84.8
2008,Total,b) primary energy consumption,bw,code08,100.0
2009,Total,b) primary energy consumption,bw,code08,95.1
2010,Total,b) primary energy consumption,bw,code08,95.2
2011,Total,b) primary energy consumption,bw,code08,88.3
2012,Total,b) primary energy consumption,bw,code08,85.7
2013,Total,b) primary energy consumption,bw,code08,88.9
2014,Total,b) primary energy consumption,bw,code08,85.4
2015,Total,b) primary energy consumption,bw,code08,87.2
2016,Total,b) primary energy consumption,bw,code08,89.3
2017,Total,b) primary energy consumption,bw,code08,92.3
2018,Total,b) primary energy consumption,bw,code08,90.9
2019,Total,b) primary energy consumption,bw,code08,98.1
2008,Total,b) primary energy consumption,by,code09,100.0
2009,Total,b) primary energy consumption,by,code09,98.3
2010,Total,b) primary energy consumption,by,code09,102.0
2011,Total,b) primary energy consumption,by,code09,99.9
2012,Total,b) primary energy consumption,by,code09,97.6
2013,Total,b) primary energy consumption,by,code09,98.2
2014,Total,b) primary energy consumption,by,code09,94.7
2015,Total,b) primary energy consumption,by,code09,94.8
2016,Total,b) primary energy consumption,by,code09,95.0
2017,Total,b) primary energy consumption,by,code09,97.1
2018,Total,b) primary energy consumption,by,code09,88.0
2008,Total,b) primary energy consumption,be,code11,100.0
2009,Total,b) primary energy consumption,be,code11,98.7
2010,Total,b) primary energy consumption,be,code11,107.7
2011,Total,b) primary energy consumption,be,code11,96.2
2012,Total,b) primary energy consumption,be,code11,97.4
2013,Total,b) primary energy consumption,be,code11,100.9
2014,Total,b) primary energy consumption,be,code11,94.4
2015,Total,b) primary energy consumption,be,code11,91.9
2016,Total,b) primary energy consumption,be,code11,94.5
2017,Total,b) primary energy consumption,be,code11,95.2
2018,Total,b) primary energy consumption,be,code11,86.1
2008,Total,b) primary energy consumption,bb,code12,100.0
2009,Total,b) primary energy consumption,bb,code12,96.3
2010,Total,b) primary energy consumption,bb,code12,101.4
2011,Total,b) primary energy consumption,bb,code12,104.9
2012,Total,b) primary energy consumption,bb,code12,104.2
2013,Total,b) primary energy consumption,bb,code12,102.7
2014,Total,b) primary energy consumption,bb,code12,101.5
2015,Total,b) primary energy consumption,bb,code12,102.2
2016,Total,b) primary energy consumption,bb,code12,102.8
2017,Total,b) primary energy consumption,bb,code12,108.6
2018,Total,b) primary energy consumption,bb,code12,106.6
2008,Total,b) primary energy consumption,hb,code04,100.0
2009,Total,b) primary energy consumption,hb,code04,96.2
2010,Total,b) primary energy consumption,hb,code04,105.8
2011,Total,b) primary energy consumption,hb,code04,100.2
2012,Total,b) primary energy consumption,hb,code04,100.1
2013,Total,b) primary energy consumption,hb,code04,99.2
2014,Total,b) primary energy consumption,hb,code04,101.2
2015,Total,b) primary energy consumption,hb,code04,99.7
2016,Total,b) primary energy consumption,hb,code04,100.2
2017,Total,b) primary energy consumption,hb,code04,105.9
2018,Total,b) primary energy consumption,hb,code04,90.9
2019,Total,b) primary energy consumption,hb,code04,90.1
2008,Total,b) primary energy consumption,hh,code02,100.0
2009,Total,b) primary energy consumption,hh,code02,98.7
2010,Total,b) primary energy consumption,hh,code02,106.2
2011,Total,b) primary energy consumption,hh,code02,99.5
2012,Total,b) primary energy consumption,hh,code02,100.0
2013,Total,b) primary energy consumption,hh,code02,99.2
2014,Total,b) primary energy consumption,hh,code02,99.9
2015,Total,b) primary energy consumption,hh,code02,107.1
2016,Total,b) primary energy consumption,hh,code02,110.2
2017,Total,b) primary energy consumption,hh,code02,113.0
2018,Total,b) primary energy consumption,hh,code02,109.0
2019,Total,b) primary energy consumption,hh,code02,111.2
2008,Total,b) primary energy consumption,he,code06,100.0
2009,Total,b) primary energy consumption,he,code06,83.7
2010,Total,b) primary energy consumption,he,code06,95.2
2011,Total,b) primary energy consumption,he,code06,83.5
2012,Total,b) primary energy consumption,he,code06,80.8
2013,Total,b) primary energy consumption,he,code06,81.4
2014,Total,b) primary energy consumption,he,code06,80.3
2015,Total,b) primary energy consumption,he,code06,81.5
2016,Total,b) primary energy consumption,he,code06,83.5
2017,Total,b) primary energy consumption,he,code06,99.1
2018,Total,b) primary energy consumption,he,code06,85.8
2019,Total,b) primary energy consumption,he,code06,99.0
2008,Total,b) primary energy consumption,mv,code13,100.0
2009,Total,b) primary energy consumption,mv,code13,95.1
2010,Total,b) primary energy consumption,mv,code13,101.9
2011,Total,b) primary energy consumption,mv,code13,98.3
2012,Total,b) primary energy consumption,mv,code13,103.9
2013,Total,b) primary energy consumption,mv,code13,104.6
2014,Total,b) primary energy consumption,mv,code13,104.2
2015,Total,b) primary energy consumption,mv,code13,102.1
2016,Total,b) primary energy consumption,mv,code13,106.1
2017,Total,b) primary energy consumption,mv,code13,98.0
2018,Total,b) primary energy consumption,mv,code13,89.3
2008,Total,b) primary energy consumption,ni,code03,100.0
2009,Total,b) primary energy consumption,ni,code03,97.7
2010,Total,b) primary energy consumption,ni,code03,100.8
2011,Total,b) primary energy consumption,ni,code03,91.8
2012,Total,b) primary energy consumption,ni,code03,90.6
2013,Total,b) primary energy consumption,ni,code03,91.0
2014,Total,b) primary energy consumption,ni,code03,90.2
2015,Total,b) primary energy consumption,ni,code03,89.5
2016,Total,b) primary energy consumption,ni,code03,89.5
2017,Total,b) primary energy consumption,ni,code03,92.2
2018,Total,b) primary energy consumption,ni,code03,91.1
2019,Total,b) primary energy consumption,ni,code03,98.3
2008,Total,b) primary energy consumption,nw,code05,100.0
2009,Total,b) primary energy consumption,nw,code05,100.7
2010,Total,b) primary energy consumption,nw,code05,105.7
2011,Total,b) primary energy consumption,nw,code05,101.9
2012,Total,b) primary energy consumption,nw,code05,100.6
2013,Total,b) primary energy consumption,nw,code05,100.5
2014,Total,b) primary energy consumption,nw,code05,102.5
2015,Total,b) primary energy consumption,nw,code05,101.6
2016,Total,b) primary energy consumption,nw,code05,96.7
2017,Total,b) primary energy consumption,nw,code05,94.3
2018,Total,b) primary energy consumption,nw,code05,84.5
2008,Total,b) primary energy consumption,rp,code07,100.0
2009,Total,b) primary energy consumption,rp,code07,92.7
2010,Total,b) primary energy consumption,rp,code07,100.1
2011,Total,b) primary energy consumption,rp,code07,94.5
2012,Total,b) primary energy consumption,rp,code07,94.3
2013,Total,b) primary energy consumption,rp,code07,97.8
2014,Total,b) primary energy consumption,rp,code07,92.6
2015,Total,b) primary energy consumption,rp,code07,95.1
2016,Total,b) primary energy consumption,rp,code07,96.3
2017,Total,b) primary energy consumption,rp,code07,106.0
2018,Total,b) primary energy consumption,rp,code07,95.6
2019,Total,b) primary energy consumption,rp,code07,101.8
2008,Total,b) primary energy consumption,sl,code10,100.0
2009,Total,b) primary energy consumption,sl,code10,82.9
2010,Total,b) primary energy consumption,sl,code10,87.4
2011,Total,b) primary energy consumption,sl,code10,91.7
2012,Total,b) primary energy consumption,sl,code10,94.8
2013,Total,b) primary energy consumption,sl,code10,99.3
2014,Total,b) primary energy consumption,sl,code10,90.8
2015,Total,b) primary energy consumption,sl,code10,87.7
2008,Total,b) primary energy consumption,sn,code14,100.0
2009,Total,b) primary energy consumption,sn,code14,99.5
2010,Total,b) primary energy consumption,sn,code14,101.2
2011,Total,b) primary energy consumption,sn,code14,96.7
2012,Total,b) primary energy consumption,sn,code14,98.4
2013,Total,b) primary energy consumption,sn,code14,101.5
2014,Total,b) primary energy consumption,sn,code14,99.4
2015,Total,b) primary energy consumption,sn,code14,97.7
2016,Total,b) primary energy consumption,sn,code14,100.5
2017,Total,b) primary energy consumption,sn,code14,104.3
2018,Total,b) primary energy consumption,sn,code14,101.9
2008,Total,b) primary energy consumption,st,code15,100.0
2009,Total,b) primary energy consumption,st,code15,99.1
2010,Total,b) primary energy consumption,st,code15,104.3
2011,Total,b) primary energy consumption,st,code15,102.3
2012,Total,b) primary energy consumption,st,code15,102.8
2013,Total,b) primary energy consumption,st,code15,97.0
2014,Total,b) primary energy consumption,st,code15,97.0
2015,Total,b) primary energy consumption,st,code15,100.2
2016,Total,b) primary energy consumption,st,code15,103.2
2017,Total,b) primary energy consumption,st,code15,100.3
2018,Total,b) primary energy consumption,st,code15,103.8
2019,Total,b) primary energy consumption,st,code15,99.2
2008,Total,b) primary energy consumption,sh,code01,100.0
2009,Total,b) primary energy consumption,sh,code01,97.2
2010,Total,b) primary energy consumption,sh,code01,102.1
2011,Total,b) primary energy consumption,sh,code01,97.3
2012,Total,b) primary energy consumption,sh,code01,96.8
2013,Total,b) primary energy consumption,sh,code01,100.2
2014,Total,b) primary energy consumption,sh,code01,96.7
2015,Total,b) primary energy consumption,sh,code01,93.9
2016,Total,b) primary energy consumption,sh,code01,95.9
2017,Total,b) primary energy consumption,sh,code01,88.9
2018,Total,b) primary energy consumption,sh,code01,95.5
2019,Total,b) primary energy consumption,sh,code01,97.7
2008,Total,b) primary energy consumption,th,code16,100.0
2009,Total,b) primary energy consumption,th,code16,96.1
2010,Total,b) primary energy consumption,th,code16,100.0
2011,Total,b) primary energy consumption,th,code16,95.2
2012,Total,b) primary energy consumption,th,code16,96.8
2013,Total,b) primary energy consumption,th,code16,98.7
2014,Total,b) primary energy consumption,th,code16,92.9
2015,Total,b) primary energy consumption,th,code16,93.7
2016,Total,b) primary energy consumption,th,code16,96.8
2017,Total,b) primary energy consumption,th,code16,101.6
2018,Total,b) primary energy consumption,th,code16,95.4
