Year,Units,testDisagg,title,Value
2000,2000 = 100,a) time series,"consumption, investments and exports (price-adjusted)",100.0
2001,2000 = 100,a) time series,"consumption, investments and exports (price-adjusted)",101.0
2002,2000 = 100,a) time series,"consumption, investments and exports (price-adjusted)",101.0
2003,2000 = 100,a) time series,"consumption, investments and exports (price-adjusted)",102.0
2004,2000 = 100,a) time series,"consumption, investments and exports (price-adjusted)",105.0
2005,2000 = 100,a) time series,"consumption, investments and exports (price-adjusted)",107.0
2006,2000 = 100,a) time series,"consumption, investments and exports (price-adjusted)",114.0
2007,2000 = 100,a) time series,"consumption, investments and exports (price-adjusted)",118.0
2008,2000 = 100,a) time series,"consumption, investments and exports (price-adjusted)",120.0
2009,2000 = 100,a) time series,"consumption, investments and exports (price-adjusted)",113.0
2010,2000 = 100,a) time series,"consumption, investments and exports (price-adjusted)",120.0
2011,2000 = 100,a) time series,"consumption, investments and exports (price-adjusted)",126.0
2012,2000 = 100,a) time series,"consumption, investments and exports (price-adjusted)",126.0
2013,2000 = 100,a) time series,"consumption, investments and exports (price-adjusted)",128.0
2014,2000 = 100,a) time series,"consumption, investments and exports (price-adjusted)",131.0
2015,2000 = 100,a) time series,"consumption, investments and exports (price-adjusted)",135.0
2016,2000 = 100,a) time series,"consumption, investments and exports (price-adjusted)",139.0
2000,2000 = 100,a) time series,"raw material use for consumption, investments and exports",100.0
2001,2000 = 100,a) time series,"raw material use for consumption, investments and exports",97.0
2002,2000 = 100,a) time series,"raw material use for consumption, investments and exports",92.0
2003,2000 = 100,a) time series,"raw material use for consumption, investments and exports",95.0
2004,2000 = 100,a) time series,"raw material use for consumption, investments and exports",97.0
2005,2000 = 100,a) time series,"raw material use for consumption, investments and exports",99.0
2006,2000 = 100,a) time series,"raw material use for consumption, investments and exports",105.0
2007,2000 = 100,a) time series,"raw material use for consumption, investments and exports",106.0
2008,2000 = 100,a) time series,"raw material use for consumption, investments and exports",104.0
2009,2000 = 100,a) time series,"raw material use for consumption, investments and exports",93.0
2010,2000 = 100,a) time series,"raw material use for consumption, investments and exports",103.0
2011,2000 = 100,a) time series,"raw material use for consumption, investments and exports",108.0
2012,2000 = 100,a) time series,"raw material use for consumption, investments and exports",102.0
2013,2000 = 100,a) time series,"raw material use for consumption, investments and exports",104.0
2014,2000 = 100,a) time series,"raw material use for consumption, investments and exports",104.0
2015,2000 = 100,a) time series,"raw material use for consumption, investments and exports",101.0
2016,2000 = 100,a) time series,"raw material use for consumption, investments and exports",103.0
2000,2000 = 100,a) time series,Gesamtrohstoffproduktivität,100.0
2001,2000 = 100,a) time series,Gesamtrohstoffproduktivität,104.0
2002,2000 = 100,a) time series,Gesamtrohstoffproduktivität,110.0
2003,2000 = 100,a) time series,Gesamtrohstoffproduktivität,108.0
2004,2000 = 100,a) time series,Gesamtrohstoffproduktivität,108.0
2005,2000 = 100,a) time series,Gesamtrohstoffproduktivität,109.0
2006,2000 = 100,a) time series,Gesamtrohstoffproduktivität,108.0
2007,2000 = 100,a) time series,Gesamtrohstoffproduktivität,111.0
2008,2000 = 100,a) time series,Gesamtrohstoffproduktivität,115.0
2009,2000 = 100,a) time series,Gesamtrohstoffproduktivität,122.0
2010,2000 = 100,a) time series,Gesamtrohstoffproduktivität,117.0
2011,2000 = 100,a) time series,Gesamtrohstoffproduktivität,117.0
2012,2000 = 100,a) time series,Gesamtrohstoffproduktivität,124.0
2013,2000 = 100,a) time series,Gesamtrohstoffproduktivität,123.0
2014,2000 = 100,a) time series,Gesamtrohstoffproduktivität,127.0
2015,2000 = 100,a) time series,Gesamtrohstoffproduktivität,134.0
2016,2000 = 100,a) time series,Gesamtrohstoffproduktivität,135.0
2030,2000 = 100,a) time series,Gesamtrohstoffproduktivität,160.0
