Year,Units,Zeitreihe,Value
2005,Prozent,Staatsdefizit,-3.319
2006,Prozent,Staatsdefizit,-1.653
2007,Prozent,Staatsdefizit,0.261
2008,Prozent,Staatsdefizit,-0.116
2009,Prozent,Staatsdefizit,-3.151
2010,Prozent,Staatsdefizit,-4.379
2011,Prozent,Staatsdefizit,-0.881
2012,Prozent,Staatsdefizit,0.009
2013,Prozent,Staatsdefizit,0.04
2014,Prozent,Staatsdefizit,0.58
2015,Prozent,Staatsdefizit,0.961
2016,Prozent,Staatsdefizit,1.16
2017,Prozent,Staatsdefizit,1.336
2018,Prozent,Staatsdefizit,1.95
2019,Prozent,Staatsdefizit,1.531
2020,Prozent,Staatsdefizit,-4.333
2021,Prozent,Staatsdefizit,-3.727
2005,Prozent,Strukturelles Defizit,-2.2
2006,Prozent,Strukturelles Defizit,-1.8
2007,Prozent,Strukturelles Defizit,-0.7
2008,Prozent,Strukturelles Defizit,-0.6
2009,Prozent,Strukturelles Defizit,-0.5
2010,Prozent,Strukturelles Defizit,-2.1
2011,Prozent,Strukturelles Defizit,-1.2
2012,Prozent,Strukturelles Defizit,0.1
2013,Prozent,Strukturelles Defizit,0.6
2014,Prozent,Strukturelles Defizit,0.9
2015,Prozent,Strukturelles Defizit,1.1
2016,Prozent,Strukturelles Defizit,1.0
2017,Prozent,Strukturelles Defizit,0.7
2018,Prozent,Strukturelles Defizit,1.3
2019,Prozent,Strukturelles Defizit,0.8
2020,Prozent,Strukturelles Defizit,-2.2
2021,Prozent,Strukturelles Defizit,-2.5
2005,Prozent,Änderung des Bruttoinlandsprodukts (preisbereinigt),0.7
2006,Prozent,Änderung des Bruttoinlandsprodukts (preisbereinigt),3.8
2007,Prozent,Änderung des Bruttoinlandsprodukts (preisbereinigt),3.0
2008,Prozent,Änderung des Bruttoinlandsprodukts (preisbereinigt),1.0
2009,Prozent,Änderung des Bruttoinlandsprodukts (preisbereinigt),-5.7
2010,Prozent,Änderung des Bruttoinlandsprodukts (preisbereinigt),4.2
2011,Prozent,Änderung des Bruttoinlandsprodukts (preisbereinigt),3.9
2012,Prozent,Änderung des Bruttoinlandsprodukts (preisbereinigt),0.4
2013,Prozent,Änderung des Bruttoinlandsprodukts (preisbereinigt),0.4
2014,Prozent,Änderung des Bruttoinlandsprodukts (preisbereinigt),2.2
2015,Prozent,Änderung des Bruttoinlandsprodukts (preisbereinigt),1.5
2016,Prozent,Änderung des Bruttoinlandsprodukts (preisbereinigt),2.2
2017,Prozent,Änderung des Bruttoinlandsprodukts (preisbereinigt),2.7
2018,Prozent,Änderung des Bruttoinlandsprodukts (preisbereinigt),1.0
2019,Prozent,Änderung des Bruttoinlandsprodukts (preisbereinigt),1.1
2020,Prozent,Änderung des Bruttoinlandsprodukts (preisbereinigt),-3.7
2021,Prozent,Änderung des Bruttoinlandsprodukts (preisbereinigt),2.6
