Year,Units,Anzeigen,Region,GeoCode,Value
1991,Prozent,Zeitreihe,,,2.4
1992,Prozent,Zeitreihe,,,2.28
1993,Prozent,Zeitreihe,,,2.21
1994,Prozent,Zeitreihe,,,2.13
1995,Prozent,Zeitreihe,,,2.14
1996,Prozent,Zeitreihe,,,2.14
1997,Prozent,Zeitreihe,,,2.19
1998,Prozent,Zeitreihe,,,2.22
1999,Prozent,Zeitreihe,,,2.35
2000,Prozent,Zeitreihe,,,2.41
2001,Prozent,Zeitreihe,,,2.4
2002,Prozent,Zeitreihe,,,2.44
2003,Prozent,Zeitreihe,,,2.47
2004,Prozent,Zeitreihe,,,2.44
2005,Prozent,Zeitreihe,,,2.44
2006,Prozent,Zeitreihe,,,2.47
2007,Prozent,Zeitreihe,,,2.46
2008,Prozent,Zeitreihe,,,2.62
2009,Prozent,Zeitreihe,,,2.74
2010,Prozent,Zeitreihe,,,2.73
2011,Prozent,Zeitreihe,,,2.81
2012,Prozent,Zeitreihe,,,2.88
2013,Prozent,Zeitreihe,,,2.84
2014,Prozent,Zeitreihe,,,2.88
2015,Prozent,Zeitreihe,,,2.93
2016,Prozent,Zeitreihe,,,2.94
2017,Prozent,Zeitreihe,,,3.07
2018,Prozent,Zeitreihe,,,3.13
2019,Prozent,Zeitreihe,,,3.18
2010,Prozent,Ziel,,,3.5
2011,Prozent,Ziel,,,3.5
2012,Prozent,Ziel,,,3.5
2013,Prozent,Ziel,,,3.5
2014,Prozent,Ziel,,,3.5
2015,Prozent,Ziel,,,3.5
2016,Prozent,Ziel,,,3.5
2017,Prozent,Ziel,,,3.5
2018,Prozent,Ziel,,,3.5
2019,Prozent,Ziel,,,3.5
2025,Prozent,Ziel,,,3.5
2000,Prozent,Zeitreihe,Baden-Württemberg,code08,3.76
2001,Prozent,Zeitreihe,Baden-Württemberg,code08,3.71
2002,Prozent,Zeitreihe,Baden-Württemberg,code08,3.75
2003,Prozent,Zeitreihe,Baden-Württemberg,code08,3.75
2004,Prozent,Zeitreihe,Baden-Württemberg,code08,3.74
2005,Prozent,Zeitreihe,Baden-Württemberg,code08,4.08
2006,Prozent,Zeitreihe,Baden-Württemberg,code08,4.02
2007,Prozent,Zeitreihe,Baden-Württemberg,code08,4.16
2008,Prozent,Zeitreihe,Baden-Württemberg,code08,4.42
2009,Prozent,Zeitreihe,Baden-Württemberg,code08,4.63
2010,Prozent,Zeitreihe,Baden-Württemberg,code08,4.45
2011,Prozent,Zeitreihe,Baden-Württemberg,code08,4.8
2012,Prozent,Zeitreihe,Baden-Württemberg,code08,4.9
2013,Prozent,Zeitreihe,Baden-Württemberg,code08,4.75
2014,Prozent,Zeitreihe,Baden-Württemberg,code08,4.85
2015,Prozent,Zeitreihe,Baden-Württemberg,code08,4.9
2016,Prozent,Zeitreihe,Baden-Württemberg,code08,4.93
2017,Prozent,Zeitreihe,Baden-Württemberg,code08,5.64
2018,Prozent,Zeitreihe,Baden-Württemberg,code08,5.68
2000,Prozent,Zeitreihe,Bayern,code09,2.83
2001,Prozent,Zeitreihe,Bayern,code09,2.92
2002,Prozent,Zeitreihe,Bayern,code09,2.9
2003,Prozent,Zeitreihe,Bayern,code09,3.0
2004,Prozent,Zeitreihe,Bayern,code09,2.93
2005,Prozent,Zeitreihe,Bayern,code09,2.9
2006,Prozent,Zeitreihe,Bayern,code09,2.97
2007,Prozent,Zeitreihe,Bayern,code09,2.82
2008,Prozent,Zeitreihe,Bayern,code09,3.02
2009,Prozent,Zeitreihe,Bayern,code09,3.05
2010,Prozent,Zeitreihe,Bayern,code09,3.01
2011,Prozent,Zeitreihe,Bayern,code09,2.98
2012,Prozent,Zeitreihe,Bayern,code09,3.08
2013,Prozent,Zeitreihe,Bayern,code09,3.11
2014,Prozent,Zeitreihe,Bayern,code09,3.13
2015,Prozent,Zeitreihe,Bayern,code09,3.13
2016,Prozent,Zeitreihe,Bayern,code09,3.13
2017,Prozent,Zeitreihe,Bayern,code09,3.11
2018,Prozent,Zeitreihe,Bayern,code09,3.19
2000,Prozent,Zeitreihe,Berlin,code11,3.4
2001,Prozent,Zeitreihe,Berlin,code11,3.79
2002,Prozent,Zeitreihe,Berlin,code11,3.89
2003,Prozent,Zeitreihe,Berlin,code11,3.68
2004,Prozent,Zeitreihe,Berlin,code11,3.68
2005,Prozent,Zeitreihe,Berlin,code11,3.49
2006,Prozent,Zeitreihe,Berlin,code11,3.54
2007,Prozent,Zeitreihe,Berlin,code11,3.03
2008,Prozent,Zeitreihe,Berlin,code11,3.17
2009,Prozent,Zeitreihe,Berlin,code11,3.38
2010,Prozent,Zeitreihe,Berlin,code11,3.44
2011,Prozent,Zeitreihe,Berlin,code11,3.34
2012,Prozent,Zeitreihe,Berlin,code11,3.44
2013,Prozent,Zeitreihe,Berlin,code11,3.56
2014,Prozent,Zeitreihe,Berlin,code11,3.61
2015,Prozent,Zeitreihe,Berlin,code11,3.53
2016,Prozent,Zeitreihe,Berlin,code11,3.42
2017,Prozent,Zeitreihe,Berlin,code11,3.42
2018,Prozent,Zeitreihe,Berlin,code11,3.51
2000,Prozent,Zeitreihe,Brandenburg,code12,1.44
2001,Prozent,Zeitreihe,Brandenburg,code12,1.44
2002,Prozent,Zeitreihe,Brandenburg,code12,1.36
2003,Prozent,Zeitreihe,Brandenburg,code12,1.18
2004,Prozent,Zeitreihe,Brandenburg,code12,1.24
2005,Prozent,Zeitreihe,Brandenburg,code12,1.18
2006,Prozent,Zeitreihe,Brandenburg,code12,1.23
2007,Prozent,Zeitreihe,Brandenburg,code12,1.23
2008,Prozent,Zeitreihe,Brandenburg,code12,1.32
2009,Prozent,Zeitreihe,Brandenburg,code12,1.4
2010,Prozent,Zeitreihe,Brandenburg,code12,1.43
2011,Prozent,Zeitreihe,Brandenburg,code12,1.66
2012,Prozent,Zeitreihe,Brandenburg,code12,1.65
2013,Prozent,Zeitreihe,Brandenburg,code12,1.55
2014,Prozent,Zeitreihe,Brandenburg,code12,1.58
2015,Prozent,Zeitreihe,Brandenburg,code12,1.67
2016,Prozent,Zeitreihe,Brandenburg,code12,1.73
2017,Prozent,Zeitreihe,Brandenburg,code12,1.71
2018,Prozent,Zeitreihe,Brandenburg,code12,1.7
2000,Prozent,Zeitreihe,Bremen,code04,2.12
2001,Prozent,Zeitreihe,Bremen,code04,2.12
2002,Prozent,Zeitreihe,Bremen,code04,2.26
2003,Prozent,Zeitreihe,Bremen,code04,2.63
2004,Prozent,Zeitreihe,Bremen,code04,2.64
2005,Prozent,Zeitreihe,Bremen,code04,2.17
2006,Prozent,Zeitreihe,Bremen,code04,2.2
2007,Prozent,Zeitreihe,Bremen,code04,2.17
2008,Prozent,Zeitreihe,Bremen,code04,2.41
2009,Prozent,Zeitreihe,Bremen,code04,2.65
2010,Prozent,Zeitreihe,Bremen,code04,2.67
2011,Prozent,Zeitreihe,Bremen,code04,2.76
2012,Prozent,Zeitreihe,Bremen,code04,2.65
2013,Prozent,Zeitreihe,Bremen,code04,2.75
2014,Prozent,Zeitreihe,Bremen,code04,2.86
2015,Prozent,Zeitreihe,Bremen,code04,2.86
2016,Prozent,Zeitreihe,Bremen,code04,2.9
2017,Prozent,Zeitreihe,Bremen,code04,2.82
2018,Prozent,Zeitreihe,Bremen,code04,2.88
2000,Prozent,Zeitreihe,Hamburg,code02,1.68
2001,Prozent,Zeitreihe,Hamburg,code02,1.38
2002,Prozent,Zeitreihe,Hamburg,code02,1.35
2003,Prozent,Zeitreihe,Hamburg,code02,1.72
2004,Prozent,Zeitreihe,Hamburg,code02,1.62
2005,Prozent,Zeitreihe,Hamburg,code02,1.78
2006,Prozent,Zeitreihe,Hamburg,code02,1.85
2007,Prozent,Zeitreihe,Hamburg,code02,1.82
2008,Prozent,Zeitreihe,Hamburg,code02,1.93
2009,Prozent,Zeitreihe,Hamburg,code02,2.12
2010,Prozent,Zeitreihe,Hamburg,code02,2.11
2011,Prozent,Zeitreihe,Hamburg,code02,2.22
2012,Prozent,Zeitreihe,Hamburg,code02,2.27
2013,Prozent,Zeitreihe,Hamburg,code02,2.28
2014,Prozent,Zeitreihe,Hamburg,code02,2.37
2015,Prozent,Zeitreihe,Hamburg,code02,2.24
2016,Prozent,Zeitreihe,Hamburg,code02,2.27
2017,Prozent,Zeitreihe,Hamburg,code02,2.17
2018,Prozent,Zeitreihe,Hamburg,code02,2.22
2000,Prozent,Zeitreihe,Hessen,code06,2.46
2001,Prozent,Zeitreihe,Hessen,code06,2.31
2002,Prozent,Zeitreihe,Hessen,code06,2.36
2003,Prozent,Zeitreihe,Hessen,code06,2.47
2004,Prozent,Zeitreihe,Hessen,code06,2.45
2005,Prozent,Zeitreihe,Hessen,code06,2.47
2006,Prozent,Zeitreihe,Hessen,code06,2.56
2007,Prozent,Zeitreihe,Hessen,code06,2.51
2008,Prozent,Zeitreihe,Hessen,code06,2.71
2009,Prozent,Zeitreihe,Hessen,code06,2.97
2010,Prozent,Zeitreihe,Hessen,code06,2.99
2011,Prozent,Zeitreihe,Hessen,code06,2.88
2012,Prozent,Zeitreihe,Hessen,code06,3.02
2013,Prozent,Zeitreihe,Hessen,code06,2.82
2014,Prozent,Zeitreihe,Hessen,code06,2.88
2015,Prozent,Zeitreihe,Hessen,code06,2.84
2016,Prozent,Zeitreihe,Hessen,code06,2.85
2017,Prozent,Zeitreihe,Hessen,code06,2.94
2018,Prozent,Zeitreihe,Hessen,code06,3.02
2000,Prozent,Zeitreihe,Mecklenburg-Vorpommern,code13,1.05
2001,Prozent,Zeitreihe,Mecklenburg-Vorpommern,code13,1.18
2002,Prozent,Zeitreihe,Mecklenburg-Vorpommern,code13,1.21
2003,Prozent,Zeitreihe,Mecklenburg-Vorpommern,code13,1.36
2004,Prozent,Zeitreihe,Mecklenburg-Vorpommern,code13,1.4
2005,Prozent,Zeitreihe,Mecklenburg-Vorpommern,code13,1.48
2006,Prozent,Zeitreihe,Mecklenburg-Vorpommern,code13,1.43
2007,Prozent,Zeitreihe,Mecklenburg-Vorpommern,code13,1.4
2008,Prozent,Zeitreihe,Mecklenburg-Vorpommern,code13,1.54
2009,Prozent,Zeitreihe,Mecklenburg-Vorpommern,code13,1.84
2010,Prozent,Zeitreihe,Mecklenburg-Vorpommern,code13,1.99
2011,Prozent,Zeitreihe,Mecklenburg-Vorpommern,code13,2.05
2012,Prozent,Zeitreihe,Mecklenburg-Vorpommern,code13,2.11
2013,Prozent,Zeitreihe,Mecklenburg-Vorpommern,code13,1.82
2014,Prozent,Zeitreihe,Mecklenburg-Vorpommern,code13,1.86
2015,Prozent,Zeitreihe,Mecklenburg-Vorpommern,code13,1.87
2016,Prozent,Zeitreihe,Mecklenburg-Vorpommern,code13,1.85
2017,Prozent,Zeitreihe,Mecklenburg-Vorpommern,code13,1.79
2018,Prozent,Zeitreihe,Mecklenburg-Vorpommern,code13,1.81
2000,Prozent,Zeitreihe,Niedersachsen,code03,2.29
2001,Prozent,Zeitreihe,Niedersachsen,code03,2.43
2002,Prozent,Zeitreihe,Niedersachsen,code03,2.56
2003,Prozent,Zeitreihe,Niedersachsen,code03,2.83
2004,Prozent,Zeitreihe,Niedersachsen,code03,2.77
2005,Prozent,Zeitreihe,Niedersachsen,code03,2.22
2006,Prozent,Zeitreihe,Niedersachsen,code03,2.17
2007,Prozent,Zeitreihe,Niedersachsen,code03,2.39
2008,Prozent,Zeitreihe,Niedersachsen,code03,2.53
2009,Prozent,Zeitreihe,Niedersachsen,code03,2.61
2010,Prozent,Zeitreihe,Niedersachsen,code03,2.53
2011,Prozent,Zeitreihe,Niedersachsen,code03,2.7
2012,Prozent,Zeitreihe,Niedersachsen,code03,2.76
2013,Prozent,Zeitreihe,Niedersachsen,code03,2.83
2014,Prozent,Zeitreihe,Niedersachsen,code03,2.84
2015,Prozent,Zeitreihe,Niedersachsen,code03,3.39
2016,Prozent,Zeitreihe,Niedersachsen,code03,3.27
2017,Prozent,Zeitreihe,Niedersachsen,code03,3.12
2018,Prozent,Zeitreihe,Niedersachsen,code03,3.13
2000,Prozent,Zeitreihe,Nordrhein-Westfalen,code05,1.78
2001,Prozent,Zeitreihe,Nordrhein-Westfalen,code05,1.71
2002,Prozent,Zeitreihe,Nordrhein-Westfalen,code05,1.76
2003,Prozent,Zeitreihe,Nordrhein-Westfalen,code05,1.75
2004,Prozent,Zeitreihe,Nordrhein-Westfalen,code05,1.72
2005,Prozent,Zeitreihe,Nordrhein-Westfalen,code05,1.75
2006,Prozent,Zeitreihe,Nordrhein-Westfalen,code05,1.78
2007,Prozent,Zeitreihe,Nordrhein-Westfalen,code05,1.73
2008,Prozent,Zeitreihe,Nordrhein-Westfalen,code05,1.82
2009,Prozent,Zeitreihe,Nordrhein-Westfalen,code05,1.97
2010,Prozent,Zeitreihe,Nordrhein-Westfalen,code05,1.99
2011,Prozent,Zeitreihe,Nordrhein-Westfalen,code05,2.0
2012,Prozent,Zeitreihe,Nordrhein-Westfalen,code05,2.09
2013,Prozent,Zeitreihe,Nordrhein-Westfalen,code05,1.98
2014,Prozent,Zeitreihe,Nordrhein-Westfalen,code05,2.03
2015,Prozent,Zeitreihe,Nordrhein-Westfalen,code05,1.99
2016,Prozent,Zeitreihe,Nordrhein-Westfalen,code05,2.03
2017,Prozent,Zeitreihe,Nordrhein-Westfalen,code05,2.13
2018,Prozent,Zeitreihe,Nordrhein-Westfalen,code05,2.19
2000,Prozent,Zeitreihe,Rheinland-Pfalz,code07,2.22
2001,Prozent,Zeitreihe,Rheinland-Pfalz,code07,1.94
2002,Prozent,Zeitreihe,Rheinland-Pfalz,code07,1.92
2003,Prozent,Zeitreihe,Rheinland-Pfalz,code07,1.75
2004,Prozent,Zeitreihe,Rheinland-Pfalz,code07,1.71
2005,Prozent,Zeitreihe,Rheinland-Pfalz,code07,1.68
2006,Prozent,Zeitreihe,Rheinland-Pfalz,code07,1.77
2007,Prozent,Zeitreihe,Rheinland-Pfalz,code07,1.81
2008,Prozent,Zeitreihe,Rheinland-Pfalz,code07,1.91
2009,Prozent,Zeitreihe,Rheinland-Pfalz,code07,2.03
2010,Prozent,Zeitreihe,Rheinland-Pfalz,code07,2.05
2011,Prozent,Zeitreihe,Rheinland-Pfalz,code07,2.03
2012,Prozent,Zeitreihe,Rheinland-Pfalz,code07,2.05
2013,Prozent,Zeitreihe,Rheinland-Pfalz,code07,2.16
2014,Prozent,Zeitreihe,Rheinland-Pfalz,code07,2.16
2015,Prozent,Zeitreihe,Rheinland-Pfalz,code07,2.39
2016,Prozent,Zeitreihe,Rheinland-Pfalz,code07,2.47
2017,Prozent,Zeitreihe,Rheinland-Pfalz,code07,2.5
2018,Prozent,Zeitreihe,Rheinland-Pfalz,code07,2.56
2000,Prozent,Zeitreihe,Saarland,code10,0.97
2001,Prozent,Zeitreihe,Saarland,code10,1.04
2002,Prozent,Zeitreihe,Saarland,code10,1.02
2003,Prozent,Zeitreihe,Saarland,code10,1.06
2004,Prozent,Zeitreihe,Saarland,code10,1.05
2005,Prozent,Zeitreihe,Saarland,code10,1.03
2006,Prozent,Zeitreihe,Saarland,code10,1.0
2007,Prozent,Zeitreihe,Saarland,code10,1.04
2008,Prozent,Zeitreihe,Saarland,code10,1.12
2009,Prozent,Zeitreihe,Saarland,code10,1.26
2010,Prozent,Zeitreihe,Saarland,code10,1.3
2011,Prozent,Zeitreihe,Saarland,code10,1.48
2012,Prozent,Zeitreihe,Saarland,code10,1.47
2013,Prozent,Zeitreihe,Saarland,code10,1.46
2014,Prozent,Zeitreihe,Saarland,code10,1.42
2015,Prozent,Zeitreihe,Saarland,code10,1.57
2016,Prozent,Zeitreihe,Saarland,code10,1.56
2017,Prozent,Zeitreihe,Saarland,code10,1.76
2018,Prozent,Zeitreihe,Saarland,code10,1.75
2000,Prozent,Zeitreihe,Sachsen,code14,2.42
2001,Prozent,Zeitreihe,Sachsen,code14,2.41
2002,Prozent,Zeitreihe,Sachsen,code14,2.4
2003,Prozent,Zeitreihe,Sachsen,code14,2.25
2004,Prozent,Zeitreihe,Sachsen,code14,2.2
2005,Prozent,Zeitreihe,Sachsen,code14,2.38
2006,Prozent,Zeitreihe,Sachsen,code14,2.32
2007,Prozent,Zeitreihe,Sachsen,code14,2.6
2008,Prozent,Zeitreihe,Sachsen,code14,2.8
2009,Prozent,Zeitreihe,Sachsen,code14,2.74
2010,Prozent,Zeitreihe,Sachsen,code14,2.79
2011,Prozent,Zeitreihe,Sachsen,code14,2.8
2012,Prozent,Zeitreihe,Sachsen,code14,2.8
2013,Prozent,Zeitreihe,Sachsen,code14,2.76
2014,Prozent,Zeitreihe,Sachsen,code14,2.64
2015,Prozent,Zeitreihe,Sachsen,code14,2.73
2016,Prozent,Zeitreihe,Sachsen,code14,2.74
2017,Prozent,Zeitreihe,Sachsen,code14,2.81
2018,Prozent,Zeitreihe,Sachsen,code14,2.89
2000,Prozent,Zeitreihe,Sachsen-Anhalt,code15,1.4
2001,Prozent,Zeitreihe,Sachsen-Anhalt,code15,1.31
2002,Prozent,Zeitreihe,Sachsen-Anhalt,code15,1.24
2003,Prozent,Zeitreihe,Sachsen-Anhalt,code15,1.2
2004,Prozent,Zeitreihe,Sachsen-Anhalt,code15,1.16
2005,Prozent,Zeitreihe,Sachsen-Anhalt,code15,1.22
2006,Prozent,Zeitreihe,Sachsen-Anhalt,code15,1.2
2007,Prozent,Zeitreihe,Sachsen-Anhalt,code15,1.18
2008,Prozent,Zeitreihe,Sachsen-Anhalt,code15,1.2
2009,Prozent,Zeitreihe,Sachsen-Anhalt,code15,1.38
2010,Prozent,Zeitreihe,Sachsen-Anhalt,code15,1.41
2011,Prozent,Zeitreihe,Sachsen-Anhalt,code15,1.48
2012,Prozent,Zeitreihe,Sachsen-Anhalt,code15,1.4
2013,Prozent,Zeitreihe,Sachsen-Anhalt,code15,1.42
2014,Prozent,Zeitreihe,Sachsen-Anhalt,code15,1.45
2015,Prozent,Zeitreihe,Sachsen-Anhalt,code15,1.41
2016,Prozent,Zeitreihe,Sachsen-Anhalt,code15,1.46
2017,Prozent,Zeitreihe,Sachsen-Anhalt,code15,1.52
2018,Prozent,Zeitreihe,Sachsen-Anhalt,code15,1.59
2000,Prozent,Zeitreihe,Schleswig-Holstein,code01,1.09
2001,Prozent,Zeitreihe,Schleswig-Holstein,code01,1.14
2002,Prozent,Zeitreihe,Schleswig-Holstein,code01,1.21
2003,Prozent,Zeitreihe,Schleswig-Holstein,code01,1.15
2004,Prozent,Zeitreihe,Schleswig-Holstein,code01,1.09
2005,Prozent,Zeitreihe,Schleswig-Holstein,code01,1.15
2006,Prozent,Zeitreihe,Schleswig-Holstein,code01,1.21
2007,Prozent,Zeitreihe,Schleswig-Holstein,code01,1.19
2008,Prozent,Zeitreihe,Schleswig-Holstein,code01,1.24
2009,Prozent,Zeitreihe,Schleswig-Holstein,code01,1.3
2010,Prozent,Zeitreihe,Schleswig-Holstein,code01,1.32
2011,Prozent,Zeitreihe,Schleswig-Holstein,code01,1.42
2012,Prozent,Zeitreihe,Schleswig-Holstein,code01,1.45
2013,Prozent,Zeitreihe,Schleswig-Holstein,code01,1.5
2014,Prozent,Zeitreihe,Schleswig-Holstein,code01,1.55
2015,Prozent,Zeitreihe,Schleswig-Holstein,code01,1.5
2016,Prozent,Zeitreihe,Schleswig-Holstein,code01,1.53
2017,Prozent,Zeitreihe,Schleswig-Holstein,code01,1.58
2018,Prozent,Zeitreihe,Schleswig-Holstein,code01,1.64
2000,Prozent,Zeitreihe,Thüringen,code16,1.73
2001,Prozent,Zeitreihe,Thüringen,code16,2.07
2002,Prozent,Zeitreihe,Thüringen,code16,2.16
2003,Prozent,Zeitreihe,Thüringen,code16,1.92
2004,Prozent,Zeitreihe,Thüringen,code16,1.92
2005,Prozent,Zeitreihe,Thüringen,code16,1.9
2006,Prozent,Zeitreihe,Thüringen,code16,1.91
2007,Prozent,Zeitreihe,Thüringen,code16,1.89
2008,Prozent,Zeitreihe,Thüringen,code16,2.05
2009,Prozent,Zeitreihe,Thüringen,code16,2.19
2010,Prozent,Zeitreihe,Thüringen,code16,2.18
2011,Prozent,Zeitreihe,Thüringen,code16,2.14
2012,Prozent,Zeitreihe,Thüringen,code16,2.2
2013,Prozent,Zeitreihe,Thüringen,code16,2.17
2014,Prozent,Zeitreihe,Thüringen,code16,2.13
2015,Prozent,Zeitreihe,Thüringen,code16,2.05
2016,Prozent,Zeitreihe,Thüringen,code16,2.07
2017,Prozent,Zeitreihe,Thüringen,code16,2.23
2018,Prozent,Zeitreihe,Thüringen,code16,2.29
