Year,Units,time series,sex,federal state,GeoCode,Value
2000,percentage,foreign school graduates,,,,80.1
2001,percentage,foreign school graduates,,,,79.83
2002,percentage,foreign school graduates,,,,80.55
2003,percentage,foreign school graduates,,,,80.9
2004,percentage,foreign school graduates,,,,81.91
2005,percentage,foreign school graduates,,,,82.6
2006,percentage,foreign school graduates,,,,83.23
2007,percentage,foreign school graduates,,,,84.0
2008,percentage,foreign school graduates,,,,85.0
2009,percentage,foreign school graduates,,,,86.2
2010,percentage,foreign school graduates,,,,87.19
2011,percentage,foreign school graduates,,,,88.22
2012,percentage,foreign school graduates,,,,88.61
2013,percentage,foreign school graduates,,,,89.29
2014,percentage,foreign school graduates,,,,88.06
2015,percentage,foreign school graduates,,,,88.2
2016,percentage,foreign school graduates,,,,85.83
2017,percentage,foreign school graduates,,,,81.81
2018,percentage,foreign school graduates,,,,81.8
2019,percentage,foreign school graduates,,,,82.37
2020,percentage,foreign school graduates,,,,85.35
2000,percentage,foreign school graduates,female,,,84.33
2001,percentage,foreign school graduates,female,,,84.19
2002,percentage,foreign school graduates,female,,,84.42
2003,percentage,foreign school graduates,female,,,84.59
2004,percentage,foreign school graduates,female,,,85.81
2005,percentage,foreign school graduates,female,,,86.42
2006,percentage,foreign school graduates,female,,,86.53
2007,percentage,foreign school graduates,female,,,87.04
2008,percentage,foreign school graduates,female,,,87.92
2009,percentage,foreign school graduates,female,,,88.54
2010,percentage,foreign school graduates,female,,,89.47
2011,percentage,foreign school graduates,female,,,90.34
2012,percentage,foreign school graduates,female,,,90.59
2013,percentage,foreign school graduates,female,,,91.07
2014,percentage,foreign school graduates,female,,,89.41
2015,percentage,foreign school graduates,female,,,90.3
2016,percentage,foreign school graduates,female,,,89.1
2017,percentage,foreign school graduates,female,,,86.35
2018,percentage,foreign school graduates,female,,,85.57
2019,percentage,foreign school graduates,female,,,85.83
2020,percentage,foreign school graduates,female,,,88.02
2000,percentage,foreign school graduates,male,,,76.21
2001,percentage,foreign school graduates,male,,,75.63
2002,percentage,foreign school graduates,male,,,76.89
2003,percentage,foreign school graduates,male,,,77.42
2004,percentage,foreign school graduates,male,,,78.31
2005,percentage,foreign school graduates,male,,,79.14
2006,percentage,foreign school graduates,male,,,80.18
2007,percentage,foreign school graduates,male,,,81.21
2008,percentage,foreign school graduates,male,,,82.28
2009,percentage,foreign school graduates,male,,,83.85
2010,percentage,foreign school graduates,male,,,84.97
2011,percentage,foreign school graduates,male,,,86.17
2012,percentage,foreign school graduates,male,,,86.69
2013,percentage,foreign school graduates,male,,,87.56
2014,percentage,foreign school graduates,male,,,86.76
2015,percentage,foreign school graduates,male,,,86.2
2016,percentage,foreign school graduates,male,,,82.9
2017,percentage,foreign school graduates,male,,,77.98
2018,percentage,foreign school graduates,male,,,78.77
2019,percentage,foreign school graduates,male,,,79.49
2020,percentage,foreign school graduates,male,,,83.01
2000,percentage,german school graduates,,,,91.69
2001,percentage,german school graduates,,,,91.35
2002,percentage,german school graduates,,,,91.8
2003,percentage,german school graduates,,,,92.07
2004,percentage,german school graduates,,,,92.58
2005,percentage,german school graduates,,,,92.76
2006,percentage,german school graduates,,,,93.05
2007,percentage,german school graduates,,,,93.6
2008,percentage,german school graduates,,,,93.8
2009,percentage,german school graduates,,,,94.23
2010,percentage,german school graduates,,,,94.57
2011,percentage,german school graduates,,,,95.01
2012,percentage,german school graduates,,,,95.1
2013,percentage,german school graduates,,,,95.38
2014,percentage,german school graduates,,,,95.14
2015,percentage,german school graduates,,,,95.0
2016,percentage,german school graduates,,,,95.08
2017,percentage,german school graduates,,,,94.82
2018,percentage,german school graduates,,,,94.58
2019,percentage,german school graduates,,,,94.53
2020,percentage,german school graduates,,,,94.91
2000,percentage,foreign school graduates,female,baden-wuerttemberg,code08,80.12
2001,percentage,foreign school graduates,female,baden-wuerttemberg,code08,79.81
2002,percentage,foreign school graduates,female,baden-wuerttemberg,code08,80.27
2003,percentage,foreign school graduates,female,baden-wuerttemberg,code08,81.47
2004,percentage,foreign school graduates,female,baden-wuerttemberg,code08,82.46
2005,percentage,foreign school graduates,female,baden-wuerttemberg,code08,83.26
2006,percentage,foreign school graduates,female,baden-wuerttemberg,code08,83.89
2007,percentage,foreign school graduates,female,baden-wuerttemberg,code08,84.93
2008,percentage,foreign school graduates,female,baden-wuerttemberg,code08,86.3
2009,percentage,foreign school graduates,female,baden-wuerttemberg,code08,87.19
2010,percentage,foreign school graduates,female,baden-wuerttemberg,code08,88.35
2011,percentage,foreign school graduates,female,baden-wuerttemberg,code08,88.74
2012,percentage,foreign school graduates,female,baden-wuerttemberg,code08,88.04
2013,percentage,foreign school graduates,female,baden-wuerttemberg,code08,89.99
2014,percentage,foreign school graduates,female,baden-wuerttemberg,code08,89.1
2015,percentage,foreign school graduates,female,baden-wuerttemberg,code08,90.07
2016,percentage,foreign school graduates,female,baden-wuerttemberg,code08,87.8
2017,percentage,foreign school graduates,female,baden-wuerttemberg,code08,80.56
2018,percentage,foreign school graduates,female,baden-wuerttemberg,code08,81.54
2019,percentage,foreign school graduates,female,baden-wuerttemberg,code08,84.07
2020,percentage,foreign school graduates,female,baden-wuerttemberg,code08,85.49
2000,percentage,foreign school graduates,male,baden-wuerttemberg,code08,84.74
2001,percentage,foreign school graduates,male,baden-wuerttemberg,code08,84.39
2002,percentage,foreign school graduates,male,baden-wuerttemberg,code08,84.0
2003,percentage,foreign school graduates,male,baden-wuerttemberg,code08,85.58
2004,percentage,foreign school graduates,male,baden-wuerttemberg,code08,86.16
2005,percentage,foreign school graduates,male,baden-wuerttemberg,code08,87.53
2006,percentage,foreign school graduates,male,baden-wuerttemberg,code08,86.99
2007,percentage,foreign school graduates,male,baden-wuerttemberg,code08,87.57
2008,percentage,foreign school graduates,male,baden-wuerttemberg,code08,88.82
2009,percentage,foreign school graduates,male,baden-wuerttemberg,code08,89.44
2010,percentage,foreign school graduates,male,baden-wuerttemberg,code08,89.76
2011,percentage,foreign school graduates,male,baden-wuerttemberg,code08,90.6
2012,percentage,foreign school graduates,male,baden-wuerttemberg,code08,89.71
2013,percentage,foreign school graduates,male,baden-wuerttemberg,code08,91.36
2014,percentage,foreign school graduates,male,baden-wuerttemberg,code08,90.29
2015,percentage,foreign school graduates,male,baden-wuerttemberg,code08,91.5
2016,percentage,foreign school graduates,male,baden-wuerttemberg,code08,89.73
2017,percentage,foreign school graduates,male,baden-wuerttemberg,code08,85.46
2018,percentage,foreign school graduates,male,baden-wuerttemberg,code08,85.48
2019,percentage,foreign school graduates,male,baden-wuerttemberg,code08,86.96
2020,percentage,foreign school graduates,male,baden-wuerttemberg,code08,88.13
2000,percentage,foreign school graduates,,baden-wuerttemberg,code08,75.89
2001,percentage,foreign school graduates,,baden-wuerttemberg,code08,75.83
2002,percentage,foreign school graduates,,baden-wuerttemberg,code08,76.86
2003,percentage,foreign school graduates,,baden-wuerttemberg,code08,77.68
2004,percentage,foreign school graduates,,baden-wuerttemberg,code08,79.14
2005,percentage,foreign school graduates,,baden-wuerttemberg,code08,79.49
2006,percentage,foreign school graduates,,baden-wuerttemberg,code08,81.14
2007,percentage,foreign school graduates,,baden-wuerttemberg,code08,82.51
2008,percentage,foreign school graduates,,baden-wuerttemberg,code08,84.0
2009,percentage,foreign school graduates,,baden-wuerttemberg,code08,85.08
2010,percentage,foreign school graduates,,baden-wuerttemberg,code08,86.91
2011,percentage,foreign school graduates,,baden-wuerttemberg,code08,86.94
2012,percentage,foreign school graduates,,baden-wuerttemberg,code08,86.34
2013,percentage,foreign school graduates,,baden-wuerttemberg,code08,88.7
2014,percentage,foreign school graduates,,baden-wuerttemberg,code08,87.97
2015,percentage,foreign school graduates,,baden-wuerttemberg,code08,88.74
2016,percentage,foreign school graduates,,baden-wuerttemberg,code08,86.1
2017,percentage,foreign school graduates,,baden-wuerttemberg,code08,76.46
2018,percentage,foreign school graduates,,baden-wuerttemberg,code08,78.2
2019,percentage,foreign school graduates,,baden-wuerttemberg,code08,81.65
2020,percentage,foreign school graduates,,baden-wuerttemberg,code08,83.21
2000,percentage,foreign school graduates,female,bavaria,code09,74.7
2001,percentage,foreign school graduates,female,bavaria,code09,72.1
2002,percentage,foreign school graduates,female,bavaria,code09,75.71
2003,percentage,foreign school graduates,female,bavaria,code09,77.71
2004,percentage,foreign school graduates,female,bavaria,code09,78.48
2005,percentage,foreign school graduates,female,bavaria,code09,80.0
2006,percentage,foreign school graduates,female,bavaria,code09,81.85
2007,percentage,foreign school graduates,female,bavaria,code09,83.36
2008,percentage,foreign school graduates,female,bavaria,code09,84.43
2009,percentage,foreign school graduates,female,bavaria,code09,85.36
2010,percentage,foreign school graduates,female,bavaria,code09,87.37
2011,percentage,foreign school graduates,female,bavaria,code09,89.43
2012,percentage,foreign school graduates,female,bavaria,code09,88.51
2013,percentage,foreign school graduates,female,bavaria,code09,89.12
2014,percentage,foreign school graduates,female,bavaria,code09,88.27
2015,percentage,foreign school graduates,female,bavaria,code09,86.53
2016,percentage,foreign school graduates,female,bavaria,code09,81.61
2017,percentage,foreign school graduates,female,bavaria,code09,78.97
2018,percentage,foreign school graduates,female,bavaria,code09,81.24
2019,percentage,foreign school graduates,female,bavaria,code09,82.2
2020,percentage,foreign school graduates,female,bavaria,code09,84.41
2000,percentage,foreign school graduates,male,bavaria,code09,80.18
2001,percentage,foreign school graduates,male,bavaria,code09,78.43
2002,percentage,foreign school graduates,male,bavaria,code09,80.94
2003,percentage,foreign school graduates,male,bavaria,code09,81.95
2004,percentage,foreign school graduates,male,bavaria,code09,83.27
2005,percentage,foreign school graduates,male,bavaria,code09,84.03
2006,percentage,foreign school graduates,male,bavaria,code09,85.71
2007,percentage,foreign school graduates,male,bavaria,code09,87.09
2008,percentage,foreign school graduates,male,bavaria,code09,87.6
2009,percentage,foreign school graduates,male,bavaria,code09,87.98
2010,percentage,foreign school graduates,male,bavaria,code09,89.93
2011,percentage,foreign school graduates,male,bavaria,code09,91.63
2012,percentage,foreign school graduates,male,bavaria,code09,90.88
2013,percentage,foreign school graduates,male,bavaria,code09,91.6
2014,percentage,foreign school graduates,male,bavaria,code09,90.86
2015,percentage,foreign school graduates,male,bavaria,code09,89.99
2016,percentage,foreign school graduates,male,bavaria,code09,88.58
2017,percentage,foreign school graduates,male,bavaria,code09,85.99
2018,percentage,foreign school graduates,male,bavaria,code09,85.69
2019,percentage,foreign school graduates,male,bavaria,code09,86.6
2020,percentage,foreign school graduates,male,bavaria,code09,87.37
2000,percentage,foreign school graduates,,bavaria,code09,69.58
2001,percentage,foreign school graduates,,bavaria,code09,66.2
2002,percentage,foreign school graduates,,bavaria,code09,70.7
2003,percentage,foreign school graduates,,bavaria,code09,73.84
2004,percentage,foreign school graduates,,bavaria,code09,74.05
2005,percentage,foreign school graduates,,bavaria,code09,76.28
2006,percentage,foreign school graduates,,bavaria,code09,78.22
2007,percentage,foreign school graduates,,bavaria,code09,79.91
2008,percentage,foreign school graduates,,bavaria,code09,81.41
2009,percentage,foreign school graduates,,bavaria,code09,82.81
2010,percentage,foreign school graduates,,bavaria,code09,84.93
2011,percentage,foreign school graduates,,bavaria,code09,87.3
2012,percentage,foreign school graduates,,bavaria,code09,86.3
2013,percentage,foreign school graduates,,bavaria,code09,86.76
2014,percentage,foreign school graduates,,bavaria,code09,85.85
2015,percentage,foreign school graduates,,bavaria,code09,83.54
2016,percentage,foreign school graduates,,bavaria,code09,76.04
2017,percentage,foreign school graduates,,bavaria,code09,73.36
2018,percentage,foreign school graduates,,bavaria,code09,77.78
2019,percentage,foreign school graduates,,bavaria,code09,78.45
2020,percentage,foreign school graduates,,bavaria,code09,81.8
2000,percentage,foreign school graduates,female,berlin,code11,74.45
2001,percentage,foreign school graduates,female,berlin,code11,76.0
2002,percentage,foreign school graduates,female,berlin,code11,75.94
2003,percentage,foreign school graduates,female,berlin,code11,74.1
2004,percentage,foreign school graduates,female,berlin,code11,77.07
2005,percentage,foreign school graduates,female,berlin,code11,77.9
2006,percentage,foreign school graduates,female,berlin,code11,79.25
2007,percentage,foreign school graduates,female,berlin,code11,79.56
2008,percentage,foreign school graduates,female,berlin,code11,80.27
2009,percentage,foreign school graduates,female,berlin,code11,83.56
2010,percentage,foreign school graduates,female,berlin,code11,82.95
2011,percentage,foreign school graduates,female,berlin,code11,84.68
2012,percentage,foreign school graduates,female,berlin,code11,87.36
2013,percentage,foreign school graduates,female,berlin,code11,87.48
2014,percentage,foreign school graduates,female,berlin,code11,83.53
2015,percentage,foreign school graduates,female,berlin,code11,78.67
2016,percentage,foreign school graduates,female,berlin,code11,81.0
2017,percentage,foreign school graduates,female,berlin,code11,79.19
2018,percentage,foreign school graduates,female,berlin,code11,78.29
2019,percentage,foreign school graduates,female,berlin,code11,81.11
2020,percentage,foreign school graduates,female,berlin,code11,92.78
2000,percentage,foreign school graduates,male,berlin,code11,78.1
2001,percentage,foreign school graduates,male,berlin,code11,80.95
2002,percentage,foreign school graduates,male,berlin,code11,79.38
2003,percentage,foreign school graduates,male,berlin,code11,79.6
2004,percentage,foreign school graduates,male,berlin,code11,81.28
2005,percentage,foreign school graduates,male,berlin,code11,83.0
2006,percentage,foreign school graduates,male,berlin,code11,83.61
2007,percentage,foreign school graduates,male,berlin,code11,82.45
2008,percentage,foreign school graduates,male,berlin,code11,84.42
2009,percentage,foreign school graduates,male,berlin,code11,85.77
2010,percentage,foreign school graduates,male,berlin,code11,86.23
2011,percentage,foreign school graduates,male,berlin,code11,87.89
2012,percentage,foreign school graduates,male,berlin,code11,89.16
2013,percentage,foreign school graduates,male,berlin,code11,89.56
2014,percentage,foreign school graduates,male,berlin,code11,85.61
2015,percentage,foreign school graduates,male,berlin,code11,82.37
2016,percentage,foreign school graduates,male,berlin,code11,83.31
2017,percentage,foreign school graduates,male,berlin,code11,82.39
2018,percentage,foreign school graduates,male,berlin,code11,82.97
2019,percentage,foreign school graduates,male,berlin,code11,85.28
2020,percentage,foreign school graduates,male,berlin,code11,95.27
2000,percentage,foreign school graduates,,berlin,code11,71.11
2001,percentage,foreign school graduates,,berlin,code11,71.26
2002,percentage,foreign school graduates,,berlin,code11,72.91
2003,percentage,foreign school graduates,,berlin,code11,69.46
2004,percentage,foreign school graduates,,berlin,code11,73.35
2005,percentage,foreign school graduates,,berlin,code11,73.39
2006,percentage,foreign school graduates,,berlin,code11,75.3
2007,percentage,foreign school graduates,,berlin,code11,76.77
2008,percentage,foreign school graduates,,berlin,code11,76.54
2009,percentage,foreign school graduates,,berlin,code11,81.47
2010,percentage,foreign school graduates,,berlin,code11,79.9
2011,percentage,foreign school graduates,,berlin,code11,81.62
2012,percentage,foreign school graduates,,berlin,code11,85.49
2013,percentage,foreign school graduates,,berlin,code11,85.37
2014,percentage,foreign school graduates,,berlin,code11,81.5
2015,percentage,foreign school graduates,,berlin,code11,75.22
2016,percentage,foreign school graduates,,berlin,code11,79.05
2017,percentage,foreign school graduates,,berlin,code11,76.28
2018,percentage,foreign school graduates,,berlin,code11,74.35
2019,percentage,foreign school graduates,,berlin,code11,77.49
2020,percentage,foreign school graduates,,berlin,code11,90.6
2000,percentage,foreign school graduates,female,brandenburg,code12,90.34
2001,percentage,foreign school graduates,female,brandenburg,code12,92.43
2002,percentage,foreign school graduates,female,brandenburg,code12,94.44
2003,percentage,foreign school graduates,female,brandenburg,code12,89.97
2004,percentage,foreign school graduates,female,brandenburg,code12,93.24
2005,percentage,foreign school graduates,female,brandenburg,code12,86.35
2006,percentage,foreign school graduates,female,brandenburg,code12,86.63
2007,percentage,foreign school graduates,female,brandenburg,code12,90.48
2008,percentage,foreign school graduates,female,brandenburg,code12,91.62
2009,percentage,foreign school graduates,female,brandenburg,code12,94.91
2010,percentage,foreign school graduates,female,brandenburg,code12,93.26
2011,percentage,foreign school graduates,female,brandenburg,code12,92.94
2012,percentage,foreign school graduates,female,brandenburg,code12,94.32
2013,percentage,foreign school graduates,female,brandenburg,code12,93.98
2014,percentage,foreign school graduates,female,brandenburg,code12,94.66
2015,percentage,foreign school graduates,female,brandenburg,code12,94.51
2016,percentage,foreign school graduates,female,brandenburg,code12,82.73
2017,percentage,foreign school graduates,female,brandenburg,code12,82.68
2018,percentage,foreign school graduates,female,brandenburg,code12,80.99
2019,percentage,foreign school graduates,female,brandenburg,code12,83.94
2020,percentage,foreign school graduates,female,brandenburg,code12,93.82
2000,percentage,foreign school graduates,male,brandenburg,code12,92.92
2001,percentage,foreign school graduates,male,brandenburg,code12,98.64
2002,percentage,foreign school graduates,male,brandenburg,code12,97.67
2003,percentage,foreign school graduates,male,brandenburg,code12,96.05
2004,percentage,foreign school graduates,male,brandenburg,code12,96.17
2005,percentage,foreign school graduates,male,brandenburg,code12,91.77
2006,percentage,foreign school graduates,male,brandenburg,code12,89.94
2007,percentage,foreign school graduates,male,brandenburg,code12,95.22
2008,percentage,foreign school graduates,male,brandenburg,code12,95.02
2009,percentage,foreign school graduates,male,brandenburg,code12,97.21
2010,percentage,foreign school graduates,male,brandenburg,code12,95.79
2011,percentage,foreign school graduates,male,brandenburg,code12,94.71
2012,percentage,foreign school graduates,male,brandenburg,code12,98.17
2013,percentage,foreign school graduates,male,brandenburg,code12,97.75
2014,percentage,foreign school graduates,male,brandenburg,code12,97.33
2015,percentage,foreign school graduates,male,brandenburg,code12,95.88
2016,percentage,foreign school graduates,male,brandenburg,code12,90.37
2017,percentage,foreign school graduates,male,brandenburg,code12,87.8
2018,percentage,foreign school graduates,male,brandenburg,code12,83.66
2019,percentage,foreign school graduates,male,brandenburg,code12,86.21
2020,percentage,foreign school graduates,male,brandenburg,code12,92.39
2000,percentage,foreign school graduates,,brandenburg,code12,87.23
2001,percentage,foreign school graduates,,brandenburg,code12,83.65
2002,percentage,foreign school graduates,,brandenburg,code12,91.06
2003,percentage,foreign school graduates,,brandenburg,code12,83.67
2004,percentage,foreign school graduates,,brandenburg,code12,90.12
2005,percentage,foreign school graduates,,brandenburg,code12,80.89
2006,percentage,foreign school graduates,,brandenburg,code12,83.43
2007,percentage,foreign school graduates,,brandenburg,code12,84.02
2008,percentage,foreign school graduates,,brandenburg,code12,87.85
2009,percentage,foreign school graduates,,brandenburg,code12,92.26
2010,percentage,foreign school graduates,,brandenburg,code12,90.61
2011,percentage,foreign school graduates,,brandenburg,code12,91.3
2012,percentage,foreign school graduates,,brandenburg,code12,90.83
2013,percentage,foreign school graduates,,brandenburg,code12,90.06
2014,percentage,foreign school graduates,,brandenburg,code12,92.51
2015,percentage,foreign school graduates,,brandenburg,code12,93.33
2016,percentage,foreign school graduates,,brandenburg,code12,75.62
2017,percentage,foreign school graduates,,brandenburg,code12,79.52
2018,percentage,foreign school graduates,,brandenburg,code12,79.36
2019,percentage,foreign school graduates,,brandenburg,code12,82.61
2020,percentage,foreign school graduates,,brandenburg,code12,95.02
2000,percentage,foreign school graduates,female,bremen,code04,80.04
2001,percentage,foreign school graduates,female,bremen,code04,81.15
2002,percentage,foreign school graduates,female,bremen,code04,85.68
2003,percentage,foreign school graduates,female,bremen,code04,81.66
2004,percentage,foreign school graduates,female,bremen,code04,82.22
2005,percentage,foreign school graduates,female,bremen,code04,83.42
2006,percentage,foreign school graduates,female,bremen,code04,85.44
2007,percentage,foreign school graduates,female,bremen,code04,84.12
2008,percentage,foreign school graduates,female,bremen,code04,88.37
2009,percentage,foreign school graduates,female,bremen,code04,89.09
2010,percentage,foreign school graduates,female,bremen,code04,90.1
2011,percentage,foreign school graduates,female,bremen,code04,87.32
2012,percentage,foreign school graduates,female,bremen,code04,91.16
2013,percentage,foreign school graduates,female,bremen,code04,87.3
2014,percentage,foreign school graduates,female,bremen,code04,90.04
2015,percentage,foreign school graduates,female,bremen,code04,89.49
2016,percentage,foreign school graduates,female,bremen,code04,84.6
2017,percentage,foreign school graduates,female,bremen,code04,78.68
2018,percentage,foreign school graduates,female,bremen,code04,79.74
2019,percentage,foreign school graduates,female,bremen,code04,73.86
2020,percentage,foreign school graduates,female,bremen,code04,76.39
2000,percentage,foreign school graduates,male,bremen,code04,84.3
2001,percentage,foreign school graduates,male,bremen,code04,86.67
2002,percentage,foreign school graduates,male,bremen,code04,88.65
2003,percentage,foreign school graduates,male,bremen,code04,82.75
2004,percentage,foreign school graduates,male,bremen,code04,85.85
2005,percentage,foreign school graduates,male,bremen,code04,88.08
2006,percentage,foreign school graduates,male,bremen,code04,90.91
2007,percentage,foreign school graduates,male,bremen,code04,86.8
2008,percentage,foreign school graduates,male,bremen,code04,90.94
2009,percentage,foreign school graduates,male,bremen,code04,91.19
2010,percentage,foreign school graduates,male,bremen,code04,92.42
2011,percentage,foreign school graduates,male,bremen,code04,91.43
2012,percentage,foreign school graduates,male,bremen,code04,92.59
2013,percentage,foreign school graduates,male,bremen,code04,89.73
2014,percentage,foreign school graduates,male,bremen,code04,91.18
2015,percentage,foreign school graduates,male,bremen,code04,94.41
2016,percentage,foreign school graduates,male,bremen,code04,87.18
2017,percentage,foreign school graduates,male,bremen,code04,82.91
2018,percentage,foreign school graduates,male,bremen,code04,82.07
2019,percentage,foreign school graduates,male,bremen,code04,75.29
2020,percentage,foreign school graduates,male,bremen,code04,78.31
2000,percentage,foreign school graduates,,bremen,code04,76.09
2001,percentage,foreign school graduates,,bremen,code04,76.06
2002,percentage,foreign school graduates,,bremen,code04,82.52
2003,percentage,foreign school graduates,,bremen,code04,80.58
2004,percentage,foreign school graduates,,bremen,code04,78.95
2005,percentage,foreign school graduates,,bremen,code04,79.11
2006,percentage,foreign school graduates,,bremen,code04,80.18
2007,percentage,foreign school graduates,,bremen,code04,81.71
2008,percentage,foreign school graduates,,bremen,code04,85.98
2009,percentage,foreign school graduates,,bremen,code04,86.79
2010,percentage,foreign school graduates,,bremen,code04,87.82
2011,percentage,foreign school graduates,,bremen,code04,82.91
2012,percentage,foreign school graduates,,bremen,code04,89.8
2013,percentage,foreign school graduates,,bremen,code04,85.14
2014,percentage,foreign school graduates,,bremen,code04,88.89
2015,percentage,foreign school graduates,,bremen,code04,86.15
2016,percentage,foreign school graduates,,bremen,code04,82.23
2017,percentage,foreign school graduates,,bremen,code04,75.05
2018,percentage,foreign school graduates,,bremen,code04,77.95
2019,percentage,foreign school graduates,,bremen,code04,72.79
2020,percentage,foreign school graduates,,bremen,code04,74.8
2000,percentage,foreign school graduates,female,hamburg,code02,79.49
2001,percentage,foreign school graduates,female,hamburg,code02,80.28
2002,percentage,foreign school graduates,female,hamburg,code02,82.32
2003,percentage,foreign school graduates,female,hamburg,code02,81.75
2004,percentage,foreign school graduates,female,hamburg,code02,80.12
2005,percentage,foreign school graduates,female,hamburg,code02,80.14
2006,percentage,foreign school graduates,female,hamburg,code02,79.56
2007,percentage,foreign school graduates,female,hamburg,code02,81.56
2008,percentage,foreign school graduates,female,hamburg,code02,84.72
2009,percentage,foreign school graduates,female,hamburg,code02,85.14
2010,percentage,foreign school graduates,female,hamburg,code02,87.37
2011,percentage,foreign school graduates,female,hamburg,code02,87.57
2012,percentage,foreign school graduates,female,hamburg,code02,89.54
2013,percentage,foreign school graduates,female,hamburg,code02,90.48
2014,percentage,foreign school graduates,female,hamburg,code02,90.05
2015,percentage,foreign school graduates,female,hamburg,code02,89.6
2016,percentage,foreign school graduates,female,hamburg,code02,86.49
2017,percentage,foreign school graduates,female,hamburg,code02,87.61
2018,percentage,foreign school graduates,female,hamburg,code02,84.93
2019,percentage,foreign school graduates,female,hamburg,code02,86.67
2020,percentage,foreign school graduates,female,hamburg,code02,84.47
2000,percentage,foreign school graduates,male,hamburg,code02,81.87
2001,percentage,foreign school graduates,male,hamburg,code02,84.51
2002,percentage,foreign school graduates,male,hamburg,code02,85.48
2003,percentage,foreign school graduates,male,hamburg,code02,85.78
2004,percentage,foreign school graduates,male,hamburg,code02,83.84
2005,percentage,foreign school graduates,male,hamburg,code02,83.76
2006,percentage,foreign school graduates,male,hamburg,code02,81.52
2007,percentage,foreign school graduates,male,hamburg,code02,84.19
2008,percentage,foreign school graduates,male,hamburg,code02,87.27
2009,percentage,foreign school graduates,male,hamburg,code02,87.51
2010,percentage,foreign school graduates,male,hamburg,code02,90.0
2011,percentage,foreign school graduates,male,hamburg,code02,88.99
2012,percentage,foreign school graduates,male,hamburg,code02,91.59
2013,percentage,foreign school graduates,male,hamburg,code02,91.6
2014,percentage,foreign school graduates,male,hamburg,code02,92.13
2015,percentage,foreign school graduates,male,hamburg,code02,91.94
2016,percentage,foreign school graduates,male,hamburg,code02,88.29
2017,percentage,foreign school graduates,male,hamburg,code02,89.0
2018,percentage,foreign school graduates,male,hamburg,code02,87.3
2019,percentage,foreign school graduates,male,hamburg,code02,89.16
2020,percentage,foreign school graduates,male,hamburg,code02,86.95
2000,percentage,foreign school graduates,,hamburg,code02,77.44
2001,percentage,foreign school graduates,,hamburg,code02,76.46
2002,percentage,foreign school graduates,,hamburg,code02,79.57
2003,percentage,foreign school graduates,,hamburg,code02,78.06
2004,percentage,foreign school graduates,,hamburg,code02,76.68
2005,percentage,foreign school graduates,,hamburg,code02,76.79
2006,percentage,foreign school graduates,,hamburg,code02,77.86
2007,percentage,foreign school graduates,,hamburg,code02,79.04
2008,percentage,foreign school graduates,,hamburg,code02,82.25
2009,percentage,foreign school graduates,,hamburg,code02,82.9
2010,percentage,foreign school graduates,,hamburg,code02,84.67
2011,percentage,foreign school graduates,,hamburg,code02,86.17
2012,percentage,foreign school graduates,,hamburg,code02,87.41
2013,percentage,foreign school graduates,,hamburg,code02,89.32
2014,percentage,foreign school graduates,,hamburg,code02,87.99
2015,percentage,foreign school graduates,,hamburg,code02,87.09
2016,percentage,foreign school graduates,,hamburg,code02,84.74
2017,percentage,foreign school graduates,,hamburg,code02,86.4
2018,percentage,foreign school graduates,,hamburg,code02,83.05
2019,percentage,foreign school graduates,,hamburg,code02,84.68
2020,percentage,foreign school graduates,,hamburg,code02,82.42
2000,percentage,foreign school graduates,female,hesse,code06,78.53
2001,percentage,foreign school graduates,female,hesse,code06,80.03
2002,percentage,foreign school graduates,female,hesse,code06,80.9
2003,percentage,foreign school graduates,female,hesse,code06,81.15
2004,percentage,foreign school graduates,female,hesse,code06,81.77
2005,percentage,foreign school graduates,female,hesse,code06,83.2
2006,percentage,foreign school graduates,female,hesse,code06,83.91
2007,percentage,foreign school graduates,female,hesse,code06,83.96
2008,percentage,foreign school graduates,female,hesse,code06,87.08
2009,percentage,foreign school graduates,female,hesse,code06,85.85
2010,percentage,foreign school graduates,female,hesse,code06,86.96
2011,percentage,foreign school graduates,female,hesse,code06,88.33
2012,percentage,foreign school graduates,female,hesse,code06,89.04
2013,percentage,foreign school graduates,female,hesse,code06,90.32
2014,percentage,foreign school graduates,female,hesse,code06,90.72
2015,percentage,foreign school graduates,female,hesse,code06,91.87
2016,percentage,foreign school graduates,female,hesse,code06,89.84
2017,percentage,foreign school graduates,female,hesse,code06,89.7
2018,percentage,foreign school graduates,female,hesse,code06,89.73
2019,percentage,foreign school graduates,female,hesse,code06,88.75
2020,percentage,foreign school graduates,female,hesse,code06,90.36
2000,percentage,foreign school graduates,male,hesse,code06,82.65
2001,percentage,foreign school graduates,male,hesse,code06,83.58
2002,percentage,foreign school graduates,male,hesse,code06,83.88
2003,percentage,foreign school graduates,male,hesse,code06,84.35
2004,percentage,foreign school graduates,male,hesse,code06,84.94
2005,percentage,foreign school graduates,male,hesse,code06,86.68
2006,percentage,foreign school graduates,male,hesse,code06,86.02
2007,percentage,foreign school graduates,male,hesse,code06,86.06
2008,percentage,foreign school graduates,male,hesse,code06,88.73
2009,percentage,foreign school graduates,male,hesse,code06,88.37
2010,percentage,foreign school graduates,male,hesse,code06,89.63
2011,percentage,foreign school graduates,male,hesse,code06,89.66
2012,percentage,foreign school graduates,male,hesse,code06,91.22
2013,percentage,foreign school graduates,male,hesse,code06,91.64
2014,percentage,foreign school graduates,male,hesse,code06,92.91
2015,percentage,foreign school graduates,male,hesse,code06,93.77
2016,percentage,foreign school graduates,male,hesse,code06,92.19
2017,percentage,foreign school graduates,male,hesse,code06,91.22
2018,percentage,foreign school graduates,male,hesse,code06,91.93
2019,percentage,foreign school graduates,male,hesse,code06,91.14
2020,percentage,foreign school graduates,male,hesse,code06,92.91
2000,percentage,foreign school graduates,,hesse,code06,74.88
2001,percentage,foreign school graduates,,hesse,code06,76.77
2002,percentage,foreign school graduates,,hesse,code06,78.18
2003,percentage,foreign school graduates,,hesse,code06,78.39
2004,percentage,foreign school graduates,,hesse,code06,78.95
2005,percentage,foreign school graduates,,hesse,code06,79.99
2006,percentage,foreign school graduates,,hesse,code06,81.9
2007,percentage,foreign school graduates,,hesse,code06,81.96
2008,percentage,foreign school graduates,,hesse,code06,85.43
2009,percentage,foreign school graduates,,hesse,code06,83.4
2010,percentage,foreign school graduates,,hesse,code06,84.34
2011,percentage,foreign school graduates,,hesse,code06,87.03
2012,percentage,foreign school graduates,,hesse,code06,86.94
2013,percentage,foreign school graduates,,hesse,code06,89.02
2014,percentage,foreign school graduates,,hesse,code06,88.56
2015,percentage,foreign school graduates,,hesse,code06,90.04
2016,percentage,foreign school graduates,,hesse,code06,87.62
2017,percentage,foreign school graduates,,hesse,code06,88.37
2018,percentage,foreign school graduates,,hesse,code06,87.99
2019,percentage,foreign school graduates,,hesse,code06,86.68
2020,percentage,foreign school graduates,,hesse,code06,88.1
2000,percentage,foreign school graduates,female,mecklenburg western pomerania,code13,85.59
2001,percentage,foreign school graduates,female,mecklenburg western pomerania,code13,73.02
2002,percentage,foreign school graduates,female,mecklenburg western pomerania,code13,83.45
2003,percentage,foreign school graduates,female,mecklenburg western pomerania,code13,79.45
2004,percentage,foreign school graduates,female,mecklenburg western pomerania,code13,85.34
2005,percentage,foreign school graduates,female,mecklenburg western pomerania,code13,78.7
2006,percentage,foreign school graduates,female,mecklenburg western pomerania,code13,85.19
2007,percentage,foreign school graduates,female,mecklenburg western pomerania,code13,81.53
2008,percentage,foreign school graduates,female,mecklenburg western pomerania,code13,86.7
2009,percentage,foreign school graduates,female,mecklenburg western pomerania,code13,85.31
2010,percentage,foreign school graduates,female,mecklenburg western pomerania,code13,83.81
2011,percentage,foreign school graduates,female,mecklenburg western pomerania,code13,81.94
2012,percentage,foreign school graduates,female,mecklenburg western pomerania,code13,89.3
2013,percentage,foreign school graduates,female,mecklenburg western pomerania,code13,83.11
2014,percentage,foreign school graduates,female,mecklenburg western pomerania,code13,87.23
2015,percentage,foreign school graduates,female,mecklenburg western pomerania,code13,91.76
2016,percentage,foreign school graduates,female,mecklenburg western pomerania,code13,84.08
2017,percentage,foreign school graduates,female,mecklenburg western pomerania,code13,80.18
2018,percentage,foreign school graduates,female,mecklenburg western pomerania,code13,75.0
2019,percentage,foreign school graduates,female,mecklenburg western pomerania,code13,79.18
2020,percentage,foreign school graduates,female,mecklenburg western pomerania,code13,87.74
2000,percentage,foreign school graduates,male,mecklenburg western pomerania,code13,91.55
2001,percentage,foreign school graduates,male,mecklenburg western pomerania,code13,83.33
2002,percentage,foreign school graduates,male,mecklenburg western pomerania,code13,94.59
2003,percentage,foreign school graduates,male,mecklenburg western pomerania,code13,88.0
2004,percentage,foreign school graduates,male,mecklenburg western pomerania,code13,91.47
2005,percentage,foreign school graduates,male,mecklenburg western pomerania,code13,86.54
2006,percentage,foreign school graduates,male,mecklenburg western pomerania,code13,88.61
2007,percentage,foreign school graduates,male,mecklenburg western pomerania,code13,82.93
2008,percentage,foreign school graduates,male,mecklenburg western pomerania,code13,92.11
2009,percentage,foreign school graduates,male,mecklenburg western pomerania,code13,89.91
2010,percentage,foreign school graduates,male,mecklenburg western pomerania,code13,88.24
2011,percentage,foreign school graduates,male,mecklenburg western pomerania,code13,87.39
2012,percentage,foreign school graduates,male,mecklenburg western pomerania,code13,90.43
2013,percentage,foreign school graduates,male,mecklenburg western pomerania,code13,85.84
2014,percentage,foreign school graduates,male,mecklenburg western pomerania,code13,89.83
2015,percentage,foreign school graduates,male,mecklenburg western pomerania,code13,92.7
2016,percentage,foreign school graduates,male,mecklenburg western pomerania,code13,90.32
2017,percentage,foreign school graduates,male,mecklenburg western pomerania,code13,89.94
2018,percentage,foreign school graduates,male,mecklenburg western pomerania,code13,84.69
2019,percentage,foreign school graduates,male,mecklenburg western pomerania,code13,82.8
2020,percentage,foreign school graduates,male,mecklenburg western pomerania,code13,91.13
2000,percentage,foreign school graduates,,mecklenburg western pomerania,code13,76.6
2001,percentage,foreign school graduates,,mecklenburg western pomerania,code13,63.64
2002,percentage,foreign school graduates,,mecklenburg western pomerania,code13,71.83
2003,percentage,foreign school graduates,,mecklenburg western pomerania,code13,70.42
2004,percentage,foreign school graduates,,mecklenburg western pomerania,code13,77.67
2005,percentage,foreign school graduates,,mecklenburg western pomerania,code13,71.43
2006,percentage,foreign school graduates,,mecklenburg western pomerania,code13,82.73
2007,percentage,foreign school graduates,,mecklenburg western pomerania,code13,80.0
2008,percentage,foreign school graduates,,mecklenburg western pomerania,code13,80.77
2009,percentage,foreign school graduates,,mecklenburg western pomerania,code13,80.39
2010,percentage,foreign school graduates,,mecklenburg western pomerania,code13,79.63
2011,percentage,foreign school graduates,,mecklenburg western pomerania,code13,76.72
2012,percentage,foreign school graduates,,mecklenburg western pomerania,code13,88.28
2013,percentage,foreign school graduates,,mecklenburg western pomerania,code13,80.19
2014,percentage,foreign school graduates,,mecklenburg western pomerania,code13,84.62
2015,percentage,foreign school graduates,,mecklenburg western pomerania,code13,90.85
2016,percentage,foreign school graduates,,mecklenburg western pomerania,code13,78.65
2017,percentage,foreign school graduates,,mecklenburg western pomerania,code13,73.33
2018,percentage,foreign school graduates,,mecklenburg western pomerania,code13,69.66
2019,percentage,foreign school graduates,,mecklenburg western pomerania,code13,76.82
2020,percentage,foreign school graduates,,mecklenburg western pomerania,code13,85.14
2000,percentage,foreign school graduates,female,lower saxony,code03,72.35
2001,percentage,foreign school graduates,female,lower saxony,code03,72.6
2002,percentage,foreign school graduates,female,lower saxony,code03,73.43
2003,percentage,foreign school graduates,female,lower saxony,code03,71.54
2004,percentage,foreign school graduates,female,lower saxony,code03,77.64
2005,percentage,foreign school graduates,female,lower saxony,code03,74.99
2006,percentage,foreign school graduates,female,lower saxony,code03,75.08
2007,percentage,foreign school graduates,female,lower saxony,code03,79.87
2008,percentage,foreign school graduates,female,lower saxony,code03,79.99
2009,percentage,foreign school graduates,female,lower saxony,code03,82.71
2010,percentage,foreign school graduates,female,lower saxony,code03,83.79
2011,percentage,foreign school graduates,female,lower saxony,code03,84.33
2012,percentage,foreign school graduates,female,lower saxony,code03,86.37
2013,percentage,foreign school graduates,female,lower saxony,code03,86.31
2014,percentage,foreign school graduates,female,lower saxony,code03,87.78
2015,percentage,foreign school graduates,female,lower saxony,code03,85.58
2016,percentage,foreign school graduates,female,lower saxony,code03,83.71
2017,percentage,foreign school graduates,female,lower saxony,code03,77.08
2018,percentage,foreign school graduates,female,lower saxony,code03,77.15
2019,percentage,foreign school graduates,female,lower saxony,code03,76.87
2020,percentage,foreign school graduates,female,lower saxony,code03,79.55
2000,percentage,foreign school graduates,male,lower saxony,code03,78.29
2001,percentage,foreign school graduates,male,lower saxony,code03,78.5
2002,percentage,foreign school graduates,male,lower saxony,code03,79.39
2003,percentage,foreign school graduates,male,lower saxony,code03,77.11
2004,percentage,foreign school graduates,male,lower saxony,code03,82.59
2005,percentage,foreign school graduates,male,lower saxony,code03,80.47
2006,percentage,foreign school graduates,male,lower saxony,code03,80.29
2007,percentage,foreign school graduates,male,lower saxony,code03,84.13
2008,percentage,foreign school graduates,male,lower saxony,code03,84.02
2009,percentage,foreign school graduates,male,lower saxony,code03,86.18
2010,percentage,foreign school graduates,male,lower saxony,code03,87.12
2011,percentage,foreign school graduates,male,lower saxony,code03,87.83
2012,percentage,foreign school graduates,male,lower saxony,code03,88.97
2013,percentage,foreign school graduates,male,lower saxony,code03,87.67
2014,percentage,foreign school graduates,male,lower saxony,code03,88.58
2015,percentage,foreign school graduates,male,lower saxony,code03,86.47
2016,percentage,foreign school graduates,male,lower saxony,code03,85.79
2017,percentage,foreign school graduates,male,lower saxony,code03,81.97
2018,percentage,foreign school graduates,male,lower saxony,code03,80.63
2019,percentage,foreign school graduates,male,lower saxony,code03,80.46
2020,percentage,foreign school graduates,male,lower saxony,code03,82.14
2000,percentage,foreign school graduates,,lower saxony,code03,67.16
2001,percentage,foreign school graduates,,lower saxony,code03,67.37
2002,percentage,foreign school graduates,,lower saxony,code03,68.05
2003,percentage,foreign school graduates,,lower saxony,code03,67.12
2004,percentage,foreign school graduates,,lower saxony,code03,73.52
2005,percentage,foreign school graduates,,lower saxony,code03,70.44
2006,percentage,foreign school graduates,,lower saxony,code03,70.37
2007,percentage,foreign school graduates,,lower saxony,code03,75.92
2008,percentage,foreign school graduates,,lower saxony,code03,76.21
2009,percentage,foreign school graduates,,lower saxony,code03,79.43
2010,percentage,foreign school graduates,,lower saxony,code03,80.65
2011,percentage,foreign school graduates,,lower saxony,code03,80.96
2012,percentage,foreign school graduates,,lower saxony,code03,83.91
2013,percentage,foreign school graduates,,lower saxony,code03,85.03
2014,percentage,foreign school graduates,,lower saxony,code03,87.04
2015,percentage,foreign school graduates,,lower saxony,code03,84.74
2016,percentage,foreign school graduates,,lower saxony,code03,81.82
2017,percentage,foreign school graduates,,lower saxony,code03,73.24
2018,percentage,foreign school graduates,,lower saxony,code03,74.52
2019,percentage,foreign school graduates,,lower saxony,code03,73.9
2020,percentage,foreign school graduates,,lower saxony,code03,77.23
2000,percentage,foreign school graduates,female,north rhine-westphalia,code05,86.85
2001,percentage,foreign school graduates,female,north rhine-westphalia,code05,86.36
2002,percentage,foreign school graduates,female,north rhine-westphalia,code05,85.59
2003,percentage,foreign school graduates,female,north rhine-westphalia,code05,86.27
2004,percentage,foreign school graduates,female,north rhine-westphalia,code05,86.08
2005,percentage,foreign school graduates,female,north rhine-westphalia,code05,85.94
2006,percentage,foreign school graduates,female,north rhine-westphalia,code05,86.21
2007,percentage,foreign school graduates,female,north rhine-westphalia,code05,85.76
2008,percentage,foreign school graduates,female,north rhine-westphalia,code05,85.94
2009,percentage,foreign school graduates,female,north rhine-westphalia,code05,86.86
2010,percentage,foreign school graduates,female,north rhine-westphalia,code05,87.72
2011,percentage,foreign school graduates,female,north rhine-westphalia,code05,88.65
2012,percentage,foreign school graduates,female,north rhine-westphalia,code05,88.99
2013,percentage,foreign school graduates,female,north rhine-westphalia,code05,89.76
2014,percentage,foreign school graduates,female,north rhine-westphalia,code05,88.45
2015,percentage,foreign school graduates,female,north rhine-westphalia,code05,88.88
2016,percentage,foreign school graduates,female,north rhine-westphalia,code05,88.39
2017,percentage,foreign school graduates,female,north rhine-westphalia,code05,84.61
2018,percentage,foreign school graduates,female,north rhine-westphalia,code05,84.01
2019,percentage,foreign school graduates,female,north rhine-westphalia,code05,84.11
2020,percentage,foreign school graduates,female,north rhine-westphalia,code05,86.75
2000,percentage,foreign school graduates,male,north rhine-westphalia,code05,89.66
2001,percentage,foreign school graduates,male,north rhine-westphalia,code05,89.52
2002,percentage,foreign school graduates,male,north rhine-westphalia,code05,88.65
2003,percentage,foreign school graduates,male,north rhine-westphalia,code05,88.98
2004,percentage,foreign school graduates,male,north rhine-westphalia,code05,89.16
2005,percentage,foreign school graduates,male,north rhine-westphalia,code05,89.08
2006,percentage,foreign school graduates,male,north rhine-westphalia,code05,88.81
2007,percentage,foreign school graduates,male,north rhine-westphalia,code05,88.52
2008,percentage,foreign school graduates,male,north rhine-westphalia,code05,88.56
2009,percentage,foreign school graduates,male,north rhine-westphalia,code05,88.67
2010,percentage,foreign school graduates,male,north rhine-westphalia,code05,89.59
2011,percentage,foreign school graduates,male,north rhine-westphalia,code05,90.52
2012,percentage,foreign school graduates,male,north rhine-westphalia,code05,90.64
2013,percentage,foreign school graduates,male,north rhine-westphalia,code05,91.47
2014,percentage,foreign school graduates,male,north rhine-westphalia,code05,90.31
2015,percentage,foreign school graduates,male,north rhine-westphalia,code05,90.39
2016,percentage,foreign school graduates,male,north rhine-westphalia,code05,90.27
2017,percentage,foreign school graduates,male,north rhine-westphalia,code05,87.8
2018,percentage,foreign school graduates,male,north rhine-westphalia,code05,86.67
2019,percentage,foreign school graduates,male,north rhine-westphalia,code05,86.48
2020,percentage,foreign school graduates,male,north rhine-westphalia,code05,89.09
2000,percentage,foreign school graduates,,north rhine-westphalia,code05,84.15
2001,percentage,foreign school graduates,,north rhine-westphalia,code05,83.45
2002,percentage,foreign school graduates,,north rhine-westphalia,code05,82.65
2003,percentage,foreign school graduates,,north rhine-westphalia,code05,83.72
2004,percentage,foreign school graduates,,north rhine-westphalia,code05,83.05
2005,percentage,foreign school graduates,,north rhine-westphalia,code05,83.08
2006,percentage,foreign school graduates,,north rhine-westphalia,code05,83.78
2007,percentage,foreign school graduates,,north rhine-westphalia,code05,83.14
2008,percentage,foreign school graduates,,north rhine-westphalia,code05,83.35
2009,percentage,foreign school graduates,,north rhine-westphalia,code05,85.1
2010,percentage,foreign school graduates,,north rhine-westphalia,code05,85.88
2011,percentage,foreign school graduates,,north rhine-westphalia,code05,86.86
2012,percentage,foreign school graduates,,north rhine-westphalia,code05,87.39
2013,percentage,foreign school graduates,,north rhine-westphalia,code05,88.06
2014,percentage,foreign school graduates,,north rhine-westphalia,code05,86.67
2015,percentage,foreign school graduates,,north rhine-westphalia,code05,87.44
2016,percentage,foreign school graduates,,north rhine-westphalia,code05,86.61
2017,percentage,foreign school graduates,,north rhine-westphalia,code05,81.7
2018,percentage,foreign school graduates,,north rhine-westphalia,code05,81.72
2019,percentage,foreign school graduates,,north rhine-westphalia,code05,82.02
2020,percentage,foreign school graduates,,north rhine-westphalia,code05,84.6
2000,percentage,foreign school graduates,female,rhineland palatinate,code07,74.77
2001,percentage,foreign school graduates,female,rhineland palatinate,code07,76.79
2002,percentage,foreign school graduates,female,rhineland palatinate,code07,78.12
2003,percentage,foreign school graduates,female,rhineland palatinate,code07,74.56
2004,percentage,foreign school graduates,female,rhineland palatinate,code07,78.52
2005,percentage,foreign school graduates,female,rhineland palatinate,code07,84.96
2006,percentage,foreign school graduates,female,rhineland palatinate,code07,83.22
2007,percentage,foreign school graduates,female,rhineland palatinate,code07,84.9
2008,percentage,foreign school graduates,female,rhineland palatinate,code07,84.1
2009,percentage,foreign school graduates,female,rhineland palatinate,code07,86.37
2010,percentage,foreign school graduates,female,rhineland palatinate,code07,88.19
2011,percentage,foreign school graduates,female,rhineland palatinate,code07,89.17
2012,percentage,foreign school graduates,female,rhineland palatinate,code07,89.98
2013,percentage,foreign school graduates,female,rhineland palatinate,code07,89.66
2014,percentage,foreign school graduates,female,rhineland palatinate,code07,89.03
2015,percentage,foreign school graduates,female,rhineland palatinate,code07,88.14
2016,percentage,foreign school graduates,female,rhineland palatinate,code07,85.99
2017,percentage,foreign school graduates,female,rhineland palatinate,code07,82.43
2018,percentage,foreign school graduates,female,rhineland palatinate,code07,82.13
2019,percentage,foreign school graduates,female,rhineland palatinate,code07,82.19
2020,percentage,foreign school graduates,female,rhineland palatinate,code07,85.87
2000,percentage,foreign school graduates,male,rhineland palatinate,code07,81.06
2001,percentage,foreign school graduates,male,rhineland palatinate,code07,81.8
2002,percentage,foreign school graduates,male,rhineland palatinate,code07,82.88
2003,percentage,foreign school graduates,male,rhineland palatinate,code07,75.96
2004,percentage,foreign school graduates,male,rhineland palatinate,code07,83.19
2005,percentage,foreign school graduates,male,rhineland palatinate,code07,87.27
2006,percentage,foreign school graduates,male,rhineland palatinate,code07,88.08
2007,percentage,foreign school graduates,male,rhineland palatinate,code07,88.83
2008,percentage,foreign school graduates,male,rhineland palatinate,code07,87.21
2009,percentage,foreign school graduates,male,rhineland palatinate,code07,89.78
2010,percentage,foreign school graduates,male,rhineland palatinate,code07,90.6
2011,percentage,foreign school graduates,male,rhineland palatinate,code07,91.32
2012,percentage,foreign school graduates,male,rhineland palatinate,code07,92.0
2013,percentage,foreign school graduates,male,rhineland palatinate,code07,92.19
2014,percentage,foreign school graduates,male,rhineland palatinate,code07,90.51
2015,percentage,foreign school graduates,male,rhineland palatinate,code07,90.49
2016,percentage,foreign school graduates,male,rhineland palatinate,code07,90.3
2017,percentage,foreign school graduates,male,rhineland palatinate,code07,86.9
2018,percentage,foreign school graduates,male,rhineland palatinate,code07,87.23
2019,percentage,foreign school graduates,male,rhineland palatinate,code07,86.59
2020,percentage,foreign school graduates,male,rhineland palatinate,code07,89.58
2000,percentage,foreign school graduates,,rhineland palatinate,code07,69.43
2001,percentage,foreign school graduates,,rhineland palatinate,code07,72.61
2002,percentage,foreign school graduates,,rhineland palatinate,code07,73.63
2003,percentage,foreign school graduates,,rhineland palatinate,code07,72.91
2004,percentage,foreign school graduates,,rhineland palatinate,code07,73.95
2005,percentage,foreign school graduates,,rhineland palatinate,code07,82.78
2006,percentage,foreign school graduates,,rhineland palatinate,code07,78.8
2007,percentage,foreign school graduates,,rhineland palatinate,code07,81.15
2008,percentage,foreign school graduates,,rhineland palatinate,code07,81.15
2009,percentage,foreign school graduates,,rhineland palatinate,code07,83.28
2010,percentage,foreign school graduates,,rhineland palatinate,code07,85.92
2011,percentage,foreign school graduates,,rhineland palatinate,code07,87.15
2012,percentage,foreign school graduates,,rhineland palatinate,code07,88.08
2013,percentage,foreign school graduates,,rhineland palatinate,code07,87.31
2014,percentage,foreign school graduates,,rhineland palatinate,code07,87.63
2015,percentage,foreign school graduates,,rhineland palatinate,code07,86.06
2016,percentage,foreign school graduates,,rhineland palatinate,code07,82.16
2017,percentage,foreign school graduates,,rhineland palatinate,code07,78.71
2018,percentage,foreign school graduates,,rhineland palatinate,code07,78.3
2019,percentage,foreign school graduates,,rhineland palatinate,code07,78.45
2020,percentage,foreign school graduates,,rhineland palatinate,code07,82.71
2000,percentage,foreign school graduates,female,saarland,code10,76.11
2001,percentage,foreign school graduates,female,saarland,code10,80.79
2002,percentage,foreign school graduates,female,saarland,code10,83.09
2003,percentage,foreign school graduates,female,saarland,code10,82.31
2004,percentage,foreign school graduates,female,saarland,code10,83.25
2005,percentage,foreign school graduates,female,saarland,code10,84.88
2006,percentage,foreign school graduates,female,saarland,code10,85.9
2007,percentage,foreign school graduates,female,saarland,code10,88.1
2008,percentage,foreign school graduates,female,saarland,code10,87.91
2009,percentage,foreign school graduates,female,saarland,code10,89.67
2010,percentage,foreign school graduates,female,saarland,code10,89.76
2011,percentage,foreign school graduates,female,saarland,code10,91.0
2012,percentage,foreign school graduates,female,saarland,code10,93.21
2013,percentage,foreign school graduates,female,saarland,code10,91.69
2014,percentage,foreign school graduates,female,saarland,code10,92.54
2015,percentage,foreign school graduates,female,saarland,code10,90.84
2016,percentage,foreign school graduates,female,saarland,code10,82.98
2017,percentage,foreign school graduates,female,saarland,code10,84.89
2018,percentage,foreign school graduates,female,saarland,code10,79.79
2019,percentage,foreign school graduates,female,saarland,code10,78.45
2020,percentage,foreign school graduates,female,saarland,code10,81.92
2000,percentage,foreign school graduates,male,saarland,code10,76.11
2001,percentage,foreign school graduates,male,saarland,code10,80.79
2002,percentage,foreign school graduates,male,saarland,code10,83.09
2003,percentage,foreign school graduates,male,saarland,code10,82.31
2004,percentage,foreign school graduates,male,saarland,code10,83.25
2005,percentage,foreign school graduates,male,saarland,code10,84.88
2006,percentage,foreign school graduates,male,saarland,code10,85.9
2007,percentage,foreign school graduates,male,saarland,code10,88.1
2008,percentage,foreign school graduates,male,saarland,code10,87.91
2009,percentage,foreign school graduates,male,saarland,code10,89.67
2010,percentage,foreign school graduates,male,saarland,code10,89.76
2011,percentage,foreign school graduates,male,saarland,code10,91.0
2012,percentage,foreign school graduates,male,saarland,code10,93.21
2013,percentage,foreign school graduates,male,saarland,code10,91.69
2014,percentage,foreign school graduates,male,saarland,code10,92.54
2015,percentage,foreign school graduates,male,saarland,code10,90.84
2016,percentage,foreign school graduates,male,saarland,code10,82.98
2017,percentage,foreign school graduates,male,saarland,code10,84.89
2018,percentage,foreign school graduates,male,saarland,code10,79.79
2019,percentage,foreign school graduates,male,saarland,code10,83.86
2020,percentage,foreign school graduates,male,saarland,code10,82.01
2000,percentage,foreign school graduates,,saarland,code10,70.29
2001,percentage,foreign school graduates,,saarland,code10,68.13
2002,percentage,foreign school graduates,,saarland,code10,72.62
2003,percentage,foreign school graduates,,saarland,code10,78.01
2004,percentage,foreign school graduates,,saarland,code10,75.37
2005,percentage,foreign school graduates,,saarland,code10,79.06
2006,percentage,foreign school graduates,,saarland,code10,81.9
2007,percentage,foreign school graduates,,saarland,code10,80.42
2008,percentage,foreign school graduates,,saarland,code10,81.17
2009,percentage,foreign school graduates,,saarland,code10,82.93
2010,percentage,foreign school graduates,,saarland,code10,85.81
2011,percentage,foreign school graduates,,saarland,code10,87.84
2012,percentage,foreign school graduates,,saarland,code10,86.67
2013,percentage,foreign school graduates,,saarland,code10,88.59
2014,percentage,foreign school graduates,,saarland,code10,87.79
2015,percentage,foreign school graduates,,saarland,code10,85.16
2016,percentage,foreign school graduates,,saarland,code10,66.92
2017,percentage,foreign school graduates,,saarland,code10,68.35
2018,percentage,foreign school graduates,,saarland,code10,71.94
2019,percentage,foreign school graduates,,saarland,code10,73.84
2020,percentage,foreign school graduates,,saarland,code10,81.83
2000,percentage,foreign school graduates,female,saxony,code14,80.17
2001,percentage,foreign school graduates,female,saxony,code14,75.35
2002,percentage,foreign school graduates,female,saxony,code14,68.18
2003,percentage,foreign school graduates,female,saxony,code14,77.86
2004,percentage,foreign school graduates,female,saxony,code14,80.12
2005,percentage,foreign school graduates,female,saxony,code14,80.69
2006,percentage,foreign school graduates,female,saxony,code14,81.16
2007,percentage,foreign school graduates,female,saxony,code14,79.42
2008,percentage,foreign school graduates,female,saxony,code14,83.77
2009,percentage,foreign school graduates,female,saxony,code14,88.1
2010,percentage,foreign school graduates,female,saxony,code14,84.83
2011,percentage,foreign school graduates,female,saxony,code14,88.31
2012,percentage,foreign school graduates,female,saxony,code14,89.42
2013,percentage,foreign school graduates,female,saxony,code14,84.83
2014,percentage,foreign school graduates,female,saxony,code14,84.62
2015,percentage,foreign school graduates,female,saxony,code14,85.25
2016,percentage,foreign school graduates,female,saxony,code14,84.6
2017,percentage,foreign school graduates,female,saxony,code14,81.78
2018,percentage,foreign school graduates,female,saxony,code14,77.35
2019,percentage,foreign school graduates,female,saxony,code14,79.09
2020,percentage,foreign school graduates,female,saxony,code14,83.25
2000,percentage,foreign school graduates,male,saxony,code14,87.67
2001,percentage,foreign school graduates,male,saxony,code14,85.0
2002,percentage,foreign school graduates,male,saxony,code14,72.63
2003,percentage,foreign school graduates,male,saxony,code14,84.92
2004,percentage,foreign school graduates,male,saxony,code14,86.83
2005,percentage,foreign school graduates,male,saxony,code14,84.7
2006,percentage,foreign school graduates,male,saxony,code14,89.27
2007,percentage,foreign school graduates,male,saxony,code14,85.71
2008,percentage,foreign school graduates,male,saxony,code14,90.41
2009,percentage,foreign school graduates,male,saxony,code14,91.34
2010,percentage,foreign school graduates,male,saxony,code14,89.84
2011,percentage,foreign school graduates,male,saxony,code14,90.57
2012,percentage,foreign school graduates,male,saxony,code14,91.75
2013,percentage,foreign school graduates,male,saxony,code14,87.88
2014,percentage,foreign school graduates,male,saxony,code14,87.29
2015,percentage,foreign school graduates,male,saxony,code14,88.4
2016,percentage,foreign school graduates,male,saxony,code14,87.58
2017,percentage,foreign school graduates,male,saxony,code14,86.26
2018,percentage,foreign school graduates,male,saxony,code14,83.9
2019,percentage,foreign school graduates,male,saxony,code14,82.65
2020,percentage,foreign school graduates,male,saxony,code14,87.54
2000,percentage,foreign school graduates,,saxony,code14,73.0
2001,percentage,foreign school graduates,,saxony,code14,66.81
2002,percentage,foreign school graduates,,saxony,code14,63.59
2003,percentage,foreign school graduates,,saxony,code14,71.53
2004,percentage,foreign school graduates,,saxony,code14,73.33
2005,percentage,foreign school graduates,,saxony,code14,76.87
2006,percentage,foreign school graduates,,saxony,code14,74.27
2007,percentage,foreign school graduates,,saxony,code14,73.2
2008,percentage,foreign school graduates,,saxony,code14,77.03
2009,percentage,foreign school graduates,,saxony,code14,84.75
2010,percentage,foreign school graduates,,saxony,code14,80.04
2011,percentage,foreign school graduates,,saxony,code14,86.18
2012,percentage,foreign school graduates,,saxony,code14,87.23
2013,percentage,foreign school graduates,,saxony,code14,81.98
2014,percentage,foreign school graduates,,saxony,code14,82.21
2015,percentage,foreign school graduates,,saxony,code14,82.4
2016,percentage,foreign school graduates,,saxony,code14,82.03
2017,percentage,foreign school graduates,,saxony,code14,78.08
2018,percentage,foreign school graduates,,saxony,code14,72.51
2019,percentage,foreign school graduates,,saxony,code14,76.35
2020,percentage,foreign school graduates,,saxony,code14,79.62
2000,percentage,foreign school graduates,female,saxony-anhalt,code15,70.95
2001,percentage,foreign school graduates,female,saxony-anhalt,code15,72.11
2002,percentage,foreign school graduates,female,saxony-anhalt,code15,64.62
2003,percentage,foreign school graduates,female,saxony-anhalt,code15,64.41
2004,percentage,foreign school graduates,female,saxony-anhalt,code15,64.42
2005,percentage,foreign school graduates,female,saxony-anhalt,code15,71.0
2006,percentage,foreign school graduates,female,saxony-anhalt,code15,75.86
2007,percentage,foreign school graduates,female,saxony-anhalt,code15,78.54
2008,percentage,foreign school graduates,female,saxony-anhalt,code15,82.66
2009,percentage,foreign school graduates,female,saxony-anhalt,code15,82.19
2010,percentage,foreign school graduates,female,saxony-anhalt,code15,81.15
2011,percentage,foreign school graduates,female,saxony-anhalt,code15,81.01
2012,percentage,foreign school graduates,female,saxony-anhalt,code15,83.49
2013,percentage,foreign school graduates,female,saxony-anhalt,code15,87.11
2014,percentage,foreign school graduates,female,saxony-anhalt,code15,81.02
2015,percentage,foreign school graduates,female,saxony-anhalt,code15,75.1
2016,percentage,foreign school graduates,female,saxony-anhalt,code15,66.01
2017,percentage,foreign school graduates,female,saxony-anhalt,code15,60.0
2018,percentage,foreign school graduates,female,saxony-anhalt,code15,61.79
2019,percentage,foreign school graduates,female,saxony-anhalt,code15,70.63
2020,percentage,foreign school graduates,female,saxony-anhalt,code15,75.26
2000,percentage,foreign school graduates,male,saxony-anhalt,code15,86.15
2001,percentage,foreign school graduates,male,saxony-anhalt,code15,87.93
2002,percentage,foreign school graduates,male,saxony-anhalt,code15,85.45
2003,percentage,foreign school graduates,male,saxony-anhalt,code15,78.48
2004,percentage,foreign school graduates,male,saxony-anhalt,code15,74.44
2005,percentage,foreign school graduates,male,saxony-anhalt,code15,73.64
2006,percentage,foreign school graduates,male,saxony-anhalt,code15,86.36
2007,percentage,foreign school graduates,male,saxony-anhalt,code15,88.3
2008,percentage,foreign school graduates,male,saxony-anhalt,code15,82.88
2009,percentage,foreign school graduates,male,saxony-anhalt,code15,87.37
2010,percentage,foreign school graduates,male,saxony-anhalt,code15,79.31
2011,percentage,foreign school graduates,male,saxony-anhalt,code15,81.3
2012,percentage,foreign school graduates,male,saxony-anhalt,code15,87.07
2013,percentage,foreign school graduates,male,saxony-anhalt,code15,91.45
2014,percentage,foreign school graduates,male,saxony-anhalt,code15,85.04
2015,percentage,foreign school graduates,male,saxony-anhalt,code15,79.28
2016,percentage,foreign school graduates,male,saxony-anhalt,code15,73.95
2017,percentage,foreign school graduates,male,saxony-anhalt,code15,69.38
2018,percentage,foreign school graduates,male,saxony-anhalt,code15,66.22
2019,percentage,foreign school graduates,male,saxony-anhalt,code15,76.42
2020,percentage,foreign school graduates,male,saxony-anhalt,code15,80.65
2000,percentage,foreign school graduates,,saxony-anhalt,code15,59.04
2001,percentage,foreign school graduates,,saxony-anhalt,code15,61.8
2002,percentage,foreign school graduates,,saxony-anhalt,code15,49.33
2003,percentage,foreign school graduates,,saxony-anhalt,code15,53.06
2004,percentage,foreign school graduates,,saxony-anhalt,code15,56.78
2005,percentage,foreign school graduates,,saxony-anhalt,code15,67.78
2006,percentage,foreign school graduates,,saxony-anhalt,code15,65.12
2007,percentage,foreign school graduates,,saxony-anhalt,code15,71.94
2008,percentage,foreign school graduates,,saxony-anhalt,code15,82.5
2009,percentage,foreign school graduates,,saxony-anhalt,code15,78.95
2010,percentage,foreign school graduates,,saxony-anhalt,code15,83.48
2011,percentage,foreign school graduates,,saxony-anhalt,code15,80.74
2012,percentage,foreign school graduates,,saxony-anhalt,code15,79.17
2013,percentage,foreign school graduates,,saxony-anhalt,code15,83.45
2014,percentage,foreign school graduates,,saxony-anhalt,code15,77.55
2015,percentage,foreign school graduates,,saxony-anhalt,code15,71.64
2016,percentage,foreign school graduates,,saxony-anhalt,code15,60.87
2017,percentage,foreign school graduates,,saxony-anhalt,code15,54.55
2018,percentage,foreign school graduates,,saxony-anhalt,code15,58.7
2019,percentage,foreign school graduates,,saxony-anhalt,code15,67.35
2020,percentage,foreign school graduates,,saxony-anhalt,code15,71.86
2000,percentage,foreign school graduates,female,schleswig-holstein,code01,78.52
2001,percentage,foreign school graduates,female,schleswig-holstein,code01,78.51
2002,percentage,foreign school graduates,female,schleswig-holstein,code01,81.61
2003,percentage,foreign school graduates,female,schleswig-holstein,code01,83.67
2004,percentage,foreign school graduates,female,schleswig-holstein,code01,81.14
2005,percentage,foreign school graduates,female,schleswig-holstein,code01,82.07
2006,percentage,foreign school graduates,female,schleswig-holstein,code01,81.42
2007,percentage,foreign school graduates,female,schleswig-holstein,code01,83.91
2008,percentage,foreign school graduates,female,schleswig-holstein,code01,84.7
2009,percentage,foreign school graduates,female,schleswig-holstein,code01,87.31
2010,percentage,foreign school graduates,female,schleswig-holstein,code01,87.62
2011,percentage,foreign school graduates,female,schleswig-holstein,code01,88.24
2012,percentage,foreign school graduates,female,schleswig-holstein,code01,88.62
2013,percentage,foreign school graduates,female,schleswig-holstein,code01,86.08
2014,percentage,foreign school graduates,female,schleswig-holstein,code01,87.06
2015,percentage,foreign school graduates,female,schleswig-holstein,code01,86.96
2016,percentage,foreign school graduates,female,schleswig-holstein,code01,82.76
2017,percentage,foreign school graduates,female,schleswig-holstein,code01,80.18
2018,percentage,foreign school graduates,female,schleswig-holstein,code01,77.72
2019,percentage,foreign school graduates,female,schleswig-holstein,code01,74.3
2020,percentage,foreign school graduates,female,schleswig-holstein,code01,77.66
2000,percentage,foreign school graduates,male,schleswig-holstein,code01,83.39
2001,percentage,foreign school graduates,male,schleswig-holstein,code01,83.01
2002,percentage,foreign school graduates,male,schleswig-holstein,code01,84.64
2003,percentage,foreign school graduates,male,schleswig-holstein,code01,88.53
2004,percentage,foreign school graduates,male,schleswig-holstein,code01,86.53
2005,percentage,foreign school graduates,male,schleswig-holstein,code01,84.99
2006,percentage,foreign school graduates,male,schleswig-holstein,code01,86.12
2007,percentage,foreign school graduates,male,schleswig-holstein,code01,85.86
2008,percentage,foreign school graduates,male,schleswig-holstein,code01,87.81
2009,percentage,foreign school graduates,male,schleswig-holstein,code01,89.13
2010,percentage,foreign school graduates,male,schleswig-holstein,code01,91.01
2011,percentage,foreign school graduates,male,schleswig-holstein,code01,92.25
2012,percentage,foreign school graduates,male,schleswig-holstein,code01,92.15
2013,percentage,foreign school graduates,male,schleswig-holstein,code01,87.44
2014,percentage,foreign school graduates,male,schleswig-holstein,code01,89.32
2015,percentage,foreign school graduates,male,schleswig-holstein,code01,90.54
2016,percentage,foreign school graduates,male,schleswig-holstein,code01,87.28
2017,percentage,foreign school graduates,male,schleswig-holstein,code01,86.3
2018,percentage,foreign school graduates,male,schleswig-holstein,code01,82.42
2019,percentage,foreign school graduates,male,schleswig-holstein,code01,79.72
2020,percentage,foreign school graduates,male,schleswig-holstein,code01,80.84
2000,percentage,foreign school graduates,,schleswig-holstein,code01,74.08
2001,percentage,foreign school graduates,,schleswig-holstein,code01,74.53
2002,percentage,foreign school graduates,,schleswig-holstein,code01,78.74
2003,percentage,foreign school graduates,,schleswig-holstein,code01,78.8
2004,percentage,foreign school graduates,,schleswig-holstein,code01,76.08
2005,percentage,foreign school graduates,,schleswig-holstein,code01,79.25
2006,percentage,foreign school graduates,,schleswig-holstein,code01,77.0
2007,percentage,foreign school graduates,,schleswig-holstein,code01,82.01
2008,percentage,foreign school graduates,,schleswig-holstein,code01,81.79
2009,percentage,foreign school graduates,,schleswig-holstein,code01,85.65
2010,percentage,foreign school graduates,,schleswig-holstein,code01,84.34
2011,percentage,foreign school graduates,,schleswig-holstein,code01,84.37
2012,percentage,foreign school graduates,,schleswig-holstein,code01,85.16
2013,percentage,foreign school graduates,,schleswig-holstein,code01,84.87
2014,percentage,foreign school graduates,,schleswig-holstein,code01,84.87
2015,percentage,foreign school graduates,,schleswig-holstein,code01,83.6
2016,percentage,foreign school graduates,,schleswig-holstein,code01,78.9
2017,percentage,foreign school graduates,,schleswig-holstein,code01,75.37
2018,percentage,foreign school graduates,,schleswig-holstein,code01,73.88
2019,percentage,foreign school graduates,,schleswig-holstein,code01,69.8
2020,percentage,foreign school graduates,,schleswig-holstein,code01,75.0
2000,percentage,foreign school graduates,female,thuringia,code16,61.54
2001,percentage,foreign school graduates,female,thuringia,code16,61.6
2002,percentage,foreign school graduates,female,thuringia,code16,74.38
2003,percentage,foreign school graduates,female,thuringia,code16,82.58
2004,percentage,foreign school graduates,female,thuringia,code16,84.51
2005,percentage,foreign school graduates,female,thuringia,code16,82.42
2006,percentage,foreign school graduates,female,thuringia,code16,81.62
2007,percentage,foreign school graduates,female,thuringia,code16,85.63
2008,percentage,foreign school graduates,female,thuringia,code16,84.62
2009,percentage,foreign school graduates,female,thuringia,code16,89.64
2010,percentage,foreign school graduates,female,thuringia,code16,89.96
2011,percentage,foreign school graduates,female,thuringia,code16,89.41
2012,percentage,foreign school graduates,female,thuringia,code16,90.78
2013,percentage,foreign school graduates,female,thuringia,code16,84.87
2014,percentage,foreign school graduates,female,thuringia,code16,86.71
2015,percentage,foreign school graduates,female,thuringia,code16,81.79
2016,percentage,foreign school graduates,female,thuringia,code16,77.27
2017,percentage,foreign school graduates,female,thuringia,code16,53.2
2018,percentage,foreign school graduates,female,thuringia,code16,61.77
2019,percentage,foreign school graduates,female,thuringia,code16,67.12
2020,percentage,foreign school graduates,female,thuringia,code16,72.72
2000,percentage,foreign school graduates,male,thuringia,code16,69.35
2001,percentage,foreign school graduates,male,thuringia,code16,63.08
2002,percentage,foreign school graduates,male,thuringia,code16,79.03
2003,percentage,foreign school graduates,male,thuringia,code16,81.16
2004,percentage,foreign school graduates,male,thuringia,code16,86.11
2005,percentage,foreign school graduates,male,thuringia,code16,87.8
2006,percentage,foreign school graduates,male,thuringia,code16,85.71
2007,percentage,foreign school graduates,male,thuringia,code16,89.74
2008,percentage,foreign school graduates,male,thuringia,code16,91.55
2009,percentage,foreign school graduates,male,thuringia,code16,93.7
2010,percentage,foreign school graduates,male,thuringia,code16,92.86
2011,percentage,foreign school graduates,male,thuringia,code16,93.28
2012,percentage,foreign school graduates,male,thuringia,code16,91.59
2013,percentage,foreign school graduates,male,thuringia,code16,87.94
2014,percentage,foreign school graduates,male,thuringia,code16,89.51
2015,percentage,foreign school graduates,male,thuringia,code16,83.69
2016,percentage,foreign school graduates,male,thuringia,code16,85.44
2017,percentage,foreign school graduates,male,thuringia,code16,67.41
2018,percentage,foreign school graduates,male,thuringia,code16,67.9
2019,percentage,foreign school graduates,male,thuringia,code16,76.38
2020,percentage,foreign school graduates,male,thuringia,code16,74.76
2000,percentage,foreign school graduates,,thuringia,code16,56.38
2001,percentage,foreign school graduates,,thuringia,code16,60.0
2002,percentage,foreign school graduates,,thuringia,code16,69.49
2003,percentage,foreign school graduates,,thuringia,code16,83.72
2004,percentage,foreign school graduates,,thuringia,code16,82.86
2005,percentage,foreign school graduates,,thuringia,code16,78.0
2006,percentage,foreign school graduates,,thuringia,code16,78.7
2007,percentage,foreign school graduates,,thuringia,code16,81.71
2008,percentage,foreign school graduates,,thuringia,code16,78.82
2009,percentage,foreign school graduates,,thuringia,code16,85.48
2010,percentage,foreign school graduates,,thuringia,code16,87.22
2011,percentage,foreign school graduates,,thuringia,code16,85.47
2012,percentage,foreign school graduates,,thuringia,code16,90.0
2013,percentage,foreign school graduates,,thuringia,code16,81.54
2014,percentage,foreign school graduates,,thuringia,code16,83.06
2015,percentage,foreign school graduates,,thuringia,code16,79.86
2016,percentage,foreign school graduates,,thuringia,code16,70.7
2017,percentage,foreign school graduates,,thuringia,code16,44.95
2018,percentage,foreign school graduates,,thuringia,code16,58.77
2019,percentage,foreign school graduates,,thuringia,code16,60.95
2020,percentage,foreign school graduates,,thuringia,code16,71.03
2000,percentage,german school graduates,,baden-wuerttemberg,code08,93.71
2001,percentage,german school graduates,,baden-wuerttemberg,code08,93.67
2002,percentage,german school graduates,,baden-wuerttemberg,code08,93.82
2003,percentage,german school graduates,,baden-wuerttemberg,code08,94.31
2004,percentage,german school graduates,,baden-wuerttemberg,code08,94.35
2005,percentage,german school graduates,,baden-wuerttemberg,code08,94.67
2006,percentage,german school graduates,,baden-wuerttemberg,code08,95.09
2007,percentage,german school graduates,,baden-wuerttemberg,code08,95.47
2008,percentage,german school graduates,,baden-wuerttemberg,code08,95.7
2009,percentage,german school graduates,,baden-wuerttemberg,code08,95.63
2010,percentage,german school graduates,,baden-wuerttemberg,code08,95.83
2011,percentage,german school graduates,,baden-wuerttemberg,code08,96.03
2012,percentage,german school graduates,,baden-wuerttemberg,code08,96.56
2013,percentage,german school graduates,,baden-wuerttemberg,code08,96.23
2014,percentage,german school graduates,,baden-wuerttemberg,code08,95.89
2015,percentage,german school graduates,,baden-wuerttemberg,code08,95.9
2016,percentage,german school graduates,,baden-wuerttemberg,code08,95.7
2017,percentage,german school graduates,,baden-wuerttemberg,code08,94.81
2018,percentage,german school graduates,,baden-wuerttemberg,code08,94.91
2019,percentage,german school graduates,,baden-wuerttemberg,code08,95.19
2020,percentage,german school graduates,,baden-wuerttemberg,code08,95.64
2000,percentage,german school graduates,,bavaria,code09,92.1
2001,percentage,german school graduates,,bavaria,code09,91.4
2002,percentage,german school graduates,,bavaria,code09,91.83
2003,percentage,german school graduates,,bavaria,code09,92.47
2004,percentage,german school graduates,,bavaria,code09,92.62
2005,percentage,german school graduates,,bavaria,code09,93.19
2006,percentage,german school graduates,,bavaria,code09,93.58
2007,percentage,german school graduates,,bavaria,code09,93.99
2008,percentage,german school graduates,,bavaria,code09,94.55
2009,percentage,german school graduates,,bavaria,code09,94.93
2010,percentage,german school graduates,,bavaria,code09,95.19
2011,percentage,german school graduates,,bavaria,code09,96.41
2012,percentage,german school graduates,,bavaria,code09,95.97
2013,percentage,german school graduates,,bavaria,code09,96.24
2014,percentage,german school graduates,,bavaria,code09,96.41
2015,percentage,german school graduates,,bavaria,code09,96.31
2016,percentage,german school graduates,,bavaria,code09,96.39
2017,percentage,german school graduates,,bavaria,code09,96.12
2018,percentage,german school graduates,,bavaria,code09,95.94
2019,percentage,german school graduates,,bavaria,code09,95.98
2020,percentage,german school graduates,,bavaria,code09,96.24
2000,percentage,german school graduates,,berlin,code11,89.63
2001,percentage,german school graduates,,berlin,code11,91.06
2002,percentage,german school graduates,,berlin,code11,91.08
2003,percentage,german school graduates,,berlin,code11,91.17
2004,percentage,german school graduates,,berlin,code11,91.64
2005,percentage,german school graduates,,berlin,code11,92.64
2006,percentage,german school graduates,,berlin,code11,92.56
2007,percentage,german school graduates,,berlin,code11,92.37
2008,percentage,german school graduates,,berlin,code11,92.6
2009,percentage,german school graduates,,berlin,code11,92.58
2010,percentage,german school graduates,,berlin,code11,92.5
2011,percentage,german school graduates,,berlin,code11,92.72
2012,percentage,german school graduates,,berlin,code11,94.27
2013,percentage,german school graduates,,berlin,code11,93.9
2014,percentage,german school graduates,,berlin,code11,93.12
2015,percentage,german school graduates,,berlin,code11,91.97
2016,percentage,german school graduates,,berlin,code11,93.45
2017,percentage,german school graduates,,berlin,code11,92.49
2018,percentage,german school graduates,,berlin,code11,92.12
2019,percentage,german school graduates,,berlin,code11,92.88
2020,percentage,german school graduates,,berlin,code11,93.45
2000,percentage,german school graduates,,brandenburg,code12,91.14
2001,percentage,german school graduates,,brandenburg,code12,91.08
2002,percentage,german school graduates,,brandenburg,code12,91.1
2003,percentage,german school graduates,,brandenburg,code12,91.64
2004,percentage,german school graduates,,brandenburg,code12,91.15
2005,percentage,german school graduates,,brandenburg,code12,90.42
2006,percentage,german school graduates,,brandenburg,code12,89.87
2007,percentage,german school graduates,,brandenburg,code12,90.17
2008,percentage,german school graduates,,brandenburg,code12,90.45
2009,percentage,german school graduates,,brandenburg,code12,91.73
2010,percentage,german school graduates,,brandenburg,code12,91.84
2011,percentage,german school graduates,,brandenburg,code12,91.42
2012,percentage,german school graduates,,brandenburg,code12,92.89
2013,percentage,german school graduates,,brandenburg,code12,92.01
2014,percentage,german school graduates,,brandenburg,code12,91.92
2015,percentage,german school graduates,,brandenburg,code12,92.5
2016,percentage,german school graduates,,brandenburg,code12,92.94
2017,percentage,german school graduates,,brandenburg,code12,92.94
2018,percentage,german school graduates,,brandenburg,code12,92.94
2019,percentage,german school graduates,,brandenburg,code12,92.97
2020,percentage,german school graduates,,brandenburg,code12,95.98
2000,percentage,german school graduates,,bremen,code04,92.65
2001,percentage,german school graduates,,bremen,code04,91.81
2002,percentage,german school graduates,,bremen,code04,92.35
2003,percentage,german school graduates,,bremen,code04,92.36
2004,percentage,german school graduates,,bremen,code04,91.28
2005,percentage,german school graduates,,bremen,code04,92.39
2006,percentage,german school graduates,,bremen,code04,93.89
2007,percentage,german school graduates,,bremen,code04,93.74
2008,percentage,german school graduates,,bremen,code04,94.24
2009,percentage,german school graduates,,bremen,code04,94.98
2010,percentage,german school graduates,,bremen,code04,96.03
2011,percentage,german school graduates,,bremen,code04,95.05
2012,percentage,german school graduates,,bremen,code04,95.94
2013,percentage,german school graduates,,bremen,code04,95.18
2014,percentage,german school graduates,,bremen,code04,94.83
2015,percentage,german school graduates,,bremen,code04,94.92
2016,percentage,german school graduates,,bremen,code04,95.1
2017,percentage,german school graduates,,bremen,code04,94.03
2018,percentage,german school graduates,,bremen,code04,94.49
2019,percentage,german school graduates,,bremen,code04,93.79
2020,percentage,german school graduates,,bremen,code04,94.64
2000,percentage,german school graduates,,hamburg,code02,89.44
2001,percentage,german school graduates,,hamburg,code02,89.1
2002,percentage,german school graduates,,hamburg,code02,89.75
2003,percentage,german school graduates,,hamburg,code02,90.03
2004,percentage,german school graduates,,hamburg,code02,90.61
2005,percentage,german school graduates,,hamburg,code02,90.41
2006,percentage,german school graduates,,hamburg,code02,90.56
2007,percentage,german school graduates,,hamburg,code02,91.5
2008,percentage,german school graduates,,hamburg,code02,93.38
2009,percentage,german school graduates,,hamburg,code02,93.61
2010,percentage,german school graduates,,hamburg,code02,95.2
2011,percentage,german school graduates,,hamburg,code02,93.98
2012,percentage,german school graduates,,hamburg,code02,94.06
2013,percentage,german school graduates,,hamburg,code02,95.79
2014,percentage,german school graduates,,hamburg,code02,95.97
2015,percentage,german school graduates,,hamburg,code02,95.37
2016,percentage,german school graduates,,hamburg,code02,95.29
2017,percentage,german school graduates,,hamburg,code02,95.81
2018,percentage,german school graduates,,hamburg,code02,95.02
2019,percentage,german school graduates,,hamburg,code02,95.13
2020,percentage,german school graduates,,hamburg,code02,94.66
2000,percentage,german school graduates,,hesse,code06,91.81
2001,percentage,german school graduates,,hesse,code06,92.14
2002,percentage,german school graduates,,hesse,code06,92.87
2003,percentage,german school graduates,,hesse,code06,92.41
2004,percentage,german school graduates,,hesse,code06,93.0
2005,percentage,german school graduates,,hesse,code06,93.35
2006,percentage,german school graduates,,hesse,code06,93.52
2007,percentage,german school graduates,,hesse,code06,93.52
2008,percentage,german school graduates,,hesse,code06,94.54
2009,percentage,german school graduates,,hesse,code06,94.81
2010,percentage,german school graduates,,hesse,code06,95.4
2011,percentage,german school graduates,,hesse,code06,95.85
2012,percentage,german school graduates,,hesse,code06,95.81
2013,percentage,german school graduates,,hesse,code06,96.67
2014,percentage,german school graduates,,hesse,code06,96.38
2015,percentage,german school graduates,,hesse,code06,96.54
2016,percentage,german school graduates,,hesse,code06,95.82
2017,percentage,german school graduates,,hesse,code06,95.91
2018,percentage,german school graduates,,hesse,code06,95.93
2019,percentage,german school graduates,,hesse,code06,95.81
2020,percentage,german school graduates,,hesse,code06,96.46
2000,percentage,german school graduates,,mecklenburg western pomerania,code13,89.14
2001,percentage,german school graduates,,mecklenburg western pomerania,code13,86.42
2002,percentage,german school graduates,,mecklenburg western pomerania,code13,89.37
2003,percentage,german school graduates,,mecklenburg western pomerania,code13,89.76
2004,percentage,german school graduates,,mecklenburg western pomerania,code13,90.28
2005,percentage,german school graduates,,mecklenburg western pomerania,code13,89.35
2006,percentage,german school graduates,,mecklenburg western pomerania,code13,88.66
2007,percentage,german school graduates,,mecklenburg western pomerania,code13,89.67
2008,percentage,german school graduates,,mecklenburg western pomerania,code13,90.27
2009,percentage,german school graduates,,mecklenburg western pomerania,code13,87.91
2010,percentage,german school graduates,,mecklenburg western pomerania,code13,86.84
2011,percentage,german school graduates,,mecklenburg western pomerania,code13,86.02
2012,percentage,german school graduates,,mecklenburg western pomerania,code13,87.75
2013,percentage,german school graduates,,mecklenburg western pomerania,code13,89.18
2014,percentage,german school graduates,,mecklenburg western pomerania,code13,91.4
2015,percentage,german school graduates,,mecklenburg western pomerania,code13,91.67
2016,percentage,german school graduates,,mecklenburg western pomerania,code13,90.83
2017,percentage,german school graduates,,mecklenburg western pomerania,code13,91.54
2018,percentage,german school graduates,,mecklenburg western pomerania,code13,91.92
2019,percentage,german school graduates,,mecklenburg western pomerania,code13,91.41
2020,percentage,german school graduates,,mecklenburg western pomerania,code13,93.07
2000,percentage,german school graduates,,lower saxony,code03,91.1
2001,percentage,german school graduates,,lower saxony,code03,91.08
2002,percentage,german school graduates,,lower saxony,code03,91.39
2003,percentage,german school graduates,,lower saxony,code03,90.69
2004,percentage,german school graduates,,lower saxony,code03,93.42
2005,percentage,german school graduates,,lower saxony,code03,92.14
2006,percentage,german school graduates,,lower saxony,code03,92.64
2007,percentage,german school graduates,,lower saxony,code03,93.31
2008,percentage,german school graduates,,lower saxony,code03,93.43
2009,percentage,german school graduates,,lower saxony,code03,94.32
2010,percentage,german school graduates,,lower saxony,code03,94.74
2011,percentage,german school graduates,,lower saxony,code03,95.61
2012,percentage,german school graduates,,lower saxony,code03,95.04
2013,percentage,german school graduates,,lower saxony,code03,95.44
2014,percentage,german school graduates,,lower saxony,code03,95.62
2015,percentage,german school graduates,,lower saxony,code03,95.59
2016,percentage,german school graduates,,lower saxony,code03,95.65
2017,percentage,german school graduates,,lower saxony,code03,95.41
2018,percentage,german school graduates,,lower saxony,code03,95.1
2019,percentage,german school graduates,,lower saxony,code03,94.69
2020,percentage,german school graduates,,lower saxony,code03,93.39
2000,percentage,german school graduates,,north rhine-westphalia,code05,94.92
2001,percentage,german school graduates,,north rhine-westphalia,code05,94.1
2002,percentage,german school graduates,,north rhine-westphalia,code05,93.98
2003,percentage,german school graduates,,north rhine-westphalia,code05,94.06
2004,percentage,german school graduates,,north rhine-westphalia,code05,94.04
2005,percentage,german school graduates,,north rhine-westphalia,code05,94.13
2006,percentage,german school graduates,,north rhine-westphalia,code05,94.42
2007,percentage,german school graduates,,north rhine-westphalia,code05,94.55
2008,percentage,german school graduates,,north rhine-westphalia,code05,94.6
2009,percentage,german school graduates,,north rhine-westphalia,code05,94.8
2010,percentage,german school graduates,,north rhine-westphalia,code05,95.35
2011,percentage,german school graduates,,north rhine-westphalia,code05,95.42
2012,percentage,german school graduates,,north rhine-westphalia,code05,95.7
2013,percentage,german school graduates,,north rhine-westphalia,code05,96.27
2014,percentage,german school graduates,,north rhine-westphalia,code05,95.21
2015,percentage,german school graduates,,north rhine-westphalia,code05,95.39
2016,percentage,german school graduates,,north rhine-westphalia,code05,95.42
2017,percentage,german school graduates,,north rhine-westphalia,code05,95.41
2018,percentage,german school graduates,,north rhine-westphalia,code05,94.97
2019,percentage,german school graduates,,north rhine-westphalia,code05,94.96
2020,percentage,german school graduates,,north rhine-westphalia,code05,95.41
2000,percentage,german school graduates,,rhineland palatinate,code07,91.37
2001,percentage,german school graduates,,rhineland palatinate,code07,91.59
2002,percentage,german school graduates,,rhineland palatinate,code07,91.82
2003,percentage,german school graduates,,rhineland palatinate,code07,92.17
2004,percentage,german school graduates,,rhineland palatinate,code07,93.05
2005,percentage,german school graduates,,rhineland palatinate,code07,93.13
2006,percentage,german school graduates,,rhineland palatinate,code07,93.2
2007,percentage,german school graduates,,rhineland palatinate,code07,93.24
2008,percentage,german school graduates,,rhineland palatinate,code07,93.66
2009,percentage,german school graduates,,rhineland palatinate,code07,93.95
2010,percentage,german school graduates,,rhineland palatinate,code07,94.78
2011,percentage,german school graduates,,rhineland palatinate,code07,94.87
2012,percentage,german school graduates,,rhineland palatinate,code07,95.08
2013,percentage,german school graduates,,rhineland palatinate,code07,95.16
2014,percentage,german school graduates,,rhineland palatinate,code07,95.06
2015,percentage,german school graduates,,rhineland palatinate,code07,94.41
2016,percentage,german school graduates,,rhineland palatinate,code07,94.82
2017,percentage,german school graduates,,rhineland palatinate,code07,94.35
2018,percentage,german school graduates,,rhineland palatinate,code07,94.34
2019,percentage,german school graduates,,rhineland palatinate,code07,93.72
2020,percentage,german school graduates,,rhineland palatinate,code07,94.18
2000,percentage,german school graduates,,saarland,code10,90.76
2001,percentage,german school graduates,,saarland,code10,89.77
2002,percentage,german school graduates,,saarland,code10,91.81
2003,percentage,german school graduates,,saarland,code10,91.8
2004,percentage,german school graduates,,saarland,code10,92.17
2005,percentage,german school graduates,,saarland,code10,92.44
2006,percentage,german school graduates,,saarland,code10,92.87
2007,percentage,german school graduates,,saarland,code10,93.54
2008,percentage,german school graduates,,saarland,code10,93.99
2009,percentage,german school graduates,,saarland,code10,95.33
2010,percentage,german school graduates,,saarland,code10,94.97
2011,percentage,german school graduates,,saarland,code10,95.53
2012,percentage,german school graduates,,saarland,code10,95.14
2013,percentage,german school graduates,,saarland,code10,95.42
2014,percentage,german school graduates,,saarland,code10,95.47
2015,percentage,german school graduates,,saarland,code10,96.07
2016,percentage,german school graduates,,saarland,code10,95.1
2017,percentage,german school graduates,,saarland,code10,95.4
2018,percentage,german school graduates,,saarland,code10,95.19
2019,percentage,german school graduates,,saarland,code10,94.71
2020,percentage,german school graduates,,saarland,code10,95.44
2000,percentage,german school graduates,,saxony,code14,87.98
2001,percentage,german school graduates,,saxony,code14,89.03
2002,percentage,german school graduates,,saxony,code14,90.08
2003,percentage,german school graduates,,saxony,code14,90.2
2004,percentage,german school graduates,,saxony,code14,90.72
2005,percentage,german school graduates,,saxony,code14,91.03
2006,percentage,german school graduates,,saxony,code14,91.49
2007,percentage,german school graduates,,saxony,code14,91.77
2008,percentage,german school graduates,,saxony,code14,91.7
2009,percentage,german school graduates,,saxony,code14,91.5
2010,percentage,german school graduates,,saxony,code14,90.56
2011,percentage,german school graduates,,saxony,code14,90.26
2012,percentage,german school graduates,,saxony,code14,90.4
2013,percentage,german school graduates,,saxony,code14,90.25
2014,percentage,german school graduates,,saxony,code14,91.88
2015,percentage,german school graduates,,saxony,code14,92.14
2016,percentage,german school graduates,,saxony,code14,92.07
2017,percentage,german school graduates,,saxony,code14,92.49
2018,percentage,german school graduates,,saxony,code14,92.44
2019,percentage,german school graduates,,saxony,code14,92.48
2020,percentage,german school graduates,,saxony,code14,93.0
2000,percentage,german school graduates,,saxony-anhalt,code15,87.72
2001,percentage,german school graduates,,saxony-anhalt,code15,82.11
2002,percentage,german school graduates,,saxony-anhalt,code15,85.88
2003,percentage,german school graduates,,saxony-anhalt,code15,85.96
2004,percentage,german school graduates,,saxony-anhalt,code15,86.33
2005,percentage,german school graduates,,saxony-anhalt,code15,88.34
2006,percentage,german school graduates,,saxony-anhalt,code15,89.35
2007,percentage,german school graduates,,saxony-anhalt,code15,92.34
2008,percentage,german school graduates,,saxony-anhalt,code15,89.57
2009,percentage,german school graduates,,saxony-anhalt,code15,89.72
2010,percentage,german school graduates,,saxony-anhalt,code15,88.42
2011,percentage,german school graduates,,saxony-anhalt,code15,88.25
2012,percentage,german school graduates,,saxony-anhalt,code15,88.91
2013,percentage,german school graduates,,saxony-anhalt,code15,89.91
2014,percentage,german school graduates,,saxony-anhalt,code15,90.46
2015,percentage,german school graduates,,saxony-anhalt,code15,89.93
2016,percentage,german school graduates,,saxony-anhalt,code15,91.01
2017,percentage,german school graduates,,saxony-anhalt,code15,90.81
2018,percentage,german school graduates,,saxony-anhalt,code15,89.91
2019,percentage,german school graduates,,saxony-anhalt,code15,89.97
2020,percentage,german school graduates,,saxony-anhalt,code15,90.91
2000,percentage,german school graduates,,schleswig-holstein,code01,90.32
2001,percentage,german school graduates,,schleswig-holstein,code01,89.71
2002,percentage,german school graduates,,schleswig-holstein,code01,89.69
2003,percentage,german school graduates,,schleswig-holstein,code01,90.57
2004,percentage,german school graduates,,schleswig-holstein,code01,90.64
2005,percentage,german school graduates,,schleswig-holstein,code01,90.67
2006,percentage,german school graduates,,schleswig-holstein,code01,90.84
2007,percentage,german school graduates,,schleswig-holstein,code01,91.79
2008,percentage,german school graduates,,schleswig-holstein,code01,91.88
2009,percentage,german school graduates,,schleswig-holstein,code01,93.54
2010,percentage,german school graduates,,schleswig-holstein,code01,93.46
2011,percentage,german school graduates,,schleswig-holstein,code01,93.11
2012,percentage,german school graduates,,schleswig-holstein,code01,92.98
2013,percentage,german school graduates,,schleswig-holstein,code01,92.82
2014,percentage,german school graduates,,schleswig-holstein,code01,92.58
2015,percentage,german school graduates,,schleswig-holstein,code01,92.85
2016,percentage,german school graduates,,schleswig-holstein,code01,93.88
2017,percentage,german school graduates,,schleswig-holstein,code01,93.08
2018,percentage,german school graduates,,schleswig-holstein,code01,92.46
2019,percentage,german school graduates,,schleswig-holstein,code01,91.85
2020,percentage,german school graduates,,schleswig-holstein,code01,92.73
2000,percentage,german school graduates,,thuringia,code16,87.47
2001,percentage,german school graduates,,thuringia,code16,87.66
2002,percentage,german school graduates,,thuringia,code16,88.35
2003,percentage,german school graduates,,thuringia,code16,90.74
2004,percentage,german school graduates,,thuringia,code16,91.25
2005,percentage,german school graduates,,thuringia,code16,92.13
2006,percentage,german school graduates,,thuringia,code16,91.96
2007,percentage,german school graduates,,thuringia,code16,93.08
2008,percentage,german school graduates,,thuringia,code16,93.23
2009,percentage,german school graduates,,thuringia,code16,92.92
2010,percentage,german school graduates,,thuringia,code16,91.59
2011,percentage,german school graduates,,thuringia,code16,91.41
2012,percentage,german school graduates,,thuringia,code16,92.52
2013,percentage,german school graduates,,thuringia,code16,92.22
2014,percentage,german school graduates,,thuringia,code16,93.09
2015,percentage,german school graduates,,thuringia,code16,92.96
2016,percentage,german school graduates,,thuringia,code16,92.92
2017,percentage,german school graduates,,thuringia,code16,92.97
2018,percentage,german school graduates,,thuringia,code16,92.2
2019,percentage,german school graduates,,thuringia,code16,92.41
2020,percentage,german school graduates,,thuringia,code16,93.65
