Year,Units,time series,federal state,GeoCode,Value
2012,minutes,for the medium-sized and major cities of the year in question,,,23.49
2016,minutes,for the medium-sized and major cities of the year in question,,,22.41
2018,minutes,for the medium-sized and major cities of the year in question,,,21.86
2020,minutes,for the medium-sized and major cities of the year in question,,,20.59
2012,minutes,for the medium-sized and major cities of 2012,,,23.5
2016,minutes,for the medium-sized and major cities of 2012,,,22.75
2018,minutes,for the medium-sized and major cities of 2012,,,22.5
2020,minutes,for the medium-sized and major cities of 2012,,,21.3
2012,minutes,for the medium-sized and major cities of the year in question,baden-wuerttemberg,code08,22.8
2016,minutes,for the medium-sized and major cities of the year in question,baden-wuerttemberg,code08,21.85
2018,minutes,for the medium-sized and major cities of the year in question,baden-wuerttemberg,code08,21.61
2020,minutes,for the medium-sized and major cities of the year in question,baden-wuerttemberg,code08,20.47
2012,minutes,for the medium-sized and major cities of the year in question,bavaria,code09,23.67
2016,minutes,for the medium-sized and major cities of the year in question,bavaria,code09,22.42
2018,minutes,for the medium-sized and major cities of the year in question,bavaria,code09,20.86
2020,minutes,for the medium-sized and major cities of the year in question,bavaria,code09,19.24
2012,minutes,for the medium-sized and major cities of the year in question,berlin,code11,27.19
2016,minutes,for the medium-sized and major cities of the year in question,berlin,code11,24.87
2018,minutes,for the medium-sized and major cities of the year in question,berlin,code11,24.4
2020,minutes,for the medium-sized and major cities of the year in question,berlin,code11,23.39
2012,minutes,for the medium-sized and major cities of the year in question,brandenburg,code12,24.59
2016,minutes,for the medium-sized and major cities of the year in question,brandenburg,code12,22.27
2018,minutes,for the medium-sized and major cities of the year in question,brandenburg,code12,21.48
2020,minutes,for the medium-sized and major cities of the year in question,brandenburg,code12,19.25
2012,minutes,for the medium-sized and major cities of the year in question,bremen,code04,24.54
2016,minutes,for the medium-sized and major cities of the year in question,bremen,code04,22.52
2018,minutes,for the medium-sized and major cities of the year in question,bremen,code04,21.83
2020,minutes,for the medium-sized and major cities of the year in question,bremen,code04,20.65
2012,minutes,for the medium-sized and major cities of the year in question,hamburg,code02,23.55
2016,minutes,for the medium-sized and major cities of the year in question,hamburg,code02,25.81
2018,minutes,for the medium-sized and major cities of the year in question,hamburg,code02,25.87
2020,minutes,for the medium-sized and major cities of the year in question,hamburg,code02,25.91
2012,minutes,for the medium-sized and major cities of the year in question,hesse,code06,20.2
2016,minutes,for the medium-sized and major cities of the year in question,hesse,code06,19.26
2018,minutes,for the medium-sized and major cities of the year in question,hesse,code06,18.93
2020,minutes,for the medium-sized and major cities of the year in question,hesse,code06,17.53
2012,minutes,for the medium-sized and major cities of the year in question,mecklenburg western pomerania,code13,32.31
2016,minutes,for the medium-sized and major cities of the year in question,mecklenburg western pomerania,code13,30.67
2018,minutes,for the medium-sized and major cities of the year in question,mecklenburg western pomerania,code13,30.6
2020,minutes,for the medium-sized and major cities of the year in question,mecklenburg western pomerania,code13,28.34
2012,minutes,for the medium-sized and major cities of the year in question,lower saxony,code03,27.44
2016,minutes,for the medium-sized and major cities of the year in question,lower saxony,code03,25.6
2018,minutes,for the medium-sized and major cities of the year in question,lower saxony,code03,24.89
2020,minutes,for the medium-sized and major cities of the year in question,lower saxony,code03,23.91
2012,minutes,for the medium-sized and major cities of the year in question,north rhine-westphalia,code05,19.4
2016,minutes,for the medium-sized and major cities of the year in question,north rhine-westphalia,code05,19.29
2018,minutes,for the medium-sized and major cities of the year in question,north rhine-westphalia,code05,18.98
2020,minutes,for the medium-sized and major cities of the year in question,north rhine-westphalia,code05,17.8
2012,minutes,for the medium-sized and major cities of the year in question,rhineland palatinate,code07,22.95
2016,minutes,for the medium-sized and major cities of the year in question,rhineland palatinate,code07,20.94
2018,minutes,for the medium-sized and major cities of the year in question,rhineland palatinate,code07,20.56
2020,minutes,for the medium-sized and major cities of the year in question,rhineland palatinate,code07,19.67
2012,minutes,for the medium-sized and major cities of the year in question,saarland,code10,22.59
2016,minutes,for the medium-sized and major cities of the year in question,saarland,code10,20.5
2018,minutes,for the medium-sized and major cities of the year in question,saarland,code10,20.46
2020,minutes,for the medium-sized and major cities of the year in question,saarland,code10,19.54
2012,minutes,for the medium-sized and major cities of the year in question,saxony,code14,24.89
2016,minutes,for the medium-sized and major cities of the year in question,saxony,code14,23.33
2018,minutes,for the medium-sized and major cities of the year in question,saxony,code14,22.97
2020,minutes,for the medium-sized and major cities of the year in question,saxony,code14,21.88
2012,minutes,for the medium-sized and major cities of the year in question,saxony-anhalt,code15,28.92
2016,minutes,for the medium-sized and major cities of the year in question,saxony-anhalt,code15,27.15
2018,minutes,for the medium-sized and major cities of the year in question,saxony-anhalt,code15,27.52
2020,minutes,for the medium-sized and major cities of the year in question,saxony-anhalt,code15,26.03
2012,minutes,for the medium-sized and major cities of the year in question,schleswig-holstein,code01,30.06
2016,minutes,for the medium-sized and major cities of the year in question,schleswig-holstein,code01,28.99
2018,minutes,for the medium-sized and major cities of the year in question,schleswig-holstein,code01,28.34
2020,minutes,for the medium-sized and major cities of the year in question,schleswig-holstein,code01,27.28
2012,minutes,for the medium-sized and major cities of the year in question,thuringia,code16,24.45
2016,minutes,for the medium-sized and major cities of the year in question,thuringia,code16,23.5
2018,minutes,for the medium-sized and major cities of the year in question,thuringia,code16,22.99
2020,minutes,for the medium-sized and major cities of the year in question,thuringia,code16,21.0
