Year,Units,Series,Value
2024,number,xxxnachhaltigkeitszertifizierte kultur- und medieneinrichtungen,77.0
2023,number,xxxnachhaltigkeitszertifizierte kultur- und medieneinrichtungen,
2025,number,xxxnachhaltigkeitszertifizierte kultur- und medieneinrichtungen,
,number,xxxnachhaltigkeitszertifizierte kultur- und medieneinrichtungen,
,number,xxxnachhaltigkeitszertifizierte kultur- und medieneinrichtungen,
2024,number,"xxxproduktionen audiovisueller medien, bei denen ökologische standards eingehalten wurden",
2023,number,"xxxproduktionen audiovisueller medien, bei denen ökologische standards eingehalten wurden",
2025,number,"xxxproduktionen audiovisueller medien, bei denen ökologische standards eingehalten wurden",
01.03.2023 – 30.08.2023,number,"xxxproduktionen audiovisueller medien, bei denen ökologische standards eingehalten wurden",82.0
01.09.2023 – 30.08.2024,number,"xxxproduktionen audiovisueller medien, bei denen ökologische standards eingehalten wurden",234.0
