Year,Units,Series,rating,Value
2022,number of ratings,financial action task force (fatf) rating effectiveness,effectiveness = substantial or high,4.0
2021,number of ratings,financial action task force (fatf) rating effectiveness,effectiveness = substantial or high,
2023,number of ratings,financial action task force (fatf) rating effectiveness,effectiveness = substantial or high,
2029,number of ratings,financial action task force (fatf) rating effectiveness,effectiveness = substantial or high,
2022,number of ratings,financial action task force (fatf) rating effectiveness,effectiveness = low or moderate,7.0
2021,number of ratings,financial action task force (fatf) rating effectiveness,effectiveness = low or moderate,
2023,number of ratings,financial action task force (fatf) rating effectiveness,effectiveness = low or moderate,
2029,number of ratings,financial action task force (fatf) rating effectiveness,effectiveness = low or moderate,
2022,number of ratings,financial action task force (fatf) rating tecnical compliance,tecnical compliance = largely compliant or compliant,35.0
2021,number of ratings,financial action task force (fatf) rating tecnical compliance,tecnical compliance = largely compliant or compliant,
2023,number of ratings,financial action task force (fatf) rating tecnical compliance,tecnical compliance = largely compliant or compliant,
2029,number of ratings,financial action task force (fatf) rating tecnical compliance,tecnical compliance = largely compliant or compliant,
2022,number of ratings,financial action task force (fatf) rating tecnical compliance,tecnical compliance = non-compliant or partially compliant,5.0
2021,number of ratings,financial action task force (fatf) rating tecnical compliance,tecnical compliance = non-compliant or partially compliant,
2023,number of ratings,financial action task force (fatf) rating tecnical compliance,tecnical compliance = non-compliant or partially compliant,
2029,number of ratings,financial action task force (fatf) rating tecnical compliance,tecnical compliance = non-compliant or partially compliant,
