Year,Units,time series,Value
2015,percentage,pandemic prevention and response,137.85
2016,percentage,pandemic prevention and response,151.44
2017,percentage,pandemic prevention and response,220.78
2018,percentage,pandemic prevention and response,260.67
2019,percentage,pandemic prevention and response,272.54
2020,percentage,pandemic prevention and response,353.1
2021,percentage,pandemic prevention and response,168.0
2020,percentage,separate amount devoted to curbing the covid-19 pandemic,635.18
2021,percentage,separate amount devoted to curbing the covid-19 pandemic,222.7
