Year,Units,time series,sex,federal state,GeoCode,Value
1999,percentage,,,,,33.35
2010,percentage,,,,,41.31
2011,percentage,,,,,42.22
2012,percentage,,,,,43.43
2013,percentage,,,,,44.48
2014,percentage,,,,,45.67
2015,percentage,,,,,46.77
2016,percentage,,,,,47.88
2017,percentage,,,,,48.84
2018,percentage,,,,,49.83
2019,percentage,,,,,50.49
2020,percentage,,,,,52.3
2021,percentage,,,,,53.238
2000,percentage,,,,,33.0
2001,percentage,,,,,33.17
2002,percentage,,,,,33.28
2003,percentage,,,,,33.89
2004,percentage,,,,,36.22
2005,percentage,,,,,35.99
2006,percentage,,,,,36.5
2007,percentage,,,,,37.63
2008,percentage,,,,,38.77
2009,percentage,,,,,40.71
2030,percentage,,,,,
1999,percentage,,female,,,31.39
2010,percentage,,female,,,42.68
2011,percentage,,female,,,44.42
2012,percentage,,female,,,46.04
2013,percentage,,female,,,46.8
2014,percentage,,female,,,48.42
2015,percentage,,female,,,50.52
2016,percentage,,female,,,51.3
2017,percentage,,female,,,52.64
2018,percentage,,female,,,53.83
2019,percentage,,female,,,54.41
2020,percentage,,female,,,56.63
2021,percentage,,female,,,57.158
2000,percentage,,female,,,30.88
2001,percentage,,female,,,31.09
2002,percentage,,female,,,31.25
2003,percentage,,female,,,32.19
2004,percentage,,female,,,34.65
2005,percentage,,female,,,35.0
2006,percentage,,female,,,36.48
2007,percentage,,female,,,38.03
2008,percentage,,female,,,39.68
2009,percentage,,female,,,42.21
2030,percentage,,,,,
1999,percentage,,male,,,35.22
2010,percentage,,male,,,39.97
2011,percentage,,male,,,40.07
2012,percentage,,male,,,40.88
2013,percentage,,male,,,42.2
2014,percentage,,male,,,42.94
2015,percentage,,male,,,43.11
2016,percentage,,male,,,44.57
2017,percentage,,male,,,45.19
2018,percentage,,male,,,46.02
2019,percentage,,male,,,46.76
2020,percentage,,male,,,48.26
2021,percentage,,male,,,49.553
2000,percentage,,male,,,35.05
2001,percentage,,male,,,35.2
2002,percentage,,male,,,35.22
2003,percentage,,male,,,35.49
2004,percentage,,male,,,37.72
2005,percentage,,male,,,36.95
2006,percentage,,male,,,36.52
2007,percentage,,male,,,37.25
2008,percentage,,male,,,37.86
2009,percentage,,male,,,39.23
2030,percentage,,,,,
1999,percentage,,,baden-wuerttemberg,code08,
2010,percentage,,,baden-wuerttemberg,code08,42.28
2011,percentage,,,baden-wuerttemberg,code08,43.36
2012,percentage,,,baden-wuerttemberg,code08,44.92
2013,percentage,,,baden-wuerttemberg,code08,47.29
2014,percentage,,,baden-wuerttemberg,code08,47.35
2015,percentage,,,baden-wuerttemberg,code08,48.37
2016,percentage,,,baden-wuerttemberg,code08,50.18
2017,percentage,,,baden-wuerttemberg,code08,50.69
2018,percentage,,,baden-wuerttemberg,code08,51.4
2019,percentage,,,baden-wuerttemberg,code08,53.92
2020,percentage,,,baden-wuerttemberg,code08,54.11
2021,percentage,,,baden-wuerttemberg,code08,54.502
2000,percentage,,,baden-wuerttemberg,code08,
2001,percentage,,,baden-wuerttemberg,code08,
2002,percentage,,,baden-wuerttemberg,code08,
2003,percentage,,,baden-wuerttemberg,code08,
2004,percentage,,,baden-wuerttemberg,code08,
2005,percentage,,,baden-wuerttemberg,code08,36.88
2006,percentage,,,baden-wuerttemberg,code08,36.9
2007,percentage,,,baden-wuerttemberg,code08,37.6
2008,percentage,,,baden-wuerttemberg,code08,37.8
2009,percentage,,,baden-wuerttemberg,code08,41.9
2030,percentage,,,,,
1999,percentage,,female,baden-wuerttemberg,code08,
2010,percentage,,female,baden-wuerttemberg,code08,40.7
2011,percentage,,female,baden-wuerttemberg,code08,41.9
2012,percentage,,female,baden-wuerttemberg,code08,44.4
2013,percentage,,female,baden-wuerttemberg,code08,46.1
2014,percentage,,female,baden-wuerttemberg,code08,48.1
2015,percentage,,female,baden-wuerttemberg,code08,49.6
2016,percentage,,female,baden-wuerttemberg,code08,50.9
2017,percentage,,female,baden-wuerttemberg,code08,51.5
2018,percentage,,female,baden-wuerttemberg,code08,52.28
2019,percentage,,female,baden-wuerttemberg,code08,56.61
2020,percentage,,female,baden-wuerttemberg,code08,56.92
2021,percentage,,female,baden-wuerttemberg,code08,57.686
2000,percentage,,female,baden-wuerttemberg,code08,
2001,percentage,,female,baden-wuerttemberg,code08,
2002,percentage,,female,baden-wuerttemberg,code08,
2003,percentage,,female,baden-wuerttemberg,code08,
2004,percentage,,female,baden-wuerttemberg,code08,
2005,percentage,,female,baden-wuerttemberg,code08,33.1
2006,percentage,,female,baden-wuerttemberg,code08,34.2
2007,percentage,,female,baden-wuerttemberg,code08,35.7
2008,percentage,,female,baden-wuerttemberg,code08,36.0
2009,percentage,,female,baden-wuerttemberg,code08,41.0
2030,percentage,,,,,
1999,percentage,,male,baden-wuerttemberg,code08,
2010,percentage,,male,baden-wuerttemberg,code08,43.9
2011,percentage,,male,baden-wuerttemberg,code08,44.9
2012,percentage,,male,baden-wuerttemberg,code08,45.4
2013,percentage,,male,baden-wuerttemberg,code08,48.4
2014,percentage,,male,baden-wuerttemberg,code08,46.6
2015,percentage,,male,baden-wuerttemberg,code08,47.2
2016,percentage,,male,baden-wuerttemberg,code08,49.5
2017,percentage,,male,baden-wuerttemberg,code08,49.9
2018,percentage,,male,baden-wuerttemberg,code08,50.58
2019,percentage,,male,baden-wuerttemberg,code08,51.45
2020,percentage,,male,baden-wuerttemberg,code08,51.57
2021,percentage,,male,baden-wuerttemberg,code08,51.626
2000,percentage,,male,baden-wuerttemberg,code08,
2001,percentage,,male,baden-wuerttemberg,code08,
2002,percentage,,male,baden-wuerttemberg,code08,
2003,percentage,,male,baden-wuerttemberg,code08,
2004,percentage,,male,baden-wuerttemberg,code08,
2005,percentage,,male,baden-wuerttemberg,code08,40.5
2006,percentage,,male,baden-wuerttemberg,code08,39.4
2007,percentage,,male,baden-wuerttemberg,code08,39.5
2008,percentage,,male,baden-wuerttemberg,code08,39.7
2009,percentage,,male,baden-wuerttemberg,code08,42.8
2030,percentage,,,,,
1999,percentage,,,bavaria,code09,
2010,percentage,,,bavaria,code09,40.39
2011,percentage,,,bavaria,code09,41.1
2012,percentage,,,bavaria,code09,43.58
2013,percentage,,,bavaria,code09,45.31
2014,percentage,,,bavaria,code09,45.82
2015,percentage,,,bavaria,code09,45.68
2016,percentage,,,bavaria,code09,48.01
2017,percentage,,,bavaria,code09,48.76
2018,percentage,,,bavaria,code09,50.03
2019,percentage,,,bavaria,code09,49.55
2020,percentage,,,bavaria,code09,51.07
2021,percentage,,,bavaria,code09,53.298
2000,percentage,,,bavaria,code09,
2001,percentage,,,bavaria,code09,
2002,percentage,,,bavaria,code09,
2003,percentage,,,bavaria,code09,
2004,percentage,,,bavaria,code09,
2005,percentage,,,bavaria,code09,35.15
2006,percentage,,,bavaria,code09,34.7
2007,percentage,,,bavaria,code09,35.8
2008,percentage,,,bavaria,code09,37.5
2009,percentage,,,bavaria,code09,39.4
2030,percentage,,,,,
1999,percentage,,female,bavaria,code09,
2010,percentage,,female,bavaria,code09,40.2
2011,percentage,,female,bavaria,code09,41.6
2012,percentage,,female,bavaria,code09,44.8
2013,percentage,,female,bavaria,code09,45.3
2014,percentage,,female,bavaria,code09,46.1
2015,percentage,,female,bavaria,code09,47.4
2016,percentage,,female,bavaria,code09,49.5
2017,percentage,,female,bavaria,code09,50.8
2018,percentage,,female,bavaria,code09,52.18
2019,percentage,,female,bavaria,code09,50.82
2020,percentage,,female,bavaria,code09,52.57
2021,percentage,,female,bavaria,code09,55.495
2000,percentage,,female,bavaria,code09,
2001,percentage,,female,bavaria,code09,
2002,percentage,,female,bavaria,code09,
2003,percentage,,female,bavaria,code09,
2004,percentage,,female,bavaria,code09,
2005,percentage,,female,bavaria,code09,32.9
2006,percentage,,female,bavaria,code09,33.1
2007,percentage,,female,bavaria,code09,34.8
2008,percentage,,female,bavaria,code09,36.8
2009,percentage,,female,bavaria,code09,38.5
2030,percentage,,,,,
1999,percentage,,male,bavaria,code09,
2010,percentage,,male,bavaria,code09,40.6
2011,percentage,,male,bavaria,code09,40.7
2012,percentage,,male,bavaria,code09,42.4
2013,percentage,,male,bavaria,code09,45.3
2014,percentage,,male,bavaria,code09,45.5
2015,percentage,,male,bavaria,code09,43.9
2016,percentage,,male,bavaria,code09,46.6
2017,percentage,,male,bavaria,code09,46.9
2018,percentage,,male,bavaria,code09,48.05
2019,percentage,,male,bavaria,code09,48.34
2020,percentage,,male,bavaria,code09,49.67
2021,percentage,,male,bavaria,code09,51.287
2000,percentage,,male,bavaria,code09,
2001,percentage,,male,bavaria,code09,
2002,percentage,,male,bavaria,code09,
2003,percentage,,male,bavaria,code09,
2004,percentage,,male,bavaria,code09,
2005,percentage,,male,bavaria,code09,37.4
2006,percentage,,male,bavaria,code09,36.2
2007,percentage,,male,bavaria,code09,36.9
2008,percentage,,male,bavaria,code09,38.3
2009,percentage,,male,bavaria,code09,40.3
2030,percentage,,,,,
1999,percentage,,,berlin,code11,
2010,percentage,,,berlin,code11,50.74
2011,percentage,,,berlin,code11,51.84
2012,percentage,,,berlin,code11,53.7
2013,percentage,,,berlin,code11,53.23
2014,percentage,,,berlin,code11,53.96
2015,percentage,,,berlin,code11,56.68
2016,percentage,,,berlin,code11,59.72
2017,percentage,,,berlin,code11,60.9
2018,percentage,,,berlin,code11,62.66
2019,percentage,,,berlin,code11,64.8
2020,percentage,,,berlin,code11,65.59
2021,percentage,,,berlin,code11,68.579
2000,percentage,,,berlin,code11,
2001,percentage,,,berlin,code11,
2002,percentage,,,berlin,code11,
2003,percentage,,,berlin,code11,
2004,percentage,,,berlin,code11,
2005,percentage,,,berlin,code11,46.17
2006,percentage,,,berlin,code11,46.6
2007,percentage,,,berlin,code11,49.2
2008,percentage,,,berlin,code11,47.1
2009,percentage,,,berlin,code11,50.4
2030,percentage,,,,,
1999,percentage,,female,berlin,code11,
2010,percentage,,female,berlin,code11,56.0
2011,percentage,,female,berlin,code11,59.3
2012,percentage,,female,berlin,code11,60.2
2013,percentage,,female,berlin,code11,59.1
2014,percentage,,female,berlin,code11,59.8
2015,percentage,,female,berlin,code11,63.7
2016,percentage,,female,berlin,code11,63.6
2017,percentage,,female,berlin,code11,66.1
2018,percentage,,female,berlin,code11,66.99
2019,percentage,,female,berlin,code11,69.18
2020,percentage,,female,berlin,code11,69.73
2021,percentage,,female,berlin,code11,71.923
2000,percentage,,female,berlin,code11,
2001,percentage,,female,berlin,code11,
2002,percentage,,female,berlin,code11,
2003,percentage,,female,berlin,code11,
2004,percentage,,female,berlin,code11,
2005,percentage,,female,berlin,code11,47.1
2006,percentage,,female,berlin,code11,50.1
2007,percentage,,female,berlin,code11,53.0
2008,percentage,,female,berlin,code11,49.9
2009,percentage,,female,berlin,code11,56.2
2030,percentage,,,,,
1999,percentage,,male,berlin,code11,
2010,percentage,,male,berlin,code11,45.8
2011,percentage,,male,berlin,code11,44.7
2012,percentage,,male,berlin,code11,47.5
2013,percentage,,male,berlin,code11,47.6
2014,percentage,,male,berlin,code11,48.4
2015,percentage,,male,berlin,code11,49.7
2016,percentage,,male,berlin,code11,55.7
2017,percentage,,male,berlin,code11,55.7
2018,percentage,,male,berlin,code11,58.27
2019,percentage,,male,berlin,code11,60.32
2020,percentage,,male,berlin,code11,61.81
2021,percentage,,male,berlin,code11,65.212
2000,percentage,,male,berlin,code11,
2001,percentage,,male,berlin,code11,
2002,percentage,,male,berlin,code11,
2003,percentage,,male,berlin,code11,
2004,percentage,,male,berlin,code11,
2005,percentage,,male,berlin,code11,45.3
2006,percentage,,male,berlin,code11,43.2
2007,percentage,,male,berlin,code11,45.5
2008,percentage,,male,berlin,code11,44.5
2009,percentage,,male,berlin,code11,44.4
2030,percentage,,,,,
1999,percentage,,,brandenburg,code12,
2010,percentage,,,brandenburg,code12,41.4
2011,percentage,,,brandenburg,code12,44.47
2012,percentage,,,brandenburg,code12,42.08
2013,percentage,,,brandenburg,code12,42.57
2014,percentage,,,brandenburg,code12,44.17
2015,percentage,,,brandenburg,code12,43.26
2016,percentage,,,brandenburg,code12,45.41
2017,percentage,,,brandenburg,code12,42.42
2018,percentage,,,brandenburg,code12,45.28
2019,percentage,,,brandenburg,code12,44.44
2020,percentage,,,brandenburg,code12,50.15
2021,percentage,,,brandenburg,code12,54.907
2000,percentage,,,brandenburg,code12,
2001,percentage,,,brandenburg,code12,
2002,percentage,,,brandenburg,code12,
2003,percentage,,,brandenburg,code12,
2004,percentage,,,brandenburg,code12,
2005,percentage,,,brandenburg,code12,32.11
2006,percentage,,,brandenburg,code12,33.2
2007,percentage,,,brandenburg,code12,34.7
2008,percentage,,,brandenburg,code12,38.6
2009,percentage,,,brandenburg,code12,41.1
2030,percentage,,,,,
1999,percentage,,female,brandenburg,code12,
2010,percentage,,female,brandenburg,code12,50.2
2011,percentage,,female,brandenburg,code12,53.6
2012,percentage,,female,brandenburg,code12,51.6
2013,percentage,,female,brandenburg,code12,49.0
2014,percentage,,female,brandenburg,code12,50.5
2015,percentage,,female,brandenburg,code12,53.2
2016,percentage,,female,brandenburg,code12,54.2
2017,percentage,,female,brandenburg,code12,48.4
2018,percentage,,female,brandenburg,code12,53.54
2019,percentage,,female,brandenburg,code12,52.09
2020,percentage,,female,brandenburg,code12,57.13
2021,percentage,,female,brandenburg,code12,60.912
2000,percentage,,female,brandenburg,code12,
2001,percentage,,female,brandenburg,code12,
2002,percentage,,female,brandenburg,code12,
2003,percentage,,female,brandenburg,code12,
2004,percentage,,female,brandenburg,code12,
2005,percentage,,female,brandenburg,code12,36.9
2006,percentage,,female,brandenburg,code12,39.5
2007,percentage,,female,brandenburg,code12,42.2
2008,percentage,,female,brandenburg,code12,47.1
2009,percentage,,female,brandenburg,code12,47.8
2030,percentage,,,,,
1999,percentage,,male,brandenburg,code12,
2010,percentage,,male,brandenburg,code12,33.4
2011,percentage,,male,brandenburg,code12,35.8
2012,percentage,,male,brandenburg,code12,33.9
2013,percentage,,male,brandenburg,code12,36.5
2014,percentage,,male,brandenburg,code12,37.6
2015,percentage,,male,brandenburg,code12,34.1
2016,percentage,,male,brandenburg,code12,36.9
2017,percentage,,male,brandenburg,code12,36.8
2018,percentage,,male,brandenburg,code12,36.84
2019,percentage,,male,brandenburg,code12,36.72
2020,percentage,,male,brandenburg,code12,43.02
2021,percentage,,male,brandenburg,code12,48.731
2000,percentage,,male,brandenburg,code12,
2001,percentage,,male,brandenburg,code12,
2002,percentage,,male,brandenburg,code12,
2003,percentage,,male,brandenburg,code12,
2004,percentage,,male,brandenburg,code12,
2005,percentage,,male,brandenburg,code12,27.5
2006,percentage,,male,brandenburg,code12,27.5
2007,percentage,,male,brandenburg,code12,27.3
2008,percentage,,male,brandenburg,code12,30.4
2009,percentage,,male,brandenburg,code12,35.2
2030,percentage,,,,,
1999,percentage,,,bremen,code04,
2010,percentage,,,bremen,code04,41.46
2011,percentage,,,bremen,code04,43.16
2012,percentage,,,bremen,code04,41.83
2013,percentage,,,bremen,code04,44.32
2014,percentage,,,bremen,code04,53.39
2015,percentage,,,bremen,code04,50.5
2016,percentage,,,bremen,code04,46.57
2017,percentage,,,bremen,code04,52.05
2018,percentage,,,bremen,code04,52.3
2019,percentage,,,bremen,code04,49.13
2020,percentage,,,bremen,code04,49.88
2021,percentage,,,bremen,code04,53.977
2000,percentage,,,bremen,code04,
2001,percentage,,,bremen,code04,
2002,percentage,,,bremen,code04,
2003,percentage,,,bremen,code04,
2004,percentage,,,bremen,code04,
2005,percentage,,,bremen,code04,33.79
2006,percentage,,,bremen,code04,36.8
2007,percentage,,,bremen,code04,38.2
2008,percentage,,,bremen,code04,39.4
2009,percentage,,,bremen,code04,32.7
2030,percentage,,,,,
1999,percentage,,female,bremen,code04,
2010,percentage,,female,bremen,code04,36.9
2011,percentage,,female,bremen,code04,47.8
2012,percentage,,female,bremen,code04,46.0
2013,percentage,,female,bremen,code04,48.2
2014,percentage,,female,bremen,code04,57.5
2015,percentage,,female,bremen,code04,54.6
2016,percentage,,female,bremen,code04,50.1
2017,percentage,,female,bremen,code04,57.0
2018,percentage,,female,bremen,code04,56.81
2019,percentage,,female,bremen,code04,56.67
2020,percentage,,female,bremen,code04,58.77
2021,percentage,,female,bremen,code04,60.863
2000,percentage,,female,bremen,code04,
2001,percentage,,female,bremen,code04,
2002,percentage,,female,bremen,code04,
2003,percentage,,female,bremen,code04,
2004,percentage,,female,bremen,code04,
2005,percentage,,female,bremen,code04,35.3
2006,percentage,,female,bremen,code04,40.1
2007,percentage,,female,bremen,code04,40.3
2008,percentage,,female,bremen,code04,40.8
2009,percentage,,female,bremen,code04,36.1
2030,percentage,,,,,
1999,percentage,,male,bremen,code04,
2010,percentage,,male,bremen,code04,46.5
2011,percentage,,male,bremen,code04,37.8
2012,percentage,,male,bremen,code04,38.1
2013,percentage,,male,bremen,code04,41.3
2014,percentage,,male,bremen,code04,49.6
2015,percentage,,male,bremen,code04,46.8
2016,percentage,,male,bremen,code04,42.7
2017,percentage,,male,bremen,code04,47.3
2018,percentage,,male,bremen,code04,47.9
2019,percentage,,male,bremen,code04,42.25
2020,percentage,,male,bremen,code04,41.74
2021,percentage,,male,bremen,code04,48.384
2000,percentage,,male,bremen,code04,
2001,percentage,,male,bremen,code04,
2002,percentage,,male,bremen,code04,
2003,percentage,,male,bremen,code04,
2004,percentage,,male,bremen,code04,
2005,percentage,,male,bremen,code04,32.3
2006,percentage,,male,bremen,code04,33.9
2007,percentage,,male,bremen,code04,36.3
2008,percentage,,male,bremen,code04,38.0
2009,percentage,,male,bremen,code04,28.8
2030,percentage,,,,,
1999,percentage,,,hamburg,code02,
2010,percentage,,,hamburg,code02,52.5
2011,percentage,,,hamburg,code02,55.37
2012,percentage,,,hamburg,code02,54.42
2013,percentage,,,hamburg,code02,55.4
2014,percentage,,,hamburg,code02,58.52
2015,percentage,,,hamburg,code02,60.57
2016,percentage,,,hamburg,code02,59.97
2017,percentage,,,hamburg,code02,58.39
2018,percentage,,,hamburg,code02,62.48
2019,percentage,,,hamburg,code02,60.12
2020,percentage,,,hamburg,code02,60.17
2021,percentage,,,hamburg,code02,64.177
2000,percentage,,,hamburg,code02,
2001,percentage,,,hamburg,code02,
2002,percentage,,,hamburg,code02,
2003,percentage,,,hamburg,code02,
2004,percentage,,,hamburg,code02,
2005,percentage,,,hamburg,code02,45.72
2006,percentage,,,hamburg,code02,48.6
2007,percentage,,,hamburg,code02,49.4
2008,percentage,,,hamburg,code02,50.1
2009,percentage,,,hamburg,code02,53.1
2030,percentage,,,,,
1999,percentage,,female,hamburg,code02,
2010,percentage,,female,hamburg,code02,53.8
2011,percentage,,female,hamburg,code02,57.1
2012,percentage,,female,hamburg,code02,57.6
2013,percentage,,female,hamburg,code02,60.1
2014,percentage,,female,hamburg,code02,61.4
2015,percentage,,female,hamburg,code02,62.5
2016,percentage,,female,hamburg,code02,62.1
2017,percentage,,female,hamburg,code02,63.0
2018,percentage,,female,hamburg,code02,64.88
2019,percentage,,female,hamburg,code02,61.18
2020,percentage,,female,hamburg,code02,63.23
2021,percentage,,female,hamburg,code02,68.395
2000,percentage,,female,hamburg,code02,
2001,percentage,,female,hamburg,code02,
2002,percentage,,female,hamburg,code02,
2003,percentage,,female,hamburg,code02,
2004,percentage,,female,hamburg,code02,
2005,percentage,,female,hamburg,code02,47.5
2006,percentage,,female,hamburg,code02,49.0
2007,percentage,,female,hamburg,code02,53.8
2008,percentage,,female,hamburg,code02,53.0
2009,percentage,,female,hamburg,code02,54.0
2030,percentage,,,,,
1999,percentage,,male,hamburg,code02,
2010,percentage,,male,hamburg,code02,51.3
2011,percentage,,male,hamburg,code02,53.6
2012,percentage,,male,hamburg,code02,51.1
2013,percentage,,male,hamburg,code02,50.7
2014,percentage,,male,hamburg,code02,55.4
2015,percentage,,male,hamburg,code02,58.5
2016,percentage,,male,hamburg,code02,58.0
2017,percentage,,male,hamburg,code02,53.7
2018,percentage,,male,hamburg,code02,60.04
2019,percentage,,male,hamburg,code02,59.1
2020,percentage,,male,hamburg,code02,57.17
2021,percentage,,male,hamburg,code02,59.989
2000,percentage,,male,hamburg,code02,
2001,percentage,,male,hamburg,code02,
2002,percentage,,male,hamburg,code02,
2003,percentage,,male,hamburg,code02,
2004,percentage,,male,hamburg,code02,
2005,percentage,,male,hamburg,code02,44.1
2006,percentage,,male,hamburg,code02,48.3
2007,percentage,,male,hamburg,code02,45.2
2008,percentage,,male,hamburg,code02,47.1
2009,percentage,,male,hamburg,code02,52.2
2030,percentage,,,,,
1999,percentage,,,hesse,code06,
2010,percentage,,,hesse,code06,45.45
2011,percentage,,,hesse,code06,46.11
2012,percentage,,,hesse,code06,47.16
2013,percentage,,,hesse,code06,47.57
2014,percentage,,,hesse,code06,46.33
2015,percentage,,,hesse,code06,49.36
2016,percentage,,,hesse,code06,50.41
2017,percentage,,,hesse,code06,54.08
2018,percentage,,,hesse,code06,52.44
2019,percentage,,,hesse,code06,52.73
2020,percentage,,,hesse,code06,52.76
2021,percentage,,,hesse,code06,52.208
2000,percentage,,,hesse,code06,
2001,percentage,,,hesse,code06,
2002,percentage,,,hesse,code06,
2003,percentage,,,hesse,code06,
2004,percentage,,,hesse,code06,
2005,percentage,,,hesse,code06,40.65
2006,percentage,,,hesse,code06,40.2
2007,percentage,,,hesse,code06,40.9
2008,percentage,,,hesse,code06,40.3
2009,percentage,,,hesse,code06,43.1
2030,percentage,,,,,
1999,percentage,,female,hesse,code06,
2010,percentage,,female,hesse,code06,46.3
2011,percentage,,female,hesse,code06,46.7
2012,percentage,,female,hesse,code06,48.0
2013,percentage,,female,hesse,code06,48.9
2014,percentage,,female,hesse,code06,47.9
2015,percentage,,female,hesse,code06,52.1
2016,percentage,,female,hesse,code06,53.0
2017,percentage,,female,hesse,code06,58.5
2018,percentage,,female,hesse,code06,57.0
2019,percentage,,female,hesse,code06,57.35
2020,percentage,,female,hesse,code06,54.52
2021,percentage,,female,hesse,code06,55.332
2000,percentage,,female,hesse,code06,
2001,percentage,,female,hesse,code06,
2002,percentage,,female,hesse,code06,
2003,percentage,,female,hesse,code06,
2004,percentage,,female,hesse,code06,
2005,percentage,,female,hesse,code06,38.7
2006,percentage,,female,hesse,code06,38.8
2007,percentage,,female,hesse,code06,39.8
2008,percentage,,female,hesse,code06,40.6
2009,percentage,,female,hesse,code06,44.1
2030,percentage,,,,,
1999,percentage,,male,hesse,code06,
2010,percentage,,male,hesse,code06,44.6
2011,percentage,,male,hesse,code06,45.5
2012,percentage,,male,hesse,code06,46.3
2013,percentage,,male,hesse,code06,46.1
2014,percentage,,male,hesse,code06,44.8
2015,percentage,,male,hesse,code06,46.6
2016,percentage,,male,hesse,code06,47.8
2017,percentage,,male,hesse,code06,49.6
2018,percentage,,male,hesse,code06,48.01
2019,percentage,,male,hesse,code06,48.34
2020,percentage,,male,hesse,code06,51.06
2021,percentage,,male,hesse,code06,49.289
2000,percentage,,male,hesse,code06,
2001,percentage,,male,hesse,code06,
2002,percentage,,male,hesse,code06,
2003,percentage,,male,hesse,code06,
2004,percentage,,male,hesse,code06,
2005,percentage,,male,hesse,code06,42.6
2006,percentage,,male,hesse,code06,41.6
2007,percentage,,male,hesse,code06,41.9
2008,percentage,,male,hesse,code06,39.9
2009,percentage,,male,hesse,code06,42.0
2030,percentage,,,,,
1999,percentage,,,mecklenburg western pomerania,code13,
2010,percentage,,,mecklenburg western pomerania,code13,33.17
2011,percentage,,,mecklenburg western pomerania,code13,32.11
2012,percentage,,,mecklenburg western pomerania,code13,30.77
2013,percentage,,,mecklenburg western pomerania,code13,33.24
2014,percentage,,,mecklenburg western pomerania,code13,35.45
2015,percentage,,,mecklenburg western pomerania,code13,34.82
2016,percentage,,,mecklenburg western pomerania,code13,32.65
2017,percentage,,,mecklenburg western pomerania,code13,32.71
2018,percentage,,,mecklenburg western pomerania,code13,37.94
2019,percentage,,,mecklenburg western pomerania,code13,38.66
2020,percentage,,,mecklenburg western pomerania,code13,39.38
2021,percentage,,,mecklenburg western pomerania,code13,42.064
2000,percentage,,,mecklenburg western pomerania,code13,
2001,percentage,,,mecklenburg western pomerania,code13,
2002,percentage,,,mecklenburg western pomerania,code13,
2003,percentage,,,mecklenburg western pomerania,code13,
2004,percentage,,,mecklenburg western pomerania,code13,
2005,percentage,,,mecklenburg western pomerania,code13,26.35
2006,percentage,,,mecklenburg western pomerania,code13,31.1
2007,percentage,,,mecklenburg western pomerania,code13,30.5
2008,percentage,,,mecklenburg western pomerania,code13,32.3
2009,percentage,,,mecklenburg western pomerania,code13,32.3
2030,percentage,,,,,
1999,percentage,,female,mecklenburg western pomerania,code13,
2010,percentage,,female,mecklenburg western pomerania,code13,36.5
2011,percentage,,female,mecklenburg western pomerania,code13,35.3
2012,percentage,,female,mecklenburg western pomerania,code13,38.5
2013,percentage,,female,mecklenburg western pomerania,code13,42.1
2014,percentage,,female,mecklenburg western pomerania,code13,43.3
2015,percentage,,female,mecklenburg western pomerania,code13,44.1
2016,percentage,,female,mecklenburg western pomerania,code13,39.2
2017,percentage,,female,mecklenburg western pomerania,code13,39.7
2018,percentage,,female,mecklenburg western pomerania,code13,44.36
2019,percentage,,female,mecklenburg western pomerania,code13,41.24
2020,percentage,,female,mecklenburg western pomerania,code13,45.98
2021,percentage,,female,mecklenburg western pomerania,code13,46.593
2000,percentage,,female,mecklenburg western pomerania,code13,
2001,percentage,,female,mecklenburg western pomerania,code13,
2002,percentage,,female,mecklenburg western pomerania,code13,
2003,percentage,,female,mecklenburg western pomerania,code13,
2004,percentage,,female,mecklenburg western pomerania,code13,
2005,percentage,,female,mecklenburg western pomerania,code13,27.0
2006,percentage,,female,mecklenburg western pomerania,code13,37.3
2007,percentage,,female,mecklenburg western pomerania,code13,37.2
2008,percentage,,female,mecklenburg western pomerania,code13,39.4
2009,percentage,,female,mecklenburg western pomerania,code13,37.4
2030,percentage,,,,,
1999,percentage,,male,mecklenburg western pomerania,code13,
2010,percentage,,male,mecklenburg western pomerania,code13,30.4
2011,percentage,,male,mecklenburg western pomerania,code13,29.3
2012,percentage,,male,mecklenburg western pomerania,code13,23.9
2013,percentage,,male,mecklenburg western pomerania,code13,25.4
2014,percentage,,male,mecklenburg western pomerania,code13,28.3
2015,percentage,,male,mecklenburg western pomerania,code13,26.9
2016,percentage,,male,mecklenburg western pomerania,code13,27.0
2017,percentage,,male,mecklenburg western pomerania,code13,26.1
2018,percentage,,male,mecklenburg western pomerania,code13,32.37
2019,percentage,,male,mecklenburg western pomerania,code13,36.44
2020,percentage,,male,mecklenburg western pomerania,code13,33.21
2021,percentage,,male,mecklenburg western pomerania,code13,37.708
2000,percentage,,male,mecklenburg western pomerania,code13,
2001,percentage,,male,mecklenburg western pomerania,code13,
2002,percentage,,male,mecklenburg western pomerania,code13,
2003,percentage,,male,mecklenburg western pomerania,code13,
2004,percentage,,male,mecklenburg western pomerania,code13,
2005,percentage,,male,mecklenburg western pomerania,code13,25.8
2006,percentage,,male,mecklenburg western pomerania,code13,26.1
2007,percentage,,male,mecklenburg western pomerania,code13,25.0
2008,percentage,,male,mecklenburg western pomerania,code13,26.7
2009,percentage,,male,mecklenburg western pomerania,code13,27.7
2030,percentage,,,,,
1999,percentage,,,lower saxony,code03,
2010,percentage,,,lower saxony,code03,36.19
2011,percentage,,,lower saxony,code03,37.46
2012,percentage,,,lower saxony,code03,38.13
2013,percentage,,,lower saxony,code03,37.89
2014,percentage,,,lower saxony,code03,40.07
2015,percentage,,,lower saxony,code03,43.15
2016,percentage,,,lower saxony,code03,41.38
2017,percentage,,,lower saxony,code03,42.6
2018,percentage,,,lower saxony,code03,44.02
2019,percentage,,,lower saxony,code03,44.67
2020,percentage,,,lower saxony,code03,47.84
2021,percentage,,,lower saxony,code03,47.136
2000,percentage,,,lower saxony,code03,
2001,percentage,,,lower saxony,code03,
2002,percentage,,,lower saxony,code03,
2003,percentage,,,lower saxony,code03,
2004,percentage,,,lower saxony,code03,
2005,percentage,,,lower saxony,code03,32.06
2006,percentage,,,lower saxony,code03,31.7
2007,percentage,,,lower saxony,code03,33.0
2008,percentage,,,lower saxony,code03,34.0
2009,percentage,,,lower saxony,code03,35.6
2030,percentage,,,,,
1999,percentage,,female,lower saxony,code03,
2010,percentage,,female,lower saxony,code03,37.5
2011,percentage,,female,lower saxony,code03,39.6
2012,percentage,,female,lower saxony,code03,40.5
2013,percentage,,female,lower saxony,code03,38.8
2014,percentage,,female,lower saxony,code03,42.3
2015,percentage,,female,lower saxony,code03,46.3
2016,percentage,,female,lower saxony,code03,44.5
2017,percentage,,female,lower saxony,code03,45.9
2018,percentage,,female,lower saxony,code03,48.51
2019,percentage,,female,lower saxony,code03,49.04
2020,percentage,,female,lower saxony,code03,52.94
2021,percentage,,female,lower saxony,code03,51.408
2000,percentage,,female,lower saxony,code03,
2001,percentage,,female,lower saxony,code03,
2002,percentage,,female,lower saxony,code03,
2003,percentage,,female,lower saxony,code03,
2004,percentage,,female,lower saxony,code03,
2005,percentage,,female,lower saxony,code03,29.5
2006,percentage,,female,lower saxony,code03,29.9
2007,percentage,,female,lower saxony,code03,30.9
2008,percentage,,female,lower saxony,code03,33.1
2009,percentage,,female,lower saxony,code03,36.2
2030,percentage,,,,,
1999,percentage,,male,lower saxony,code03,
2010,percentage,,male,lower saxony,code03,34.9
2011,percentage,,male,lower saxony,code03,35.4
2012,percentage,,male,lower saxony,code03,35.7
2013,percentage,,male,lower saxony,code03,37.0
2014,percentage,,male,lower saxony,code03,37.9
2015,percentage,,male,lower saxony,code03,40.1
2016,percentage,,male,lower saxony,code03,38.4
2017,percentage,,male,lower saxony,code03,39.5
2018,percentage,,male,lower saxony,code03,39.82
2019,percentage,,male,lower saxony,code03,40.67
2020,percentage,,male,lower saxony,code03,42.91
2021,percentage,,male,lower saxony,code03,43.103
2000,percentage,,male,lower saxony,code03,
2001,percentage,,male,lower saxony,code03,
2002,percentage,,male,lower saxony,code03,
2003,percentage,,male,lower saxony,code03,
2004,percentage,,male,lower saxony,code03,
2005,percentage,,male,lower saxony,code03,34.6
2006,percentage,,male,lower saxony,code03,33.5
2007,percentage,,male,lower saxony,code03,35.1
2008,percentage,,male,lower saxony,code03,34.9
2009,percentage,,male,lower saxony,code03,34.9
2030,percentage,,,,,
1999,percentage,,,north rhine-westphalia,code05,
2010,percentage,,,north rhine-westphalia,code05,41.29
2011,percentage,,,north rhine-westphalia,code05,42.01
2012,percentage,,,north rhine-westphalia,code05,44.4
2013,percentage,,,north rhine-westphalia,code05,45.0
2014,percentage,,,north rhine-westphalia,code05,47.84
2015,percentage,,,north rhine-westphalia,code05,48.71
2016,percentage,,,north rhine-westphalia,code05,50.25
2017,percentage,,,north rhine-westphalia,code05,51.04
2018,percentage,,,north rhine-westphalia,code05,50.57
2019,percentage,,,north rhine-westphalia,code05,50.93
2020,percentage,,,north rhine-westphalia,code05,54.4
2021,percentage,,,north rhine-westphalia,code05,53.889
2000,percentage,,,north rhine-westphalia,code05,
2001,percentage,,,north rhine-westphalia,code05,
2002,percentage,,,north rhine-westphalia,code05,
2003,percentage,,,north rhine-westphalia,code05,
2004,percentage,,,north rhine-westphalia,code05,
2005,percentage,,,north rhine-westphalia,code05,36.96
2006,percentage,,,north rhine-westphalia,code05,37.8
2007,percentage,,,north rhine-westphalia,code05,38.7
2008,percentage,,,north rhine-westphalia,code05,40.9
2009,percentage,,,north rhine-westphalia,code05,41.7
2030,percentage,,,,,
1999,percentage,,female,north rhine-westphalia,code05,
2010,percentage,,female,north rhine-westphalia,code05,42.1
2011,percentage,,female,north rhine-westphalia,code05,43.8
2012,percentage,,female,north rhine-westphalia,code05,46.8
2013,percentage,,female,north rhine-westphalia,code05,47.4
2014,percentage,,female,north rhine-westphalia,code05,50.8
2015,percentage,,female,north rhine-westphalia,code05,52.6
2016,percentage,,female,north rhine-westphalia,code05,54.2
2017,percentage,,female,north rhine-westphalia,code05,54.6
2018,percentage,,female,north rhine-westphalia,code05,55.14
2019,percentage,,female,north rhine-westphalia,code05,55.34
2020,percentage,,female,north rhine-westphalia,code05,60.29
2021,percentage,,female,north rhine-westphalia,code05,57.84
2000,percentage,,female,north rhine-westphalia,code05,
2001,percentage,,female,north rhine-westphalia,code05,
2002,percentage,,female,north rhine-westphalia,code05,
2003,percentage,,female,north rhine-westphalia,code05,
2004,percentage,,female,north rhine-westphalia,code05,
2005,percentage,,female,north rhine-westphalia,code05,36.4
2006,percentage,,female,north rhine-westphalia,code05,38.0
2007,percentage,,female,north rhine-westphalia,code05,38.4
2008,percentage,,female,north rhine-westphalia,code05,41.5
2009,percentage,,female,north rhine-westphalia,code05,42.6
2030,percentage,,,,,
1999,percentage,,male,north rhine-westphalia,code05,
2010,percentage,,male,north rhine-westphalia,code05,40.5
2011,percentage,,male,north rhine-westphalia,code05,40.3
2012,percentage,,male,north rhine-westphalia,code05,42.0
2013,percentage,,male,north rhine-westphalia,code05,42.6
2014,percentage,,male,north rhine-westphalia,code05,44.8
2015,percentage,,male,north rhine-westphalia,code05,44.8
2016,percentage,,male,north rhine-westphalia,code05,46.3
2017,percentage,,male,north rhine-westphalia,code05,47.6
2018,percentage,,male,north rhine-westphalia,code05,46.1
2019,percentage,,male,north rhine-westphalia,code05,46.71
2020,percentage,,male,north rhine-westphalia,code05,48.73
2021,percentage,,male,north rhine-westphalia,code05,50.102
2000,percentage,,male,north rhine-westphalia,code05,
2001,percentage,,male,north rhine-westphalia,code05,
2002,percentage,,male,north rhine-westphalia,code05,
2003,percentage,,male,north rhine-westphalia,code05,
2004,percentage,,male,north rhine-westphalia,code05,
2005,percentage,,male,north rhine-westphalia,code05,37.5
2006,percentage,,male,north rhine-westphalia,code05,37.7
2007,percentage,,male,north rhine-westphalia,code05,39.0
2008,percentage,,male,north rhine-westphalia,code05,40.3
2009,percentage,,male,north rhine-westphalia,code05,40.8
2030,percentage,,,,,
1999,percentage,,,rhineland palatinate,code07,
2010,percentage,,,rhineland palatinate,code07,38.49
2011,percentage,,,rhineland palatinate,code07,39.96
2012,percentage,,,rhineland palatinate,code07,42.26
2013,percentage,,,rhineland palatinate,code07,41.9
2014,percentage,,,rhineland palatinate,code07,43.67
2015,percentage,,,rhineland palatinate,code07,42.58
2016,percentage,,,rhineland palatinate,code07,44.23
2017,percentage,,,rhineland palatinate,code07,44.14
2018,percentage,,,rhineland palatinate,code07,44.58
2019,percentage,,,rhineland palatinate,code07,48.18
2020,percentage,,,rhineland palatinate,code07,50.02
2021,percentage,,,rhineland palatinate,code07,50.311
2000,percentage,,,rhineland palatinate,code07,
2001,percentage,,,rhineland palatinate,code07,
2002,percentage,,,rhineland palatinate,code07,
2003,percentage,,,rhineland palatinate,code07,
2004,percentage,,,rhineland palatinate,code07,
2005,percentage,,,rhineland palatinate,code07,30.42
2006,percentage,,,rhineland palatinate,code07,31.9
2007,percentage,,,rhineland palatinate,code07,32.9
2008,percentage,,,rhineland palatinate,code07,35.3
2009,percentage,,,rhineland palatinate,code07,36.7
2030,percentage,,,,,
1999,percentage,,female,rhineland palatinate,code07,
2010,percentage,,female,rhineland palatinate,code07,37.0
2011,percentage,,female,rhineland palatinate,code07,40.9
2012,percentage,,female,rhineland palatinate,code07,42.3
2013,percentage,,female,rhineland palatinate,code07,42.2
2014,percentage,,female,rhineland palatinate,code07,45.6
2015,percentage,,female,rhineland palatinate,code07,44.6
2016,percentage,,female,rhineland palatinate,code07,46.6
2017,percentage,,female,rhineland palatinate,code07,47.9
2018,percentage,,female,rhineland palatinate,code07,46.72
2019,percentage,,female,rhineland palatinate,code07,51.27
2020,percentage,,female,rhineland palatinate,code07,53.55
2021,percentage,,female,rhineland palatinate,code07,52.863
2000,percentage,,female,rhineland palatinate,code07,
2001,percentage,,female,rhineland palatinate,code07,
2002,percentage,,female,rhineland palatinate,code07,
2003,percentage,,female,rhineland palatinate,code07,
2004,percentage,,female,rhineland palatinate,code07,
2005,percentage,,female,rhineland palatinate,code07,26.6
2006,percentage,,female,rhineland palatinate,code07,29.3
2007,percentage,,female,rhineland palatinate,code07,31.8
2008,percentage,,female,rhineland palatinate,code07,35.1
2009,percentage,,female,rhineland palatinate,code07,37.0
2030,percentage,,,,,
1999,percentage,,male,rhineland palatinate,code07,
2010,percentage,,male,rhineland palatinate,code07,40.1
2011,percentage,,male,rhineland palatinate,code07,39.0
2012,percentage,,male,rhineland palatinate,code07,42.2
2013,percentage,,male,rhineland palatinate,code07,41.7
2014,percentage,,male,rhineland palatinate,code07,41.6
2015,percentage,,male,rhineland palatinate,code07,40.6
2016,percentage,,male,rhineland palatinate,code07,41.9
2017,percentage,,male,rhineland palatinate,code07,40.4
2018,percentage,,male,rhineland palatinate,code07,42.47
2019,percentage,,male,rhineland palatinate,code07,45.23
2020,percentage,,male,rhineland palatinate,code07,46.46
2021,percentage,,male,rhineland palatinate,code07,47.89
2000,percentage,,male,rhineland palatinate,code07,
2001,percentage,,male,rhineland palatinate,code07,
2002,percentage,,male,rhineland palatinate,code07,
2003,percentage,,male,rhineland palatinate,code07,
2004,percentage,,male,rhineland palatinate,code07,
2005,percentage,,male,rhineland palatinate,code07,34.6
2006,percentage,,male,rhineland palatinate,code07,34.7
2007,percentage,,male,rhineland palatinate,code07,34.0
2008,percentage,,male,rhineland palatinate,code07,35.5
2009,percentage,,male,rhineland palatinate,code07,36.3
2030,percentage,,,,,
1999,percentage,,,saarland,code10,
2010,percentage,,,saarland,code10,32.86
2011,percentage,,,saarland,code10,34.78
2012,percentage,,,saarland,code10,38.26
2013,percentage,,,saarland,code10,35.69
2014,percentage,,,saarland,code10,35.75
2015,percentage,,,saarland,code10,40.2
2016,percentage,,,saarland,code10,41.4
2017,percentage,,,saarland,code10,39.83
2018,percentage,,,saarland,code10,44.6
2019,percentage,,,saarland,code10,47.73
2020,percentage,,,saarland,code10,55.3
2021,percentage,,,saarland,code10,56.152
2000,percentage,,,saarland,code10,
2001,percentage,,,saarland,code10,
2002,percentage,,,saarland,code10,
2003,percentage,,,saarland,code10,
2004,percentage,,,saarland,code10,
2005,percentage,,,saarland,code10,32.67
2006,percentage,,,saarland,code10,35.0
2007,percentage,,,saarland,code10,32.4
2008,percentage,,,saarland,code10,36.2
2009,percentage,,,saarland,code10,37.2
2030,percentage,,,,,
1999,percentage,,female,saarland,code10,
2010,percentage,,female,saarland,code10,36.8
2011,percentage,,female,saarland,code10,38.7
2012,percentage,,female,saarland,code10,42.2
2013,percentage,,female,saarland,code10,39.9
2014,percentage,,female,saarland,code10,35.8
2015,percentage,,female,saarland,code10,41.3
2016,percentage,,female,saarland,code10,37.9
2017,percentage,,female,saarland,code10,40.4
2018,percentage,,female,saarland,code10,49.16
2019,percentage,,female,saarland,code10,54.21
2020,percentage,,female,saarland,code10,65.87
2021,percentage,,female,saarland,code10,61.148
2000,percentage,,female,saarland,code10,
2001,percentage,,female,saarland,code10,
2002,percentage,,female,saarland,code10,
2003,percentage,,female,saarland,code10,
2004,percentage,,female,saarland,code10,
2005,percentage,,female,saarland,code10,32.8
2006,percentage,,female,saarland,code10,35.0
2007,percentage,,female,saarland,code10,33.0
2008,percentage,,female,saarland,code10,37.2
2009,percentage,,female,saarland,code10,40.2
2030,percentage,,,,,
1999,percentage,,male,saarland,code10,
2010,percentage,,male,saarland,code10,28.8
2011,percentage,,male,saarland,code10,30.8
2012,percentage,,male,saarland,code10,34.7
2013,percentage,,male,saarland,code10,32.3
2014,percentage,,male,saarland,code10,35.8
2015,percentage,,male,saarland,code10,39.2
2016,percentage,,male,saarland,code10,44.4
2017,percentage,,male,saarland,code10,39.4
2018,percentage,,male,saarland,code10,40.81
2019,percentage,,male,saarland,code10,41.48
2020,percentage,,male,saarland,code10,44.2
2021,percentage,,male,saarland,code10,51.589
2000,percentage,,male,saarland,code10,
2001,percentage,,male,saarland,code10,
2002,percentage,,male,saarland,code10,
2003,percentage,,male,saarland,code10,
2004,percentage,,male,saarland,code10,
2005,percentage,,male,saarland,code10,32.5
2006,percentage,,male,saarland,code10,35.0
2007,percentage,,male,saarland,code10,31.7
2008,percentage,,male,saarland,code10,35.1
2009,percentage,,male,saarland,code10,34.2
2030,percentage,,,,,
1999,percentage,,,saxony,code14,
2010,percentage,,,saxony,code14,46.36
2011,percentage,,,saxony,code14,44.03
2012,percentage,,,saxony,code14,42.67
2013,percentage,,,saxony,code14,45.8
2014,percentage,,,saxony,code14,46.18
2015,percentage,,,saxony,code14,48.27
2016,percentage,,,saxony,code14,46.22
2017,percentage,,,saxony,code14,48.01
2018,percentage,,,saxony,code14,49.18
2019,percentage,,,saxony,code14,50.72
2020,percentage,,,saxony,code14,51.6
2021,percentage,,,saxony,code14,52.548
2000,percentage,,,saxony,code14,
2001,percentage,,,saxony,code14,
2002,percentage,,,saxony,code14,
2003,percentage,,,saxony,code14,
2004,percentage,,,saxony,code14,
2005,percentage,,,saxony,code14,37.89
2006,percentage,,,saxony,code14,40.6
2007,percentage,,,saxony,code14,44.3
2008,percentage,,,saxony,code14,44.4
2009,percentage,,,saxony,code14,46.0
2030,percentage,,,,,
1999,percentage,,female,saxony,code14,
2010,percentage,,female,saxony,code14,55.0
2011,percentage,,female,saxony,code14,53.1
2012,percentage,,female,saxony,code14,50.5
2013,percentage,,female,saxony,code14,55.4
2014,percentage,,female,saxony,code14,54.3
2015,percentage,,female,saxony,code14,56.3
2016,percentage,,female,saxony,code14,54.9
2017,percentage,,female,saxony,code14,56.9
2018,percentage,,female,saxony,code14,57.38
2019,percentage,,female,saxony,code14,59.76
2020,percentage,,female,saxony,code14,58.95
2021,percentage,,female,saxony,code14,59.178
2000,percentage,,female,saxony,code14,
2001,percentage,,female,saxony,code14,
2002,percentage,,female,saxony,code14,
2003,percentage,,female,saxony,code14,
2004,percentage,,female,saxony,code14,
2005,percentage,,female,saxony,code14,42.1
2006,percentage,,female,saxony,code14,48.2
2007,percentage,,female,saxony,code14,52.4
2008,percentage,,female,saxony,code14,52.4
2009,percentage,,female,saxony,code14,55.4
2030,percentage,,,,,
1999,percentage,,male,saxony,code14,
2010,percentage,,male,saxony,code14,38.6
2011,percentage,,male,saxony,code14,36.2
2012,percentage,,male,saxony,code14,36.0
2013,percentage,,male,saxony,code14,37.8
2014,percentage,,male,saxony,code14,39.1
2015,percentage,,male,saxony,code14,41.0
2016,percentage,,male,saxony,code14,38.4
2017,percentage,,male,saxony,code14,39.9
2018,percentage,,male,saxony,code14,41.56
2019,percentage,,male,saxony,code14,41.69
2020,percentage,,male,saxony,code14,44.42
2021,percentage,,male,saxony,code14,46.283
2000,percentage,,male,saxony,code14,
2001,percentage,,male,saxony,code14,
2002,percentage,,male,saxony,code14,
2003,percentage,,male,saxony,code14,
2004,percentage,,male,saxony,code14,
2005,percentage,,male,saxony,code14,34.3
2006,percentage,,male,saxony,code14,34.0
2007,percentage,,male,saxony,code14,37.3
2008,percentage,,male,saxony,code14,37.8
2009,percentage,,male,saxony,code14,37.8
2030,percentage,,,,,
1999,percentage,,,saxony-anhalt,code15,
2010,percentage,,,saxony-anhalt,code15,32.16
2011,percentage,,,saxony-anhalt,code15,31.44
2012,percentage,,,saxony-anhalt,code15,30.9
2013,percentage,,,saxony-anhalt,code15,30.62
2014,percentage,,,saxony-anhalt,code15,32.35
2015,percentage,,,saxony-anhalt,code15,34.21
2016,percentage,,,saxony-anhalt,code15,33.41
2017,percentage,,,saxony-anhalt,code15,35.82
2018,percentage,,,saxony-anhalt,code15,38.58
2019,percentage,,,saxony-anhalt,code15,36.57
2020,percentage,,,saxony-anhalt,code15,39.88
2021,percentage,,,saxony-anhalt,code15,40.282
2000,percentage,,,saxony-anhalt,code15,
2001,percentage,,,saxony-anhalt,code15,
2002,percentage,,,saxony-anhalt,code15,
2003,percentage,,,saxony-anhalt,code15,
2004,percentage,,,saxony-anhalt,code15,
2005,percentage,,,saxony-anhalt,code15,27.9
2006,percentage,,,saxony-anhalt,code15,28.4
2007,percentage,,,saxony-anhalt,code15,27.0
2008,percentage,,,saxony-anhalt,code15,30.3
2009,percentage,,,saxony-anhalt,code15,32.3
2030,percentage,,,,,
1999,percentage,,female,saxony-anhalt,code15,
2010,percentage,,female,saxony-anhalt,code15,37.1
2011,percentage,,female,saxony-anhalt,code15,37.2
2012,percentage,,female,saxony-anhalt,code15,36.3
2013,percentage,,female,saxony-anhalt,code15,36.5
2014,percentage,,female,saxony-anhalt,code15,38.9
2015,percentage,,female,saxony-anhalt,code15,39.8
2016,percentage,,female,saxony-anhalt,code15,41.5
2017,percentage,,female,saxony-anhalt,code15,41.2
2018,percentage,,female,saxony-anhalt,code15,44.33
2019,percentage,,female,saxony-anhalt,code15,41.27
2020,percentage,,female,saxony-anhalt,code15,50.36
2021,percentage,,female,saxony-anhalt,code15,49.164
2000,percentage,,female,saxony-anhalt,code15,
2001,percentage,,female,saxony-anhalt,code15,
2002,percentage,,female,saxony-anhalt,code15,
2003,percentage,,female,saxony-anhalt,code15,
2004,percentage,,female,saxony-anhalt,code15,
2005,percentage,,female,saxony-anhalt,code15,31.2
2006,percentage,,female,saxony-anhalt,code15,32.1
2007,percentage,,female,saxony-anhalt,code15,34.2
2008,percentage,,female,saxony-anhalt,code15,36.6
2009,percentage,,female,saxony-anhalt,code15,36.9
2030,percentage,,,,,
1999,percentage,,male,saxony-anhalt,code15,
2010,percentage,,male,saxony-anhalt,code15,27.5
2011,percentage,,male,saxony-anhalt,code15,26.2
2012,percentage,,male,saxony-anhalt,code15,25.9
2013,percentage,,male,saxony-anhalt,code15,25.6
2014,percentage,,male,saxony-anhalt,code15,26.5
2015,percentage,,male,saxony-anhalt,code15,29.6
2016,percentage,,male,saxony-anhalt,code15,26.4
2017,percentage,,male,saxony-anhalt,code15,30.8
2018,percentage,,male,saxony-anhalt,code15,32.81
2019,percentage,,male,saxony-anhalt,code15,32.34
2020,percentage,,male,saxony-anhalt,code15,30.51
2021,percentage,,male,saxony-anhalt,code15,31.979
2000,percentage,,male,saxony-anhalt,code15,
2001,percentage,,male,saxony-anhalt,code15,
2002,percentage,,male,saxony-anhalt,code15,
2003,percentage,,male,saxony-anhalt,code15,
2004,percentage,,male,saxony-anhalt,code15,
2005,percentage,,male,saxony-anhalt,code15,25.2
2006,percentage,,male,saxony-anhalt,code15,24.9
2007,percentage,,male,saxony-anhalt,code15,20.8
2008,percentage,,male,saxony-anhalt,code15,24.7
2009,percentage,,male,saxony-anhalt,code15,27.9
2030,percentage,,,,,
1999,percentage,,,schleswig-holstein,code01,
2010,percentage,,,schleswig-holstein,code01,35.78
2011,percentage,,,schleswig-holstein,code01,40.39
2012,percentage,,,schleswig-holstein,code01,37.28
2013,percentage,,,schleswig-holstein,code01,38.19
2014,percentage,,,schleswig-holstein,code01,38.89
2015,percentage,,,schleswig-holstein,code01,39.66
2016,percentage,,,schleswig-holstein,code01,40.06
2017,percentage,,,schleswig-holstein,code01,42.43
2018,percentage,,,schleswig-holstein,code01,43.39
2019,percentage,,,schleswig-holstein,code01,43.43
2020,percentage,,,schleswig-holstein,code01,43.4
2021,percentage,,,schleswig-holstein,code01,46.573
2000,percentage,,,schleswig-holstein,code01,
2001,percentage,,,schleswig-holstein,code01,
2002,percentage,,,schleswig-holstein,code01,
2003,percentage,,,schleswig-holstein,code01,
2004,percentage,,,schleswig-holstein,code01,
2005,percentage,,,schleswig-holstein,code01,32.52
2006,percentage,,,schleswig-holstein,code01,30.6
2007,percentage,,,schleswig-holstein,code01,31.8
2008,percentage,,,schleswig-holstein,code01,32.1
2009,percentage,,,schleswig-holstein,code01,34.6
2030,percentage,,,,,
1999,percentage,,female,schleswig-holstein,code01,
2010,percentage,,female,schleswig-holstein,code01,36.7
2011,percentage,,female,schleswig-holstein,code01,41.7
2012,percentage,,female,schleswig-holstein,code01,39.2
2013,percentage,,female,schleswig-holstein,code01,40.7
2014,percentage,,female,schleswig-holstein,code01,40.7
2015,percentage,,female,schleswig-holstein,code01,43.9
2016,percentage,,female,schleswig-holstein,code01,42.9
2017,percentage,,female,schleswig-holstein,code01,47.0
2018,percentage,,female,schleswig-holstein,code01,49.13
2019,percentage,,female,schleswig-holstein,code01,45.8
2020,percentage,,female,schleswig-holstein,code01,43.4
2021,percentage,,female,schleswig-holstein,code01,51.306
2000,percentage,,female,schleswig-holstein,code01,
2001,percentage,,female,schleswig-holstein,code01,
2002,percentage,,female,schleswig-holstein,code01,
2003,percentage,,female,schleswig-holstein,code01,
2004,percentage,,female,schleswig-holstein,code01,
2005,percentage,,female,schleswig-holstein,code01,32.1
2006,percentage,,female,schleswig-holstein,code01,30.9
2007,percentage,,female,schleswig-holstein,code01,31.2
2008,percentage,,female,schleswig-holstein,code01,32.7
2009,percentage,,female,schleswig-holstein,code01,35.8
2030,percentage,,,,,
1999,percentage,,male,schleswig-holstein,code01,
2010,percentage,,male,schleswig-holstein,code01,34.9
2011,percentage,,male,schleswig-holstein,code01,39.0
2012,percentage,,male,schleswig-holstein,code01,35.3
2013,percentage,,male,schleswig-holstein,code01,35.4
2014,percentage,,male,schleswig-holstein,code01,37.0
2015,percentage,,male,schleswig-holstein,code01,35.5
2016,percentage,,male,schleswig-holstein,code01,37.4
2017,percentage,,male,schleswig-holstein,code01,37.9
2018,percentage,,male,schleswig-holstein,code01,37.78
2019,percentage,,male,schleswig-holstein,code01,41.15
2020,percentage,,male,schleswig-holstein,code01,43.4
2021,percentage,,male,schleswig-holstein,code01,42.166
2000,percentage,,male,schleswig-holstein,code01,
2001,percentage,,male,schleswig-holstein,code01,
2002,percentage,,male,schleswig-holstein,code01,
2003,percentage,,male,schleswig-holstein,code01,
2004,percentage,,male,schleswig-holstein,code01,
2005,percentage,,male,schleswig-holstein,code01,33.0
2006,percentage,,male,schleswig-holstein,code01,30.3
2007,percentage,,male,schleswig-holstein,code01,32.5
2008,percentage,,male,schleswig-holstein,code01,31.3
2009,percentage,,male,schleswig-holstein,code01,33.4
2030,percentage,,,,,
1999,percentage,,,thuringia,code16,
2010,percentage,,,thuringia,code16,36.4
2011,percentage,,,thuringia,code16,37.2
2012,percentage,,,thuringia,code16,39.1
2013,percentage,,,thuringia,code16,39.8
2014,percentage,,,thuringia,code16,37.6
2015,percentage,,,thuringia,code16,36.89
2016,percentage,,,thuringia,code16,40.28
2017,percentage,,,thuringia,code16,40.68
2018,percentage,,,thuringia,code16,44.57
2019,percentage,,,thuringia,code16,44.77
2020,percentage,,,thuringia,code16,43.4
2021,percentage,,,thuringia,code16,46.885
2000,percentage,,,thuringia,code16,
2001,percentage,,,thuringia,code16,
2002,percentage,,,thuringia,code16,
2003,percentage,,,thuringia,code16,
2004,percentage,,,thuringia,code16,
2005,percentage,,,thuringia,code16,31.24
2006,percentage,,,thuringia,code16,32.2
2007,percentage,,,thuringia,code16,36.5
2008,percentage,,,thuringia,code16,35.7
2009,percentage,,,thuringia,code16,35.4
2030,percentage,,,,,
1999,percentage,,female,thuringia,code16,
2010,percentage,,female,thuringia,code16,43.0
2011,percentage,,female,thuringia,code16,45.2
2012,percentage,,female,thuringia,code16,46.3
2013,percentage,,female,thuringia,code16,47.1
2014,percentage,,female,thuringia,code16,44.5
2015,percentage,,female,thuringia,code16,45.4
2016,percentage,,female,thuringia,code16,48.0
2017,percentage,,female,thuringia,code16,49.5
2018,percentage,,female,thuringia,code16,51.74
2019,percentage,,female,thuringia,code16,51.22
2020,percentage,,female,thuringia,code16,43.4
2021,percentage,,female,thuringia,code16,53.721
2000,percentage,,female,thuringia,code16,
2001,percentage,,female,thuringia,code16,
2002,percentage,,female,thuringia,code16,
2003,percentage,,female,thuringia,code16,
2004,percentage,,female,thuringia,code16,
2005,percentage,,female,thuringia,code16,33.8
2006,percentage,,female,thuringia,code16,35.1
2007,percentage,,female,thuringia,code16,40.8
2008,percentage,,female,thuringia,code16,41.9
2009,percentage,,female,thuringia,code16,42.5
2030,percentage,,,,,
1999,percentage,,male,thuringia,code16,
2010,percentage,,male,thuringia,code16,30.5
2011,percentage,,male,thuringia,code16,29.9
2012,percentage,,male,thuringia,code16,32.8
2013,percentage,,male,thuringia,code16,33.0
2014,percentage,,male,thuringia,code16,31.3
2015,percentage,,male,thuringia,code16,29.9
2016,percentage,,male,thuringia,code16,33.4
2017,percentage,,male,thuringia,code16,32.9
2018,percentage,,male,thuringia,code16,38.1
2019,percentage,,male,thuringia,code16,38.9
2020,percentage,,male,thuringia,code16,43.4
2021,percentage,,male,thuringia,code16,40.853
2000,percentage,,male,thuringia,code16,
2001,percentage,,male,thuringia,code16,
2002,percentage,,male,thuringia,code16,
2003,percentage,,male,thuringia,code16,
2004,percentage,,male,thuringia,code16,
2005,percentage,,male,thuringia,code16,29.1
2006,percentage,,male,thuringia,code16,29.7
2007,percentage,,male,thuringia,code16,32.6
2008,percentage,,male,thuringia,code16,30.4
2009,percentage,,male,thuringia,code16,29.1
2030,percentage,,,,,
1999,percentage,with tertiary qualification,,,,24.8
2010,percentage,with tertiary qualification,,,,29.77
2011,percentage,with tertiary qualification,,,,30.68
2012,percentage,with tertiary qualification,,,,31.9
2013,percentage,with tertiary qualification,,,,33.08
2014,percentage,with tertiary qualification,,,,31.36
2015,percentage,with tertiary qualification,,,,32.25
2016,percentage,with tertiary qualification,,,,33.1
2017,percentage,with tertiary qualification,,,,34.0
2018,percentage,with tertiary qualification,,,,34.93
2019,percentage,with tertiary qualification,,,,35.5
2020,percentage,with tertiary qualification,,,,36.6
2021,percentage,with tertiary qualification,,,,37.8
2000,percentage,with tertiary qualification,,,,25.33
2001,percentage,with tertiary qualification,,,,25.05
2002,percentage,with tertiary qualification,,,,25.07
2003,percentage,with tertiary qualification,,,,25.05
2004,percentage,with tertiary qualification,,,,26.76
2005,percentage,with tertiary qualification,,,,26.06
2006,percentage,with tertiary qualification,,,,25.85
2007,percentage,with tertiary qualification,,,,26.5
2008,percentage,with tertiary qualification,,,,27.6
2009,percentage,with tertiary qualification,,,,29.37
2030,percentage,with tertiary qualification,,,,
1999,percentage,with tertiary qualification,female,,,21.358
2010,percentage,with tertiary qualification,female,,,29.658
2011,percentage,with tertiary qualification,female,,,31.528
2012,percentage,with tertiary qualification,female,,,32.87
2013,percentage,with tertiary qualification,female,,,34.0
2014,percentage,with tertiary qualification,female,,,30.804
2015,percentage,with tertiary qualification,female,,,32.321
2016,percentage,with tertiary qualification,female,,,32.9
2017,percentage,with tertiary qualification,female,,,34.191
2018,percentage,with tertiary qualification,female,,,35.335
2019,percentage,with tertiary qualification,female,,,36.0
2020,percentage,with tertiary qualification,female,,,37.3
2021,percentage,with tertiary qualification,female,,,38.6
2000,percentage,with tertiary qualification,female,,,21.778
2001,percentage,with tertiary qualification,female,,,21.688
2002,percentage,with tertiary qualification,female,,,22.091
2003,percentage,with tertiary qualification,female,,,22.511
2004,percentage,with tertiary qualification,female,,,24.258
2005,percentage,with tertiary qualification,female,,,24.128
2006,percentage,with tertiary qualification,female,,,24.415
2007,percentage,with tertiary qualification,female,,,25.663
2008,percentage,with tertiary qualification,female,,,26.974
2009,percentage,with tertiary qualification,female,,,29.178
2030,percentage,with tertiary qualification,,,,
1999,percentage,with tertiary qualification,male,,,28.072
2010,percentage,with tertiary qualification,male,,,29.879
2011,percentage,with tertiary qualification,male,,,29.843
2012,percentage,with tertiary qualification,male,,,30.946
2013,percentage,with tertiary qualification,male,,,32.178
2014,percentage,with tertiary qualification,male,,,31.922
2015,percentage,with tertiary qualification,male,,,32.19
2016,percentage,with tertiary qualification,male,,,33.3
2017,percentage,with tertiary qualification,male,,,33.816
2018,percentage,with tertiary qualification,male,,,34.535
2019,percentage,with tertiary qualification,male,,,35.1
2020,percentage,with tertiary qualification,male,,,36.0
2021,percentage,with tertiary qualification,male,,,37.0
2000,percentage,with tertiary qualification,male,,,28.762
2001,percentage,with tertiary qualification,male,,,28.33
2002,percentage,with tertiary qualification,male,,,27.933
2003,percentage,with tertiary qualification,male,,,27.431
2004,percentage,with tertiary qualification,male,,,29.151
2005,percentage,with tertiary qualification,male,,,27.957
2006,percentage,with tertiary qualification,male,,,27.247
2007,percentage,with tertiary qualification,male,,,27.31
2008,percentage,with tertiary qualification,male,,,28.226
2009,percentage,with tertiary qualification,male,,,29.56
2030,percentage,with tertiary qualification,,,,
1999,percentage,with post-secondary non-tertiary qualification,,,,8.55
2010,percentage,with post-secondary non-tertiary qualification,,,,11.545
2011,percentage,with post-secondary non-tertiary qualification,,,,11.548
2012,percentage,with post-secondary non-tertiary qualification,,,,11.535
2013,percentage,with post-secondary non-tertiary qualification,,,,11.4
2014,percentage,with post-secondary non-tertiary qualification,,,,14.306
2015,percentage,with post-secondary non-tertiary qualification,,,,14.515
2016,percentage,with post-secondary non-tertiary qualification,,,,14.779
2017,percentage,with post-secondary non-tertiary qualification,,,,14.836
2018,percentage,with post-secondary non-tertiary qualification,,,,14.907
2019,percentage,with post-secondary non-tertiary qualification,,,,14.988
2020,percentage,with post-secondary non-tertiary qualification,,,,15.7
2021,percentage,with post-secondary non-tertiary qualification,,,,15.4
2000,percentage,with post-secondary non-tertiary qualification,,,,7.666
2001,percentage,with post-secondary non-tertiary qualification,,,,8.12
2002,percentage,with post-secondary non-tertiary qualification,,,,8.206
2003,percentage,with post-secondary non-tertiary qualification,,,,8.847
2004,percentage,with post-secondary non-tertiary qualification,,,,9.463
2005,percentage,with post-secondary non-tertiary qualification,,,,9.923
2006,percentage,with post-secondary non-tertiary qualification,,,,10.655
2007,percentage,with post-secondary non-tertiary qualification,,,,11.135
2008,percentage,with post-secondary non-tertiary qualification,,,,11.163
2009,percentage,with post-secondary non-tertiary qualification,,,,11.343
2030,percentage,with post-secondary non-tertiary qualification,,,,
1999,percentage,with post-secondary non-tertiary qualification,female,,,10.031
2010,percentage,with post-secondary non-tertiary qualification,female,,,13.019
2011,percentage,with post-secondary non-tertiary qualification,female,,,12.891
2012,percentage,with post-secondary non-tertiary qualification,female,,,13.171
2013,percentage,with post-secondary non-tertiary qualification,female,,,12.803
2014,percentage,with post-secondary non-tertiary qualification,female,,,17.611
2015,percentage,with post-secondary non-tertiary qualification,female,,,18.2
2016,percentage,with post-secondary non-tertiary qualification,female,,,18.395
2017,percentage,with post-secondary non-tertiary qualification,female,,,18.449
2018,percentage,with post-secondary non-tertiary qualification,female,,,18.492
2019,percentage,with post-secondary non-tertiary qualification,female,,,18.411
2020,percentage,with post-secondary non-tertiary qualification,female,,,19.328
2021,percentage,with post-secondary non-tertiary qualification,female,,,18.8
2000,percentage,with post-secondary non-tertiary qualification,female,,,9.101
2001,percentage,with post-secondary non-tertiary qualification,female,,,9.4
2002,percentage,with post-secondary non-tertiary qualification,female,,,9.16
2003,percentage,with post-secondary non-tertiary qualification,female,,,9.682
2004,percentage,with post-secondary non-tertiary qualification,female,,,10.395
2005,percentage,with post-secondary non-tertiary qualification,female,,,10.873
2006,percentage,with post-secondary non-tertiary qualification,female,,,12.066
2007,percentage,with post-secondary non-tertiary qualification,female,,,12.363
2008,percentage,with post-secondary non-tertiary qualification,female,,,12.711
2009,percentage,with post-secondary non-tertiary qualification,female,,,13.032
2030,percentage,with post-secondary non-tertiary qualification,,,,
1999,percentage,with post-secondary non-tertiary qualification,male,,,7.144
2010,percentage,with post-secondary non-tertiary qualification,male,,,10.095
2011,percentage,with post-secondary non-tertiary qualification,male,,,10.23
2012,percentage,with post-secondary non-tertiary qualification,male,,,9.935
2013,percentage,with post-secondary non-tertiary qualification,male,,,10.018
2014,percentage,with post-secondary non-tertiary qualification,male,,,11.015
2015,percentage,with post-secondary non-tertiary qualification,male,,,10.918
2016,percentage,with post-secondary non-tertiary qualification,male,,,11.274
2017,percentage,with post-secondary non-tertiary qualification,male,,,11.372
2018,percentage,with post-secondary non-tertiary qualification,male,,,11.485
2019,percentage,with post-secondary non-tertiary qualification,male,,,11.664
2020,percentage,with post-secondary non-tertiary qualification,male,,,12.261
2021,percentage,with post-secondary non-tertiary qualification,male,,,12.1
2000,percentage,with post-secondary non-tertiary qualification,male,,,6.283
2001,percentage,with post-secondary non-tertiary qualification,male,,,6.869
2002,percentage,with post-secondary non-tertiary qualification,male,,,7.29
2003,percentage,with post-secondary non-tertiary qualification,male,,,8.062
2004,percentage,with post-secondary non-tertiary qualification,male,,,8.571
2005,percentage,with post-secondary non-tertiary qualification,male,,,8.995
2006,percentage,with post-secondary non-tertiary qualification,male,,,9.273
2007,percentage,with post-secondary non-tertiary qualification,male,,,9.941
2008,percentage,with post-secondary non-tertiary qualification,male,,,9.633
2009,percentage,with post-secondary non-tertiary qualification,male,,,9.673
2030,percentage,with post-secondary non-tertiary qualification,,,,
