Year,Units,time series,sex,federal state,GeoCode,Value
1999,percentage,total,,,,33.35
2000,percentage,total,,,,33.0
2001,percentage,total,,,,33.17
2002,percentage,total,,,,33.28
2003,percentage,total,,,,33.89
2004,percentage,total,,,,36.22
2005,percentage,total,,,,35.99
2006,percentage,total,,,,36.5
2007,percentage,total,,,,37.63
2008,percentage,total,,,,38.77
2009,percentage,total,,,,40.71
2010,percentage,total,,,,41.31
2011,percentage,total,,,,42.22
2012,percentage,total,,,,43.43
2013,percentage,total,,,,44.48
2014,percentage,total,,,,45.67
2015,percentage,total,,,,46.77
2016,percentage,total,,,,47.88
2017,percentage,total,,,,48.84
2018,percentage,total,,,,49.83
2019,percentage,total,,,,50.49
2020,percentage,total,,,,52.3
1999,percentage,total,female,,,31.39
2000,percentage,total,female,,,30.88
2001,percentage,total,female,,,31.09
2002,percentage,total,female,,,31.25
2003,percentage,total,female,,,32.19
2004,percentage,total,female,,,34.65
2005,percentage,total,female,,,35.0
2006,percentage,total,female,,,36.48
2007,percentage,total,female,,,38.03
2008,percentage,total,female,,,39.68
2009,percentage,total,female,,,42.21
2010,percentage,total,female,,,42.68
2011,percentage,total,female,,,44.42
2012,percentage,total,female,,,46.04
2013,percentage,total,female,,,46.8
2014,percentage,total,female,,,48.42
2015,percentage,total,female,,,50.52
2016,percentage,total,female,,,51.3
2017,percentage,total,female,,,52.64
2018,percentage,total,female,,,53.83
2019,percentage,total,female,,,54.41
2020,percentage,total,female,,,56.63
1999,percentage,total,male,,,35.22
2000,percentage,total,male,,,35.05
2001,percentage,total,male,,,35.2
2002,percentage,total,male,,,35.22
2003,percentage,total,male,,,35.49
2004,percentage,total,male,,,37.72
2005,percentage,total,male,,,36.95
2006,percentage,total,male,,,36.52
2007,percentage,total,male,,,37.25
2008,percentage,total,male,,,37.86
2009,percentage,total,male,,,39.23
2010,percentage,total,male,,,39.97
2011,percentage,total,male,,,40.07
2012,percentage,total,male,,,40.88
2013,percentage,total,male,,,42.2
2014,percentage,total,male,,,42.94
2015,percentage,total,male,,,43.11
2016,percentage,total,male,,,44.57
2017,percentage,total,male,,,45.19
2018,percentage,total,male,,,46.02
2019,percentage,total,male,,,46.76
2020,percentage,total,male,,,48.26
1999,percentage,total,,baden-wuerttemberg,code08,
2000,percentage,total,,baden-wuerttemberg,code08,
2001,percentage,total,,baden-wuerttemberg,code08,
2002,percentage,total,,baden-wuerttemberg,code08,
2003,percentage,total,,baden-wuerttemberg,code08,
2004,percentage,total,,baden-wuerttemberg,code08,
2005,percentage,total,,baden-wuerttemberg,code08,36.88
2006,percentage,total,,baden-wuerttemberg,code08,36.9
2007,percentage,total,,baden-wuerttemberg,code08,37.6
2008,percentage,total,,baden-wuerttemberg,code08,37.8
2009,percentage,total,,baden-wuerttemberg,code08,41.9
2010,percentage,total,,baden-wuerttemberg,code08,42.28
2011,percentage,total,,baden-wuerttemberg,code08,43.36
2012,percentage,total,,baden-wuerttemberg,code08,44.92
2013,percentage,total,,baden-wuerttemberg,code08,47.29
2014,percentage,total,,baden-wuerttemberg,code08,47.35
2015,percentage,total,,baden-wuerttemberg,code08,48.37
2016,percentage,total,,baden-wuerttemberg,code08,50.18
2017,percentage,total,,baden-wuerttemberg,code08,50.69
2018,percentage,total,,baden-wuerttemberg,code08,51.4
2019,percentage,total,,baden-wuerttemberg,code08,53.92
2020,percentage,total,,baden-wuerttemberg,code08,54.11
1999,percentage,total,female,baden-wuerttemberg,code08,
2000,percentage,total,female,baden-wuerttemberg,code08,
2001,percentage,total,female,baden-wuerttemberg,code08,
2002,percentage,total,female,baden-wuerttemberg,code08,
2003,percentage,total,female,baden-wuerttemberg,code08,
2004,percentage,total,female,baden-wuerttemberg,code08,
2005,percentage,total,female,baden-wuerttemberg,code08,33.1
2006,percentage,total,female,baden-wuerttemberg,code08,34.2
2007,percentage,total,female,baden-wuerttemberg,code08,35.7
2008,percentage,total,female,baden-wuerttemberg,code08,36.0
2009,percentage,total,female,baden-wuerttemberg,code08,41.0
2010,percentage,total,female,baden-wuerttemberg,code08,40.7
2011,percentage,total,female,baden-wuerttemberg,code08,41.9
2012,percentage,total,female,baden-wuerttemberg,code08,44.4
2013,percentage,total,female,baden-wuerttemberg,code08,46.1
2014,percentage,total,female,baden-wuerttemberg,code08,48.1
2015,percentage,total,female,baden-wuerttemberg,code08,49.6
2016,percentage,total,female,baden-wuerttemberg,code08,50.9
2017,percentage,total,female,baden-wuerttemberg,code08,51.5
2018,percentage,total,female,baden-wuerttemberg,code08,52.28
2019,percentage,total,female,baden-wuerttemberg,code08,56.61
2020,percentage,total,female,baden-wuerttemberg,code08,56.92
1999,percentage,total,male,baden-wuerttemberg,code08,
2000,percentage,total,male,baden-wuerttemberg,code08,
2001,percentage,total,male,baden-wuerttemberg,code08,
2002,percentage,total,male,baden-wuerttemberg,code08,
2003,percentage,total,male,baden-wuerttemberg,code08,
2004,percentage,total,male,baden-wuerttemberg,code08,
2005,percentage,total,male,baden-wuerttemberg,code08,40.5
2006,percentage,total,male,baden-wuerttemberg,code08,39.4
2007,percentage,total,male,baden-wuerttemberg,code08,39.5
2008,percentage,total,male,baden-wuerttemberg,code08,39.7
2009,percentage,total,male,baden-wuerttemberg,code08,42.8
2010,percentage,total,male,baden-wuerttemberg,code08,43.9
2011,percentage,total,male,baden-wuerttemberg,code08,44.9
2012,percentage,total,male,baden-wuerttemberg,code08,45.4
2013,percentage,total,male,baden-wuerttemberg,code08,48.4
2014,percentage,total,male,baden-wuerttemberg,code08,46.6
2015,percentage,total,male,baden-wuerttemberg,code08,47.2
2016,percentage,total,male,baden-wuerttemberg,code08,49.5
2017,percentage,total,male,baden-wuerttemberg,code08,49.9
2018,percentage,total,male,baden-wuerttemberg,code08,50.58
2019,percentage,total,male,baden-wuerttemberg,code08,51.45
2020,percentage,total,male,baden-wuerttemberg,code08,51.57
1999,percentage,total,,bavaria,code09,
2000,percentage,total,,bavaria,code09,
2001,percentage,total,,bavaria,code09,
2002,percentage,total,,bavaria,code09,
2003,percentage,total,,bavaria,code09,
2004,percentage,total,,bavaria,code09,
2005,percentage,total,,bavaria,code09,35.15
2006,percentage,total,,bavaria,code09,34.7
2007,percentage,total,,bavaria,code09,35.8
2008,percentage,total,,bavaria,code09,37.5
2009,percentage,total,,bavaria,code09,39.4
2010,percentage,total,,bavaria,code09,40.39
2011,percentage,total,,bavaria,code09,41.1
2012,percentage,total,,bavaria,code09,43.58
2013,percentage,total,,bavaria,code09,45.31
2014,percentage,total,,bavaria,code09,45.82
2015,percentage,total,,bavaria,code09,45.68
2016,percentage,total,,bavaria,code09,48.01
2017,percentage,total,,bavaria,code09,48.76
2018,percentage,total,,bavaria,code09,50.03
2019,percentage,total,,bavaria,code09,49.55
2020,percentage,total,,bavaria,code09,51.07
1999,percentage,total,female,bavaria,code09,
2000,percentage,total,female,bavaria,code09,
2001,percentage,total,female,bavaria,code09,
2002,percentage,total,female,bavaria,code09,
2003,percentage,total,female,bavaria,code09,
2004,percentage,total,female,bavaria,code09,
2005,percentage,total,female,bavaria,code09,32.9
2006,percentage,total,female,bavaria,code09,33.1
2007,percentage,total,female,bavaria,code09,34.8
2008,percentage,total,female,bavaria,code09,36.8
2009,percentage,total,female,bavaria,code09,38.5
2010,percentage,total,female,bavaria,code09,40.2
2011,percentage,total,female,bavaria,code09,41.6
2012,percentage,total,female,bavaria,code09,44.8
2013,percentage,total,female,bavaria,code09,45.3
2014,percentage,total,female,bavaria,code09,46.1
2015,percentage,total,female,bavaria,code09,47.4
2016,percentage,total,female,bavaria,code09,49.5
2017,percentage,total,female,bavaria,code09,50.8
2018,percentage,total,female,bavaria,code09,52.18
2019,percentage,total,female,bavaria,code09,50.82
2020,percentage,total,female,bavaria,code09,52.57
1999,percentage,total,male,bavaria,code09,
2000,percentage,total,male,bavaria,code09,
2001,percentage,total,male,bavaria,code09,
2002,percentage,total,male,bavaria,code09,
2003,percentage,total,male,bavaria,code09,
2004,percentage,total,male,bavaria,code09,
2005,percentage,total,male,bavaria,code09,37.4
2006,percentage,total,male,bavaria,code09,36.2
2007,percentage,total,male,bavaria,code09,36.9
2008,percentage,total,male,bavaria,code09,38.3
2009,percentage,total,male,bavaria,code09,40.3
2010,percentage,total,male,bavaria,code09,40.6
2011,percentage,total,male,bavaria,code09,40.7
2012,percentage,total,male,bavaria,code09,42.4
2013,percentage,total,male,bavaria,code09,45.3
2014,percentage,total,male,bavaria,code09,45.5
2015,percentage,total,male,bavaria,code09,43.9
2016,percentage,total,male,bavaria,code09,46.6
2017,percentage,total,male,bavaria,code09,46.9
2018,percentage,total,male,bavaria,code09,48.05
2019,percentage,total,male,bavaria,code09,48.34
2020,percentage,total,male,bavaria,code09,49.67
1999,percentage,total,,berlin,code11,
2000,percentage,total,,berlin,code11,
2001,percentage,total,,berlin,code11,
2002,percentage,total,,berlin,code11,
2003,percentage,total,,berlin,code11,
2004,percentage,total,,berlin,code11,
2005,percentage,total,,berlin,code11,46.17
2006,percentage,total,,berlin,code11,46.6
2007,percentage,total,,berlin,code11,49.2
2008,percentage,total,,berlin,code11,47.1
2009,percentage,total,,berlin,code11,50.4
2010,percentage,total,,berlin,code11,50.74
2011,percentage,total,,berlin,code11,51.84
2012,percentage,total,,berlin,code11,53.7
2013,percentage,total,,berlin,code11,53.23
2014,percentage,total,,berlin,code11,53.96
2015,percentage,total,,berlin,code11,56.68
2016,percentage,total,,berlin,code11,59.72
2017,percentage,total,,berlin,code11,60.9
2018,percentage,total,,berlin,code11,62.66
2019,percentage,total,,berlin,code11,64.8
2020,percentage,total,,berlin,code11,65.59
1999,percentage,total,female,berlin,code11,
2000,percentage,total,female,berlin,code11,
2001,percentage,total,female,berlin,code11,
2002,percentage,total,female,berlin,code11,
2003,percentage,total,female,berlin,code11,
2004,percentage,total,female,berlin,code11,
2005,percentage,total,female,berlin,code11,47.1
2006,percentage,total,female,berlin,code11,50.1
2007,percentage,total,female,berlin,code11,53.0
2008,percentage,total,female,berlin,code11,49.9
2009,percentage,total,female,berlin,code11,56.2
2010,percentage,total,female,berlin,code11,56.0
2011,percentage,total,female,berlin,code11,59.3
2012,percentage,total,female,berlin,code11,60.2
2013,percentage,total,female,berlin,code11,59.1
2014,percentage,total,female,berlin,code11,59.8
2015,percentage,total,female,berlin,code11,63.7
2016,percentage,total,female,berlin,code11,63.6
2017,percentage,total,female,berlin,code11,66.1
2018,percentage,total,female,berlin,code11,66.99
2019,percentage,total,female,berlin,code11,69.18
2020,percentage,total,female,berlin,code11,69.73
1999,percentage,total,male,berlin,code11,
2000,percentage,total,male,berlin,code11,
2001,percentage,total,male,berlin,code11,
2002,percentage,total,male,berlin,code11,
2003,percentage,total,male,berlin,code11,
2004,percentage,total,male,berlin,code11,
2005,percentage,total,male,berlin,code11,45.3
2006,percentage,total,male,berlin,code11,43.2
2007,percentage,total,male,berlin,code11,45.5
2008,percentage,total,male,berlin,code11,44.5
2009,percentage,total,male,berlin,code11,44.4
2010,percentage,total,male,berlin,code11,45.8
2011,percentage,total,male,berlin,code11,44.7
2012,percentage,total,male,berlin,code11,47.5
2013,percentage,total,male,berlin,code11,47.6
2014,percentage,total,male,berlin,code11,48.4
2015,percentage,total,male,berlin,code11,49.7
2016,percentage,total,male,berlin,code11,55.7
2017,percentage,total,male,berlin,code11,55.7
2018,percentage,total,male,berlin,code11,58.27
2019,percentage,total,male,berlin,code11,60.32
2020,percentage,total,male,berlin,code11,61.81
1999,percentage,total,,brandenburg,code12,
2000,percentage,total,,brandenburg,code12,
2001,percentage,total,,brandenburg,code12,
2002,percentage,total,,brandenburg,code12,
2003,percentage,total,,brandenburg,code12,
2004,percentage,total,,brandenburg,code12,
2005,percentage,total,,brandenburg,code12,32.11
2006,percentage,total,,brandenburg,code12,33.2
2007,percentage,total,,brandenburg,code12,34.7
2008,percentage,total,,brandenburg,code12,38.6
2009,percentage,total,,brandenburg,code12,41.1
2010,percentage,total,,brandenburg,code12,41.4
2011,percentage,total,,brandenburg,code12,44.47
2012,percentage,total,,brandenburg,code12,42.08
2013,percentage,total,,brandenburg,code12,42.57
2014,percentage,total,,brandenburg,code12,44.17
2015,percentage,total,,brandenburg,code12,43.26
2016,percentage,total,,brandenburg,code12,45.41
2017,percentage,total,,brandenburg,code12,42.42
2018,percentage,total,,brandenburg,code12,45.28
2019,percentage,total,,brandenburg,code12,44.44
2020,percentage,total,,brandenburg,code12,50.15
1999,percentage,total,female,brandenburg,code12,
2000,percentage,total,female,brandenburg,code12,
2001,percentage,total,female,brandenburg,code12,
2002,percentage,total,female,brandenburg,code12,
2003,percentage,total,female,brandenburg,code12,
2004,percentage,total,female,brandenburg,code12,
2005,percentage,total,female,brandenburg,code12,36.9
2006,percentage,total,female,brandenburg,code12,39.5
2007,percentage,total,female,brandenburg,code12,42.2
2008,percentage,total,female,brandenburg,code12,47.1
2009,percentage,total,female,brandenburg,code12,47.8
2010,percentage,total,female,brandenburg,code12,50.2
2011,percentage,total,female,brandenburg,code12,53.6
2012,percentage,total,female,brandenburg,code12,51.6
2013,percentage,total,female,brandenburg,code12,49.0
2014,percentage,total,female,brandenburg,code12,50.5
2015,percentage,total,female,brandenburg,code12,53.2
2016,percentage,total,female,brandenburg,code12,54.2
2017,percentage,total,female,brandenburg,code12,48.4
2018,percentage,total,female,brandenburg,code12,53.54
2019,percentage,total,female,brandenburg,code12,52.09
2020,percentage,total,female,brandenburg,code12,57.13
1999,percentage,total,male,brandenburg,code12,
2000,percentage,total,male,brandenburg,code12,
2001,percentage,total,male,brandenburg,code12,
2002,percentage,total,male,brandenburg,code12,
2003,percentage,total,male,brandenburg,code12,
2004,percentage,total,male,brandenburg,code12,
2005,percentage,total,male,brandenburg,code12,27.5
2006,percentage,total,male,brandenburg,code12,27.5
2007,percentage,total,male,brandenburg,code12,27.3
2008,percentage,total,male,brandenburg,code12,30.4
2009,percentage,total,male,brandenburg,code12,35.2
2010,percentage,total,male,brandenburg,code12,33.4
2011,percentage,total,male,brandenburg,code12,35.8
2012,percentage,total,male,brandenburg,code12,33.9
2013,percentage,total,male,brandenburg,code12,36.5
2014,percentage,total,male,brandenburg,code12,37.6
2015,percentage,total,male,brandenburg,code12,34.1
2016,percentage,total,male,brandenburg,code12,36.9
2017,percentage,total,male,brandenburg,code12,36.8
2018,percentage,total,male,brandenburg,code12,36.84
2019,percentage,total,male,brandenburg,code12,36.72
2020,percentage,total,male,brandenburg,code12,43.02
1999,percentage,total,,bremen,code04,
2000,percentage,total,,bremen,code04,
2001,percentage,total,,bremen,code04,
2002,percentage,total,,bremen,code04,
2003,percentage,total,,bremen,code04,
2004,percentage,total,,bremen,code04,
2005,percentage,total,,bremen,code04,33.79
2006,percentage,total,,bremen,code04,36.8
2007,percentage,total,,bremen,code04,38.2
2008,percentage,total,,bremen,code04,39.4
2009,percentage,total,,bremen,code04,32.7
2010,percentage,total,,bremen,code04,41.46
2011,percentage,total,,bremen,code04,43.16
2012,percentage,total,,bremen,code04,41.83
2013,percentage,total,,bremen,code04,44.32
2014,percentage,total,,bremen,code04,53.39
2015,percentage,total,,bremen,code04,50.5
2016,percentage,total,,bremen,code04,46.57
2017,percentage,total,,bremen,code04,52.05
2018,percentage,total,,bremen,code04,52.3
2019,percentage,total,,bremen,code04,49.13
2020,percentage,total,,bremen,code04,49.88
1999,percentage,total,female,bremen,code04,
2000,percentage,total,female,bremen,code04,
2001,percentage,total,female,bremen,code04,
2002,percentage,total,female,bremen,code04,
2003,percentage,total,female,bremen,code04,
2004,percentage,total,female,bremen,code04,
2005,percentage,total,female,bremen,code04,35.3
2006,percentage,total,female,bremen,code04,40.1
2007,percentage,total,female,bremen,code04,40.3
2008,percentage,total,female,bremen,code04,40.8
2009,percentage,total,female,bremen,code04,36.1
2010,percentage,total,female,bremen,code04,36.9
2011,percentage,total,female,bremen,code04,47.8
2012,percentage,total,female,bremen,code04,46.0
2013,percentage,total,female,bremen,code04,48.2
2014,percentage,total,female,bremen,code04,57.5
2015,percentage,total,female,bremen,code04,54.6
2016,percentage,total,female,bremen,code04,50.1
2017,percentage,total,female,bremen,code04,57.0
2018,percentage,total,female,bremen,code04,56.81
2019,percentage,total,female,bremen,code04,56.67
2020,percentage,total,female,bremen,code04,58.77
1999,percentage,total,male,bremen,code04,
2000,percentage,total,male,bremen,code04,
2001,percentage,total,male,bremen,code04,
2002,percentage,total,male,bremen,code04,
2003,percentage,total,male,bremen,code04,
2004,percentage,total,male,bremen,code04,
2005,percentage,total,male,bremen,code04,32.3
2006,percentage,total,male,bremen,code04,33.9
2007,percentage,total,male,bremen,code04,36.3
2008,percentage,total,male,bremen,code04,38.0
2009,percentage,total,male,bremen,code04,28.8
2010,percentage,total,male,bremen,code04,46.5
2011,percentage,total,male,bremen,code04,37.8
2012,percentage,total,male,bremen,code04,38.1
2013,percentage,total,male,bremen,code04,41.3
2014,percentage,total,male,bremen,code04,49.6
2015,percentage,total,male,bremen,code04,46.8
2016,percentage,total,male,bremen,code04,42.7
2017,percentage,total,male,bremen,code04,47.3
2018,percentage,total,male,bremen,code04,47.9
2019,percentage,total,male,bremen,code04,42.25
2020,percentage,total,male,bremen,code04,41.74
1999,percentage,total,,hamburg,code02,
2000,percentage,total,,hamburg,code02,
2001,percentage,total,,hamburg,code02,
2002,percentage,total,,hamburg,code02,
2003,percentage,total,,hamburg,code02,
2004,percentage,total,,hamburg,code02,
2005,percentage,total,,hamburg,code02,45.72
2006,percentage,total,,hamburg,code02,48.6
2007,percentage,total,,hamburg,code02,49.4
2008,percentage,total,,hamburg,code02,50.1
2009,percentage,total,,hamburg,code02,53.1
2010,percentage,total,,hamburg,code02,52.5
2011,percentage,total,,hamburg,code02,55.37
2012,percentage,total,,hamburg,code02,54.42
2013,percentage,total,,hamburg,code02,55.4
2014,percentage,total,,hamburg,code02,58.52
2015,percentage,total,,hamburg,code02,60.57
2016,percentage,total,,hamburg,code02,59.97
2017,percentage,total,,hamburg,code02,58.39
2018,percentage,total,,hamburg,code02,62.48
2019,percentage,total,,hamburg,code02,60.12
2020,percentage,total,,hamburg,code02,60.17
1999,percentage,total,female,hamburg,code02,
2000,percentage,total,female,hamburg,code02,
2001,percentage,total,female,hamburg,code02,
2002,percentage,total,female,hamburg,code02,
2003,percentage,total,female,hamburg,code02,
2004,percentage,total,female,hamburg,code02,
2005,percentage,total,female,hamburg,code02,47.5
2006,percentage,total,female,hamburg,code02,49.0
2007,percentage,total,female,hamburg,code02,53.8
2008,percentage,total,female,hamburg,code02,53.0
2009,percentage,total,female,hamburg,code02,54.0
2010,percentage,total,female,hamburg,code02,53.8
2011,percentage,total,female,hamburg,code02,57.1
2012,percentage,total,female,hamburg,code02,57.6
2013,percentage,total,female,hamburg,code02,60.1
2014,percentage,total,female,hamburg,code02,61.4
2015,percentage,total,female,hamburg,code02,62.5
2016,percentage,total,female,hamburg,code02,62.1
2017,percentage,total,female,hamburg,code02,63.0
2018,percentage,total,female,hamburg,code02,64.88
2019,percentage,total,female,hamburg,code02,61.18
2020,percentage,total,female,hamburg,code02,63.23
1999,percentage,total,male,hamburg,code02,
2000,percentage,total,male,hamburg,code02,
2001,percentage,total,male,hamburg,code02,
2002,percentage,total,male,hamburg,code02,
2003,percentage,total,male,hamburg,code02,
2004,percentage,total,male,hamburg,code02,
2005,percentage,total,male,hamburg,code02,44.1
2006,percentage,total,male,hamburg,code02,48.3
2007,percentage,total,male,hamburg,code02,45.2
2008,percentage,total,male,hamburg,code02,47.1
2009,percentage,total,male,hamburg,code02,52.2
2010,percentage,total,male,hamburg,code02,51.3
2011,percentage,total,male,hamburg,code02,53.6
2012,percentage,total,male,hamburg,code02,51.1
2013,percentage,total,male,hamburg,code02,50.7
2014,percentage,total,male,hamburg,code02,55.4
2015,percentage,total,male,hamburg,code02,58.5
2016,percentage,total,male,hamburg,code02,58.0
2017,percentage,total,male,hamburg,code02,53.7
2018,percentage,total,male,hamburg,code02,60.04
2019,percentage,total,male,hamburg,code02,59.1
2020,percentage,total,male,hamburg,code02,57.17
1999,percentage,total,,hesse,code06,
2000,percentage,total,,hesse,code06,
2001,percentage,total,,hesse,code06,
2002,percentage,total,,hesse,code06,
2003,percentage,total,,hesse,code06,
2004,percentage,total,,hesse,code06,
2005,percentage,total,,hesse,code06,40.65
2006,percentage,total,,hesse,code06,40.2
2007,percentage,total,,hesse,code06,40.9
2008,percentage,total,,hesse,code06,40.3
2009,percentage,total,,hesse,code06,43.1
2010,percentage,total,,hesse,code06,45.45
2011,percentage,total,,hesse,code06,46.11
2012,percentage,total,,hesse,code06,47.16
2013,percentage,total,,hesse,code06,47.57
2014,percentage,total,,hesse,code06,46.33
2015,percentage,total,,hesse,code06,49.36
2016,percentage,total,,hesse,code06,50.41
2017,percentage,total,,hesse,code06,54.08
2018,percentage,total,,hesse,code06,52.44
2019,percentage,total,,hesse,code06,52.73
2020,percentage,total,,hesse,code06,52.76
1999,percentage,total,female,hesse,code06,
2000,percentage,total,female,hesse,code06,
2001,percentage,total,female,hesse,code06,
2002,percentage,total,female,hesse,code06,
2003,percentage,total,female,hesse,code06,
2004,percentage,total,female,hesse,code06,
2005,percentage,total,female,hesse,code06,38.7
2006,percentage,total,female,hesse,code06,38.8
2007,percentage,total,female,hesse,code06,39.8
2008,percentage,total,female,hesse,code06,40.6
2009,percentage,total,female,hesse,code06,44.1
2010,percentage,total,female,hesse,code06,46.3
2011,percentage,total,female,hesse,code06,46.7
2012,percentage,total,female,hesse,code06,48.0
2013,percentage,total,female,hesse,code06,48.9
2014,percentage,total,female,hesse,code06,47.9
2015,percentage,total,female,hesse,code06,52.1
2016,percentage,total,female,hesse,code06,53.0
2017,percentage,total,female,hesse,code06,58.5
2018,percentage,total,female,hesse,code06,57.0
2019,percentage,total,female,hesse,code06,57.35
2020,percentage,total,female,hesse,code06,54.52
1999,percentage,total,male,hesse,code06,
2000,percentage,total,male,hesse,code06,
2001,percentage,total,male,hesse,code06,
2002,percentage,total,male,hesse,code06,
2003,percentage,total,male,hesse,code06,
2004,percentage,total,male,hesse,code06,
2005,percentage,total,male,hesse,code06,42.6
2006,percentage,total,male,hesse,code06,41.6
2007,percentage,total,male,hesse,code06,41.9
2008,percentage,total,male,hesse,code06,39.9
2009,percentage,total,male,hesse,code06,42.0
2010,percentage,total,male,hesse,code06,44.6
2011,percentage,total,male,hesse,code06,45.5
2012,percentage,total,male,hesse,code06,46.3
2013,percentage,total,male,hesse,code06,46.1
2014,percentage,total,male,hesse,code06,44.8
2015,percentage,total,male,hesse,code06,46.6
2016,percentage,total,male,hesse,code06,47.8
2017,percentage,total,male,hesse,code06,49.6
2018,percentage,total,male,hesse,code06,48.01
2019,percentage,total,male,hesse,code06,48.34
2020,percentage,total,male,hesse,code06,51.06
1999,percentage,total,,mecklenburg western pomerania,code13,
2000,percentage,total,,mecklenburg western pomerania,code13,
2001,percentage,total,,mecklenburg western pomerania,code13,
2002,percentage,total,,mecklenburg western pomerania,code13,
2003,percentage,total,,mecklenburg western pomerania,code13,
2004,percentage,total,,mecklenburg western pomerania,code13,
2005,percentage,total,,mecklenburg western pomerania,code13,26.35
2006,percentage,total,,mecklenburg western pomerania,code13,31.1
2007,percentage,total,,mecklenburg western pomerania,code13,30.5
2008,percentage,total,,mecklenburg western pomerania,code13,32.3
2009,percentage,total,,mecklenburg western pomerania,code13,32.3
2010,percentage,total,,mecklenburg western pomerania,code13,33.17
2011,percentage,total,,mecklenburg western pomerania,code13,32.11
2012,percentage,total,,mecklenburg western pomerania,code13,30.77
2013,percentage,total,,mecklenburg western pomerania,code13,33.24
2014,percentage,total,,mecklenburg western pomerania,code13,35.45
2015,percentage,total,,mecklenburg western pomerania,code13,34.82
2016,percentage,total,,mecklenburg western pomerania,code13,32.65
2017,percentage,total,,mecklenburg western pomerania,code13,32.71
2018,percentage,total,,mecklenburg western pomerania,code13,37.94
2019,percentage,total,,mecklenburg western pomerania,code13,38.66
2020,percentage,total,,mecklenburg western pomerania,code13,39.38
1999,percentage,total,female,mecklenburg western pomerania,code13,
2000,percentage,total,female,mecklenburg western pomerania,code13,
2001,percentage,total,female,mecklenburg western pomerania,code13,
2002,percentage,total,female,mecklenburg western pomerania,code13,
2003,percentage,total,female,mecklenburg western pomerania,code13,
2004,percentage,total,female,mecklenburg western pomerania,code13,
2005,percentage,total,female,mecklenburg western pomerania,code13,27.0
2006,percentage,total,female,mecklenburg western pomerania,code13,37.3
2007,percentage,total,female,mecklenburg western pomerania,code13,37.2
2008,percentage,total,female,mecklenburg western pomerania,code13,39.4
2009,percentage,total,female,mecklenburg western pomerania,code13,37.4
2010,percentage,total,female,mecklenburg western pomerania,code13,36.5
2011,percentage,total,female,mecklenburg western pomerania,code13,35.3
2012,percentage,total,female,mecklenburg western pomerania,code13,38.5
2013,percentage,total,female,mecklenburg western pomerania,code13,42.1
2014,percentage,total,female,mecklenburg western pomerania,code13,43.3
2015,percentage,total,female,mecklenburg western pomerania,code13,44.1
2016,percentage,total,female,mecklenburg western pomerania,code13,39.2
2017,percentage,total,female,mecklenburg western pomerania,code13,39.7
2018,percentage,total,female,mecklenburg western pomerania,code13,44.36
2019,percentage,total,female,mecklenburg western pomerania,code13,41.24
2020,percentage,total,female,mecklenburg western pomerania,code13,45.98
1999,percentage,total,male,mecklenburg western pomerania,code13,
2000,percentage,total,male,mecklenburg western pomerania,code13,
2001,percentage,total,male,mecklenburg western pomerania,code13,
2002,percentage,total,male,mecklenburg western pomerania,code13,
2003,percentage,total,male,mecklenburg western pomerania,code13,
2004,percentage,total,male,mecklenburg western pomerania,code13,
2005,percentage,total,male,mecklenburg western pomerania,code13,25.8
2006,percentage,total,male,mecklenburg western pomerania,code13,26.1
2007,percentage,total,male,mecklenburg western pomerania,code13,25.0
2008,percentage,total,male,mecklenburg western pomerania,code13,26.7
2009,percentage,total,male,mecklenburg western pomerania,code13,27.7
2010,percentage,total,male,mecklenburg western pomerania,code13,30.4
2011,percentage,total,male,mecklenburg western pomerania,code13,29.3
2012,percentage,total,male,mecklenburg western pomerania,code13,23.9
2013,percentage,total,male,mecklenburg western pomerania,code13,25.4
2014,percentage,total,male,mecklenburg western pomerania,code13,28.3
2015,percentage,total,male,mecklenburg western pomerania,code13,26.9
2016,percentage,total,male,mecklenburg western pomerania,code13,27.0
2017,percentage,total,male,mecklenburg western pomerania,code13,26.1
2018,percentage,total,male,mecklenburg western pomerania,code13,32.37
2019,percentage,total,male,mecklenburg western pomerania,code13,36.44
2020,percentage,total,male,mecklenburg western pomerania,code13,33.21
1999,percentage,total,,lower saxony,code03,
2000,percentage,total,,lower saxony,code03,
2001,percentage,total,,lower saxony,code03,
2002,percentage,total,,lower saxony,code03,
2003,percentage,total,,lower saxony,code03,
2004,percentage,total,,lower saxony,code03,
2005,percentage,total,,lower saxony,code03,32.06
2006,percentage,total,,lower saxony,code03,31.7
2007,percentage,total,,lower saxony,code03,33.0
2008,percentage,total,,lower saxony,code03,34.0
2009,percentage,total,,lower saxony,code03,35.6
2010,percentage,total,,lower saxony,code03,36.19
2011,percentage,total,,lower saxony,code03,37.46
2012,percentage,total,,lower saxony,code03,38.13
2013,percentage,total,,lower saxony,code03,37.89
2014,percentage,total,,lower saxony,code03,40.07
2015,percentage,total,,lower saxony,code03,43.15
2016,percentage,total,,lower saxony,code03,41.38
2017,percentage,total,,lower saxony,code03,42.6
2018,percentage,total,,lower saxony,code03,44.02
2019,percentage,total,,lower saxony,code03,44.67
2020,percentage,total,,lower saxony,code03,47.84
1999,percentage,total,female,lower saxony,code03,
2000,percentage,total,female,lower saxony,code03,
2001,percentage,total,female,lower saxony,code03,
2002,percentage,total,female,lower saxony,code03,
2003,percentage,total,female,lower saxony,code03,
2004,percentage,total,female,lower saxony,code03,
2005,percentage,total,female,lower saxony,code03,29.5
2006,percentage,total,female,lower saxony,code03,29.9
2007,percentage,total,female,lower saxony,code03,30.9
2008,percentage,total,female,lower saxony,code03,33.1
2009,percentage,total,female,lower saxony,code03,36.2
2010,percentage,total,female,lower saxony,code03,37.5
2011,percentage,total,female,lower saxony,code03,39.6
2012,percentage,total,female,lower saxony,code03,40.5
2013,percentage,total,female,lower saxony,code03,38.8
2014,percentage,total,female,lower saxony,code03,42.3
2015,percentage,total,female,lower saxony,code03,46.3
2016,percentage,total,female,lower saxony,code03,44.5
2017,percentage,total,female,lower saxony,code03,45.9
2018,percentage,total,female,lower saxony,code03,48.51
2019,percentage,total,female,lower saxony,code03,49.04
2020,percentage,total,female,lower saxony,code03,52.94
1999,percentage,total,male,lower saxony,code03,
2000,percentage,total,male,lower saxony,code03,
2001,percentage,total,male,lower saxony,code03,
2002,percentage,total,male,lower saxony,code03,
2003,percentage,total,male,lower saxony,code03,
2004,percentage,total,male,lower saxony,code03,
2005,percentage,total,male,lower saxony,code03,34.6
2006,percentage,total,male,lower saxony,code03,33.5
2007,percentage,total,male,lower saxony,code03,35.1
2008,percentage,total,male,lower saxony,code03,34.9
2009,percentage,total,male,lower saxony,code03,34.9
2010,percentage,total,male,lower saxony,code03,34.9
2011,percentage,total,male,lower saxony,code03,35.4
2012,percentage,total,male,lower saxony,code03,35.7
2013,percentage,total,male,lower saxony,code03,37.0
2014,percentage,total,male,lower saxony,code03,37.9
2015,percentage,total,male,lower saxony,code03,40.1
2016,percentage,total,male,lower saxony,code03,38.4
2017,percentage,total,male,lower saxony,code03,39.5
2018,percentage,total,male,lower saxony,code03,39.82
2019,percentage,total,male,lower saxony,code03,40.67
2020,percentage,total,male,lower saxony,code03,42.91
1999,percentage,total,,north rhine-westphalia,code05,
2000,percentage,total,,north rhine-westphalia,code05,
2001,percentage,total,,north rhine-westphalia,code05,
2002,percentage,total,,north rhine-westphalia,code05,
2003,percentage,total,,north rhine-westphalia,code05,
2004,percentage,total,,north rhine-westphalia,code05,
2005,percentage,total,,north rhine-westphalia,code05,36.96
2006,percentage,total,,north rhine-westphalia,code05,37.8
2007,percentage,total,,north rhine-westphalia,code05,38.7
2008,percentage,total,,north rhine-westphalia,code05,40.9
2009,percentage,total,,north rhine-westphalia,code05,41.7
2010,percentage,total,,north rhine-westphalia,code05,41.29
2011,percentage,total,,north rhine-westphalia,code05,42.01
2012,percentage,total,,north rhine-westphalia,code05,44.4
2013,percentage,total,,north rhine-westphalia,code05,45.0
2014,percentage,total,,north rhine-westphalia,code05,47.84
2015,percentage,total,,north rhine-westphalia,code05,48.71
2016,percentage,total,,north rhine-westphalia,code05,50.25
2017,percentage,total,,north rhine-westphalia,code05,51.04
2018,percentage,total,,north rhine-westphalia,code05,50.57
2019,percentage,total,,north rhine-westphalia,code05,50.93
2020,percentage,total,,north rhine-westphalia,code05,54.4
1999,percentage,total,female,north rhine-westphalia,code05,
2000,percentage,total,female,north rhine-westphalia,code05,
2001,percentage,total,female,north rhine-westphalia,code05,
2002,percentage,total,female,north rhine-westphalia,code05,
2003,percentage,total,female,north rhine-westphalia,code05,
2004,percentage,total,female,north rhine-westphalia,code05,
2005,percentage,total,female,north rhine-westphalia,code05,36.4
2006,percentage,total,female,north rhine-westphalia,code05,38.0
2007,percentage,total,female,north rhine-westphalia,code05,38.4
2008,percentage,total,female,north rhine-westphalia,code05,41.5
2009,percentage,total,female,north rhine-westphalia,code05,42.6
2010,percentage,total,female,north rhine-westphalia,code05,42.1
2011,percentage,total,female,north rhine-westphalia,code05,43.8
2012,percentage,total,female,north rhine-westphalia,code05,46.8
2013,percentage,total,female,north rhine-westphalia,code05,47.4
2014,percentage,total,female,north rhine-westphalia,code05,50.8
2015,percentage,total,female,north rhine-westphalia,code05,52.6
2016,percentage,total,female,north rhine-westphalia,code05,54.2
2017,percentage,total,female,north rhine-westphalia,code05,54.6
2018,percentage,total,female,north rhine-westphalia,code05,55.14
2019,percentage,total,female,north rhine-westphalia,code05,55.34
2020,percentage,total,female,north rhine-westphalia,code05,60.29
1999,percentage,total,male,north rhine-westphalia,code05,
2000,percentage,total,male,north rhine-westphalia,code05,
2001,percentage,total,male,north rhine-westphalia,code05,
2002,percentage,total,male,north rhine-westphalia,code05,
2003,percentage,total,male,north rhine-westphalia,code05,
2004,percentage,total,male,north rhine-westphalia,code05,
2005,percentage,total,male,north rhine-westphalia,code05,37.5
2006,percentage,total,male,north rhine-westphalia,code05,37.7
2007,percentage,total,male,north rhine-westphalia,code05,39.0
2008,percentage,total,male,north rhine-westphalia,code05,40.3
2009,percentage,total,male,north rhine-westphalia,code05,40.8
2010,percentage,total,male,north rhine-westphalia,code05,40.5
2011,percentage,total,male,north rhine-westphalia,code05,40.3
2012,percentage,total,male,north rhine-westphalia,code05,42.0
2013,percentage,total,male,north rhine-westphalia,code05,42.6
2014,percentage,total,male,north rhine-westphalia,code05,44.8
2015,percentage,total,male,north rhine-westphalia,code05,44.8
2016,percentage,total,male,north rhine-westphalia,code05,46.3
2017,percentage,total,male,north rhine-westphalia,code05,47.6
2018,percentage,total,male,north rhine-westphalia,code05,46.1
2019,percentage,total,male,north rhine-westphalia,code05,46.71
2020,percentage,total,male,north rhine-westphalia,code05,48.73
1999,percentage,total,,rhineland palatinate,code07,
2000,percentage,total,,rhineland palatinate,code07,
2001,percentage,total,,rhineland palatinate,code07,
2002,percentage,total,,rhineland palatinate,code07,
2003,percentage,total,,rhineland palatinate,code07,
2004,percentage,total,,rhineland palatinate,code07,
2005,percentage,total,,rhineland palatinate,code07,30.42
2006,percentage,total,,rhineland palatinate,code07,31.9
2007,percentage,total,,rhineland palatinate,code07,32.9
2008,percentage,total,,rhineland palatinate,code07,35.3
2009,percentage,total,,rhineland palatinate,code07,36.7
2010,percentage,total,,rhineland palatinate,code07,38.49
2011,percentage,total,,rhineland palatinate,code07,39.96
2012,percentage,total,,rhineland palatinate,code07,42.26
2013,percentage,total,,rhineland palatinate,code07,41.9
2014,percentage,total,,rhineland palatinate,code07,43.67
2015,percentage,total,,rhineland palatinate,code07,42.58
2016,percentage,total,,rhineland palatinate,code07,44.23
2017,percentage,total,,rhineland palatinate,code07,44.14
2018,percentage,total,,rhineland palatinate,code07,44.58
2019,percentage,total,,rhineland palatinate,code07,48.18
2020,percentage,total,,rhineland palatinate,code07,50.02
1999,percentage,total,female,rhineland palatinate,code07,
2000,percentage,total,female,rhineland palatinate,code07,
2001,percentage,total,female,rhineland palatinate,code07,
2002,percentage,total,female,rhineland palatinate,code07,
2003,percentage,total,female,rhineland palatinate,code07,
2004,percentage,total,female,rhineland palatinate,code07,
2005,percentage,total,female,rhineland palatinate,code07,26.6
2006,percentage,total,female,rhineland palatinate,code07,29.3
2007,percentage,total,female,rhineland palatinate,code07,31.8
2008,percentage,total,female,rhineland palatinate,code07,35.1
2009,percentage,total,female,rhineland palatinate,code07,37.0
2010,percentage,total,female,rhineland palatinate,code07,37.0
2011,percentage,total,female,rhineland palatinate,code07,40.9
2012,percentage,total,female,rhineland palatinate,code07,42.3
2013,percentage,total,female,rhineland palatinate,code07,42.2
2014,percentage,total,female,rhineland palatinate,code07,45.6
2015,percentage,total,female,rhineland palatinate,code07,44.6
2016,percentage,total,female,rhineland palatinate,code07,46.6
2017,percentage,total,female,rhineland palatinate,code07,47.9
2018,percentage,total,female,rhineland palatinate,code07,46.72
2019,percentage,total,female,rhineland palatinate,code07,51.27
2020,percentage,total,female,rhineland palatinate,code07,53.55
1999,percentage,total,male,rhineland palatinate,code07,
2000,percentage,total,male,rhineland palatinate,code07,
2001,percentage,total,male,rhineland palatinate,code07,
2002,percentage,total,male,rhineland palatinate,code07,
2003,percentage,total,male,rhineland palatinate,code07,
2004,percentage,total,male,rhineland palatinate,code07,
2005,percentage,total,male,rhineland palatinate,code07,34.6
2006,percentage,total,male,rhineland palatinate,code07,34.7
2007,percentage,total,male,rhineland palatinate,code07,34.0
2008,percentage,total,male,rhineland palatinate,code07,35.5
2009,percentage,total,male,rhineland palatinate,code07,36.3
2010,percentage,total,male,rhineland palatinate,code07,40.1
2011,percentage,total,male,rhineland palatinate,code07,39.0
2012,percentage,total,male,rhineland palatinate,code07,42.2
2013,percentage,total,male,rhineland palatinate,code07,41.7
2014,percentage,total,male,rhineland palatinate,code07,41.6
2015,percentage,total,male,rhineland palatinate,code07,40.6
2016,percentage,total,male,rhineland palatinate,code07,41.9
2017,percentage,total,male,rhineland palatinate,code07,40.4
2018,percentage,total,male,rhineland palatinate,code07,42.47
2019,percentage,total,male,rhineland palatinate,code07,45.23
2020,percentage,total,male,rhineland palatinate,code07,46.46
1999,percentage,total,,saarland,code10,
2000,percentage,total,,saarland,code10,
2001,percentage,total,,saarland,code10,
2002,percentage,total,,saarland,code10,
2003,percentage,total,,saarland,code10,
2004,percentage,total,,saarland,code10,
2005,percentage,total,,saarland,code10,32.67
2006,percentage,total,,saarland,code10,35.0
2007,percentage,total,,saarland,code10,32.4
2008,percentage,total,,saarland,code10,36.2
2009,percentage,total,,saarland,code10,37.2
2010,percentage,total,,saarland,code10,32.86
2011,percentage,total,,saarland,code10,34.78
2012,percentage,total,,saarland,code10,38.26
2013,percentage,total,,saarland,code10,35.69
2014,percentage,total,,saarland,code10,35.75
2015,percentage,total,,saarland,code10,40.2
2016,percentage,total,,saarland,code10,41.4
2017,percentage,total,,saarland,code10,39.83
2018,percentage,total,,saarland,code10,44.6
2019,percentage,total,,saarland,code10,47.73
2020,percentage,total,,saarland,code10,55.3
1999,percentage,total,female,saarland,code10,
2000,percentage,total,female,saarland,code10,
2001,percentage,total,female,saarland,code10,
2002,percentage,total,female,saarland,code10,
2003,percentage,total,female,saarland,code10,
2004,percentage,total,female,saarland,code10,
2005,percentage,total,female,saarland,code10,32.8
2006,percentage,total,female,saarland,code10,35.0
2007,percentage,total,female,saarland,code10,33.0
2008,percentage,total,female,saarland,code10,37.2
2009,percentage,total,female,saarland,code10,40.2
2010,percentage,total,female,saarland,code10,36.8
2011,percentage,total,female,saarland,code10,38.7
2012,percentage,total,female,saarland,code10,42.2
2013,percentage,total,female,saarland,code10,39.9
2014,percentage,total,female,saarland,code10,35.8
2015,percentage,total,female,saarland,code10,41.3
2016,percentage,total,female,saarland,code10,37.9
2017,percentage,total,female,saarland,code10,40.4
2018,percentage,total,female,saarland,code10,49.16
2019,percentage,total,female,saarland,code10,54.21
2020,percentage,total,female,saarland,code10,65.87
1999,percentage,total,male,saarland,code10,
2000,percentage,total,male,saarland,code10,
2001,percentage,total,male,saarland,code10,
2002,percentage,total,male,saarland,code10,
2003,percentage,total,male,saarland,code10,
2004,percentage,total,male,saarland,code10,
2005,percentage,total,male,saarland,code10,32.5
2006,percentage,total,male,saarland,code10,35.0
2007,percentage,total,male,saarland,code10,31.7
2008,percentage,total,male,saarland,code10,35.1
2009,percentage,total,male,saarland,code10,34.2
2010,percentage,total,male,saarland,code10,28.8
2011,percentage,total,male,saarland,code10,30.8
2012,percentage,total,male,saarland,code10,34.7
2013,percentage,total,male,saarland,code10,32.3
2014,percentage,total,male,saarland,code10,35.8
2015,percentage,total,male,saarland,code10,39.2
2016,percentage,total,male,saarland,code10,44.4
2017,percentage,total,male,saarland,code10,39.4
2018,percentage,total,male,saarland,code10,40.81
2019,percentage,total,male,saarland,code10,41.48
2020,percentage,total,male,saarland,code10,44.2
1999,percentage,total,,saxony,code14,
2000,percentage,total,,saxony,code14,
2001,percentage,total,,saxony,code14,
2002,percentage,total,,saxony,code14,
2003,percentage,total,,saxony,code14,
2004,percentage,total,,saxony,code14,
2005,percentage,total,,saxony,code14,37.89
2006,percentage,total,,saxony,code14,40.6
2007,percentage,total,,saxony,code14,44.3
2008,percentage,total,,saxony,code14,44.4
2009,percentage,total,,saxony,code14,46.0
2010,percentage,total,,saxony,code14,46.36
2011,percentage,total,,saxony,code14,44.03
2012,percentage,total,,saxony,code14,42.67
2013,percentage,total,,saxony,code14,45.8
2014,percentage,total,,saxony,code14,46.18
2015,percentage,total,,saxony,code14,48.27
2016,percentage,total,,saxony,code14,46.22
2017,percentage,total,,saxony,code14,48.01
2018,percentage,total,,saxony,code14,49.18
2019,percentage,total,,saxony,code14,50.72
2020,percentage,total,,saxony,code14,51.6
1999,percentage,total,female,saxony,code14,
2000,percentage,total,female,saxony,code14,
2001,percentage,total,female,saxony,code14,
2002,percentage,total,female,saxony,code14,
2003,percentage,total,female,saxony,code14,
2004,percentage,total,female,saxony,code14,
2005,percentage,total,female,saxony,code14,42.1
2006,percentage,total,female,saxony,code14,48.2
2007,percentage,total,female,saxony,code14,52.4
2008,percentage,total,female,saxony,code14,52.4
2009,percentage,total,female,saxony,code14,55.4
2010,percentage,total,female,saxony,code14,55.0
2011,percentage,total,female,saxony,code14,53.1
2012,percentage,total,female,saxony,code14,50.5
2013,percentage,total,female,saxony,code14,55.4
2014,percentage,total,female,saxony,code14,54.3
2015,percentage,total,female,saxony,code14,56.3
2016,percentage,total,female,saxony,code14,54.9
2017,percentage,total,female,saxony,code14,56.9
2018,percentage,total,female,saxony,code14,57.38
2019,percentage,total,female,saxony,code14,59.76
2020,percentage,total,female,saxony,code14,58.95
1999,percentage,total,male,saxony,code14,
2000,percentage,total,male,saxony,code14,
2001,percentage,total,male,saxony,code14,
2002,percentage,total,male,saxony,code14,
2003,percentage,total,male,saxony,code14,
2004,percentage,total,male,saxony,code14,
2005,percentage,total,male,saxony,code14,34.3
2006,percentage,total,male,saxony,code14,34.0
2007,percentage,total,male,saxony,code14,37.3
2008,percentage,total,male,saxony,code14,37.8
2009,percentage,total,male,saxony,code14,37.8
2010,percentage,total,male,saxony,code14,38.6
2011,percentage,total,male,saxony,code14,36.2
2012,percentage,total,male,saxony,code14,36.0
2013,percentage,total,male,saxony,code14,37.8
2014,percentage,total,male,saxony,code14,39.1
2015,percentage,total,male,saxony,code14,41.0
2016,percentage,total,male,saxony,code14,38.4
2017,percentage,total,male,saxony,code14,39.9
2018,percentage,total,male,saxony,code14,41.56
2019,percentage,total,male,saxony,code14,41.69
2020,percentage,total,male,saxony,code14,44.42
1999,percentage,total,,saxony-anhalt,code15,
2000,percentage,total,,saxony-anhalt,code15,
2001,percentage,total,,saxony-anhalt,code15,
2002,percentage,total,,saxony-anhalt,code15,
2003,percentage,total,,saxony-anhalt,code15,
2004,percentage,total,,saxony-anhalt,code15,
2005,percentage,total,,saxony-anhalt,code15,27.9
2006,percentage,total,,saxony-anhalt,code15,28.4
2007,percentage,total,,saxony-anhalt,code15,27.0
2008,percentage,total,,saxony-anhalt,code15,30.3
2009,percentage,total,,saxony-anhalt,code15,32.3
2010,percentage,total,,saxony-anhalt,code15,32.16
2011,percentage,total,,saxony-anhalt,code15,31.44
2012,percentage,total,,saxony-anhalt,code15,30.9
2013,percentage,total,,saxony-anhalt,code15,30.62
2014,percentage,total,,saxony-anhalt,code15,32.35
2015,percentage,total,,saxony-anhalt,code15,34.21
2016,percentage,total,,saxony-anhalt,code15,33.41
2017,percentage,total,,saxony-anhalt,code15,35.82
2018,percentage,total,,saxony-anhalt,code15,38.58
2019,percentage,total,,saxony-anhalt,code15,36.57
2020,percentage,total,,saxony-anhalt,code15,39.88
1999,percentage,total,female,saxony-anhalt,code15,
2000,percentage,total,female,saxony-anhalt,code15,
2001,percentage,total,female,saxony-anhalt,code15,
2002,percentage,total,female,saxony-anhalt,code15,
2003,percentage,total,female,saxony-anhalt,code15,
2004,percentage,total,female,saxony-anhalt,code15,
2005,percentage,total,female,saxony-anhalt,code15,31.2
2006,percentage,total,female,saxony-anhalt,code15,32.1
2007,percentage,total,female,saxony-anhalt,code15,34.2
2008,percentage,total,female,saxony-anhalt,code15,36.6
2009,percentage,total,female,saxony-anhalt,code15,36.9
2010,percentage,total,female,saxony-anhalt,code15,37.1
2011,percentage,total,female,saxony-anhalt,code15,37.2
2012,percentage,total,female,saxony-anhalt,code15,36.3
2013,percentage,total,female,saxony-anhalt,code15,36.5
2014,percentage,total,female,saxony-anhalt,code15,38.9
2015,percentage,total,female,saxony-anhalt,code15,39.8
2016,percentage,total,female,saxony-anhalt,code15,41.5
2017,percentage,total,female,saxony-anhalt,code15,41.2
2018,percentage,total,female,saxony-anhalt,code15,44.33
2019,percentage,total,female,saxony-anhalt,code15,41.27
2020,percentage,total,female,saxony-anhalt,code15,50.36
1999,percentage,total,male,saxony-anhalt,code15,
2000,percentage,total,male,saxony-anhalt,code15,
2001,percentage,total,male,saxony-anhalt,code15,
2002,percentage,total,male,saxony-anhalt,code15,
2003,percentage,total,male,saxony-anhalt,code15,
2004,percentage,total,male,saxony-anhalt,code15,
2005,percentage,total,male,saxony-anhalt,code15,25.2
2006,percentage,total,male,saxony-anhalt,code15,24.9
2007,percentage,total,male,saxony-anhalt,code15,20.8
2008,percentage,total,male,saxony-anhalt,code15,24.7
2009,percentage,total,male,saxony-anhalt,code15,27.9
2010,percentage,total,male,saxony-anhalt,code15,27.5
2011,percentage,total,male,saxony-anhalt,code15,26.2
2012,percentage,total,male,saxony-anhalt,code15,25.9
2013,percentage,total,male,saxony-anhalt,code15,25.6
2014,percentage,total,male,saxony-anhalt,code15,26.5
2015,percentage,total,male,saxony-anhalt,code15,29.6
2016,percentage,total,male,saxony-anhalt,code15,26.4
2017,percentage,total,male,saxony-anhalt,code15,30.8
2018,percentage,total,male,saxony-anhalt,code15,32.81
2019,percentage,total,male,saxony-anhalt,code15,32.34
2020,percentage,total,male,saxony-anhalt,code15,30.51
1999,percentage,total,,schleswig-holstein,code01,
2000,percentage,total,,schleswig-holstein,code01,
2001,percentage,total,,schleswig-holstein,code01,
2002,percentage,total,,schleswig-holstein,code01,
2003,percentage,total,,schleswig-holstein,code01,
2004,percentage,total,,schleswig-holstein,code01,
2005,percentage,total,,schleswig-holstein,code01,32.52
2006,percentage,total,,schleswig-holstein,code01,30.6
2007,percentage,total,,schleswig-holstein,code01,31.8
2008,percentage,total,,schleswig-holstein,code01,32.1
2009,percentage,total,,schleswig-holstein,code01,34.6
2010,percentage,total,,schleswig-holstein,code01,35.78
2011,percentage,total,,schleswig-holstein,code01,40.39
2012,percentage,total,,schleswig-holstein,code01,37.28
2013,percentage,total,,schleswig-holstein,code01,38.19
2014,percentage,total,,schleswig-holstein,code01,38.89
2015,percentage,total,,schleswig-holstein,code01,39.66
2016,percentage,total,,schleswig-holstein,code01,40.06
2017,percentage,total,,schleswig-holstein,code01,42.43
2018,percentage,total,,schleswig-holstein,code01,43.39
2019,percentage,total,,schleswig-holstein,code01,43.43
2020,percentage,total,,schleswig-holstein,code01,43.4
1999,percentage,total,female,schleswig-holstein,code01,
2000,percentage,total,female,schleswig-holstein,code01,
2001,percentage,total,female,schleswig-holstein,code01,
2002,percentage,total,female,schleswig-holstein,code01,
2003,percentage,total,female,schleswig-holstein,code01,
2004,percentage,total,female,schleswig-holstein,code01,
2005,percentage,total,female,schleswig-holstein,code01,32.1
2006,percentage,total,female,schleswig-holstein,code01,30.9
2007,percentage,total,female,schleswig-holstein,code01,31.2
2008,percentage,total,female,schleswig-holstein,code01,32.7
2009,percentage,total,female,schleswig-holstein,code01,35.8
2010,percentage,total,female,schleswig-holstein,code01,36.7
2011,percentage,total,female,schleswig-holstein,code01,41.7
2012,percentage,total,female,schleswig-holstein,code01,39.2
2013,percentage,total,female,schleswig-holstein,code01,40.7
2014,percentage,total,female,schleswig-holstein,code01,40.7
2015,percentage,total,female,schleswig-holstein,code01,43.9
2016,percentage,total,female,schleswig-holstein,code01,42.9
2017,percentage,total,female,schleswig-holstein,code01,47.0
2018,percentage,total,female,schleswig-holstein,code01,49.13
2019,percentage,total,female,schleswig-holstein,code01,45.8
2020,percentage,total,female,schleswig-holstein,code01,43.4
1999,percentage,total,male,schleswig-holstein,code01,
2000,percentage,total,male,schleswig-holstein,code01,
2001,percentage,total,male,schleswig-holstein,code01,
2002,percentage,total,male,schleswig-holstein,code01,
2003,percentage,total,male,schleswig-holstein,code01,
2004,percentage,total,male,schleswig-holstein,code01,
2005,percentage,total,male,schleswig-holstein,code01,33.0
2006,percentage,total,male,schleswig-holstein,code01,30.3
2007,percentage,total,male,schleswig-holstein,code01,32.5
2008,percentage,total,male,schleswig-holstein,code01,31.3
2009,percentage,total,male,schleswig-holstein,code01,33.4
2010,percentage,total,male,schleswig-holstein,code01,34.9
2011,percentage,total,male,schleswig-holstein,code01,39.0
2012,percentage,total,male,schleswig-holstein,code01,35.3
2013,percentage,total,male,schleswig-holstein,code01,35.4
2014,percentage,total,male,schleswig-holstein,code01,37.0
2015,percentage,total,male,schleswig-holstein,code01,35.5
2016,percentage,total,male,schleswig-holstein,code01,37.4
2017,percentage,total,male,schleswig-holstein,code01,37.9
2018,percentage,total,male,schleswig-holstein,code01,37.78
2019,percentage,total,male,schleswig-holstein,code01,41.15
2020,percentage,total,male,schleswig-holstein,code01,43.4
1999,percentage,total,,thuringia,code16,
2000,percentage,total,,thuringia,code16,
2001,percentage,total,,thuringia,code16,
2002,percentage,total,,thuringia,code16,
2003,percentage,total,,thuringia,code16,
2004,percentage,total,,thuringia,code16,
2005,percentage,total,,thuringia,code16,31.24
2006,percentage,total,,thuringia,code16,32.2
2007,percentage,total,,thuringia,code16,36.5
2008,percentage,total,,thuringia,code16,35.7
2009,percentage,total,,thuringia,code16,35.4
2010,percentage,total,,thuringia,code16,36.4
2011,percentage,total,,thuringia,code16,37.2
2012,percentage,total,,thuringia,code16,39.1
2013,percentage,total,,thuringia,code16,39.8
2014,percentage,total,,thuringia,code16,37.6
2015,percentage,total,,thuringia,code16,36.89
2016,percentage,total,,thuringia,code16,40.28
2017,percentage,total,,thuringia,code16,40.68
2018,percentage,total,,thuringia,code16,44.57
2019,percentage,total,,thuringia,code16,44.77
2020,percentage,total,,thuringia,code16,43.4
1999,percentage,total,female,thuringia,code16,
2000,percentage,total,female,thuringia,code16,
2001,percentage,total,female,thuringia,code16,
2002,percentage,total,female,thuringia,code16,
2003,percentage,total,female,thuringia,code16,
2004,percentage,total,female,thuringia,code16,
2005,percentage,total,female,thuringia,code16,33.8
2006,percentage,total,female,thuringia,code16,35.1
2007,percentage,total,female,thuringia,code16,40.8
2008,percentage,total,female,thuringia,code16,41.9
2009,percentage,total,female,thuringia,code16,42.5
2010,percentage,total,female,thuringia,code16,43.0
2011,percentage,total,female,thuringia,code16,45.2
2012,percentage,total,female,thuringia,code16,46.3
2013,percentage,total,female,thuringia,code16,47.1
2014,percentage,total,female,thuringia,code16,44.5
2015,percentage,total,female,thuringia,code16,45.4
2016,percentage,total,female,thuringia,code16,48.0
2017,percentage,total,female,thuringia,code16,49.5
2018,percentage,total,female,thuringia,code16,51.74
2019,percentage,total,female,thuringia,code16,51.22
2020,percentage,total,female,thuringia,code16,43.4
1999,percentage,total,male,thuringia,code16,
2000,percentage,total,male,thuringia,code16,
2001,percentage,total,male,thuringia,code16,
2002,percentage,total,male,thuringia,code16,
2003,percentage,total,male,thuringia,code16,
2004,percentage,total,male,thuringia,code16,
2005,percentage,total,male,thuringia,code16,29.1
2006,percentage,total,male,thuringia,code16,29.7
2007,percentage,total,male,thuringia,code16,32.6
2008,percentage,total,male,thuringia,code16,30.4
2009,percentage,total,male,thuringia,code16,29.1
2010,percentage,total,male,thuringia,code16,30.5
2011,percentage,total,male,thuringia,code16,29.9
2012,percentage,total,male,thuringia,code16,32.8
2013,percentage,total,male,thuringia,code16,33.0
2014,percentage,total,male,thuringia,code16,31.3
2015,percentage,total,male,thuringia,code16,29.9
2016,percentage,total,male,thuringia,code16,33.4
2017,percentage,total,male,thuringia,code16,32.9
2018,percentage,total,male,thuringia,code16,38.1
2019,percentage,total,male,thuringia,code16,38.9
2020,percentage,total,male,thuringia,code16,43.4
1999,percentage,with tertiary qualification,,,,24.8
2000,percentage,with tertiary qualification,,,,25.33
2001,percentage,with tertiary qualification,,,,25.05
2002,percentage,with tertiary qualification,,,,25.07
2003,percentage,with tertiary qualification,,,,25.05
2004,percentage,with tertiary qualification,,,,26.76
2005,percentage,with tertiary qualification,,,,26.06
2006,percentage,with tertiary qualification,,,,25.85
2007,percentage,with tertiary qualification,,,,26.5
2008,percentage,with tertiary qualification,,,,27.6
2009,percentage,with tertiary qualification,,,,29.37
2010,percentage,with tertiary qualification,,,,29.77
2011,percentage,with tertiary qualification,,,,30.68
2012,percentage,with tertiary qualification,,,,31.9
2013,percentage,with tertiary qualification,,,,33.08
2014,percentage,with tertiary qualification,,,,31.36
2015,percentage,with tertiary qualification,,,,32.25
2016,percentage,with tertiary qualification,,,,33.1
2017,percentage,with tertiary qualification,,,,34.0
2018,percentage,with tertiary qualification,,,,34.93
2019,percentage,with tertiary qualification,,,,35.5
2020,percentage,with tertiary qualification,,,,36.6
