Year,Units,Series,xxxart der betreuung,Value
2006,percentage,all-day care provision for 0 to 2-year-old children,,6.499
2007,percentage,all-day care provision for 0 to 2-year-old children,,7.321
2008,percentage,all-day care provision for 0 to 2-year-old children,,8.284
2009,percentage,all-day care provision for 0 to 2-year-old children,,9.87
2010,percentage,all-day care provision for 0 to 2-year-old children,,11.597
2011,percentage,all-day care provision for 0 to 2-year-old children,,12.94
2012,percentage,all-day care provision for 0 to 2-year-old children,,14.629
2013,percentage,all-day care provision for 0 to 2-year-old children,,15.758
2014,percentage,all-day care provision for 0 to 2-year-old children,,17.462
2015,percentage,all-day care provision for 0 to 2-year-old children,,18.065
2016,percentage,all-day care provision for 0 to 2-year-old children,,18.32
2017,percentage,all-day care provision for 0 to 2-year-old children,,18.478
2018,percentage,all-day care provision for 0 to 2-year-old children,,18.837
2019,percentage,all-day care provision for 0 to 2-year-old children,,19.321
2020,percentage,all-day care provision for 0 to 2-year-old children,,19.583
2021,percentage,all-day care provision for 0 to 2-year-old children,,18.942
2022,percentage,all-day care provision for 0 to 2-year-old children,,19.297
2023,percentage,all-day care provision for 0 to 2-year-old children,,19.659
2024,percentage,all-day care provision for 0 to 2-year-old children,,19.97
2030,percentage,all-day care provision for 0 to 2-year-old children,,
2006,percentage,all-day care provision for 0 to 2-year-old children,xxxkindertageseinrichtungen,5.87
2007,percentage,all-day care provision for 0 to 2-year-old children,xxxkindertageseinrichtungen,6.521
2008,percentage,all-day care provision for 0 to 2-year-old children,xxxkindertageseinrichtungen,7.313
2009,percentage,all-day care provision for 0 to 2-year-old children,xxxkindertageseinrichtungen,8.669
2010,percentage,all-day care provision for 0 to 2-year-old children,xxxkindertageseinrichtungen,10.167
2011,percentage,all-day care provision for 0 to 2-year-old children,xxxkindertageseinrichtungen,11.344
2012,percentage,all-day care provision for 0 to 2-year-old children,xxxkindertageseinrichtungen,12.745
2013,percentage,all-day care provision for 0 to 2-year-old children,xxxkindertageseinrichtungen,13.718
2014,percentage,all-day care provision for 0 to 2-year-old children,xxxkindertageseinrichtungen,15.306
2015,percentage,all-day care provision for 0 to 2-year-old children,xxxkindertageseinrichtungen,15.919
2016,percentage,all-day care provision for 0 to 2-year-old children,xxxkindertageseinrichtungen,16.158
2017,percentage,all-day care provision for 0 to 2-year-old children,xxxkindertageseinrichtungen,16.231
2018,percentage,all-day care provision for 0 to 2-year-old children,xxxkindertageseinrichtungen,16.528
2019,percentage,all-day care provision for 0 to 2-year-old children,xxxkindertageseinrichtungen,16.914
2020,percentage,all-day care provision for 0 to 2-year-old children,xxxkindertageseinrichtungen,17.096
2021,percentage,all-day care provision for 0 to 2-year-old children,xxxkindertageseinrichtungen,16.461
2022,percentage,all-day care provision for 0 to 2-year-old children,xxxkindertageseinrichtungen,16.803
2023,percentage,all-day care provision for 0 to 2-year-old children,xxxkindertageseinrichtungen,17.079
2024,percentage,all-day care provision for 0 to 2-year-old children,xxxkindertageseinrichtungen,17.344
2006,percentage,all-day care provision for 0 to 2-year-old children,xxxtagespflege,0.629
2007,percentage,all-day care provision for 0 to 2-year-old children,xxxtagespflege,0.8
2008,percentage,all-day care provision for 0 to 2-year-old children,xxxtagespflege,0.971
2009,percentage,all-day care provision for 0 to 2-year-old children,xxxtagespflege,1.201
2010,percentage,all-day care provision for 0 to 2-year-old children,xxxtagespflege,1.43
2011,percentage,all-day care provision for 0 to 2-year-old children,xxxtagespflege,1.596
2012,percentage,all-day care provision for 0 to 2-year-old children,xxxtagespflege,1.884
2013,percentage,all-day care provision for 0 to 2-year-old children,xxxtagespflege,2.04
2014,percentage,all-day care provision for 0 to 2-year-old children,xxxtagespflege,2.155
2015,percentage,all-day care provision for 0 to 2-year-old children,xxxtagespflege,2.146
2016,percentage,all-day care provision for 0 to 2-year-old children,xxxtagespflege,2.162
2017,percentage,all-day care provision for 0 to 2-year-old children,xxxtagespflege,2.247
2018,percentage,all-day care provision for 0 to 2-year-old children,xxxtagespflege,2.31
2019,percentage,all-day care provision for 0 to 2-year-old children,xxxtagespflege,2.407
2020,percentage,all-day care provision for 0 to 2-year-old children,xxxtagespflege,2.487
2021,percentage,all-day care provision for 0 to 2-year-old children,xxxtagespflege,2.481
2022,percentage,all-day care provision for 0 to 2-year-old children,xxxtagespflege,2.495
2023,percentage,all-day care provision for 0 to 2-year-old children,xxxtagespflege,2.58
2024,percentage,all-day care provision for 0 to 2-year-old children,xxxtagespflege,2.626
2006,percentage,all-day care provision for 3 to 5-year-old children,,22.091
2007,percentage,all-day care provision for 3 to 5-year-old children,,24.329
2008,percentage,all-day care provision for 3 to 5-year-old children,,27.067
2009,percentage,all-day care provision for 3 to 5-year-old children,,29.87
2010,percentage,all-day care provision for 3 to 5-year-old children,,32.321
2011,percentage,all-day care provision for 3 to 5-year-old children,,34.879
2012,percentage,all-day care provision for 3 to 5-year-old children,,37.245
2013,percentage,all-day care provision for 3 to 5-year-old children,,39.485
2014,percentage,all-day care provision for 3 to 5-year-old children,,41.945
2015,percentage,all-day care provision for 3 to 5-year-old children,,43.935
2016,percentage,all-day care provision for 3 to 5-year-old children,,44.756
2017,percentage,all-day care provision for 3 to 5-year-old children,,45.509
2018,percentage,all-day care provision for 3 to 5-year-old children,,46.132
2019,percentage,all-day care provision for 3 to 5-year-old children,,47.178
2020,percentage,all-day care provision for 3 to 5-year-old children,,47.913
2021,percentage,all-day care provision for 3 to 5-year-old children,,47.324
2022,percentage,all-day care provision for 3 to 5-year-old children,,47.353
2023,percentage,all-day care provision for 3 to 5-year-old children,,47.003
2024,percentage,all-day care provision for 3 to 5-year-old children,,46.976
2030,percentage,all-day care provision for 3 to 5-year-old children,,
2006,percentage,all-day care provision for 3 to 5-year-old children,xxxkindertageseinrichtungen,21.963
2007,percentage,all-day care provision for 3 to 5-year-old children,xxxkindertageseinrichtungen,24.189
2008,percentage,all-day care provision for 3 to 5-year-old children,xxxkindertageseinrichtungen,26.896
2009,percentage,all-day care provision for 3 to 5-year-old children,xxxkindertageseinrichtungen,29.696
2010,percentage,all-day care provision for 3 to 5-year-old children,xxxkindertageseinrichtungen,32.138
2011,percentage,all-day care provision for 3 to 5-year-old children,xxxkindertageseinrichtungen,34.672
2012,percentage,all-day care provision for 3 to 5-year-old children,xxxkindertageseinrichtungen,37.041
2013,percentage,all-day care provision for 3 to 5-year-old children,xxxkindertageseinrichtungen,39.267
2014,percentage,all-day care provision for 3 to 5-year-old children,xxxkindertageseinrichtungen,41.701
2015,percentage,all-day care provision for 3 to 5-year-old children,xxxkindertageseinrichtungen,43.67
2016,percentage,all-day care provision for 3 to 5-year-old children,xxxkindertageseinrichtungen,44.49
2017,percentage,all-day care provision for 3 to 5-year-old children,xxxkindertageseinrichtungen,45.239
2018,percentage,all-day care provision for 3 to 5-year-old children,xxxkindertageseinrichtungen,45.838
2019,percentage,all-day care provision for 3 to 5-year-old children,xxxkindertageseinrichtungen,46.871
2020,percentage,all-day care provision for 3 to 5-year-old children,xxxkindertageseinrichtungen,47.553
2021,percentage,all-day care provision for 3 to 5-year-old children,xxxkindertageseinrichtungen,46.934
2022,percentage,all-day care provision for 3 to 5-year-old children,xxxkindertageseinrichtungen,46.99
2023,percentage,all-day care provision for 3 to 5-year-old children,xxxkindertageseinrichtungen,46.64
2024,percentage,all-day care provision for 3 to 5-year-old children,xxxkindertageseinrichtungen,46.607
2006,percentage,all-day care provision for 3 to 5-year-old children,xxxtagespflege,0.127
2007,percentage,all-day care provision for 3 to 5-year-old children,xxxtagespflege,0.141
2008,percentage,all-day care provision for 3 to 5-year-old children,xxxtagespflege,0.171
2009,percentage,all-day care provision for 3 to 5-year-old children,xxxtagespflege,0.174
2010,percentage,all-day care provision for 3 to 5-year-old children,xxxtagespflege,0.183
2011,percentage,all-day care provision for 3 to 5-year-old children,xxxtagespflege,0.207
2012,percentage,all-day care provision for 3 to 5-year-old children,xxxtagespflege,0.204
2013,percentage,all-day care provision for 3 to 5-year-old children,xxxtagespflege,0.218
2014,percentage,all-day care provision for 3 to 5-year-old children,xxxtagespflege,0.244
2015,percentage,all-day care provision for 3 to 5-year-old children,xxxtagespflege,0.265
2016,percentage,all-day care provision for 3 to 5-year-old children,xxxtagespflege,0.266
2017,percentage,all-day care provision for 3 to 5-year-old children,xxxtagespflege,0.27
2018,percentage,all-day care provision for 3 to 5-year-old children,xxxtagespflege,0.294
2019,percentage,all-day care provision for 3 to 5-year-old children,xxxtagespflege,0.306
2020,percentage,all-day care provision for 3 to 5-year-old children,xxxtagespflege,0.36
2021,percentage,all-day care provision for 3 to 5-year-old children,xxxtagespflege,0.39
2022,percentage,all-day care provision for 3 to 5-year-old children,xxxtagespflege,0.363
2023,percentage,all-day care provision for 3 to 5-year-old children,xxxtagespflege,0.363
2024,percentage,all-day care provision for 3 to 5-year-old children,xxxtagespflege,0.369
