Year,Units,display,Bundesland,GeoCode,Value
2008,percentage (%),a) time series,,,21.2
2009,percentage (%),a) time series,,,24.0
2010,percentage (%),a) time series,,,25.9
2011,percentage (%),a) time series,,,28.0
2012,percentage (%),a) time series,,,30.0
2013,percentage (%),a) time series,,,32.6
2014,percentage (%),a) time series,,,34.8
2015,percentage (%),a) time series,,,36.9
2016,percentage (%),a) time series,,,38.8
2017,percentage (%),a) time series,,,40.4
2030,percentage (%),b) target (min),,,65.0
2008,percentage (%),a) time series,bw,code08,20.6
2009,percentage (%),a) time series,bw,code08,24.6
2010,percentage (%),a) time series,bw,code08,27.4
2011,percentage (%),a) time series,bw,code08,30.5
2012,percentage (%),a) time series,bw,code08,33.4
2013,percentage (%),a) time series,bw,code08,36.7
2014,percentage (%),a) time series,bw,code08,39.2
2015,percentage (%),a) time series,bw,code08,40.9
2016,percentage (%),a) time series,bw,code08,42.2
2017,percentage (%),a) time series,bw,code08,43.7
2008,percentage (%),a) time series,by,code09,27.4
2009,percentage (%),a) time series,by,code09,30.7
2010,percentage (%),a) time series,by,code09,33.5
2011,percentage (%),a) time series,by,code09,36.5
2012,percentage (%),a) time series,by,code09,38.6
2013,percentage (%),a) time series,by,code09,40.5
2014,percentage (%),a) time series,by,code09,42.2
2015,percentage (%),a) time series,by,code09,44.8
2016,percentage (%),a) time series,by,code09,46.5
2017,percentage (%),a) time series,by,code09,47.7
2008,percentage (%),a) time series,be,code11,27.5
2009,percentage (%),a) time series,be,code11,30.7
2010,percentage (%),a) time series,be,code11,32.2
2011,percentage (%),a) time series,be,code11,33.7
2012,percentage (%),a) time series,be,code11,35.5
2013,percentage (%),a) time series,be,code11,37.9
2014,percentage (%),a) time series,be,code11,39.7
2015,percentage (%),a) time series,be,code11,40.9
2016,percentage (%),a) time series,be,code11,42.9
2017,percentage (%),a) time series,be,code11,43.8
2008,percentage (%),a) time series,bb,code12,25.5
2009,percentage (%),a) time series,bb,code12,27.3
2010,percentage (%),a) time series,bb,code12,28.1
2011,percentage (%),a) time series,bb,code12,30.2
2012,percentage (%),a) time series,bb,code12,32.4
2013,percentage (%),a) time series,bb,code12,34.8
2014,percentage (%),a) time series,bb,code12,36.6
2015,percentage (%),a) time series,bb,code12,40.0
2016,percentage (%),a) time series,bb,code12,42.5
2017,percentage (%),a) time series,bb,code12,44.9
2008,percentage (%),a) time series,hb,code04,18.3
2009,percentage (%),a) time series,hb,code04,19.9
2010,percentage (%),a) time series,hb,code04,19.3
2011,percentage (%),a) time series,hb,code04,21.7
2012,percentage (%),a) time series,hb,code04,22.9
2013,percentage (%),a) time series,hb,code04,25.8
2014,percentage (%),a) time series,hb,code04,27.1
2015,percentage (%),a) time series,hb,code04,28.1
2016,percentage (%),a) time series,hb,code04,31.0
2017,percentage (%),a) time series,hb,code04,33.4
2008,percentage (%),a) time series,hh,code02,22.9
2009,percentage (%),a) time series,hh,code02,27.4
2010,percentage (%),a) time series,hh,code02,28.5
2011,percentage (%),a) time series,hh,code02,31.1
2012,percentage (%),a) time series,hh,code02,33.7
2013,percentage (%),a) time series,hh,code02,36.2
2014,percentage (%),a) time series,hh,code02,38.0
2015,percentage (%),a) time series,hh,code02,40.2
2016,percentage (%),a) time series,hh,code02,41.0
2017,percentage (%),a) time series,hh,code02,42.5
2008,percentage (%),a) time series,he,code06,20.3
2009,percentage (%),a) time series,he,code06,23.3
2010,percentage (%),a) time series,he,code06,25.3
2011,percentage (%),a) time series,he,code06,27.2
2012,percentage (%),a) time series,he,code06,29.4
2013,percentage (%),a) time series,he,code06,30.8
2014,percentage (%),a) time series,he,code06,33.1
2015,percentage (%),a) time series,he,code06,34.4
2016,percentage (%),a) time series,he,code06,35.8
2017,percentage (%),a) time series,he,code06,37.3
2008,percentage (%),a) time series,mv,code13,20.5
2009,percentage (%),a) time series,mv,code13,23.3
2010,percentage (%),a) time series,mv,code13,23.5
2011,percentage (%),a) time series,mv,code13,21.3
2012,percentage (%),a) time series,mv,code13,25.3
2013,percentage (%),a) time series,mv,code13,26.5
2014,percentage (%),a) time series,mv,code13,28.0
2015,percentage (%),a) time series,mv,code13,31.2
2016,percentage (%),a) time series,mv,code13,35.2
2017,percentage (%),a) time series,mv,code13,36.5
2008,percentage (%),a) time series,ni,code03,19.5
2009,percentage (%),a) time series,ni,code03,21.6
2010,percentage (%),a) time series,ni,code03,23.2
2011,percentage (%),a) time series,ni,code03,25.3
2012,percentage (%),a) time series,ni,code03,26.9
2013,percentage (%),a) time series,ni,code03,29.3
2014,percentage (%),a) time series,ni,code03,31.5
2015,percentage (%),a) time series,ni,code03,34.5
2016,percentage (%),a) time series,ni,code03,36.7
2017,percentage (%),a) time series,ni,code03,38.4
2008,percentage (%),a) time series,nw,code05,16.8
2009,percentage (%),a) time series,nw,code05,18.5
2010,percentage (%),a) time series,nw,code05,19.7
2011,percentage (%),a) time series,nw,code05,20.9
2012,percentage (%),a) time series,nw,code05,22.0
2013,percentage (%),a) time series,nw,code05,25.6
2014,percentage (%),a) time series,nw,code05,27.5
2015,percentage (%),a) time series,nw,code05,29.4
2016,percentage (%),a) time series,nw,code05,31.7
2017,percentage (%),a) time series,nw,code05,33.4
2008,percentage (%),a) time series,rp,code07,17.5
2009,percentage (%),a) time series,rp,code07,20.1
2010,percentage (%),a) time series,rp,code07,21.7
2011,percentage (%),a) time series,rp,code07,23.6
2012,percentage (%),a) time series,rp,code07,25.0
2013,percentage (%),a) time series,rp,code07,27.3
2014,percentage (%),a) time series,rp,code07,30.3
2015,percentage (%),a) time series,rp,code07,31.9
2016,percentage (%),a) time series,rp,code07,33.5
2017,percentage (%),a) time series,rp,code07,35.0
2008,percentage (%),a) time series,sl,code10,12.9
2009,percentage (%),a) time series,sl,code10,14.6
2010,percentage (%),a) time series,sl,code10,16.4
2011,percentage (%),a) time series,sl,code10,18.8
2012,percentage (%),a) time series,sl,code10,19.1
2013,percentage (%),a) time series,sl,code10,21.0
2014,percentage (%),a) time series,sl,code10,24.1
2015,percentage (%),a) time series,sl,code10,25.3
2016,percentage (%),a) time series,sl,code10,28.5
2017,percentage (%),a) time series,sl,code10,28.4
2008,percentage (%),a) time series,sn,code14,26.9
2009,percentage (%),a) time series,sn,code14,31.0
2010,percentage (%),a) time series,sn,code14,33.0
2011,percentage (%),a) time series,sn,code14,36.0
2012,percentage (%),a) time series,sn,code14,38.5
2013,percentage (%),a) time series,sn,code14,41.1
2014,percentage (%),a) time series,sn,code14,44.7
2015,percentage (%),a) time series,sn,code14,47.5
2016,percentage (%),a) time series,sn,code14,49.1
2017,percentage (%),a) time series,sn,code14,51.9
2008,percentage (%),a) time series,st,code15,17.6
2009,percentage (%),a) time series,st,code15,17.9
2010,percentage (%),a) time series,st,code15,20.1
2011,percentage (%),a) time series,st,code15,22.2
2012,percentage (%),a) time series,st,code15,23.2
2013,percentage (%),a) time series,st,code15,25.9
2014,percentage (%),a) time series,st,code15,28.6
2015,percentage (%),a) time series,st,code15,31.7
2016,percentage (%),a) time series,st,code15,35.1
2017,percentage (%),a) time series,st,code15,36.8
2008,percentage (%),a) time series,sh,code01,18.4
2009,percentage (%),a) time series,sh,code01,19.9
2010,percentage (%),a) time series,sh,code01,22.0
2011,percentage (%),a) time series,sh,code01,24.0
2012,percentage (%),a) time series,sh,code01,24.7
2013,percentage (%),a) time series,sh,code01,27.0
2014,percentage (%),a) time series,sh,code01,29.4
2015,percentage (%),a) time series,sh,code01,30.8
2016,percentage (%),a) time series,sh,code01,33.4
2017,percentage (%),a) time series,sh,code01,34.6
2008,percentage (%),a) time series,th,code16,25.0
2009,percentage (%),a) time series,th,code16,28.4
2010,percentage (%),a) time series,th,code16,29.4
2011,percentage (%),a) time series,th,code16,32.1
2012,percentage (%),a) time series,th,code16,34.6
2013,percentage (%),a) time series,th,code16,37.0
2014,percentage (%),a) time series,th,code16,40.6
2015,percentage (%),a) time series,th,code16,43.3
2016,percentage (%),a) time series,th,code16,45.2
2017,percentage (%),a) time series,th,code16,47.6
