Year,Units,time series,Value
2008,percentage,"xxxanteil der kinder, deren väter elterngeld bezogen haben",21.2
2009,percentage,"xxxanteil der kinder, deren väter elterngeld bezogen haben",24.0
2010,percentage,"xxxanteil der kinder, deren väter elterngeld bezogen haben",25.9
2011,percentage,"xxxanteil der kinder, deren väter elterngeld bezogen haben",28.0
2012,percentage,"xxxanteil der kinder, deren väter elterngeld bezogen haben",30.0
2013,percentage,"xxxanteil der kinder, deren väter elterngeld bezogen haben",32.6
2014,percentage,"xxxanteil der kinder, deren väter elterngeld bezogen haben",34.8
2015,percentage,"xxxanteil der kinder, deren väter elterngeld bezogen haben",36.9
2016,percentage,"xxxanteil der kinder, deren väter elterngeld bezogen haben",38.8
2017,percentage,"xxxanteil der kinder, deren väter elterngeld bezogen haben",40.4
2018,percentage,"xxxanteil der kinder, deren väter elterngeld bezogen haben",42.1
2019,percentage,"xxxanteil der kinder, deren väter elterngeld bezogen haben",43.5
2020,percentage,"xxxanteil der kinder, deren väter elterngeld bezogen haben",43.7
2021,percentage,"xxxanteil der kinder, deren väter elterngeld bezogen haben",46.2
2030,percentage,"xxxanteil der kinder, deren väter elterngeld bezogen haben",
2008,percentage,xxxanteil der männlichen bezieher an allen genommenen elterngeldmonaten,
2009,percentage,xxxanteil der männlichen bezieher an allen genommenen elterngeldmonaten,6.8
2010,percentage,xxxanteil der männlichen bezieher an allen genommenen elterngeldmonaten,7.0
2011,percentage,xxxanteil der männlichen bezieher an allen genommenen elterngeldmonaten,7.4
2012,percentage,xxxanteil der männlichen bezieher an allen genommenen elterngeldmonaten,7.7
2013,percentage,xxxanteil der männlichen bezieher an allen genommenen elterngeldmonaten,8.2
2014,percentage,xxxanteil der männlichen bezieher an allen genommenen elterngeldmonaten,8.6
2015,percentage,xxxanteil der männlichen bezieher an allen genommenen elterngeldmonaten,8.8
2016,percentage,xxxanteil der männlichen bezieher an allen genommenen elterngeldmonaten,9.1
2017,percentage,xxxanteil der männlichen bezieher an allen genommenen elterngeldmonaten,9.3
2018,percentage,xxxanteil der männlichen bezieher an allen genommenen elterngeldmonaten,9.5
2019,percentage,xxxanteil der männlichen bezieher an allen genommenen elterngeldmonaten,9.6
2020,percentage,xxxanteil der männlichen bezieher an allen genommenen elterngeldmonaten,9.6
2021,percentage,xxxanteil der männlichen bezieher an allen genommenen elterngeldmonaten,10.0
2030,percentage,xxxanteil der männlichen bezieher an allen genommenen elterngeldmonaten,
