Year,Units,Series,federal state,GeoCode,Value
2008,2008 = 100,final energy productivity,,,100.0
2009,2008 = 100,final energy productivity,,,99.68
2010,2008 = 100,final energy productivity,,,96.66
2011,2008 = 100,final energy productivity,,,105.29
2012,2008 = 100,final energy productivity,,,105.29
2013,2008 = 100,final energy productivity,,,102.76
2014,2008 = 100,final energy productivity,,,110.82
2015,2008 = 100,final energy productivity,,,109.96
2016,2008 = 100,final energy productivity,,,110.26
2017,2008 = 100,final energy productivity,,,111.54
2018,2008 = 100,final energy productivity,,,116.22
2019,2008 = 100,final energy productivity,,,116.8
2020,2008 = 100,final energy productivity,,,120.16
2021,2008 = 100,final energy productivity,,,119.52
2008,2008 = 100,final energy productivity,,,100.0
2009,2008 = 100,final energy productivity,,,99.68
2010,2008 = 100,final energy productivity,,,96.66
2011,2008 = 100,final energy productivity,,,105.29
2012,2008 = 100,final energy productivity,,,105.29
2013,2008 = 100,final energy productivity,,,102.76
2014,2008 = 100,final energy productivity,,,110.82
2015,2008 = 100,final energy productivity,,,109.96
2016,2008 = 100,final energy productivity,,,110.26
2017,2008 = 100,final energy productivity,,,111.54
2018,2008 = 100,final energy productivity,,,116.22
2019,2008 = 100,final energy productivity,,,116.8
2020,2008 = 100,final energy productivity,,,120.16
2030,2008 = 100,final energy productivity,,,
2008,2008 = 100,final energy productivity,baden-wuerttemberg,code08,100.0
2009,2008 = 100,final energy productivity,baden-wuerttemberg,code08,95.56
2010,2008 = 100,final energy productivity,baden-wuerttemberg,code08,100.38
2011,2008 = 100,final energy productivity,baden-wuerttemberg,code08,109.6
2012,2008 = 100,final energy productivity,baden-wuerttemberg,code08,111.95
2013,2008 = 100,final energy productivity,baden-wuerttemberg,code08,107.65
2014,2008 = 100,final energy productivity,baden-wuerttemberg,code08,117.24
2015,2008 = 100,final energy productivity,baden-wuerttemberg,code08,116.7
2016,2008 = 100,final energy productivity,baden-wuerttemberg,code08,115.33
2017,2008 = 100,final energy productivity,baden-wuerttemberg,code08,119.71
2018,2008 = 100,final energy productivity,baden-wuerttemberg,code08,121.65
2019,2008 = 100,final energy productivity,baden-wuerttemberg,code08,117.75
2020,2008 = 100,final energy productivity,baden-wuerttemberg,code08,123.69
2021,2008 = 100,final energy productivity,baden-wuerttemberg,code08,
2008,2008 = 100,final energy productivity,baden-wuerttemberg,code08,100.0
2009,2008 = 100,final energy productivity,baden-wuerttemberg,code08,95.56
2010,2008 = 100,final energy productivity,baden-wuerttemberg,code08,100.38
2011,2008 = 100,final energy productivity,baden-wuerttemberg,code08,109.6
2012,2008 = 100,final energy productivity,baden-wuerttemberg,code08,111.95
2013,2008 = 100,final energy productivity,baden-wuerttemberg,code08,107.65
2014,2008 = 100,final energy productivity,baden-wuerttemberg,code08,117.24
2015,2008 = 100,final energy productivity,baden-wuerttemberg,code08,116.7
2016,2008 = 100,final energy productivity,baden-wuerttemberg,code08,115.33
2017,2008 = 100,final energy productivity,baden-wuerttemberg,code08,119.71
2018,2008 = 100,final energy productivity,baden-wuerttemberg,code08,121.65
2019,2008 = 100,final energy productivity,baden-wuerttemberg,code08,117.75
2020,2008 = 100,final energy productivity,baden-wuerttemberg,code08,123.69
2008,2008 = 100,final energy productivity,bavaria,code09,100.0
2009,2008 = 100,final energy productivity,bavaria,code09,98.7
2010,2008 = 100,final energy productivity,bavaria,code09,96.32
2011,2008 = 100,final energy productivity,bavaria,code09,103.17
2012,2008 = 100,final energy productivity,bavaria,code09,104.63
2013,2008 = 100,final energy productivity,bavaria,code09,104.95
2014,2008 = 100,final energy productivity,bavaria,code09,112.9
2015,2008 = 100,final energy productivity,bavaria,code09,112.09
2016,2008 = 100,final energy productivity,bavaria,code09,111.26
2017,2008 = 100,final energy productivity,bavaria,code09,114.29
2018,2008 = 100,final energy productivity,bavaria,code09,113.39
2019,2008 = 100,final energy productivity,bavaria,code09,112.21
2020,2008 = 100,final energy productivity,bavaria,code09,
2021,2008 = 100,final energy productivity,bavaria,code09,
2008,2008 = 100,final energy productivity,bavaria,code09,100.0
2009,2008 = 100,final energy productivity,bavaria,code09,98.7
2010,2008 = 100,final energy productivity,bavaria,code09,96.32
2011,2008 = 100,final energy productivity,bavaria,code09,103.17
2012,2008 = 100,final energy productivity,bavaria,code09,104.63
2013,2008 = 100,final energy productivity,bavaria,code09,104.95
2014,2008 = 100,final energy productivity,bavaria,code09,112.9
2015,2008 = 100,final energy productivity,bavaria,code09,112.09
2016,2008 = 100,final energy productivity,bavaria,code09,111.26
2017,2008 = 100,final energy productivity,bavaria,code09,114.29
2018,2008 = 100,final energy productivity,bavaria,code09,113.39
2019,2008 = 100,final energy productivity,bavaria,code09,112.21
2020,2008 = 100,final energy productivity,bavaria,code09,
2008,2008 = 100,final energy productivity,berlin,code11,100.0
2009,2008 = 100,final energy productivity,berlin,code11,98.34
2010,2008 = 100,final energy productivity,berlin,code11,93.1
2011,2008 = 100,final energy productivity,berlin,code11,108.4
2012,2008 = 100,final energy productivity,berlin,code11,107.01
2013,2008 = 100,final energy productivity,berlin,code11,104.41
2014,2008 = 100,final energy productivity,berlin,code11,115.02
2015,2008 = 100,final energy productivity,berlin,code11,121.51
2016,2008 = 100,final energy productivity,berlin,code11,124.0
2017,2008 = 100,final energy productivity,berlin,code11,129.42
2018,2008 = 100,final energy productivity,berlin,code11,135.5
2019,2008 = 100,final energy productivity,berlin,code11,141.02
2020,2008 = 100,final energy productivity,berlin,code11,154.73
2021,2008 = 100,final energy productivity,berlin,code11,
2008,2008 = 100,final energy productivity,berlin,code11,100.0
2009,2008 = 100,final energy productivity,berlin,code11,98.34
2010,2008 = 100,final energy productivity,berlin,code11,93.1
2011,2008 = 100,final energy productivity,berlin,code11,108.4
2012,2008 = 100,final energy productivity,berlin,code11,107.01
2013,2008 = 100,final energy productivity,berlin,code11,104.41
2014,2008 = 100,final energy productivity,berlin,code11,115.02
2015,2008 = 100,final energy productivity,berlin,code11,121.51
2016,2008 = 100,final energy productivity,berlin,code11,124.0
2017,2008 = 100,final energy productivity,berlin,code11,129.42
2018,2008 = 100,final energy productivity,berlin,code11,135.5
2019,2008 = 100,final energy productivity,berlin,code11,141.02
2020,2008 = 100,final energy productivity,berlin,code11,154.73
2008,2008 = 100,final energy productivity,brandenburg,code12,100.0
2009,2008 = 100,final energy productivity,brandenburg,code12,99.37
2010,2008 = 100,final energy productivity,brandenburg,code12,95.55
2011,2008 = 100,final energy productivity,brandenburg,code12,100.24
2012,2008 = 100,final energy productivity,brandenburg,code12,99.11
2013,2008 = 100,final energy productivity,brandenburg,code12,97.89
2014,2008 = 100,final energy productivity,brandenburg,code12,104.0
2015,2008 = 100,final energy productivity,brandenburg,code12,107.39
2016,2008 = 100,final energy productivity,brandenburg,code12,104.26
2017,2008 = 100,final energy productivity,brandenburg,code12,104.0
2018,2008 = 100,final energy productivity,brandenburg,code12,103.29
2019,2008 = 100,final energy productivity,brandenburg,code12,109.04
2020,2008 = 100,final energy productivity,brandenburg,code12,
2021,2008 = 100,final energy productivity,brandenburg,code12,
2008,2008 = 100,final energy productivity,brandenburg,code12,100.0
2009,2008 = 100,final energy productivity,brandenburg,code12,99.37
2010,2008 = 100,final energy productivity,brandenburg,code12,95.55
2011,2008 = 100,final energy productivity,brandenburg,code12,100.24
2012,2008 = 100,final energy productivity,brandenburg,code12,99.11
2013,2008 = 100,final energy productivity,brandenburg,code12,97.89
2014,2008 = 100,final energy productivity,brandenburg,code12,104.0
2015,2008 = 100,final energy productivity,brandenburg,code12,107.39
2016,2008 = 100,final energy productivity,brandenburg,code12,104.26
2017,2008 = 100,final energy productivity,brandenburg,code12,104.0
2018,2008 = 100,final energy productivity,brandenburg,code12,103.29
2019,2008 = 100,final energy productivity,brandenburg,code12,109.04
2020,2008 = 100,final energy productivity,brandenburg,code12,
2008,2008 = 100,final energy productivity,bremen,code04,100.0
2009,2008 = 100,final energy productivity,bremen,code04,97.32
2010,2008 = 100,final energy productivity,bremen,code04,91.27
2011,2008 = 100,final energy productivity,bremen,code04,95.84
2012,2008 = 100,final energy productivity,bremen,code04,100.14
2013,2008 = 100,final energy productivity,bremen,code04,99.81
2014,2008 = 100,final energy productivity,bremen,code04,95.75
2015,2008 = 100,final energy productivity,bremen,code04,97.56
2016,2008 = 100,final energy productivity,bremen,code04,100.05
2017,2008 = 100,final energy productivity,bremen,code04,105.98
2018,2008 = 100,final energy productivity,bremen,code04,105.52
2019,2008 = 100,final energy productivity,bremen,code04,108.12
2020,2008 = 100,final energy productivity,bremen,code04,116.49
2021,2008 = 100,final energy productivity,bremen,code04,
2008,2008 = 100,final energy productivity,bremen,code04,100.0
2009,2008 = 100,final energy productivity,bremen,code04,97.32
2010,2008 = 100,final energy productivity,bremen,code04,91.27
2011,2008 = 100,final energy productivity,bremen,code04,95.84
2012,2008 = 100,final energy productivity,bremen,code04,100.14
2013,2008 = 100,final energy productivity,bremen,code04,99.81
2014,2008 = 100,final energy productivity,bremen,code04,95.75
2015,2008 = 100,final energy productivity,bremen,code04,97.56
2016,2008 = 100,final energy productivity,bremen,code04,100.05
2017,2008 = 100,final energy productivity,bremen,code04,105.98
2018,2008 = 100,final energy productivity,bremen,code04,105.52
2019,2008 = 100,final energy productivity,bremen,code04,108.12
2020,2008 = 100,final energy productivity,bremen,code04,116.49
2008,2008 = 100,final energy productivity,hamburg,code02,100.0
2009,2008 = 100,final energy productivity,hamburg,code02,97.62
2010,2008 = 100,final energy productivity,hamburg,code02,94.0
2011,2008 = 100,final energy productivity,hamburg,code02,100.82
2012,2008 = 100,final energy productivity,hamburg,code02,99.28
2013,2008 = 100,final energy productivity,hamburg,code02,103.85
2014,2008 = 100,final energy productivity,hamburg,code02,109.73
2015,2008 = 100,final energy productivity,hamburg,code02,108.89
2016,2008 = 100,final energy productivity,hamburg,code02,110.63
2017,2008 = 100,final energy productivity,hamburg,code02,112.13
2018,2008 = 100,final energy productivity,hamburg,code02,110.62
2019,2008 = 100,final energy productivity,hamburg,code02,114.41
2020,2008 = 100,final energy productivity,hamburg,code02,118.79
2021,2008 = 100,final energy productivity,hamburg,code02,
2008,2008 = 100,final energy productivity,hamburg,code02,100.0
2009,2008 = 100,final energy productivity,hamburg,code02,97.62
2010,2008 = 100,final energy productivity,hamburg,code02,94.0
2011,2008 = 100,final energy productivity,hamburg,code02,100.82
2012,2008 = 100,final energy productivity,hamburg,code02,99.28
2013,2008 = 100,final energy productivity,hamburg,code02,103.85
2014,2008 = 100,final energy productivity,hamburg,code02,109.73
2015,2008 = 100,final energy productivity,hamburg,code02,108.89
2016,2008 = 100,final energy productivity,hamburg,code02,110.63
2017,2008 = 100,final energy productivity,hamburg,code02,112.13
2018,2008 = 100,final energy productivity,hamburg,code02,110.62
2019,2008 = 100,final energy productivity,hamburg,code02,114.41
2020,2008 = 100,final energy productivity,hamburg,code02,118.79
2008,2008 = 100,final energy productivity,hesse,code06,100.0
2009,2008 = 100,final energy productivity,hesse,code06,97.8
2010,2008 = 100,final energy productivity,hesse,code06,98.68
2011,2008 = 100,final energy productivity,hesse,code06,106.69
2012,2008 = 100,final energy productivity,hesse,code06,104.23
2013,2008 = 100,final energy productivity,hesse,code06,102.41
2014,2008 = 100,final energy productivity,hesse,code06,106.01
2015,2008 = 100,final energy productivity,hesse,code06,104.15
2016,2008 = 100,final energy productivity,hesse,code06,105.02
2017,2008 = 100,final energy productivity,hesse,code06,107.74
2018,2008 = 100,final energy productivity,hesse,code06,109.92
2019,2008 = 100,final energy productivity,hesse,code06,109.25
2020,2008 = 100,final energy productivity,hesse,code06,127.37
2021,2008 = 100,final energy productivity,hesse,code06,
2008,2008 = 100,final energy productivity,hesse,code06,100.0
2009,2008 = 100,final energy productivity,hesse,code06,97.8
2010,2008 = 100,final energy productivity,hesse,code06,98.68
2011,2008 = 100,final energy productivity,hesse,code06,106.69
2012,2008 = 100,final energy productivity,hesse,code06,104.23
2013,2008 = 100,final energy productivity,hesse,code06,102.41
2014,2008 = 100,final energy productivity,hesse,code06,106.01
2015,2008 = 100,final energy productivity,hesse,code06,104.15
2016,2008 = 100,final energy productivity,hesse,code06,105.02
2017,2008 = 100,final energy productivity,hesse,code06,107.74
2018,2008 = 100,final energy productivity,hesse,code06,109.92
2019,2008 = 100,final energy productivity,hesse,code06,109.25
2020,2008 = 100,final energy productivity,hesse,code06,127.37
2008,2008 = 100,final energy productivity,mecklenburg western pomerania,code13,100.0
2009,2008 = 100,final energy productivity,mecklenburg western pomerania,code13,99.92
2010,2008 = 100,final energy productivity,mecklenburg western pomerania,code13,94.59
2011,2008 = 100,final energy productivity,mecklenburg western pomerania,code13,104.51
2012,2008 = 100,final energy productivity,mecklenburg western pomerania,code13,100.74
2013,2008 = 100,final energy productivity,mecklenburg western pomerania,code13,98.51
2014,2008 = 100,final energy productivity,mecklenburg western pomerania,code13,104.5
2015,2008 = 100,final energy productivity,mecklenburg western pomerania,code13,104.84
2016,2008 = 100,final energy productivity,mecklenburg western pomerania,code13,111.42
2017,2008 = 100,final energy productivity,mecklenburg western pomerania,code13,107.49
2018,2008 = 100,final energy productivity,mecklenburg western pomerania,code13,109.2
2019,2008 = 100,final energy productivity,mecklenburg western pomerania,code13,
2020,2008 = 100,final energy productivity,mecklenburg western pomerania,code13,
2021,2008 = 100,final energy productivity,mecklenburg western pomerania,code13,
2008,2008 = 100,final energy productivity,mecklenburg western pomerania,code13,100.0
2009,2008 = 100,final energy productivity,mecklenburg western pomerania,code13,99.92
2010,2008 = 100,final energy productivity,mecklenburg western pomerania,code13,94.59
2011,2008 = 100,final energy productivity,mecklenburg western pomerania,code13,104.51
2012,2008 = 100,final energy productivity,mecklenburg western pomerania,code13,100.74
2013,2008 = 100,final energy productivity,mecklenburg western pomerania,code13,98.51
2014,2008 = 100,final energy productivity,mecklenburg western pomerania,code13,104.5
2015,2008 = 100,final energy productivity,mecklenburg western pomerania,code13,104.84
2016,2008 = 100,final energy productivity,mecklenburg western pomerania,code13,111.42
2017,2008 = 100,final energy productivity,mecklenburg western pomerania,code13,107.49
2018,2008 = 100,final energy productivity,mecklenburg western pomerania,code13,109.2
2019,2008 = 100,final energy productivity,mecklenburg western pomerania,code13,
2020,2008 = 100,final energy productivity,mecklenburg western pomerania,code13,
2008,2008 = 100,final energy productivity,lower saxony,code03,100.0
2009,2008 = 100,final energy productivity,lower saxony,code03,98.99
2010,2008 = 100,final energy productivity,lower saxony,code03,97.8
2011,2008 = 100,final energy productivity,lower saxony,code03,107.99
2012,2008 = 100,final energy productivity,lower saxony,code03,111.39
2013,2008 = 100,final energy productivity,lower saxony,code03,108.66
2014,2008 = 100,final energy productivity,lower saxony,code03,114.36
2015,2008 = 100,final energy productivity,lower saxony,code03,114.25
2016,2008 = 100,final energy productivity,lower saxony,code03,119.83
2017,2008 = 100,final energy productivity,lower saxony,code03,118.64
2018,2008 = 100,final energy productivity,lower saxony,code03,119.9
2019,2008 = 100,final energy productivity,lower saxony,code03,122.55
2020,2008 = 100,final energy productivity,lower saxony,code03,124.12
2021,2008 = 100,final energy productivity,lower saxony,code03,
2008,2008 = 100,final energy productivity,lower saxony,code03,100.0
2009,2008 = 100,final energy productivity,lower saxony,code03,98.99
2010,2008 = 100,final energy productivity,lower saxony,code03,97.8
2011,2008 = 100,final energy productivity,lower saxony,code03,107.99
2012,2008 = 100,final energy productivity,lower saxony,code03,111.39
2013,2008 = 100,final energy productivity,lower saxony,code03,108.66
2014,2008 = 100,final energy productivity,lower saxony,code03,114.36
2015,2008 = 100,final energy productivity,lower saxony,code03,114.25
2016,2008 = 100,final energy productivity,lower saxony,code03,119.83
2017,2008 = 100,final energy productivity,lower saxony,code03,118.64
2018,2008 = 100,final energy productivity,lower saxony,code03,119.9
2019,2008 = 100,final energy productivity,lower saxony,code03,122.55
2020,2008 = 100,final energy productivity,lower saxony,code03,124.12
2008,2008 = 100,final energy productivity,north rhine-westphalia,code05,100.0
2009,2008 = 100,final energy productivity,north rhine-westphalia,code05,106.78
2010,2008 = 100,final energy productivity,north rhine-westphalia,code05,102.13
2011,2008 = 100,final energy productivity,north rhine-westphalia,code05,111.63
2012,2008 = 100,final energy productivity,north rhine-westphalia,code05,112.41
2013,2008 = 100,final energy productivity,north rhine-westphalia,code05,111.93
2014,2008 = 100,final energy productivity,north rhine-westphalia,code05,117.18
2015,2008 = 100,final energy productivity,north rhine-westphalia,code05,118.9
2016,2008 = 100,final energy productivity,north rhine-westphalia,code05,110.79
2017,2008 = 100,final energy productivity,north rhine-westphalia,code05,121.19
2018,2008 = 100,final energy productivity,north rhine-westphalia,code05,107.47
2019,2008 = 100,final energy productivity,north rhine-westphalia,code05,119.28
2020,2008 = 100,final energy productivity,north rhine-westphalia,code05,
2021,2008 = 100,final energy productivity,north rhine-westphalia,code05,
2008,2008 = 100,final energy productivity,north rhine-westphalia,code05,100.0
2009,2008 = 100,final energy productivity,north rhine-westphalia,code05,106.78
2010,2008 = 100,final energy productivity,north rhine-westphalia,code05,102.13
2011,2008 = 100,final energy productivity,north rhine-westphalia,code05,111.63
2012,2008 = 100,final energy productivity,north rhine-westphalia,code05,112.41
2013,2008 = 100,final energy productivity,north rhine-westphalia,code05,111.93
2014,2008 = 100,final energy productivity,north rhine-westphalia,code05,117.18
2015,2008 = 100,final energy productivity,north rhine-westphalia,code05,118.9
2016,2008 = 100,final energy productivity,north rhine-westphalia,code05,110.79
2017,2008 = 100,final energy productivity,north rhine-westphalia,code05,121.19
2018,2008 = 100,final energy productivity,north rhine-westphalia,code05,107.47
2019,2008 = 100,final energy productivity,north rhine-westphalia,code05,119.28
2020,2008 = 100,final energy productivity,north rhine-westphalia,code05,
2008,2008 = 100,final energy productivity,rhineland palatinate,code07,100.0
2009,2008 = 100,final energy productivity,rhineland palatinate,code07,99.39
2010,2008 = 100,final energy productivity,rhineland palatinate,code07,99.84
2011,2008 = 100,final energy productivity,rhineland palatinate,code07,110.2
2012,2008 = 100,final energy productivity,rhineland palatinate,code07,112.68
2013,2008 = 100,final energy productivity,rhineland palatinate,code07,109.21
2014,2008 = 100,final energy productivity,rhineland palatinate,code07,114.57
2015,2008 = 100,final energy productivity,rhineland palatinate,code07,115.35
2016,2008 = 100,final energy productivity,rhineland palatinate,code07,114.08
2017,2008 = 100,final energy productivity,rhineland palatinate,code07,114.87
2018,2008 = 100,final energy productivity,rhineland palatinate,code07,113.54
2019,2008 = 100,final energy productivity,rhineland palatinate,code07,112.81
2020,2008 = 100,final energy productivity,rhineland palatinate,code07,111.8
2021,2008 = 100,final energy productivity,rhineland palatinate,code07,
2008,2008 = 100,final energy productivity,rhineland palatinate,code07,100.0
2009,2008 = 100,final energy productivity,rhineland palatinate,code07,99.39
2010,2008 = 100,final energy productivity,rhineland palatinate,code07,99.84
2011,2008 = 100,final energy productivity,rhineland palatinate,code07,110.2
2012,2008 = 100,final energy productivity,rhineland palatinate,code07,112.68
2013,2008 = 100,final energy productivity,rhineland palatinate,code07,109.21
2014,2008 = 100,final energy productivity,rhineland palatinate,code07,114.57
2015,2008 = 100,final energy productivity,rhineland palatinate,code07,115.35
2016,2008 = 100,final energy productivity,rhineland palatinate,code07,114.08
2017,2008 = 100,final energy productivity,rhineland palatinate,code07,114.87
2018,2008 = 100,final energy productivity,rhineland palatinate,code07,113.54
2019,2008 = 100,final energy productivity,rhineland palatinate,code07,112.81
2020,2008 = 100,final energy productivity,rhineland palatinate,code07,111.8
2008,2008 = 100,final energy productivity,saarland,code10,
2009,2008 = 100,final energy productivity,saarland,code10,
2010,2008 = 100,final energy productivity,saarland,code10,
2011,2008 = 100,final energy productivity,saarland,code10,
2012,2008 = 100,final energy productivity,saarland,code10,
2013,2008 = 100,final energy productivity,saarland,code10,
2014,2008 = 100,final energy productivity,saarland,code10,
2015,2008 = 100,final energy productivity,saarland,code10,
2016,2008 = 100,final energy productivity,saarland,code10,
2017,2008 = 100,final energy productivity,saarland,code10,
2018,2008 = 100,final energy productivity,saarland,code10,
2019,2008 = 100,final energy productivity,saarland,code10,
2020,2008 = 100,final energy productivity,saarland,code10,
2021,2008 = 100,final energy productivity,saarland,code10,
2008,2008 = 100,final energy productivity,saarland,code10,
2009,2008 = 100,final energy productivity,saarland,code10,
2010,2008 = 100,final energy productivity,saarland,code10,
2011,2008 = 100,final energy productivity,saarland,code10,
2012,2008 = 100,final energy productivity,saarland,code10,
2013,2008 = 100,final energy productivity,saarland,code10,
2014,2008 = 100,final energy productivity,saarland,code10,
2015,2008 = 100,final energy productivity,saarland,code10,
2016,2008 = 100,final energy productivity,saarland,code10,
2017,2008 = 100,final energy productivity,saarland,code10,
2018,2008 = 100,final energy productivity,saarland,code10,
2019,2008 = 100,final energy productivity,saarland,code10,
2020,2008 = 100,final energy productivity,saarland,code10,
2008,2008 = 100,final energy productivity,saxony,code14,100.0
2009,2008 = 100,final energy productivity,saxony,code14,97.31
2010,2008 = 100,final energy productivity,saxony,code14,95.38
2011,2008 = 100,final energy productivity,saxony,code14,105.69
2012,2008 = 100,final energy productivity,saxony,code14,100.88
2013,2008 = 100,final energy productivity,saxony,code14,99.0
2014,2008 = 100,final energy productivity,saxony,code14,107.33
2015,2008 = 100,final energy productivity,saxony,code14,107.39
2016,2008 = 100,final energy productivity,saxony,code14,106.32
2017,2008 = 100,final energy productivity,saxony,code14,105.78
2018,2008 = 100,final energy productivity,saxony,code14,109.5
2019,2008 = 100,final energy productivity,saxony,code14,112.39
2020,2008 = 100,final energy productivity,saxony,code14,
2021,2008 = 100,final energy productivity,saxony,code14,
2008,2008 = 100,final energy productivity,saxony,code14,100.0
2009,2008 = 100,final energy productivity,saxony,code14,97.31
2010,2008 = 100,final energy productivity,saxony,code14,95.38
2011,2008 = 100,final energy productivity,saxony,code14,105.69
2012,2008 = 100,final energy productivity,saxony,code14,100.88
2013,2008 = 100,final energy productivity,saxony,code14,99.0
2014,2008 = 100,final energy productivity,saxony,code14,107.33
2015,2008 = 100,final energy productivity,saxony,code14,107.39
2016,2008 = 100,final energy productivity,saxony,code14,106.32
2017,2008 = 100,final energy productivity,saxony,code14,105.78
2018,2008 = 100,final energy productivity,saxony,code14,109.5
2019,2008 = 100,final energy productivity,saxony,code14,112.39
2020,2008 = 100,final energy productivity,saxony,code14,
2008,2008 = 100,final energy productivity,saxony-anhalt,code15,100.0
2009,2008 = 100,final energy productivity,saxony-anhalt,code15,95.9
2010,2008 = 100,final energy productivity,saxony-anhalt,code15,92.18
2011,2008 = 100,final energy productivity,saxony-anhalt,code15,95.71
2012,2008 = 100,final energy productivity,saxony-anhalt,code15,94.69
2013,2008 = 100,final energy productivity,saxony-anhalt,code15,94.42
2014,2008 = 100,final energy productivity,saxony-anhalt,code15,99.36
2015,2008 = 100,final energy productivity,saxony-anhalt,code15,100.04
2016,2008 = 100,final energy productivity,saxony-anhalt,code15,98.64
2017,2008 = 100,final energy productivity,saxony-anhalt,code15,98.56
2018,2008 = 100,final energy productivity,saxony-anhalt,code15,95.94
2019,2008 = 100,final energy productivity,saxony-anhalt,code15,102.82
2020,2008 = 100,final energy productivity,saxony-anhalt,code15,
2021,2008 = 100,final energy productivity,saxony-anhalt,code15,
2008,2008 = 100,final energy productivity,saxony-anhalt,code15,100.0
2009,2008 = 100,final energy productivity,saxony-anhalt,code15,95.9
2010,2008 = 100,final energy productivity,saxony-anhalt,code15,92.18
2011,2008 = 100,final energy productivity,saxony-anhalt,code15,95.71
2012,2008 = 100,final energy productivity,saxony-anhalt,code15,94.69
2013,2008 = 100,final energy productivity,saxony-anhalt,code15,94.42
2014,2008 = 100,final energy productivity,saxony-anhalt,code15,99.36
2015,2008 = 100,final energy productivity,saxony-anhalt,code15,100.04
2016,2008 = 100,final energy productivity,saxony-anhalt,code15,98.64
2017,2008 = 100,final energy productivity,saxony-anhalt,code15,98.56
2018,2008 = 100,final energy productivity,saxony-anhalt,code15,95.94
2019,2008 = 100,final energy productivity,saxony-anhalt,code15,102.82
2020,2008 = 100,final energy productivity,saxony-anhalt,code15,
2008,2008 = 100,final energy productivity,schleswig-holstein,code01,100.0
2009,2008 = 100,final energy productivity,schleswig-holstein,code01,99.59
2010,2008 = 100,final energy productivity,schleswig-holstein,code01,94.81
2011,2008 = 100,final energy productivity,schleswig-holstein,code01,102.34
2012,2008 = 100,final energy productivity,schleswig-holstein,code01,99.58
2013,2008 = 100,final energy productivity,schleswig-holstein,code01,95.74
2014,2008 = 100,final energy productivity,schleswig-holstein,code01,103.67
2015,2008 = 100,final energy productivity,schleswig-holstein,code01,102.77
2016,2008 = 100,final energy productivity,schleswig-holstein,code01,104.8
2017,2008 = 100,final energy productivity,schleswig-holstein,code01,106.91
2018,2008 = 100,final energy productivity,schleswig-holstein,code01,107.84
2019,2008 = 100,final energy productivity,schleswig-holstein,code01,114.83
2020,2008 = 100,final energy productivity,schleswig-holstein,code01,112.08
2021,2008 = 100,final energy productivity,schleswig-holstein,code01,
2008,2008 = 100,final energy productivity,schleswig-holstein,code01,100.0
2009,2008 = 100,final energy productivity,schleswig-holstein,code01,99.59
2010,2008 = 100,final energy productivity,schleswig-holstein,code01,94.81
2011,2008 = 100,final energy productivity,schleswig-holstein,code01,102.34
2012,2008 = 100,final energy productivity,schleswig-holstein,code01,99.58
2013,2008 = 100,final energy productivity,schleswig-holstein,code01,95.74
2014,2008 = 100,final energy productivity,schleswig-holstein,code01,103.67
2015,2008 = 100,final energy productivity,schleswig-holstein,code01,102.77
2016,2008 = 100,final energy productivity,schleswig-holstein,code01,104.8
2017,2008 = 100,final energy productivity,schleswig-holstein,code01,106.91
2018,2008 = 100,final energy productivity,schleswig-holstein,code01,107.84
2019,2008 = 100,final energy productivity,schleswig-holstein,code01,114.83
2020,2008 = 100,final energy productivity,schleswig-holstein,code01,112.08
2008,2008 = 100,final energy productivity,thuringia,code16,100.0
2009,2008 = 100,final energy productivity,thuringia,code16,100.4
2010,2008 = 100,final energy productivity,thuringia,code16,98.88
2011,2008 = 100,final energy productivity,thuringia,code16,109.82
2012,2008 = 100,final energy productivity,thuringia,code16,108.24
2013,2008 = 100,final energy productivity,thuringia,code16,107.02
2014,2008 = 100,final energy productivity,thuringia,code16,117.46
2015,2008 = 100,final energy productivity,thuringia,code16,117.02
2016,2008 = 100,final energy productivity,thuringia,code16,115.82
2017,2008 = 100,final energy productivity,thuringia,code16,118.93
2018,2008 = 100,final energy productivity,thuringia,code16,118.84
2019,2008 = 100,final energy productivity,thuringia,code16,119.23
2020,2008 = 100,final energy productivity,thuringia,code16,
2021,2008 = 100,final energy productivity,thuringia,code16,
2008,2008 = 100,final energy productivity,thuringia,code16,100.0
2009,2008 = 100,final energy productivity,thuringia,code16,100.4
2010,2008 = 100,final energy productivity,thuringia,code16,98.88
2011,2008 = 100,final energy productivity,thuringia,code16,109.82
2012,2008 = 100,final energy productivity,thuringia,code16,108.24
2013,2008 = 100,final energy productivity,thuringia,code16,107.02
2014,2008 = 100,final energy productivity,thuringia,code16,117.46
2015,2008 = 100,final energy productivity,thuringia,code16,117.02
2016,2008 = 100,final energy productivity,thuringia,code16,115.82
2017,2008 = 100,final energy productivity,thuringia,code16,118.93
2018,2008 = 100,final energy productivity,thuringia,code16,118.84
2019,2008 = 100,final energy productivity,thuringia,code16,119.23
2020,2008 = 100,final energy productivity,thuringia,code16,
2008,2008 = 100,primary energy consumption,,,100.0
2009,2008 = 100,primary energy consumption,,,94.1
2010,2008 = 100,primary energy consumption,,,98.87
2011,2008 = 100,primary energy consumption,,,94.57
2012,2008 = 100,primary energy consumption,,,93.51
2013,2008 = 100,primary energy consumption,,,96.12
2014,2008 = 100,primary energy consumption,,,91.65
2015,2008 = 100,primary energy consumption,,,92.22
2016,2008 = 100,primary energy consumption,,,93.82
2017,2008 = 100,primary energy consumption,,,94.04
2018,2008 = 100,primary energy consumption,,,91.3
2019,2008 = 100,primary energy consumption,,,89.05
2020,2008 = 100,primary energy consumption,,,82.72
2021,2008 = 100,primary energy consumption,,,85.29
2008,2008 = 100,primary energy consumption,,,100.0
2009,2008 = 100,primary energy consumption,,,94.1
2010,2008 = 100,primary energy consumption,,,98.87
2011,2008 = 100,primary energy consumption,,,94.57
2012,2008 = 100,primary energy consumption,,,93.51
2013,2008 = 100,primary energy consumption,,,96.12
2014,2008 = 100,primary energy consumption,,,91.65
2015,2008 = 100,primary energy consumption,,,92.22
2016,2008 = 100,primary energy consumption,,,93.82
2017,2008 = 100,primary energy consumption,,,94.04
2018,2008 = 100,primary energy consumption,,,91.3
2019,2008 = 100,primary energy consumption,,,89.05
2020,2008 = 100,primary energy consumption,,,82.72
2008,2008 = 100,primary energy consumption,baden-wuerttemberg,code08,100.0
2009,2008 = 100,primary energy consumption,baden-wuerttemberg,code08,95.08
2010,2008 = 100,primary energy consumption,baden-wuerttemberg,code08,95.23
2011,2008 = 100,primary energy consumption,baden-wuerttemberg,code08,88.26
2012,2008 = 100,primary energy consumption,baden-wuerttemberg,code08,85.68
2013,2008 = 100,primary energy consumption,baden-wuerttemberg,code08,88.92
2014,2008 = 100,primary energy consumption,baden-wuerttemberg,code08,85.43
2015,2008 = 100,primary energy consumption,baden-wuerttemberg,code08,87.24
2016,2008 = 100,primary energy consumption,baden-wuerttemberg,code08,89.3
2017,2008 = 100,primary energy consumption,baden-wuerttemberg,code08,87.72
2018,2008 = 100,primary energy consumption,baden-wuerttemberg,code08,87.85
2019,2008 = 100,primary energy consumption,baden-wuerttemberg,code08,88.24
2020,2008 = 100,primary energy consumption,baden-wuerttemberg,code08,82.75
2021,2008 = 100,primary energy consumption,baden-wuerttemberg,code08,
2008,2008 = 100,primary energy consumption,baden-wuerttemberg,code08,100.0
2009,2008 = 100,primary energy consumption,baden-wuerttemberg,code08,95.08
2010,2008 = 100,primary energy consumption,baden-wuerttemberg,code08,95.23
2011,2008 = 100,primary energy consumption,baden-wuerttemberg,code08,88.26
2012,2008 = 100,primary energy consumption,baden-wuerttemberg,code08,85.68
2013,2008 = 100,primary energy consumption,baden-wuerttemberg,code08,88.92
2014,2008 = 100,primary energy consumption,baden-wuerttemberg,code08,85.43
2015,2008 = 100,primary energy consumption,baden-wuerttemberg,code08,87.24
2016,2008 = 100,primary energy consumption,baden-wuerttemberg,code08,89.3
2017,2008 = 100,primary energy consumption,baden-wuerttemberg,code08,87.72
2018,2008 = 100,primary energy consumption,baden-wuerttemberg,code08,87.85
2019,2008 = 100,primary energy consumption,baden-wuerttemberg,code08,88.24
2020,2008 = 100,primary energy consumption,baden-wuerttemberg,code08,82.75
2008,2008 = 100,primary energy consumption,bavaria,code09,100.0
2009,2008 = 100,primary energy consumption,bavaria,code09,98.27
2010,2008 = 100,primary energy consumption,bavaria,code09,102.05
2011,2008 = 100,primary energy consumption,bavaria,code09,99.9
2012,2008 = 100,primary energy consumption,bavaria,code09,97.56
2013,2008 = 100,primary energy consumption,bavaria,code09,98.19
2014,2008 = 100,primary energy consumption,bavaria,code09,94.71
2015,2008 = 100,primary energy consumption,bavaria,code09,94.84
2016,2008 = 100,primary energy consumption,bavaria,code09,94.96
2017,2008 = 100,primary energy consumption,bavaria,code09,95.4
2018,2008 = 100,primary energy consumption,bavaria,code09,89.76
2019,2008 = 100,primary energy consumption,bavaria,code09,91.53
2020,2008 = 100,primary energy consumption,bavaria,code09,
2021,2008 = 100,primary energy consumption,bavaria,code09,
2008,2008 = 100,primary energy consumption,bavaria,code09,100.0
2009,2008 = 100,primary energy consumption,bavaria,code09,98.27
2010,2008 = 100,primary energy consumption,bavaria,code09,102.05
2011,2008 = 100,primary energy consumption,bavaria,code09,99.9
2012,2008 = 100,primary energy consumption,bavaria,code09,97.56
2013,2008 = 100,primary energy consumption,bavaria,code09,98.19
2014,2008 = 100,primary energy consumption,bavaria,code09,94.71
2015,2008 = 100,primary energy consumption,bavaria,code09,94.84
2016,2008 = 100,primary energy consumption,bavaria,code09,94.96
2017,2008 = 100,primary energy consumption,bavaria,code09,95.4
2018,2008 = 100,primary energy consumption,bavaria,code09,89.76
2019,2008 = 100,primary energy consumption,bavaria,code09,91.53
2020,2008 = 100,primary energy consumption,bavaria,code09,
2008,2008 = 100,primary energy consumption,berlin,code11,100.0
2009,2008 = 100,primary energy consumption,berlin,code11,98.6
2010,2008 = 100,primary energy consumption,berlin,code11,107.63
2011,2008 = 100,primary energy consumption,berlin,code11,96.33
2012,2008 = 100,primary energy consumption,berlin,code11,97.58
2013,2008 = 100,primary energy consumption,berlin,code11,100.58
2014,2008 = 100,primary energy consumption,berlin,code11,94.6
2015,2008 = 100,primary energy consumption,berlin,code11,92.23
2016,2008 = 100,primary energy consumption,berlin,code11,94.71
2017,2008 = 100,primary energy consumption,berlin,code11,94.16
2018,2008 = 100,primary energy consumption,berlin,code11,92.75
2019,2008 = 100,primary energy consumption,berlin,code11,91.99
2020,2008 = 100,primary energy consumption,berlin,code11,83.88
2021,2008 = 100,primary energy consumption,berlin,code11,
2008,2008 = 100,primary energy consumption,berlin,code11,100.0
2009,2008 = 100,primary energy consumption,berlin,code11,98.6
2010,2008 = 100,primary energy consumption,berlin,code11,107.63
2011,2008 = 100,primary energy consumption,berlin,code11,96.33
2012,2008 = 100,primary energy consumption,berlin,code11,97.58
2013,2008 = 100,primary energy consumption,berlin,code11,100.58
2014,2008 = 100,primary energy consumption,berlin,code11,94.6
2015,2008 = 100,primary energy consumption,berlin,code11,92.23
2016,2008 = 100,primary energy consumption,berlin,code11,94.71
2017,2008 = 100,primary energy consumption,berlin,code11,94.16
2018,2008 = 100,primary energy consumption,berlin,code11,92.75
2019,2008 = 100,primary energy consumption,berlin,code11,91.99
2020,2008 = 100,primary energy consumption,berlin,code11,83.88
2008,2008 = 100,primary energy consumption,brandenburg,code12,100.0
2009,2008 = 100,primary energy consumption,brandenburg,code12,97.02
2010,2008 = 100,primary energy consumption,brandenburg,code12,102.12
2011,2008 = 100,primary energy consumption,brandenburg,code12,104.45
2012,2008 = 100,primary energy consumption,brandenburg,code12,104.54
2013,2008 = 100,primary energy consumption,brandenburg,code12,102.19
2014,2008 = 100,primary energy consumption,brandenburg,code12,101.39
2015,2008 = 100,primary energy consumption,brandenburg,code12,101.43
2016,2008 = 100,primary energy consumption,brandenburg,code12,101.96
2017,2008 = 100,primary energy consumption,brandenburg,code12,103.67
2018,2008 = 100,primary energy consumption,brandenburg,code12,106.36
2019,2008 = 100,primary energy consumption,brandenburg,code12,96.19
2020,2008 = 100,primary energy consumption,brandenburg,code12,
2021,2008 = 100,primary energy consumption,brandenburg,code12,
2008,2008 = 100,primary energy consumption,brandenburg,code12,100.0
2009,2008 = 100,primary energy consumption,brandenburg,code12,97.02
2010,2008 = 100,primary energy consumption,brandenburg,code12,102.12
2011,2008 = 100,primary energy consumption,brandenburg,code12,104.45
2012,2008 = 100,primary energy consumption,brandenburg,code12,104.54
2013,2008 = 100,primary energy consumption,brandenburg,code12,102.19
2014,2008 = 100,primary energy consumption,brandenburg,code12,101.39
2015,2008 = 100,primary energy consumption,brandenburg,code12,101.43
2016,2008 = 100,primary energy consumption,brandenburg,code12,101.96
2017,2008 = 100,primary energy consumption,brandenburg,code12,103.67
2018,2008 = 100,primary energy consumption,brandenburg,code12,106.36
2019,2008 = 100,primary energy consumption,brandenburg,code12,96.19
2020,2008 = 100,primary energy consumption,brandenburg,code12,
2008,2008 = 100,primary energy consumption,bremen,code04,100.0
2009,2008 = 100,primary energy consumption,bremen,code04,96.2
2010,2008 = 100,primary energy consumption,bremen,code04,105.9
2011,2008 = 100,primary energy consumption,bremen,code04,100.29
2012,2008 = 100,primary energy consumption,bremen,code04,100.34
2013,2008 = 100,primary energy consumption,bremen,code04,99.37
2014,2008 = 100,primary energy consumption,bremen,code04,100.79
2015,2008 = 100,primary energy consumption,bremen,code04,100.07
2016,2008 = 100,primary energy consumption,bremen,code04,98.88
2017,2008 = 100,primary energy consumption,bremen,code04,100.55
2018,2008 = 100,primary energy consumption,bremen,code04,95.59
2019,2008 = 100,primary energy consumption,bremen,code04,89.68
2020,2008 = 100,primary energy consumption,bremen,code04,81.09
2021,2008 = 100,primary energy consumption,bremen,code04,
2008,2008 = 100,primary energy consumption,bremen,code04,100.0
2009,2008 = 100,primary energy consumption,bremen,code04,96.2
2010,2008 = 100,primary energy consumption,bremen,code04,105.9
2011,2008 = 100,primary energy consumption,bremen,code04,100.29
2012,2008 = 100,primary energy consumption,bremen,code04,100.34
2013,2008 = 100,primary energy consumption,bremen,code04,99.37
2014,2008 = 100,primary energy consumption,bremen,code04,100.79
2015,2008 = 100,primary energy consumption,bremen,code04,100.07
2016,2008 = 100,primary energy consumption,bremen,code04,98.88
2017,2008 = 100,primary energy consumption,bremen,code04,100.55
2018,2008 = 100,primary energy consumption,bremen,code04,95.59
2019,2008 = 100,primary energy consumption,bremen,code04,89.68
2020,2008 = 100,primary energy consumption,bremen,code04,81.09
2008,2008 = 100,primary energy consumption,hamburg,code02,100.0
2009,2008 = 100,primary energy consumption,hamburg,code02,98.74
2010,2008 = 100,primary energy consumption,hamburg,code02,106.3
2011,2008 = 100,primary energy consumption,hamburg,code02,99.55
2012,2008 = 100,primary energy consumption,hamburg,code02,99.96
2013,2008 = 100,primary energy consumption,hamburg,code02,99.16
2014,2008 = 100,primary energy consumption,hamburg,code02,99.79
2015,2008 = 100,primary energy consumption,hamburg,code02,107.13
2016,2008 = 100,primary energy consumption,hamburg,code02,110.39
2017,2008 = 100,primary energy consumption,hamburg,code02,111.87
2018,2008 = 100,primary energy consumption,hamburg,code02,114.51
2019,2008 = 100,primary energy consumption,hamburg,code02,110.11
2020,2008 = 100,primary energy consumption,hamburg,code02,98.06
2021,2008 = 100,primary energy consumption,hamburg,code02,
2008,2008 = 100,primary energy consumption,hamburg,code02,100.0
2009,2008 = 100,primary energy consumption,hamburg,code02,98.74
2010,2008 = 100,primary energy consumption,hamburg,code02,106.3
2011,2008 = 100,primary energy consumption,hamburg,code02,99.55
2012,2008 = 100,primary energy consumption,hamburg,code02,99.96
2013,2008 = 100,primary energy consumption,hamburg,code02,99.16
2014,2008 = 100,primary energy consumption,hamburg,code02,99.79
2015,2008 = 100,primary energy consumption,hamburg,code02,107.13
2016,2008 = 100,primary energy consumption,hamburg,code02,110.39
2017,2008 = 100,primary energy consumption,hamburg,code02,111.87
2018,2008 = 100,primary energy consumption,hamburg,code02,114.51
2019,2008 = 100,primary energy consumption,hamburg,code02,110.11
2020,2008 = 100,primary energy consumption,hamburg,code02,98.06
2008,2008 = 100,primary energy consumption,hesse,code06,100.0
2009,2008 = 100,primary energy consumption,hesse,code06,83.48
2010,2008 = 100,primary energy consumption,hesse,code06,94.98
2011,2008 = 100,primary energy consumption,hesse,code06,83.35
2012,2008 = 100,primary energy consumption,hesse,code06,80.85
2013,2008 = 100,primary energy consumption,hesse,code06,81.39
2014,2008 = 100,primary energy consumption,hesse,code06,80.3
2015,2008 = 100,primary energy consumption,hesse,code06,81.72
2016,2008 = 100,primary energy consumption,hesse,code06,83.3
2017,2008 = 100,primary energy consumption,hesse,code06,82.91
2018,2008 = 100,primary energy consumption,hesse,code06,81.35
2019,2008 = 100,primary energy consumption,hesse,code06,82.38
2020,2008 = 100,primary energy consumption,hesse,code06,83.2
2021,2008 = 100,primary energy consumption,hesse,code06,
2008,2008 = 100,primary energy consumption,hesse,code06,100.0
2009,2008 = 100,primary energy consumption,hesse,code06,83.48
2010,2008 = 100,primary energy consumption,hesse,code06,94.98
2011,2008 = 100,primary energy consumption,hesse,code06,83.35
2012,2008 = 100,primary energy consumption,hesse,code06,80.85
2013,2008 = 100,primary energy consumption,hesse,code06,81.39
2014,2008 = 100,primary energy consumption,hesse,code06,80.3
2015,2008 = 100,primary energy consumption,hesse,code06,81.72
2016,2008 = 100,primary energy consumption,hesse,code06,83.3
2017,2008 = 100,primary energy consumption,hesse,code06,82.91
2018,2008 = 100,primary energy consumption,hesse,code06,81.35
2019,2008 = 100,primary energy consumption,hesse,code06,82.38
2020,2008 = 100,primary energy consumption,hesse,code06,83.2
2008,2008 = 100,primary energy consumption,mecklenburg western pomerania,code13,100.0
2009,2008 = 100,primary energy consumption,mecklenburg western pomerania,code13,95.14
2010,2008 = 100,primary energy consumption,mecklenburg western pomerania,code13,101.93
2011,2008 = 100,primary energy consumption,mecklenburg western pomerania,code13,98.29
2012,2008 = 100,primary energy consumption,mecklenburg western pomerania,code13,103.93
2013,2008 = 100,primary energy consumption,mecklenburg western pomerania,code13,104.58
2014,2008 = 100,primary energy consumption,mecklenburg western pomerania,code13,104.25
2015,2008 = 100,primary energy consumption,mecklenburg western pomerania,code13,102.14
2016,2008 = 100,primary energy consumption,mecklenburg western pomerania,code13,106.07
2017,2008 = 100,primary energy consumption,mecklenburg western pomerania,code13,93.21
2018,2008 = 100,primary energy consumption,mecklenburg western pomerania,code13,91.07
2019,2008 = 100,primary energy consumption,mecklenburg western pomerania,code13,
2020,2008 = 100,primary energy consumption,mecklenburg western pomerania,code13,
2021,2008 = 100,primary energy consumption,mecklenburg western pomerania,code13,
2008,2008 = 100,primary energy consumption,mecklenburg western pomerania,code13,100.0
2009,2008 = 100,primary energy consumption,mecklenburg western pomerania,code13,95.14
2010,2008 = 100,primary energy consumption,mecklenburg western pomerania,code13,101.93
2011,2008 = 100,primary energy consumption,mecklenburg western pomerania,code13,98.29
2012,2008 = 100,primary energy consumption,mecklenburg western pomerania,code13,103.93
2013,2008 = 100,primary energy consumption,mecklenburg western pomerania,code13,104.58
2014,2008 = 100,primary energy consumption,mecklenburg western pomerania,code13,104.25
2015,2008 = 100,primary energy consumption,mecklenburg western pomerania,code13,102.14
2016,2008 = 100,primary energy consumption,mecklenburg western pomerania,code13,106.07
2017,2008 = 100,primary energy consumption,mecklenburg western pomerania,code13,93.21
2018,2008 = 100,primary energy consumption,mecklenburg western pomerania,code13,91.07
2019,2008 = 100,primary energy consumption,mecklenburg western pomerania,code13,
2020,2008 = 100,primary energy consumption,mecklenburg western pomerania,code13,
2008,2008 = 100,primary energy consumption,lower saxony,code03,100.0
2009,2008 = 100,primary energy consumption,lower saxony,code03,97.64
2010,2008 = 100,primary energy consumption,lower saxony,code03,100.68
2011,2008 = 100,primary energy consumption,lower saxony,code03,91.89
2012,2008 = 100,primary energy consumption,lower saxony,code03,90.82
2013,2008 = 100,primary energy consumption,lower saxony,code03,91.16
2014,2008 = 100,primary energy consumption,lower saxony,code03,90.39
2015,2008 = 100,primary energy consumption,lower saxony,code03,89.77
2016,2008 = 100,primary energy consumption,lower saxony,code03,89.54
2017,2008 = 100,primary energy consumption,lower saxony,code03,90.11
2018,2008 = 100,primary energy consumption,lower saxony,code03,91.14
2019,2008 = 100,primary energy consumption,lower saxony,code03,89.44
2020,2008 = 100,primary energy consumption,lower saxony,code03,88.14
2021,2008 = 100,primary energy consumption,lower saxony,code03,
2008,2008 = 100,primary energy consumption,lower saxony,code03,100.0
2009,2008 = 100,primary energy consumption,lower saxony,code03,97.64
2010,2008 = 100,primary energy consumption,lower saxony,code03,100.68
2011,2008 = 100,primary energy consumption,lower saxony,code03,91.89
2012,2008 = 100,primary energy consumption,lower saxony,code03,90.82
2013,2008 = 100,primary energy consumption,lower saxony,code03,91.16
2014,2008 = 100,primary energy consumption,lower saxony,code03,90.39
2015,2008 = 100,primary energy consumption,lower saxony,code03,89.77
2016,2008 = 100,primary energy consumption,lower saxony,code03,89.54
2017,2008 = 100,primary energy consumption,lower saxony,code03,90.11
2018,2008 = 100,primary energy consumption,lower saxony,code03,91.14
2019,2008 = 100,primary energy consumption,lower saxony,code03,89.44
2020,2008 = 100,primary energy consumption,lower saxony,code03,88.14
2008,2008 = 100,primary energy consumption,north rhine-westphalia,code05,100.0
2009,2008 = 100,primary energy consumption,north rhine-westphalia,code05,100.7
2010,2008 = 100,primary energy consumption,north rhine-westphalia,code05,105.72
2011,2008 = 100,primary energy consumption,north rhine-westphalia,code05,101.91
2012,2008 = 100,primary energy consumption,north rhine-westphalia,code05,100.62
2013,2008 = 100,primary energy consumption,north rhine-westphalia,code05,100.5
2014,2008 = 100,primary energy consumption,north rhine-westphalia,code05,102.51
2015,2008 = 100,primary energy consumption,north rhine-westphalia,code05,101.62
2016,2008 = 100,primary energy consumption,north rhine-westphalia,code05,96.72
2017,2008 = 100,primary energy consumption,north rhine-westphalia,code05,94.96
2018,2008 = 100,primary energy consumption,north rhine-westphalia,code05,89.34
2019,2008 = 100,primary energy consumption,north rhine-westphalia,code05,86.49
2020,2008 = 100,primary energy consumption,north rhine-westphalia,code05,
2021,2008 = 100,primary energy consumption,north rhine-westphalia,code05,
2008,2008 = 100,primary energy consumption,north rhine-westphalia,code05,100.0
2009,2008 = 100,primary energy consumption,north rhine-westphalia,code05,100.7
2010,2008 = 100,primary energy consumption,north rhine-westphalia,code05,105.72
2011,2008 = 100,primary energy consumption,north rhine-westphalia,code05,101.91
2012,2008 = 100,primary energy consumption,north rhine-westphalia,code05,100.62
2013,2008 = 100,primary energy consumption,north rhine-westphalia,code05,100.5
2014,2008 = 100,primary energy consumption,north rhine-westphalia,code05,102.51
2015,2008 = 100,primary energy consumption,north rhine-westphalia,code05,101.62
2016,2008 = 100,primary energy consumption,north rhine-westphalia,code05,96.72
2017,2008 = 100,primary energy consumption,north rhine-westphalia,code05,94.96
2018,2008 = 100,primary energy consumption,north rhine-westphalia,code05,89.34
2019,2008 = 100,primary energy consumption,north rhine-westphalia,code05,86.49
2020,2008 = 100,primary energy consumption,north rhine-westphalia,code05,
2008,2008 = 100,primary energy consumption,rhineland palatinate,code07,100.0
2009,2008 = 100,primary energy consumption,rhineland palatinate,code07,92.72
2010,2008 = 100,primary energy consumption,rhineland palatinate,code07,100.2
2011,2008 = 100,primary energy consumption,rhineland palatinate,code07,94.41
2012,2008 = 100,primary energy consumption,rhineland palatinate,code07,94.43
2013,2008 = 100,primary energy consumption,rhineland palatinate,code07,97.93
2014,2008 = 100,primary energy consumption,rhineland palatinate,code07,92.62
2015,2008 = 100,primary energy consumption,rhineland palatinate,code07,95.1
2016,2008 = 100,primary energy consumption,rhineland palatinate,code07,96.27
2017,2008 = 100,primary energy consumption,rhineland palatinate,code07,98.35
2018,2008 = 100,primary energy consumption,rhineland palatinate,code07,95.26
2019,2008 = 100,primary energy consumption,rhineland palatinate,code07,95.6
2020,2008 = 100,primary energy consumption,rhineland palatinate,code07,101.39
2021,2008 = 100,primary energy consumption,rhineland palatinate,code07,
2008,2008 = 100,primary energy consumption,rhineland palatinate,code07,100.0
2009,2008 = 100,primary energy consumption,rhineland palatinate,code07,92.72
2010,2008 = 100,primary energy consumption,rhineland palatinate,code07,100.2
2011,2008 = 100,primary energy consumption,rhineland palatinate,code07,94.41
2012,2008 = 100,primary energy consumption,rhineland palatinate,code07,94.43
2013,2008 = 100,primary energy consumption,rhineland palatinate,code07,97.93
2014,2008 = 100,primary energy consumption,rhineland palatinate,code07,92.62
2015,2008 = 100,primary energy consumption,rhineland palatinate,code07,95.1
2016,2008 = 100,primary energy consumption,rhineland palatinate,code07,96.27
2017,2008 = 100,primary energy consumption,rhineland palatinate,code07,98.35
2018,2008 = 100,primary energy consumption,rhineland palatinate,code07,95.26
2019,2008 = 100,primary energy consumption,rhineland palatinate,code07,95.6
2020,2008 = 100,primary energy consumption,rhineland palatinate,code07,101.39
2008,2008 = 100,primary energy consumption,saarland,code10,100.0
2009,2008 = 100,primary energy consumption,saarland,code10,82.89
2010,2008 = 100,primary energy consumption,saarland,code10,87.41
2011,2008 = 100,primary energy consumption,saarland,code10,91.69
2012,2008 = 100,primary energy consumption,saarland,code10,94.81
2013,2008 = 100,primary energy consumption,saarland,code10,99.3
2014,2008 = 100,primary energy consumption,saarland,code10,90.75
2015,2008 = 100,primary energy consumption,saarland,code10,87.67
2016,2008 = 100,primary energy consumption,saarland,code10,
2017,2008 = 100,primary energy consumption,saarland,code10,
2018,2008 = 100,primary energy consumption,saarland,code10,
2019,2008 = 100,primary energy consumption,saarland,code10,
2020,2008 = 100,primary energy consumption,saarland,code10,
2021,2008 = 100,primary energy consumption,saarland,code10,
2008,2008 = 100,primary energy consumption,saarland,code10,100.0
2009,2008 = 100,primary energy consumption,saarland,code10,82.89
2010,2008 = 100,primary energy consumption,saarland,code10,87.41
2011,2008 = 100,primary energy consumption,saarland,code10,91.69
2012,2008 = 100,primary energy consumption,saarland,code10,94.81
2013,2008 = 100,primary energy consumption,saarland,code10,99.3
2014,2008 = 100,primary energy consumption,saarland,code10,90.75
2015,2008 = 100,primary energy consumption,saarland,code10,87.67
2016,2008 = 100,primary energy consumption,saarland,code10,
2017,2008 = 100,primary energy consumption,saarland,code10,
2018,2008 = 100,primary energy consumption,saarland,code10,
2019,2008 = 100,primary energy consumption,saarland,code10,
2020,2008 = 100,primary energy consumption,saarland,code10,
2008,2008 = 100,primary energy consumption,saxony,code14,100.0
2009,2008 = 100,primary energy consumption,saxony,code14,99.52
2010,2008 = 100,primary energy consumption,saxony,code14,101.53
2011,2008 = 100,primary energy consumption,saxony,code14,97.23
2012,2008 = 100,primary energy consumption,saxony,code14,99.19
2013,2008 = 100,primary energy consumption,saxony,code14,102.32
2014,2008 = 100,primary energy consumption,saxony,code14,100.39
2015,2008 = 100,primary energy consumption,saxony,code14,98.73
2016,2008 = 100,primary energy consumption,saxony,code14,101.29
2017,2008 = 100,primary energy consumption,saxony,code14,104.77
2018,2008 = 100,primary energy consumption,saxony,code14,103.22
2019,2008 = 100,primary energy consumption,saxony,code14,95.92
2020,2008 = 100,primary energy consumption,saxony,code14,
2021,2008 = 100,primary energy consumption,saxony,code14,
2008,2008 = 100,primary energy consumption,saxony,code14,100.0
2009,2008 = 100,primary energy consumption,saxony,code14,99.52
2010,2008 = 100,primary energy consumption,saxony,code14,101.53
2011,2008 = 100,primary energy consumption,saxony,code14,97.23
2012,2008 = 100,primary energy consumption,saxony,code14,99.19
2013,2008 = 100,primary energy consumption,saxony,code14,102.32
2014,2008 = 100,primary energy consumption,saxony,code14,100.39
2015,2008 = 100,primary energy consumption,saxony,code14,98.73
2016,2008 = 100,primary energy consumption,saxony,code14,101.29
2017,2008 = 100,primary energy consumption,saxony,code14,104.77
2018,2008 = 100,primary energy consumption,saxony,code14,103.22
2019,2008 = 100,primary energy consumption,saxony,code14,95.92
2020,2008 = 100,primary energy consumption,saxony,code14,
2008,2008 = 100,primary energy consumption,saxony-anhalt,code15,100.0
2009,2008 = 100,primary energy consumption,saxony-anhalt,code15,99.07
2010,2008 = 100,primary energy consumption,saxony-anhalt,code15,104.27
2011,2008 = 100,primary energy consumption,saxony-anhalt,code15,102.29
2012,2008 = 100,primary energy consumption,saxony-anhalt,code15,102.75
2013,2008 = 100,primary energy consumption,saxony-anhalt,code15,96.97
2014,2008 = 100,primary energy consumption,saxony-anhalt,code15,96.97
2015,2008 = 100,primary energy consumption,saxony-anhalt,code15,100.22
2016,2008 = 100,primary energy consumption,saxony-anhalt,code15,103.21
2017,2008 = 100,primary energy consumption,saxony-anhalt,code15,99.37
2018,2008 = 100,primary energy consumption,saxony-anhalt,code15,108.23
2019,2008 = 100,primary energy consumption,saxony-anhalt,code15,101.43
2020,2008 = 100,primary energy consumption,saxony-anhalt,code15,
2021,2008 = 100,primary energy consumption,saxony-anhalt,code15,
2008,2008 = 100,primary energy consumption,saxony-anhalt,code15,100.0
2009,2008 = 100,primary energy consumption,saxony-anhalt,code15,99.07
2010,2008 = 100,primary energy consumption,saxony-anhalt,code15,104.27
2011,2008 = 100,primary energy consumption,saxony-anhalt,code15,102.29
2012,2008 = 100,primary energy consumption,saxony-anhalt,code15,102.75
2013,2008 = 100,primary energy consumption,saxony-anhalt,code15,96.97
2014,2008 = 100,primary energy consumption,saxony-anhalt,code15,96.97
2015,2008 = 100,primary energy consumption,saxony-anhalt,code15,100.22
2016,2008 = 100,primary energy consumption,saxony-anhalt,code15,103.21
2017,2008 = 100,primary energy consumption,saxony-anhalt,code15,99.37
2018,2008 = 100,primary energy consumption,saxony-anhalt,code15,108.23
2019,2008 = 100,primary energy consumption,saxony-anhalt,code15,101.43
2020,2008 = 100,primary energy consumption,saxony-anhalt,code15,
2008,2008 = 100,primary energy consumption,schleswig-holstein,code01,100.0
2009,2008 = 100,primary energy consumption,schleswig-holstein,code01,97.2
2010,2008 = 100,primary energy consumption,schleswig-holstein,code01,102.21
2011,2008 = 100,primary energy consumption,schleswig-holstein,code01,96.78
2012,2008 = 100,primary energy consumption,schleswig-holstein,code01,101.1
2013,2008 = 100,primary energy consumption,schleswig-holstein,code01,104.53
2014,2008 = 100,primary energy consumption,schleswig-holstein,code01,99.93
2015,2008 = 100,primary energy consumption,schleswig-holstein,code01,97.3
2016,2008 = 100,primary energy consumption,schleswig-holstein,code01,99.17
2017,2008 = 100,primary energy consumption,schleswig-holstein,code01,89.18
2018,2008 = 100,primary energy consumption,schleswig-holstein,code01,98.13
2019,2008 = 100,primary energy consumption,schleswig-holstein,code01,93.77
2020,2008 = 100,primary energy consumption,schleswig-holstein,code01,97.94
2021,2008 = 100,primary energy consumption,schleswig-holstein,code01,
2008,2008 = 100,primary energy consumption,schleswig-holstein,code01,100.0
2009,2008 = 100,primary energy consumption,schleswig-holstein,code01,97.2
2010,2008 = 100,primary energy consumption,schleswig-holstein,code01,102.21
2011,2008 = 100,primary energy consumption,schleswig-holstein,code01,96.78
2012,2008 = 100,primary energy consumption,schleswig-holstein,code01,101.1
2013,2008 = 100,primary energy consumption,schleswig-holstein,code01,104.53
2014,2008 = 100,primary energy consumption,schleswig-holstein,code01,99.93
2015,2008 = 100,primary energy consumption,schleswig-holstein,code01,97.3
2016,2008 = 100,primary energy consumption,schleswig-holstein,code01,99.17
2017,2008 = 100,primary energy consumption,schleswig-holstein,code01,89.18
2018,2008 = 100,primary energy consumption,schleswig-holstein,code01,98.13
2019,2008 = 100,primary energy consumption,schleswig-holstein,code01,93.77
2020,2008 = 100,primary energy consumption,schleswig-holstein,code01,97.94
2008,2008 = 100,primary energy consumption,thuringia,code16,100.0
2009,2008 = 100,primary energy consumption,thuringia,code16,96.12
2010,2008 = 100,primary energy consumption,thuringia,code16,100.04
2011,2008 = 100,primary energy consumption,thuringia,code16,95.19
2012,2008 = 100,primary energy consumption,thuringia,code16,96.75
2013,2008 = 100,primary energy consumption,thuringia,code16,98.68
2014,2008 = 100,primary energy consumption,thuringia,code16,92.92
2015,2008 = 100,primary energy consumption,thuringia,code16,93.12
2016,2008 = 100,primary energy consumption,thuringia,code16,95.7
2017,2008 = 100,primary energy consumption,thuringia,code16,96.49
2018,2008 = 100,primary energy consumption,thuringia,code16,95.14
2019,2008 = 100,primary energy consumption,thuringia,code16,93.27
2020,2008 = 100,primary energy consumption,thuringia,code16,
2021,2008 = 100,primary energy consumption,thuringia,code16,
2008,2008 = 100,primary energy consumption,thuringia,code16,100.0
2009,2008 = 100,primary energy consumption,thuringia,code16,96.12
2010,2008 = 100,primary energy consumption,thuringia,code16,100.04
2011,2008 = 100,primary energy consumption,thuringia,code16,95.19
2012,2008 = 100,primary energy consumption,thuringia,code16,96.75
2013,2008 = 100,primary energy consumption,thuringia,code16,98.68
2014,2008 = 100,primary energy consumption,thuringia,code16,92.92
2015,2008 = 100,primary energy consumption,thuringia,code16,93.12
2016,2008 = 100,primary energy consumption,thuringia,code16,95.7
2017,2008 = 100,primary energy consumption,thuringia,code16,96.49
2018,2008 = 100,primary energy consumption,thuringia,code16,95.14
2019,2008 = 100,primary energy consumption,thuringia,code16,93.27
2020,2008 = 100,primary energy consumption,thuringia,code16,
