Year,Units,federal state,GeoCode,Value
2005,percentage,,,7.1
2006,percentage,,,8.4
2007,percentage,,,10.2
2008,percentage,,,10.1
2009,percentage,,,10.7
2010,percentage,,,11.4
2011,percentage,,,12.5
2012,percentage,,,13.6
2013,percentage,,,13.8
2014,percentage,,,14.3
2015,percentage,,,15.2
2016,percentage,,,14.9
2017,percentage,,,16.0
2018,percentage,,,16.8
2019,percentage,,,17.7
2020,percentage,,,19.7
2021,percentage,,,19.2
2005,percentage,baden-wuerttemberg,code08,6.87
2006,percentage,baden-wuerttemberg,code08,8.39
2007,percentage,baden-wuerttemberg,code08,9.65
2008,percentage,baden-wuerttemberg,code08,9.39
2009,percentage,baden-wuerttemberg,code08,9.9
2010,percentage,baden-wuerttemberg,code08,11.32
2011,percentage,baden-wuerttemberg,code08,11.42
2012,percentage,baden-wuerttemberg,code08,12.54
2013,percentage,baden-wuerttemberg,code08,12.6
2014,percentage,baden-wuerttemberg,code08,13.13
2015,percentage,baden-wuerttemberg,code08,12.96
2016,percentage,baden-wuerttemberg,code08,13.41
2017,percentage,baden-wuerttemberg,code08,13.66
2018,percentage,baden-wuerttemberg,code08,16.24
2019,percentage,baden-wuerttemberg,code08,16.35
2020,percentage,baden-wuerttemberg,code08,
2021,percentage,baden-wuerttemberg,code08,
2005,percentage,bavaria,code09,8.59
2006,percentage,bavaria,code09,9.5
2007,percentage,bavaria,code09,10.46
2008,percentage,bavaria,code09,10.12
2009,percentage,bavaria,code09,10.8
2010,percentage,bavaria,code09,14.62
2011,percentage,bavaria,code09,15.51
2012,percentage,bavaria,code09,17.8
2013,percentage,bavaria,code09,18.34
2014,percentage,bavaria,code09,18.41
2015,percentage,bavaria,code09,19.1
2016,percentage,bavaria,code09,19.83
2017,percentage,bavaria,code09,20.31
2018,percentage,bavaria,code09,21.17
2019,percentage,bavaria,code09,20.68
2020,percentage,bavaria,code09,
2021,percentage,bavaria,code09,
2005,percentage,berlin,code11,1.25
2006,percentage,berlin,code11,1.93
2007,percentage,berlin,code11,2.35
2008,percentage,berlin,code11,1.64
2009,percentage,berlin,code11,2.17
2010,percentage,berlin,code11,2.84
2011,percentage,berlin,code11,3.28
2012,percentage,berlin,code11,3.36
2013,percentage,berlin,code11,3.56
2014,percentage,berlin,code11,3.36
2015,percentage,berlin,code11,3.58
2016,percentage,berlin,code11,3.48
2017,percentage,berlin,code11,3.74
2018,percentage,berlin,code11,4.2
2019,percentage,berlin,code11,4.55
2020,percentage,berlin,code11,
2021,percentage,berlin,code11,
2005,percentage,brandenburg,code12,9.77
2006,percentage,brandenburg,code12,13.84
2007,percentage,brandenburg,code12,16.67
2008,percentage,brandenburg,code12,15.26
2009,percentage,brandenburg,code12,16.48
2010,percentage,brandenburg,code12,17.37
2011,percentage,brandenburg,code12,21.76
2012,percentage,brandenburg,code12,22.17
2013,percentage,brandenburg,code12,22.87
2014,percentage,brandenburg,code12,23.66
2015,percentage,brandenburg,code12,25.9
2016,percentage,brandenburg,code12,24.38
2017,percentage,brandenburg,code12,27.2
2018,percentage,brandenburg,code12,28.22
2019,percentage,brandenburg,code12,30.67
2020,percentage,brandenburg,code12,
2021,percentage,brandenburg,code12,
2005,percentage,bremen,code04,2.08
2006,percentage,bremen,code04,2.59
2007,percentage,bremen,code04,2.72
2008,percentage,bremen,code04,2.72
2009,percentage,bremen,code04,2.93
2010,percentage,bremen,code04,3.24
2011,percentage,bremen,code04,3.54
2012,percentage,bremen,code04,3.72
2013,percentage,bremen,code04,4.32
2014,percentage,bremen,code04,5.06
2015,percentage,bremen,code04,4.6
2016,percentage,bremen,code04,4.21
2017,percentage,bremen,code04,4.48
2018,percentage,bremen,code04,5.23
2019,percentage,bremen,code04,5.37
2020,percentage,bremen,code04,
2021,percentage,bremen,code04,
2005,percentage,hamburg,code02,2.75
2006,percentage,hamburg,code02,3.9
2007,percentage,hamburg,code02,4.57
2008,percentage,hamburg,code02,4.07
2009,percentage,hamburg,code02,4.63
2010,percentage,hamburg,code02,4.18
2011,percentage,hamburg,code02,4.51
2012,percentage,hamburg,code02,4.61
2013,percentage,hamburg,code02,4.48
2014,percentage,hamburg,code02,4.87
2015,percentage,hamburg,code02,4.92
2016,percentage,hamburg,code02,4.7
2017,percentage,hamburg,code02,4.89
2018,percentage,hamburg,code02,5.58
2019,percentage,hamburg,code02,7.13
2020,percentage,hamburg,code02,7.89
2021,percentage,hamburg,code02,
2005,percentage,hesse,code06,4.26
2006,percentage,hesse,code06,5.29
2007,percentage,hesse,code06,6.08
2008,percentage,hesse,code06,5.84
2009,percentage,hesse,code06,6.33
2010,percentage,hesse,code06,7.51
2011,percentage,hesse,code06,8.1
2012,percentage,hesse,code06,8.26
2013,percentage,hesse,code06,8.68
2014,percentage,hesse,code06,8.74
2015,percentage,hesse,code06,9.49
2016,percentage,hesse,code06,9.61
2017,percentage,hesse,code06,10.2
2018,percentage,hesse,code06,11.53
2019,percentage,hesse,code06,11.53
2020,percentage,hesse,code06,
2021,percentage,hesse,code06,
2005,percentage,mecklenburg western pomerania,code13,
2006,percentage,mecklenburg western pomerania,code13,
2007,percentage,mecklenburg western pomerania,code13,
2008,percentage,mecklenburg western pomerania,code13,
2009,percentage,mecklenburg western pomerania,code13,
2010,percentage,mecklenburg western pomerania,code13,
2011,percentage,mecklenburg western pomerania,code13,
2012,percentage,mecklenburg western pomerania,code13,
2013,percentage,mecklenburg western pomerania,code13,
2014,percentage,mecklenburg western pomerania,code13,
2015,percentage,mecklenburg western pomerania,code13,
2016,percentage,mecklenburg western pomerania,code13,
2017,percentage,mecklenburg western pomerania,code13,
2018,percentage,mecklenburg western pomerania,code13,
2019,percentage,mecklenburg western pomerania,code13,
2020,percentage,mecklenburg western pomerania,code13,
2021,percentage,mecklenburg western pomerania,code13,
2005,percentage,lower saxony,code03,
2006,percentage,lower saxony,code03,8.4
2007,percentage,lower saxony,code03,
2008,percentage,lower saxony,code03,10.32
2009,percentage,lower saxony,code03,10.79
2010,percentage,lower saxony,code03,11.69
2011,percentage,lower saxony,code03,13.15
2012,percentage,lower saxony,code03,14.68
2013,percentage,lower saxony,code03,14.78
2014,percentage,lower saxony,code03,15.31
2015,percentage,lower saxony,code03,17.84
2016,percentage,lower saxony,code03,18.08
2017,percentage,lower saxony,code03,20.49
2018,percentage,lower saxony,code03,21.88
2019,percentage,lower saxony,code03,24.11
2020,percentage,lower saxony,code03,26.98
2021,percentage,lower saxony,code03,
2005,percentage,north rhine-westphalia,code05,3.18
2006,percentage,north rhine-westphalia,code05,4.07
2007,percentage,north rhine-westphalia,code05,4.63
2008,percentage,north rhine-westphalia,code05,3.95
2009,percentage,north rhine-westphalia,code05,4.9
2010,percentage,north rhine-westphalia,code05,4.99
2011,percentage,north rhine-westphalia,code05,5.35
2012,percentage,north rhine-westphalia,code05,5.82
2013,percentage,north rhine-westphalia,code05,5.75
2014,percentage,north rhine-westphalia,code05,5.76
2015,percentage,north rhine-westphalia,code05,6.33
2016,percentage,north rhine-westphalia,code05,6.42
2017,percentage,north rhine-westphalia,code05,6.84
2018,percentage,north rhine-westphalia,code05,7.3
2019,percentage,north rhine-westphalia,code05,7.94
2020,percentage,north rhine-westphalia,code05,
2021,percentage,north rhine-westphalia,code05,
2005,percentage,rhineland palatinate,code07,5.51
2006,percentage,rhineland palatinate,code07,7.52
2007,percentage,rhineland palatinate,code07,9.19
2008,percentage,rhineland palatinate,code07,8.67
2009,percentage,rhineland palatinate,code07,9.19
2010,percentage,rhineland palatinate,code07,10.02
2011,percentage,rhineland palatinate,code07,10.78
2012,percentage,rhineland palatinate,code07,12.31
2013,percentage,rhineland palatinate,code07,12.82
2014,percentage,rhineland palatinate,code07,13.05
2015,percentage,rhineland palatinate,code07,14.27
2016,percentage,rhineland palatinate,code07,14.09
2017,percentage,rhineland palatinate,code07,14.67
2018,percentage,rhineland palatinate,code07,15.4
2019,percentage,rhineland palatinate,code07,15.96
2020,percentage,rhineland palatinate,code07,
2021,percentage,rhineland palatinate,code07,
2005,percentage,saarland,code10,1.83
2006,percentage,saarland,code10,2.21
2007,percentage,saarland,code10,2.7
2008,percentage,saarland,code10,2.45
2009,percentage,saarland,code10,2.98
2010,percentage,saarland,code10,3.4
2011,percentage,saarland,code10,3.34
2012,percentage,saarland,code10,3.3
2013,percentage,saarland,code10,3.65
2014,percentage,saarland,code10,3.94
2015,percentage,saarland,code10,4.44
2016,percentage,saarland,code10,
2017,percentage,saarland,code10,
2018,percentage,saarland,code10,
2019,percentage,saarland,code10,
2020,percentage,saarland,code10,
2021,percentage,saarland,code10,
2005,percentage,saxony,code14,3.58
2006,percentage,saxony,code14,6.59
2007,percentage,saxony,code14,7.86
2008,percentage,saxony,code14,7.57
2009,percentage,saxony,code14,8.12
2010,percentage,saxony,code14,8.45
2011,percentage,saxony,code14,9.63
2012,percentage,saxony,code14,10.24
2013,percentage,saxony,code14,10.66
2014,percentage,saxony,code14,11.31
2015,percentage,saxony,code14,12.1
2016,percentage,saxony,code14,11.53
2017,percentage,saxony,code14,11.89
2018,percentage,saxony,code14,12.14
2019,percentage,saxony,code14,12.64
2020,percentage,saxony,code14,
2021,percentage,saxony,code14,
2005,percentage,saxony-anhalt,code15,7.94
2006,percentage,saxony-anhalt,code15,12.39
2007,percentage,saxony-anhalt,code15,16.33
2008,percentage,saxony-anhalt,code15,16.79
2009,percentage,saxony-anhalt,code15,17.83
2010,percentage,saxony-anhalt,code15,18.19
2011,percentage,saxony-anhalt,code15,20.59
2012,percentage,saxony-anhalt,code15,20.78
2013,percentage,saxony-anhalt,code15,21.86
2014,percentage,saxony-anhalt,code15,22.86
2015,percentage,saxony-anhalt,code15,25.69
2016,percentage,saxony-anhalt,code15,23.4
2017,percentage,saxony-anhalt,code15,26.26
2018,percentage,saxony-anhalt,code15,25.2
2019,percentage,saxony-anhalt,code15,26.0
2020,percentage,saxony-anhalt,code15,
2021,percentage,saxony-anhalt,code15,
2005,percentage,schleswig-holstein,code01,9.25
2006,percentage,schleswig-holstein,code01,10.52
2007,percentage,schleswig-holstein,code01,13.93
2008,percentage,schleswig-holstein,code01,14.4
2009,percentage,schleswig-holstein,code01,15.05
2010,percentage,schleswig-holstein,code01,17.19
2011,percentage,schleswig-holstein,code01,19.77
2012,percentage,schleswig-holstein,code01,20.77
2013,percentage,schleswig-holstein,code01,20.58
2014,percentage,schleswig-holstein,code01,23.47
2015,percentage,schleswig-holstein,code01,30.56
2016,percentage,schleswig-holstein,code01,31.87
2017,percentage,schleswig-holstein,code01,36.08
2018,percentage,schleswig-holstein,code01,37.2
2019,percentage,schleswig-holstein,code01,40.26
2020,percentage,schleswig-holstein,code01,41.38
2021,percentage,schleswig-holstein,code01,
2005,percentage,thuringia,code16,12.43
2006,percentage,thuringia,code16,13.67
2007,percentage,thuringia,code16,16.69
2008,percentage,thuringia,code16,15.39
2009,percentage,thuringia,code16,15.01
2010,percentage,thuringia,code16,16.47
2011,percentage,thuringia,code16,17.06
2012,percentage,thuringia,code16,16.93
2013,percentage,thuringia,code16,18.05
2014,percentage,thuringia,code16,18.69
2015,percentage,thuringia,code16,19.95
2016,percentage,thuringia,code16,20.21
2017,percentage,thuringia,code16,21.18
2018,percentage,thuringia,code16,21.06
2019,percentage,thuringia,code16,21.57
2020,percentage,thuringia,code16,
2021,percentage,thuringia,code16,
